{"type":"FeatureCollection","features":[{"type":"Feature","geometry":{"type":"Polygon","coordinates":[[[36.3726131,50.2921657,0],[36.3829128,50.2826783,0],[36.3901215,50.2634129,0],[36.3963862,50.2594458,0],[36.3988418,50.2593836,0],[36.4047211,50.258972,0],[36.4064735,50.2587463,0],[36.4103646,50.2574778,0],[36.4178617,50.2548781,0],[36.4225125,50.2536982,0],[36.4261329,50.2527649,0],[36.4275213,50.2493208,0],[36.4362549,50.2462112,0],[36.4431422,50.2495505,0],[36.4498349,50.2454171,0],[36.4633102,50.2304851,0],[36.4650268,50.2267513,0],[36.4736207,50.2229587,0],[36.4814313,50.2213662,0],[36.5009149,50.2300422,0],[36.5137947,50.2412944,0],[36.5176396,50.2420345,0],[36.5224289,50.2431312,0],[36.5450163,50.2374093,0],[36.5491756,50.2423081,0],[36.5557393,50.2481398,0],[36.5605001,50.24934,0],[36.5614004,50.2496486,0],[36.5599461,50.2508288,0],[36.5687056,50.2581563,0],[36.5748854,50.256071,0],[36.5778037,50.2585953,0],[36.5747138,50.2605707,0],[36.5803786,50.262546,0],[36.5736838,50.2748351,0],[36.5929099,50.2757127,0],[36.5929099,50.2776874,0],[36.58982,50.279333,0],[36.5874167,50.2820754,0],[36.5889616,50.283282,0],[36.5853568,50.2863532,0],[36.5712805,50.2860241,0],[36.5589209,50.2840498,0],[36.5587492,50.281856,0],[36.556346,50.2814172,0],[36.5378066,50.2833917,0],[36.5261939,50.2850946,0],[36.5229115,50.2911823,0],[36.5258672,50.2929236,0],[36.512343,50.295542,0],[36.5003992,50.2992427,0],[36.4970676,50.3024735,0],[36.4905445,50.3062013,0],[36.4888279,50.311354,0],[36.4726917,50.3129984,0],[36.4404194,50.3111348,0],[36.4332096,50.3308634,0],[36.4251415,50.3282334,0],[36.4110653,50.313985,0],[36.4005939,50.3071881,0],[36.3734714,50.3007191,0],[36.3786213,50.293701,0],[36.3726131,50.2921657,0]]]},"properties":{"name":"Russian-controlled Kharkiv Raion, Kharkiv Oblast.","styleUrl":"#poly-A52714-1200-112-nodesc","fill-opacity":0.4392156862745098,"fill":"#a52714","stroke-opacity":1,"stroke":"#a52714","stroke-width":1.2}},{"type":"Feature","geometry":{"type":"Polygon","coordinates":[[[36.8316189,50.3132043,0],[36.8202896,50.3134779,0],[36.8156558,50.312683,0],[36.8036354,50.3101271,0],[36.8000305,50.3060707,0],[36.7844093,50.3048646,0],[36.7802894,50.3030007,0],[36.7734229,50.3030007,0],[36.7682731,50.3017946,0],[36.7665565,50.2960926,0],[36.76347,50.2929619,0],[36.771878,50.2911576,0],[36.7720531,50.2891782,0],[36.7629416,50.2907182,0],[36.76036,50.2900072,0],[36.7545202,50.2906387,0],[36.7531454,50.2894189,0],[36.7478664,50.2884011,0],[36.7480806,50.2873832,0],[36.7502258,50.2862249,0],[36.7508875,50.2825028,0],[36.7491218,50.2802139,0],[36.7461055,50.2806817,0],[36.7395578,50.2830422,0],[36.7290405,50.2772312,0],[36.7389539,50.2653955,0],[36.743975,50.2614038,0],[36.745992,50.2603064,0],[36.746507,50.2595656,0],[36.7523469,50.2572277,0],[36.7542352,50.2557186,0],[36.7540766,50.2520734,0],[36.7535056,50.2490781,0],[36.7525077,50.2471959,0],[36.7543341,50.242825,0],[36.7550736,50.2397782,0],[36.7572837,50.2395037,0],[36.7589359,50.2394488,0],[36.7597942,50.2398468,0],[36.7608242,50.2415211,0],[36.7612963,50.2419053,0],[36.7618971,50.2420974,0],[36.7644935,50.24207,0],[36.7656736,50.2419739,0],[36.7666178,50.241919,0],[36.7674761,50.2415485,0],[36.7682486,50.2409996,0],[36.769021,50.239984,0],[36.7706518,50.2396821,0],[36.7724114,50.2396272,0],[36.7762523,50.2390233,0],[36.7785697,50.2388175,0],[36.7811446,50.2407388,0],[36.7866805,50.2399475,0],[36.7928249,50.2399478,0],[36.7956927,50.2401396,0],[36.7970445,50.2397553,0],[36.7978491,50.2397965,0],[36.8003757,50.2417795,0],[36.8020012,50.2423902,0],[36.8048336,50.2421981,0],[36.8066356,50.2434673,0],[36.8111506,50.2437151,0],[36.8169692,50.2445411,0],[36.8184498,50.2444725,0],[36.8231337,50.2452369,0],[36.8293993,50.2457584,0],[36.8363118,50.2436498,0],[36.8378139,50.2425245,0],[36.8370629,50.2406444,0],[36.8382859,50.2384349,0],[36.8402582,50.2372381,0],[36.8396866,50.2361691,0],[36.8402943,50.2354546,0],[36.8407595,50.2343848,0],[36.8409312,50.2336436,0],[36.8403303,50.2329299,0],[36.8402016,50.2318044,0],[36.8406307,50.2306788,0],[36.842519,50.227604,0],[36.8439036,50.2251814,0],[36.8446332,50.2238635,0],[36.8460923,50.2229574,0],[36.8486672,50.2218591,0],[36.8502982,50.2204175,0],[36.8530017,50.2170811,0],[36.8535757,50.2162386,0],[36.8544074,50.2152037,0],[36.85462,50.2121548,0],[36.8558179,50.2100666,0],[36.8634163,50.2115054,0],[36.8662286,50.2140097,0],[36.8699853,50.2135479,0],[36.872005,50.2127616,0],[36.8729948,50.2112613,0],[36.8777155,50.2103825,0],[36.8818353,50.210355,0],[36.88529,50.2105747,0],[36.8852256,50.2061253,0],[36.8872041,50.2061426,0],[36.8893543,50.2065444,0],[36.8900325,50.2075556,0],[36.8923844,50.2082921,0],[36.8988134,50.2093856,0],[36.9002255,50.2139972,0],[36.8999881,50.2156845,0],[36.9008497,50.2206146,0],[36.9009644,50.2232253,0],[36.903518,50.2236235,0],[36.9064469,50.2238088,0],[36.90826,50.2250924,0],[36.9088179,50.2276457,0],[36.9105774,50.2386262,0],[36.9140965,50.2499062,0],[36.9176029,50.2493932,0],[36.9206806,50.2576613,0],[36.9243873,50.2578718,0],[36.9454311,50.2551446,0],[36.9478965,50.2546447,0],[36.9465853,50.2522788,0],[36.943963,50.2459553,0],[36.9499612,50.2446434,0],[36.9564424,50.2434873,0],[36.9637933,50.2425595,0],[36.9635038,50.2518086,0],[36.9663656,50.2639076,0],[36.9820583,50.2633167,0],[36.9921158,50.2705363,0],[37.0008705,50.2683967,0],[37.0077217,50.2754136,0],[37.0115411,50.2761816,0],[37.0154464,50.2760719,0],[37.0180643,50.2785677,0],[37.0239474,50.2872955,0],[37.0336533,50.2932311,0],[37.0356583,50.2936495,0],[37.0412961,50.2942781,0],[37.0412961,50.2966907,0],[37.0432057,50.2984452,0],[37.0507804,50.3001722,0],[37.0522412,50.3016521,0],[37.0547088,50.3027897,0],[37.0520266,50.3109028,0],[37.05467,50.3113493,0],[37.0578979,50.3117863,0],[37.0673393,50.3139239,0],[37.0723175,50.3160615,0],[37.07206,50.3205554,0],[37.0701717,50.3223639,0],[37.0655369,50.3220351,0],[37.0618461,50.3220899,0],[37.0606445,50.3244462,0],[37.0584129,50.327186,0],[37.0484849,50.3301715,0],[37.0490277,50.3334855,0],[37.0506582,50.3362794,0],[37.0506585,50.3392105,0],[37.0538342,50.3424698,0],[37.0581257,50.3436201,0],[37.0640051,50.3444417,0],[37.0693266,50.3440583,0],[37.0723558,50.3489437,0],[37.0670343,50.3482865,0],[37.0586229,50.3501486,0],[37.0370572,50.3486664,0],[37.0284742,50.3484473,0],[36.9559543,50.3492865,0],[36.9375865,50.350108,0],[36.9157855,50.3468766,0],[36.8807666,50.3360853,0],[36.8717877,50.3358905,0],[36.8530766,50.3276722,0],[36.8316189,50.3132043,0]]]},"properties":{"name":"Russian-controlled Chuhuiv Raion, Kharkiv Oblast.","styleUrl":"#poly-A52714-1200-117-nodesc","fill-opacity":0.4588235294117647,"fill":"#a52714","stroke-opacity":1,"stroke":"#a52714","stroke-width":1.2}},{"type":"Feature","geometry":{"type":"Polygon","coordinates":[[[35.0396225,51.2045216,0],[35.0387639,51.2042875,0],[35.0385275,51.204766,0],[35.0380696,51.2177441,0],[35.0310745,51.2197871,0],[35.028366,51.2193143,0],[35.0226438,51.2209061,0],[35.0221093,51.2225625,0],[35.0208685,51.224155,0],[35.0137508,51.2280923,0],[35.0120461,51.2309142,0],[35.0096219,51.2317749,0],[35.0056976,51.2321488,0],[35.0027175,51.2305877,0],[35.0001907,51.2294541,0],[34.9972829,51.2293365,0],[34.9946651,51.228799,0],[34.991146,51.2292827,0],[34.9874123,51.2306802,0],[34.9863399,51.2310388,0],[34.9844082,51.2315132,0],[34.9823054,51.2318894,0],[34.981962,51.2323731,0],[34.9824341,51.2330449,0],[34.9826487,51.2336898,0],[34.9805458,51.234496,0],[34.9801167,51.2355977,0],[34.976898,51.2341198,0],[34.9737652,51.2333136,0],[34.9720486,51.2330718,0],[34.9716623,51.2327225,0],[34.9685295,51.2319163,0],[34.9656542,51.2316745,0],[34.9648608,51.2312739,0],[34.9639741,51.2308849,0],[34.9590803,51.2290658,0],[34.9582803,51.2289451,0],[34.9568688,51.2283876,0],[34.9557227,51.2283791,0],[34.9545102,51.2284611,0],[34.9531261,51.2281672,0],[34.9525896,51.2275793,0],[34.9509159,51.2274786,0],[34.9501724,51.2266932,0],[34.9498683,51.2257395,0],[34.9501078,51.2250349,0],[34.9505866,51.2247546,0],[34.9508577,51.2240326,0],[34.9518025,51.2234405,0],[34.9523976,51.2221198,0],[34.9521619,51.221827,0],[34.9527205,51.2212416,0],[34.9528074,51.2198021,0],[34.9520372,51.2195035,0],[34.951441,51.2189601,0],[34.9470733,51.219056,0],[34.9460626,51.2187641,0],[34.9451572,51.2189867,0],[34.9424883,51.2187868,0],[34.9413564,51.2182258,0],[34.9402944,51.2181251,0],[34.9397583,51.2173995,0],[34.9394125,51.2161797,0],[34.9391571,51.214671,0],[34.9395728,51.2124851,0],[34.9390578,51.2112081,0],[34.9379849,51.2103612,0],[34.9380064,51.2099042,0],[34.93497,51.2078945,0],[34.9329209,51.2068526,0],[34.9301314,51.2057637,0],[34.9247026,51.2053469,0],[34.9220848,51.2055082,0],[34.9193168,51.2059453,0],[34.913845,51.2062208,0],[34.9121499,51.2067719,0],[34.9106049,51.2060594,0],[34.9100899,51.2056023,0],[34.9089741,51.2052394,0],[34.9081158,51.2054813,0],[34.907279,51.2048764,0],[34.9049401,51.2041235,0],[34.9038458,51.2030479,0],[34.9040818,51.2025908,0],[34.9041676,51.2019724,0],[34.9053263,51.2016094,0],[34.9050045,51.1988665,0],[34.9043822,51.1982076,0],[34.9041405,51.1980085,0],[34.9032664,51.1975084,0],[34.9016141,51.1969303,0],[34.9007034,51.1960256,0],[34.9000188,51.194941,0],[34.8985639,51.1933635,0],[34.8932772,51.1943401,0],[34.8875266,51.1950393,0],[34.883043,51.1950946,0],[34.8770552,51.1919733,0],[34.8766189,51.19123,0],[34.8724519,51.1919461,0],[34.8637401,51.1982393,0],[34.8621093,51.199046,0],[34.8458873,51.1912737,0],[34.8468743,51.1889875,0],[34.8460095,51.1888295,0],[34.8363643,51.1830932,0],[34.8335748,51.1830663,0],[34.8335974,51.1802502,0],[34.8349143,51.1780738,0],[34.8349002,51.1693329,0],[34.8160775,51.1692321,0],[34.8144639,51.1706379,0],[34.8137944,51.1715593,0],[34.8091427,51.1724462,0],[34.8087653,51.1738969,0],[34.8093834,51.175399,0],[34.8085596,51.1763582,0],[34.8058161,51.1761243,0],[34.8032873,51.1760248,0],[34.802355,51.1756403,0],[34.8005216,51.1756325,0],[34.7983139,51.1758858,0],[34.7963017,51.1771996,0],[34.7946805,51.1784817,0],[34.7940129,51.1785709,0],[34.7901024,51.1803631,0],[34.7896626,51.1824411,0],[34.7864328,51.1836248,0],[34.7844045,51.1848756,0],[34.7807456,51.1813513,0],[34.7798658,51.1794547,0],[34.7793616,51.1773159,0],[34.7788466,51.1770604,0],[34.7775809,51.1768319,0],[34.7762498,51.1762219,0],[34.7745325,51.175908,0],[34.7737588,51.1752264,0],[34.7722116,51.1747243,0],[34.7698041,51.1747423,0],[34.7693663,51.1750474,0],[34.7667122,51.1755926,0],[34.7643369,51.1760704,0],[34.762123,51.1764117,0],[34.7604417,51.1771479,0],[34.7593967,51.1771135,0],[34.7585941,51.1775829,0],[34.7583923,51.1779984,0],[34.7581904,51.1783063,0],[34.7572971,51.1785692,0],[34.7567122,51.179095,0],[34.7557138,51.1794469,0],[34.7553477,51.1801508,0],[34.7534139,51.1805898,0],[34.7517754,51.1802741,0],[34.7495913,51.1799252,0],[34.7474853,51.1799061,0],[34.74396,51.1795989,0],[34.7427524,51.1794542,0],[34.7410295,51.1793072,0],[34.7392882,51.1797997,0],[34.73677,51.1792269,0],[34.7459897,51.1643029,0],[34.7486183,51.1594738,0],[34.7513219,51.1513718,0],[34.7608385,51.1536716,0],[34.7692928,51.151868,0],[34.7737131,51.1532678,0],[34.7816095,51.1531601,0],[34.7913038,51.1550583,0],[34.7931814,51.1542306,0],[34.7952306,51.1528376,0],[34.796797,51.1508389,0],[34.7984342,51.1478961,0],[34.7997492,51.1468109,0],[34.8007914,51.145475,0],[34.8009021,51.1436218,0],[34.8030479,51.1402831,0],[34.8040779,51.1361902,0],[34.8032625,51.1304811,0],[34.8100329,51.1302778,0],[34.8129082,51.1285542,0],[34.816599,51.128231,0],[34.8217488,51.1262379,0],[34.8229578,51.124643,0],[34.8275563,51.1223183,0],[34.825341,51.1103583,0],[34.8246331,51.1055396,0],[34.8526997,51.1045156,0],[34.8545021,51.1056204,0],[34.8574204,51.1055935,0],[34.8614973,51.105324,0],[34.8626641,51.1096559,0],[34.8665694,51.1110839,0],[34.8688868,51.1124041,0],[34.8813752,51.1097637,0],[34.8910407,51.1150245,0],[34.9114215,51.1224231,0],[34.9151908,51.1281459,0],[34.9257051,51.1265837,0],[34.9411117,51.1229745,0],[34.9442663,51.1249468,0],[34.9653806,51.1194518,0],[34.9649429,51.1151211,0],[34.9643366,51.1038667,0],[34.9713373,51.1049096,0],[34.9933529,51.0983881,0],[34.9977303,51.1006788,0],[35.0080277,51.1039269,0],[35.0236911,51.0990023,0],[35.0286258,51.1058404,0],[35.0304927,51.1081577,0],[35.0249347,51.1108554,0],[35.026286,51.1121655,0],[35.0293437,51.1138224,0],[35.0288341,51.1146037,0],[35.0286974,51.1150348,0],[35.0295476,51.115385,0],[35.0325732,51.1167589,0],[35.036761,51.118454,0],[35.0407736,51.1172555,0],[35.0463311,51.116649,0],[35.0501162,51.1207353,0],[35.057326,51.1200619,0],[35.0761015,51.1095434,0],[35.0789769,51.1100014,0],[35.0793202,51.1129112,0],[35.0790627,51.1150126,0],[35.0773032,51.1164674,0],[35.0762303,51.1189727,0],[35.0806506,51.1198617,0],[35.0859292,51.1178413,0],[35.0885256,51.1172083,0],[35.0916864,51.1172359,0],[35.0957139,51.1168984,0],[35.0983594,51.1158761,0],[35.1019717,51.1150942,0],[35.1071293,51.118407,0],[35.1125796,51.1197,0],[35.1130517,51.122286,0],[35.1290376,51.1240871,0],[35.1304967,51.1156287,0],[35.1312692,51.1134465,0],[35.1355608,51.1104289,0],[35.1370199,51.1072495,0],[35.1364191,51.1037735,0],[35.1371057,51.0947723,0],[35.1404654,51.0897722,0],[35.1474246,51.0821805,0],[35.1473199,51.0751666,0],[35.1484906,51.072221,0],[35.1556026,51.0686139,0],[35.1581346,51.0643259,0],[35.1665031,51.0630313,0],[35.1824515,51.0621397,0],[35.1828297,51.0628263,0],[35.1826071,51.0636209,0],[35.1814519,51.0652503,0],[35.1800751,51.0665067,0],[35.1786159,51.0674506,0],[35.1779723,51.0681517,0],[35.1777577,51.0695001,0],[35.1769423,51.0706058,0],[35.174539,51.0713338,0],[35.1726937,51.0723316,0],[35.1708089,51.0748659,0],[35.1678906,51.0757692,0],[35.1660452,51.0774274,0],[35.1660916,51.0776903,0],[35.1658521,51.0787755,0],[35.1662269,51.0806857,0],[35.1637107,51.0833406,0],[35.1593368,51.0807909,0],[35.157967,51.0819617,0],[35.1543732,51.0802511,0],[35.1540411,51.080967,0],[35.1530335,51.0816978,0],[35.1519624,51.0820809,0],[35.1502492,51.082793,0],[35.1477742,51.0826223,0],[35.155698,51.0908001,0],[35.156287,51.0906811,0],[35.1736017,51.0875845,0],[35.1750571,51.0915581,0],[35.1777142,51.1004249,0],[35.1736151,51.1001299,0],[35.1715757,51.1015865,0],[35.1698796,51.103326,0],[35.16952,51.1028851,0],[35.1694121,51.101865,0],[35.1683602,51.1004676,0],[35.1672434,51.100664,0],[35.1645807,51.1008144,0],[35.164319,51.1052111,0],[35.1671003,51.1057048,0],[35.1645138,51.1072417,0],[35.1639449,51.1080469,0],[35.1631885,51.1087459,0],[35.1636257,51.1101732,0],[35.1638913,51.1121393,0],[35.1641917,51.1130823,0],[35.1655425,51.1155923,0],[35.1676232,51.1181831,0],[35.1681589,51.1187399,0],[35.1684697,51.1193147,0],[35.1691541,51.1198242,0],[35.1744736,51.1215728,0],[35.1684445,51.1261113,0],[35.1635731,51.1274715,0],[35.1533164,51.1314306,0],[35.1416989,51.133931,0],[35.1423548,51.1357309,0],[35.143924,51.137015,0],[35.1437147,51.1388292,0],[35.1430385,51.1393341,0],[35.1436604,51.1396976,0],[35.143081,51.1407477,0],[35.1416541,51.1413401,0],[35.1411552,51.141717,0],[35.1406563,51.1424171,0],[35.1394333,51.1426324,0],[35.1387789,51.1428746,0],[35.138229,51.1434333,0],[35.1381083,51.1442074,0],[35.1376443,51.1444699,0],[35.1364069,51.1444392,0],[35.1363028,51.144708,0],[35.1364808,51.1451649,0],[35.1363369,51.1470755,0],[35.1353638,51.1477212,0],[35.1358282,51.148865,0],[35.1371157,51.1492117,0],[35.1375878,51.1495919,0],[35.1391971,51.1500495,0],[35.1401842,51.1504668,0],[35.1407206,51.150884,0],[35.1408387,51.1512676,0],[35.1396961,51.1523612,0],[35.137502,51.1537644,0],[35.1338971,51.1552588,0],[35.1326568,51.1555172,0],[35.131747,51.1562588,0],[35.1310716,51.1565939,0],[35.1297524,51.1571174,0],[35.127733,51.1582018,0],[35.1263572,51.1593939,0],[35.1256081,51.1604122,0],[35.1246391,51.1620236,0],[35.1232623,51.165317,0],[35.1269373,51.1672983,0],[35.1343247,51.1709611,0],[35.1306557,51.1738806,0],[35.1308274,51.175495,0],[35.1302514,51.1944739,0],[35.1319251,51.1953883,0],[35.1337705,51.1957918,0],[35.1357446,51.1981852,0],[35.1367394,51.1986457,0],[35.1389241,51.2005802,0],[35.1413743,51.2021953,0],[35.1435055,51.2030653,0],[35.1437266,51.2054269,0],[35.1428437,51.2064977,0],[35.1392506,51.2079892,0],[35.1371776,51.2095297,0],[35.1370654,51.2102985,0],[35.1380001,51.213337,0],[35.1382412,51.2149338,0],[35.1376868,51.215117,0],[35.1374757,51.2155153,0],[35.1386915,51.2161408,0],[35.1389772,51.2170693,0],[35.139377,51.2176897,0],[35.1403483,51.2183394,0],[35.1414329,51.218456,0],[35.1430482,51.2189109,0],[35.1445465,51.2193883,0],[35.1455383,51.2201239,0],[35.1503552,51.2211652,0],[35.1507219,51.2233305,0],[35.1274059,51.2296419,0],[35.1198099,51.231523,0],[35.1174925,51.2297225,0],[35.1140592,51.2310931,0],[35.1053903,51.2327323,0],[35.0848339,51.2303137,0],[35.0747059,51.231953,0],[35.0690839,51.2303137,0],[35.0660798,51.2279488,0],[35.0653931,51.2262288,0],[35.0626895,51.2242131,0],[35.0617453,51.2228961,0],[35.0611445,51.2219016,0],[35.0618312,51.2207459,0],[35.0635478,51.2184342,0],[35.0628182,51.217574,0],[35.0628611,51.2165795,0],[35.0613162,51.2152623,0],[35.0575826,51.21373,0],[35.0558659,51.211875,0],[35.0544068,51.2107727,0],[35.0526044,51.2103695,0],[35.0526044,51.2097511,0],[35.050759,51.209079,0],[35.047712,51.2086219,0],[35.0469395,51.2079229,0],[35.0450084,51.2072776,0],[35.043163,51.2055837,0],[35.0396225,51.2045216,0]]]},"properties":{"name":"Russian-controlled Sumy Raion, Sumy Oblast.","styleUrl":"#poly-A52714-1200-115-nodesc","fill-opacity":0.45098039215686275,"fill":"#a52714","stroke-opacity":1,"stroke":"#a52714","stroke-width":1.2}},{"type":"Feature","geometry":{"type":"Polygon","coordinates":[[[31.8076586,46.4790814,0],[31.8088676,46.4848407,0],[31.8073909,46.4852234,0],[31.8056655,46.4854887,0],[31.8056998,46.4877633,0],[31.8060461,46.4892267,0],[31.8124154,46.4905863,0],[31.8141646,46.4925435,0],[31.8150872,46.493223,0],[31.8161172,46.4936218,0],[31.8162041,46.494501,0],[31.8185634,46.4957785,0],[31.8273861,46.4988971,0],[31.8286056,46.4989691,0],[31.8354519,46.4987366,0],[31.8410941,46.4975999,0],[31.8412329,46.4978808,0],[31.843142,46.4975118,0],[31.8451064,46.4974522,0],[31.8455075,46.4977587,0],[31.8457073,46.4981272,0],[31.8467538,46.4984121,0],[31.8503851,46.4984226,0],[31.8509333,46.4984782,0],[31.8518013,46.5020709,0],[31.8541871,46.5063273,0],[31.8602127,46.5110207,0],[31.8600536,46.5125623,0],[31.8541793,46.5130109,0],[31.8573599,46.5178599,0],[31.8501435,46.5184136,0],[31.8464099,46.5201854,0],[31.8403803,46.5209975,0],[31.8347584,46.521529,0],[31.8264757,46.5231826,0],[31.8238579,46.5239356,0],[31.817485,46.5265635,0],[31.8095825,46.5270716,0],[31.8033598,46.5285183,0],[31.7993258,46.5306146,0],[31.7932747,46.5324451,0],[31.7855929,46.5346002,0],[31.7788552,46.5368144,0],[31.7752932,46.5402387,0],[31.7719887,46.5418032,0],[31.7599842,46.5452937,0],[31.7424747,46.5463563,0],[31.7239353,46.5452937,0],[31.7059108,46.5448214,0],[31.6925213,46.5434046,0],[31.6770717,46.5412793,0],[31.667287,46.5382093,0],[31.658189,46.5376189,0],[31.6433832,46.5387702,0],[31.6371605,46.539272,0],[31.6294786,46.5390949,0],[31.6223118,46.5391539,0],[31.6141578,46.5390359,0],[31.6085788,46.5389473,0],[31.6006395,46.5382683,0],[31.5944168,46.5372646,0],[31.5862629,46.5369694,0],[31.5827438,46.5364971,0],[31.5775296,46.5372499,0],[31.5729591,46.5386669,0],[31.5647408,46.540866,0],[31.5591089,46.5428938,0],[31.5488411,46.5472379,0],[31.5386702,46.551606,0],[31.5316321,46.5563868,0],[31.5258814,46.5609903,0],[31.5221478,46.5648556,0],[31.5202595,46.5682487,0],[31.5175773,46.5716415,0],[31.51644,46.5734706,0],[31.5144445,46.5755652,0],[31.5132858,46.5768484,0],[31.5130926,46.5776744,0],[31.5135814,46.5785284,0],[31.5139032,46.5792253,0],[31.5139247,46.579712,0],[31.5134902,46.5789488,0],[31.5127445,46.5776988,0],[31.5123905,46.5773411,0],[31.5123368,46.5771826,0],[31.5120525,46.5770498,0],[31.5122426,46.5767204,0],[31.5128649,46.5760566,0],[31.513573,46.5750758,0],[31.514957,46.5734311,0],[31.5161157,46.5718675,0],[31.5171242,46.570953,0],[31.5183473,46.5696696,0],[31.5187764,46.5686075,0],[31.5194631,46.5670143,0],[31.5201927,46.5655685,0],[31.5208149,46.5644916,0],[31.5215659,46.5635474,0],[31.5225097,46.5624039,0],[31.5232875,46.5615186,0],[31.5255363,46.5595692,0],[31.5278323,46.5573561,0],[31.5290768,46.556397,0],[31.5302355,46.5551428,0],[31.5315659,46.5537853,0],[31.5339477,46.5516013,0],[31.5364797,46.5494026,0],[31.5392478,46.5473218,0],[31.5491183,46.5399425,0],[31.5531523,46.5371676,0],[31.5567358,46.5349683,0],[31.5600617,46.5329607,0],[31.5690739,46.527602,0],[31.5739234,46.5246346,0],[31.5800173,46.5213126,0],[31.5916903,46.5152883,0],[31.6009171,46.5101937,0],[31.611603,46.5036364,0],[31.6208668,46.4976881,0],[31.6286345,46.4929611,0],[31.6345139,46.4885883,0],[31.6443415,46.4807578,0],[31.6528817,46.4743447,0],[31.6624089,46.4668668,0],[31.6714211,46.4590036,0],[31.6779013,46.4540367,0],[31.6829224,46.4504296,0],[31.6905733,46.4438633,0],[31.6980406,46.4377712,0],[31.704392,46.4320334,0],[31.7102714,46.4266499,0],[31.7138334,46.4241059,0],[31.7184253,46.4217097,0],[31.7199488,46.4210885,0],[31.7282959,46.4212512,0],[31.7313214,46.4180856,0],[31.7341967,46.413618,0],[31.7355057,46.4115912,0],[31.7359992,46.4095348,0],[31.7377587,46.4071083,0],[31.7396684,46.4049333,0],[31.7421146,46.4008642,0],[31.745462,46.3944417,0],[31.7462345,46.3923698,0],[31.7480369,46.3904458,0],[31.7488952,46.3889658,0],[31.750054,46.3873081,0],[31.7513414,46.3856651,0],[31.7535516,46.3837409,0],[31.7556544,46.3817574,0],[31.7574139,46.3800403,0],[31.7588731,46.3786192,0],[31.760418,46.3771684,0],[31.762714,46.3749626,0],[31.7646881,46.3737042,0],[31.7661472,46.3729344,0],[31.767263,46.372964,0],[31.7694088,46.3730824,0],[31.7711469,46.3734525,0],[31.7741295,46.3727271,0],[31.7762109,46.372964,0],[31.7758246,46.374178,0],[31.7746445,46.376295,0],[31.7736359,46.377879,0],[31.7719408,46.3794037,0],[31.7698808,46.3802623,0],[31.7687007,46.3805584,0],[31.7693873,46.3828232,0],[31.768293,46.3855763,0],[31.7667695,46.3875893,0],[31.7648168,46.3896762,0],[31.7566788,46.3993634,0],[31.7519581,46.4022637,0],[31.7463791,46.406525,0],[31.7432034,46.4090107,0],[31.7401135,46.4112003,0],[31.7360794,46.4138633,0],[31.7339337,46.4186563,0],[31.7329037,46.4213781,0],[31.7311012,46.4239222,0],[31.728698,46.427117,0],[31.7251437,46.4273955,0],[31.7219894,46.4292443,0],[31.7088706,46.4387217,0],[31.7050511,46.4415312,0],[31.7031199,46.44369,0],[31.6993005,46.4458486,0],[31.6960389,46.4473271,0],[31.6944939,46.4503136,0],[31.6953952,46.4541573,0],[31.6976268,46.4611344,0],[31.699558,46.4662484,0],[31.7017466,46.4703865,0],[31.7047936,46.473283,0],[31.7088706,46.476534,0],[31.7124755,46.4799031,0],[31.7260093,46.484221,0],[31.739313,46.4874713,0],[31.7482641,46.4883928,0],[31.76204,46.4877723,0],[31.7698935,46.4868267,0],[31.7788199,46.484847,0],[31.7937115,46.481626,0],[31.8026808,46.4797052,0],[31.8076586,46.4790814,0]]]},"properties":{"name":"Russian-controlled Mykolaiv Raion, Mykolaiv Oblast.","styleUrl":"#poly-A52714-1200-117-nodesc","fill-opacity":0.4588235294117647,"fill":"#a52714","stroke-opacity":1,"stroke":"#a52714","stroke-width":1.2}},{"type":"Feature","geometry":{"type":"Polygon","coordinates":[[[33.6142896,46.1340263,0],[33.618641,46.1178482,0],[33.641987,46.0849967,0],[33.6330606,46.0759472,0],[33.6213876,46.0697546,0],[33.6172677,46.0502194,0],[33.620701,46.0120822,0],[33.6330606,45.980122,0],[33.630314,45.9605552,0],[33.6179544,45.9471885,0],[33.6234475,45.9433689,0],[33.641987,45.9443238,0],[33.6461068,45.9510079,0],[33.6605264,45.9553044,0],[33.684559,45.954827,0],[33.7072183,45.9529175,0],[33.7298776,45.9500531,0],[33.7463571,45.9514853,0],[33.7587167,45.9390714,0],[33.7621499,45.9290428,0],[33.7573434,45.9199678,0],[33.7477304,45.9190124,0],[33.7394906,45.92761,0],[33.7223245,45.9280876,0],[33.7085916,45.9161463,0],[33.696232,45.9085024,0],[33.6859323,45.91328,0],[33.674946,45.9065913,0],[33.6742593,45.8956011,0],[33.6804391,45.8779166,0],[33.6790658,45.8678769,0],[33.6859323,45.8583137,0],[33.6818124,45.8473139,0],[33.6618997,45.8678769,0],[33.6529733,45.872658,0],[33.6330606,45.8817407,0],[33.6193277,45.8898662,0],[33.5966684,45.8850867,0],[33.5705758,45.8659644,0],[33.5472299,45.8463573,0],[33.5135843,45.8602265,0],[33.5376169,45.8688332,0],[33.5383035,45.8817407,0],[33.5231973,45.8736141,0],[33.4977914,45.8592701,0],[33.4552194,45.8434874,0],[33.4215738,45.8324847,0],[33.3844949,45.8004209,0],[33.3584024,45.7889309,0],[33.3309366,45.7750439,0],[33.2760049,45.7597164,0],[33.2382394,45.7506137,0],[33.2100869,45.7597164,0],[33.1901742,45.7683386,0],[33.1757547,45.779354,0],[33.1716348,45.7851003,0],[33.1839944,45.8080796,0],[33.1757547,45.803293,0],[33.1682016,45.7851003,0],[33.1640817,45.7649857,0],[33.1640817,45.7448638,0],[33.155842,45.7367172,0],[33.1393625,45.7180234,0],[33.1270028,45.7204204,0],[33.1187631,45.7146674,0],[33.1070901,45.7137085,0],[33.0940439,45.7165851,0],[33.0775644,45.7079549,0],[33.0638315,45.7031597,0],[33.0487253,45.6954866,0],[33.035679,45.6897311,0],[33.0198861,45.6882921,0],[33.0068399,45.6801372,0],[32.9972268,45.6801372,0],[32.9903604,45.6734205,0],[32.9786874,45.6715013,0],[32.9649545,45.6604647,0],[32.9546548,45.6609446,0],[32.9429818,45.6561454,0],[32.9381753,45.6499058,0],[32.9196359,45.6431855,0],[32.9072763,45.6374246,0],[32.8557779,45.6090915,0],[32.8214456,45.588433,0],[32.8207589,45.5826664,0],[32.8296853,45.5841081,0],[32.8434182,45.5855498,0],[32.8441049,45.5783412,0],[32.8434182,45.5653633,0],[32.830372,45.5567097,0],[32.8200723,45.5581521,0],[32.8083993,45.5538249,0],[32.7994729,45.5571905,0],[32.7980996,45.5619982,0],[32.7884866,45.5619982,0],[32.7706338,45.5552673,0],[32.7404214,45.5437269,0],[32.7253152,45.531222,0],[32.7067758,45.5264117,0],[32.7136422,45.5182333,0],[32.7060891,45.5143842,0],[32.6978494,45.5167899,0],[32.6902963,45.5235253,0],[32.6552774,45.5095724,0],[32.6120187,45.4888773,0],[32.56876,45.4715452,0],[32.5392343,45.4561345,0],[32.5255014,45.4445737,0],[32.5117685,45.4291556,0],[32.4959756,45.4137333,0],[32.4815561,45.4036101,0],[32.4781228,45.3930029,0],[32.4904825,45.3843228,0],[32.504902,45.3814292,0],[32.5124551,45.3741944,0],[32.5124551,45.3635817,0],[32.4946023,45.3500717,0],[32.5097085,45.3442808,0],[32.5255014,45.3394545,0],[32.5467874,45.3365585,0],[32.5715066,45.3312489,0],[32.5989724,45.3230421,0],[32.6195718,45.3191797,0],[32.6532174,45.3095225,0],[32.6841165,45.3317316,0],[32.7232553,45.3505543,0],[32.7459146,45.3635817,0],[32.7658273,45.3655114,0],[32.8241922,45.3674411,0],[32.8386117,45.3674411,0],[32.8578378,45.3679235,0],[32.8743173,45.3635817,0],[32.9024698,45.3611694,0],[32.9347421,45.3534495,0],[32.958088,45.3433155,0],[32.9896737,45.327387,0],[33.0171396,45.3037274,0],[33.0384256,45.2921354,0],[33.068638,45.2723269,0],[33.0789377,45.2592785,0],[33.0885507,45.2563784,0],[33.099537,45.2457436,0],[33.1139566,45.2264025,0],[33.1283761,45.2235008,0],[33.142109,45.214311,0],[33.155842,45.1997978,0],[33.1833078,45.1862488,0],[33.2011606,45.184313,0],[33.2169534,45.1804411,0],[33.2361795,45.1688239,0],[33.2512857,45.1504252,0],[33.271885,45.1470353,0],[33.2876779,45.1504252,0],[33.2959176,45.1634986,0],[33.3000375,45.1712443,0],[33.3137704,45.177537,0],[33.3336831,45.1717284,0],[33.349476,45.1736647,0],[33.3666421,45.1867327,0],[33.3879281,45.199314,0],[33.401661,45.1964109,0],[33.4236337,45.1872167,0],[33.4435464,45.177053,0],[33.4758188,45.1620461,0],[33.4991647,45.1426766,0],[33.5300638,45.1174863,0],[33.5637094,45.0811346,0],[33.5781289,45.0559172,0],[33.5932351,45.0238944,0],[33.6069681,44.9767981,0],[33.5980417,44.9729122,0],[33.6083413,44.941815,0],[33.6131479,44.8878409,0],[33.6001016,44.8557242,0],[33.576069,44.8406329,0],[33.5686017,44.8359161,0],[33.5694601,44.8322945,0],[33.5848237,44.8082462,0],[33.6081697,44.8097077,0],[33.6652726,44.7957055,0],[33.6765359,44.786328,0],[33.6818894,44.7702524,0],[33.6596426,44.7622319,0],[33.6336984,44.7532632,0],[33.6125542,44.7508372,0],[33.6150993,44.7398777,0],[33.6109,44.7392903,0],[33.6111641,44.7328497,0],[33.6146105,44.7291141,0],[33.6171201,44.7121586,0],[33.6512947,44.7165448,0],[33.6605707,44.7141019,0],[33.6705322,44.7094624,0],[33.6705562,44.7135929,0],[33.6747206,44.7130703,0],[33.6775516,44.7061743,0],[33.6883526,44.7021431,0],[33.6907278,44.705546,0],[33.6889584,44.7091765,0],[33.6871395,44.7137501,0],[33.6937968,44.7148432,0],[33.7022986,44.7155627,0],[33.7041929,44.7126122,0],[33.7083208,44.7115901,0],[33.7073041,44.7054032,0],[33.7145346,44.7059586,0],[33.7187001,44.7170623,0],[33.7283957,44.7153571,0],[33.7371297,44.706582,0],[33.7508042,44.701229,0],[33.7520582,44.6997963,0],[33.762112,44.7015605,0],[33.7764136,44.6912462,0],[33.7655076,44.6833733,0],[33.7548791,44.6750758,0],[33.749905,44.663616,0],[33.7408989,44.6586265,0],[33.7282472,44.6486611,0],[33.722845,44.6427925,0],[33.7258974,44.6406491,0],[33.7196726,44.6388928,0],[33.7163676,44.6348767,0],[33.7219451,44.632586,0],[33.7161075,44.6245843,0],[33.7167927,44.6174999,0],[33.7217672,44.6134733,0],[33.7293108,44.6049332,0],[33.7358126,44.6015413,0],[33.7434921,44.6064885,0],[33.7615915,44.6062372,0],[33.7725527,44.6076878,0],[33.7817713,44.612663,0],[33.7854425,44.60856,0],[33.781125,44.6000596,0],[33.786176,44.5884139,0],[33.7931139,44.5861809,0],[33.8276552,44.5744168,0],[33.8264279,44.5675103,0],[33.8301499,44.5594414,0],[33.8353624,44.5581007,0],[33.8308507,44.5551755,0],[33.8340131,44.5504243,0],[33.8375905,44.5482604,0],[33.8339283,44.5443002,0],[33.8418793,44.5398029,0],[33.8397539,44.5346014,0],[33.83962,44.5295822,0],[33.8400328,44.5190545,0],[33.8461908,44.5125634,0],[33.8536894,44.5122863,0],[33.8560428,44.5168113,0],[33.8592547,44.515216,0],[33.8595842,44.5127596,0],[33.8569817,44.5057045,0],[33.8606227,44.5007916,0],[33.8740779,44.4919267,0],[33.866638,44.4839935,0],[33.8617102,44.4830713,0],[33.8621473,44.4787745,0],[33.8672379,44.4800719,0],[33.8821428,44.4803836,0],[33.8870626,44.4841828,0],[33.895116,44.4826367,0],[33.8873764,44.4709249,0],[33.8818544,44.4706511,0],[33.8887019,44.4667722,0],[33.8931553,44.4645264,0],[33.8945184,44.4606879,0],[33.8972031,44.4285558,0],[33.8960235,44.4273052,0],[33.8934064,44.4246819,0],[33.8902324,44.4250748,0],[33.8549629,44.4224905,0],[33.8447736,44.4195709,0],[33.827657,44.4123224,0],[33.8161702,44.410516,0],[33.8110504,44.406842,0],[33.8077635,44.4067902,0],[33.8069406,44.4055831,0],[33.8027206,44.4058051,0],[33.8006898,44.4024708,0],[33.8000324,44.4025704,0],[33.7971726,44.4036582,0],[33.7962868,44.4051752,0],[33.7897206,44.406361,0],[33.7854181,44.4056815,0],[33.7839643,44.4061617,0],[33.7821028,44.4059062,0],[33.7854311,44.4021301,0],[33.7859367,44.4001808,0],[33.7855887,44.3977958,0],[33.7836983,44.3966799,0],[33.7792127,44.3963979,0],[33.7773132,44.3954289,0],[33.7706502,44.3949196,0],[33.7676446,44.3935541,0],[33.7653257,44.3932925,0],[33.7592746,44.3916366,0],[33.7594034,44.3909619,0],[33.7779428,44.3885085,0],[33.8129617,44.3943965,0],[33.8267739,44.3997048,0],[33.8384469,44.4014218,0],[33.8429101,44.4051011,0],[33.8693459,44.4053463,0],[33.9077981,44.4021577,0],[33.9445336,44.3911188,0],[33.9754327,44.3911188,0],[33.9836724,44.3987236,0],[34.0004952,44.4009313,0],[34.0169747,44.4063274,0],[34.0265878,44.4053463,0],[34.0350416,44.4066035,0],[34.0427239,44.4122136,0],[34.0633233,44.4207964,0],[34.0773995,44.4227581,0],[34.0945657,44.4286426,0],[34.1031487,44.4269263,0],[34.1089852,44.4293781,0],[34.1179116,44.4269263,0],[34.1264947,44.4291329,0],[34.1333611,44.4391841,0],[34.1426309,44.4538901,0],[34.1553338,44.476677,0],[34.1652902,44.4911287,0],[34.1752465,44.497496,0],[34.1872628,44.4992102,0],[34.2040856,44.4999448,0],[34.2161019,44.5036178,0],[34.2312081,44.5041076,0],[34.2507775,44.5058215,0],[34.2627938,44.5141459,0],[34.2710336,44.5241825,0],[34.2724069,44.5305462,0],[34.2758401,44.5427823,0],[34.2954095,44.5474313,0],[34.310859,44.5537925,0],[34.323562,44.550612,0],[34.3324883,44.5464526,0],[34.3451913,44.547676,0],[34.3479379,44.5540372,0],[34.3458779,44.5628438,0],[34.3475945,44.5709154,0],[34.3503411,44.5811868,0],[34.3558343,44.5892558,0],[34.3688806,44.5904783,0],[34.3730004,44.595368,0],[34.3709405,44.6046573,0],[34.375747,44.6075904,0],[34.374717,44.6132119,0],[34.3822701,44.6173665,0],[34.3822701,44.6222539,0],[34.3857034,44.6290956,0],[34.4038995,44.6386238,0],[34.4025262,44.6474177,0],[34.4063027,44.6588965,0],[34.4114526,44.664513,0],[34.4172891,44.6747678,0],[34.4378884,44.6903907,0],[34.4464715,44.702105,0],[34.4646676,44.7165007,0],[34.4814904,44.7208919,0],[34.4907601,44.7262584,0],[34.5110162,44.7347951,0],[34.5292123,44.7374778,0],[34.5391686,44.7421113,0],[34.5401986,44.745769,0],[34.5573647,44.755278,0],[34.5752175,44.7574721,0],[34.5844872,44.7596662,0],[34.5975335,44.7684417,0],[34.6133264,44.7750225,0],[34.636329,44.7813588,0],[34.6548684,44.788669,0],[34.6689446,44.787207,0],[34.6854241,44.7959783,0],[34.7073968,44.8052355,0],[34.7314294,44.8120556,0],[34.7496255,44.8098635,0],[34.7575219,44.8164395,0],[34.7750314,44.8188749,0],[34.7877343,44.8183878,0],[34.8021539,44.8213102,0],[34.8162301,44.8191184,0],[34.8337396,44.8200925,0],[34.8450692,44.8147347,0],[34.8646386,44.8217972,0],[34.8845513,44.8220407,0],[34.8855813,44.8176572,0],[34.8931344,44.8149782,0],[34.9034341,44.8196055,0],[34.9188836,44.8227713,0],[34.9147637,44.8259369,0],[34.9175103,44.8303198,0],[34.9339898,44.8327545,0],[34.9477227,44.8373804,0],[34.959739,44.8390845,0],[34.9655755,44.8410321,0],[34.9779351,44.8395714,0],[34.9861749,44.8351892,0],[34.9875482,44.8303198,0],[34.9933846,44.8305632,0],[35.0026544,44.8361631,0],[35.0084908,44.8317806,0],[35.013984,44.8347023,0],[35.0232537,44.832998,0],[35.0318368,44.8303198,0],[35.0417932,44.8210666,0],[35.0503762,44.8135169,0],[35.0493463,44.8023123,0],[35.0606759,44.7979273,0],[35.0702889,44.7976837,0],[35.0774987,44.7945165,0],[35.0823052,44.7932984,0],[35.088485,44.8010943,0],[35.0974114,44.8032867,0],[35.1008447,44.8079149,0],[35.1097711,44.8081585,0],[35.1090844,44.8110813,0],[35.1221307,44.8222842,0],[35.1327737,44.8242323,0],[35.1283105,44.8288588,0],[35.1300271,44.8354327,0],[35.1324304,44.8446835,0],[35.134147,44.8512556,0],[35.1375802,44.8607472,0],[35.1420434,44.868534,0],[35.1430734,44.8748601,0],[35.155433,44.8901856,0],[35.165046,44.9008868,0],[35.1750024,44.9018595,0],[35.186332,44.9091545,0],[35.2031548,44.9123154,0],[35.2120812,44.911586,0],[35.2237542,44.9128016,0],[35.2395471,44.9193659,0],[35.2443536,44.9252002,0],[35.2529366,44.9378391,0],[35.2474435,44.9487744,0],[35.2484734,44.9558204,0],[35.2580865,44.964809,0],[35.2742227,44.9696671,0],[35.2907021,44.9667523,0],[35.2944787,44.9618939,0],[35.296882,44.9657806,0],[35.3099282,44.96991,0],[35.3250344,44.9701529,0],[35.327781,44.9652948,0],[35.3391107,44.9672381,0],[35.3521569,44.9633515,0],[35.3528436,44.958007,0],[35.3652032,44.9548486,0],[35.3758462,44.9514471,0],[35.3806527,44.9473164,0],[35.3864892,44.9458585,0],[35.3844293,44.9497463,0],[35.3906091,44.9550916,0],[35.3837426,44.9558204,0],[35.3758462,44.9546057,0],[35.3693231,44.9567922,0],[35.3648599,44.9652948,0],[35.36177,44.9701529,0],[35.3521569,44.975982,0],[35.3573068,44.9849674,0],[35.3627999,44.9937086,0],[35.3741296,44.9980787,0],[35.3882058,45.0000208,0],[35.4019387,45.0034195,0],[35.4242547,45.0131287,0],[35.4170449,45.0201668,0],[35.4094918,45.0238069,0],[35.4009088,45.0247776,0],[35.3906091,45.0250203,0],[35.383056,45.0303585,0],[35.3827126,45.0386076,0],[35.3868325,45.0480683,0],[35.3995355,45.0628627,0],[35.4228814,45.0827442,0],[35.4465707,45.0975296,0],[35.4839929,45.1137648,0],[35.5186685,45.1222441,0],[35.5499108,45.1283,0],[35.5828698,45.1312066,0],[35.6199487,45.1258777,0],[35.6693871,45.1144917,0],[35.7050927,45.103588,0],[35.7256921,45.0938942,0],[35.772384,45.0713495,0],[35.7823403,45.0631052,0],[35.7888635,45.0570424,0],[35.803283,45.0485534,0],[35.8091195,45.0434594,0],[35.8170159,45.0325422,0],[35.8128961,45.0201668,0],[35.8177026,45.0225936,0],[35.825599,45.0174973,0],[35.8369286,45.0104588,0],[35.8307488,45.0051187,0],[35.8338387,45.0005064,0],[35.8424218,44.9992925,0],[35.8623345,45.0014774,0],[35.8791573,45.0119151,0],[35.8963235,45.0148276,0],[35.9028466,45.0189534,0],[35.9251626,45.0230789,0],[35.9406121,45.0165265,0],[35.9557183,45.0114297,0],[35.9646447,45.0172546,0],[35.9835275,45.0240496,0],[35.9917672,45.0342406,0],[36.0055001,45.0446723,0],[36.0226663,45.0480683,0],[36.0353692,45.0502513,0],[36.0858376,45.0478257,0],[36.1177667,45.0429743,0],[36.1534722,45.0376372,0],[36.2046273,45.0330275,0],[36.2204202,45.0289027,0],[36.2314065,45.0318143,0],[36.2465127,45.040791,0],[36.2465127,45.0490385,0],[36.2592156,45.0521917,0],[36.2791284,45.0546171,0],[36.3055642,45.0589825,0],[36.3344033,45.0597101,0],[36.356376,45.0584975,0],[36.3728555,45.0584975,0],[36.3821252,45.0645601,0],[36.3958581,45.0677124,0],[36.4044412,45.071107,0],[36.4140542,45.0752288,0],[36.4236672,45.0781381,0],[36.4456399,45.0909857,0],[36.4549096,45.0989837,0],[36.4525063,45.1060113,0],[36.4439233,45.1108574,0],[36.4384301,45.1161876,0],[36.430877,45.1205484,0],[36.4243539,45.1273311,0],[36.421264,45.1367771,0],[36.4168008,45.1532434,0],[36.4143975,45.162443,0],[36.4089044,45.1668002,0],[36.4030679,45.1752716,0],[36.4047845,45.190396,0],[36.4054711,45.1995897,0],[36.4027245,45.206363,0],[36.4020379,45.2136192,0],[36.4075311,45.2228091,0],[36.4198907,45.2363494,0],[36.419204,45.2436018,0],[36.4356835,45.2619705,0],[36.4253838,45.2701861,0],[36.4178307,45.2764678,0],[36.4185174,45.2837151,0],[36.4363702,45.2957918,0],[36.4672692,45.3025537,0],[36.4830621,45.3069002,0],[36.4913018,45.318972,0],[36.4796288,45.3238,0],[36.4727624,45.3305585,0],[36.4707025,45.3411774,0],[36.4748223,45.3503467,0],[36.4768823,45.358067,0],[36.4974816,45.3633741,0],[36.5201409,45.356137,0],[36.5386804,45.3513118,0],[36.55104,45.3484164,0],[36.6025384,45.3474513,0],[36.6121514,45.3566195,0],[36.6293176,45.3653039,0],[36.6300042,45.3754339,0],[36.6471703,45.3831508,0],[36.6409905,45.3874911,0],[36.6197045,45.3990636,0],[36.6073449,45.4111158,0],[36.6128381,45.4226835,0],[36.5977319,45.4356942,0],[36.5812524,45.4409941,0],[36.5688928,45.4371397,0],[36.5688928,45.4279845,0],[36.5579064,45.4250931,0],[36.529754,45.4279845,0],[36.5105279,45.4385851,0],[36.4892419,45.448702,0],[36.4761956,45.454964,0],[36.4446099,45.4540006,0],[36.430877,45.4477386,0],[36.4130242,45.4467751,0],[36.3814385,45.4621884,0],[36.3628991,45.469412,0],[36.3525994,45.4742271,0],[36.343673,45.4828934,0],[36.3326867,45.4732641,0],[36.3162072,45.4684489,0],[36.3024743,45.477116,0],[36.2901147,45.4795233,0],[36.2660821,45.4785604,0],[36.2358697,45.4742271,0],[36.1548455,45.4660411,0],[36.11708,45.4607436,0],[36.0813745,45.4467751,0],[36.0710748,45.4390669,0],[36.0731347,45.4217196,0],[36.074508,45.4111158,0],[36.0600884,45.3937599,0],[36.0429223,45.381704,0],[36.0182031,45.3725398,0],[35.9907372,45.3681984,0],[35.9509118,45.3754339,0],[35.9255059,45.3865266,0],[35.8939202,45.4029206,0],[35.8705743,45.4164179,0],[35.8465417,45.4458117,0],[35.8520349,45.4544823,0],[35.8733209,45.460262,0],[35.8705743,45.4698935,0],[35.8547814,45.4732641,0],[35.8424218,45.4718196,0],[35.8280023,45.4684489,0],[35.8218224,45.4592988,0],[35.8231957,45.4506289,0],[35.8328088,45.4400305,0],[35.8211358,45.4289483,0],[35.8060296,45.4246112,0],[35.79161,45.4173819,0],[35.7751306,45.4067773,0],[35.7483514,45.3899023,0],[35.751098,45.3836331,0],[35.7662042,45.3831508,0],[35.7579644,45.3754339,0],[35.7538445,45.3638566,0],[35.7332452,45.3546895,0],[35.7236321,45.3503467,0],[35.7291253,45.3411774,0],[35.7195123,45.3329721,0],[35.6975396,45.3334548,0],[35.6728204,45.3281449,0],[35.6371148,45.3218688,0],[35.6041558,45.3131778,0],[35.5739434,45.3006218,0],[35.5272515,45.2822657,0],[35.5039056,45.2870968,0],[35.491546,45.2919276,0],[35.4524072,45.3097976,0],[35.3720696,45.3575845,0],[35.2491601,45.46267,0],[35.199035,45.5204318,0],[35.1008447,45.605042,0],[35.0177606,45.699117,0],[34.975221,45.7635462,0],[34.9580548,45.7597139,0],[34.9010633,45.7822248,0],[34.863952,45.7944702,0],[34.800813,45.8047266,0],[34.802873,45.9003773,0],[34.7554944,45.9085,0],[34.6573041,45.975825,0],[34.6394513,45.9820281,0],[34.623626,45.988982,0],[34.605119,45.9934783,0],[34.5755933,45.9963405,0],[34.5632337,45.9920471,0],[34.5378278,45.965803,0],[34.5055554,45.9433664,0],[34.4705365,45.9443213,0],[34.4361718,45.963691,0],[34.411485,45.9920471,0],[34.4032453,46.0135103,0],[34.3840192,46.0354419,0],[34.3661664,46.046881,0],[34.3414472,46.0578413,0],[34.3126081,46.0621295,0],[34.2542432,46.0521231,0],[34.203399,46.0619269,0],[34.1457532,46.0830892,0],[34.1382001,46.0973754,0],[34.121034,46.1049931,0],[34.0743421,46.1183217,0],[34.055116,46.1078495,0],[34.0331433,46.1088016,0],[34.0070508,46.1211774,0],[33.9885114,46.1335504,0],[33.9102338,46.1625685,0],[33.8532422,46.199176,0],[33.8271497,46.2039285,0],[33.7783979,46.2006018,0],[33.7385724,46.1849162,0],[33.6973737,46.2034532,0],[33.6891339,46.2020275,0],[33.6616681,46.221984,0],[33.6479352,46.2291095,0],[33.6142896,46.2262594,0],[33.6390088,46.1402117,0],[33.6142896,46.1340263,0]]]},"properties":{"name":"Russian-controlled Crimea (Pre-invasion)","styleUrl":"#poly-880E4F-1200-145-nodesc","fill-opacity":0.5686274509803921,"fill":"#880e4f","stroke-opacity":1,"stroke":"#880e4f","stroke-width":1.2}},{"type":"Feature","geometry":{"type":"Polygon","coordinates":[[[33.7592746,44.3916366,0],[33.7653257,44.3932925,0],[33.7676446,44.3935541,0],[33.7706502,44.3949196,0],[33.7773132,44.3954289,0],[33.7786949,44.3965062,0],[33.7832869,44.3966902,0],[33.7854326,44.3973955,0],[33.7859367,44.4001808,0],[33.785261,44.4018414,0],[33.7843168,44.4034665,0],[33.7821028,44.4059062,0],[33.784231,44.4062871,0],[33.7854181,44.4056815,0],[33.7899816,44.4065017,0],[33.7962902,44.4053673,0],[33.7971726,44.4036582,0],[33.8006676,44.4022094,0],[33.8024271,44.4058885,0],[33.8069406,44.4055831,0],[33.8077635,44.4067902,0],[33.8110504,44.406842,0],[33.8161702,44.410516,0],[33.827657,44.4123224,0],[33.8447845,44.4197753,0],[33.854698,44.4226871,0],[33.8902324,44.4250748,0],[33.8934064,44.4246819,0],[33.8972031,44.4285558,0],[33.894223,44.4612014,0],[33.8931553,44.4645264,0],[33.8818544,44.4706511,0],[33.8872707,44.4711246,0],[33.8948238,44.4826995,0],[33.8868845,44.4838937,0],[33.8821428,44.4803836,0],[33.867358,44.4798826,0],[33.8621223,44.4790252,0],[33.8617102,44.4830713,0],[33.866638,44.4839935,0],[33.8737524,44.4917313,0],[33.8608778,44.5003637,0],[33.8569817,44.5057045,0],[33.8597191,44.5122695,0],[33.8592547,44.515216,0],[33.8560428,44.5168113,0],[33.8530746,44.5124095,0],[33.8461908,44.5125634,0],[33.8400328,44.5190545,0],[33.8397539,44.5346014,0],[33.8418793,44.5398029,0],[33.8340202,44.5438608,0],[33.8367668,44.5487544,0],[33.8334194,44.5506506,0],[33.8308507,44.5551755,0],[33.8347927,44.5582958,0],[33.8301499,44.5594414,0],[33.8264279,44.5675103,0],[33.8276552,44.5744168,0],[33.8145367,44.5784743,0],[33.786176,44.5884139,0],[33.781125,44.6000596,0],[33.7821785,44.6018236,0],[33.7854425,44.60856,0],[33.7817713,44.612663,0],[33.7725527,44.6076878,0],[33.7615915,44.6062372,0],[33.7434921,44.6064885,0],[33.7358126,44.6015413,0],[33.7293926,44.6044514,0],[33.7217672,44.6134733,0],[33.7167927,44.6174999,0],[33.7161075,44.6245843,0],[33.7213245,44.6323715,0],[33.7163676,44.6348767,0],[33.7202087,44.6392731,0],[33.7258974,44.6406491,0],[33.722845,44.6427925,0],[33.7281052,44.649166,0],[33.7408989,44.6586265,0],[33.749905,44.663616,0],[33.7548791,44.6750758,0],[33.7764136,44.6912462,0],[33.762112,44.7015605,0],[33.7520582,44.6997963,0],[33.7508042,44.701229,0],[33.7371297,44.706582,0],[33.7283957,44.7153571,0],[33.7187001,44.7170623,0],[33.7145346,44.7059586,0],[33.7073041,44.7054032,0],[33.7083208,44.7115901,0],[33.7043301,44.7122086,0],[33.7022986,44.7155627,0],[33.6943737,44.7146484,0],[33.6871395,44.7137501,0],[33.6897388,44.7060478,0],[33.6883526,44.7021431,0],[33.6775516,44.7061743,0],[33.673946,44.7130016,0],[33.6705562,44.7135929,0],[33.6705322,44.7094624,0],[33.6605707,44.7141019,0],[33.6506859,44.7163562,0],[33.6167828,44.7126356,0],[33.6146105,44.7291141,0],[33.6106029,44.7330654,0],[33.6109,44.7392903,0],[33.6150993,44.7398777,0],[33.6125542,44.7508372,0],[33.6330906,44.753305,0],[33.6818894,44.7702524,0],[33.6765359,44.786328,0],[33.6652726,44.7957055,0],[33.6081697,44.8097077,0],[33.5848237,44.8082462,0],[33.570005,44.8306625,0],[33.5686017,44.8359161,0],[33.5701767,44.8371144,0],[33.5651985,44.8393055,0],[33.5615078,44.8410096,0],[33.5570446,44.8405836,0],[33.5519806,44.8396098,0],[33.5517231,44.8369318,0],[33.550264,44.8344364,0],[33.5503498,44.8308451,0],[33.5504356,44.8175739,0],[33.5496632,44.8122158,0],[33.5486332,44.8066745,0],[33.5429684,44.8030206,0],[33.5382477,44.7974785,0],[33.5349003,44.7923013,0],[33.5357586,44.7879155,0],[33.537561,44.780727,0],[33.5397926,44.7718925,0],[33.5399643,44.7617158,0],[33.5427109,44.7528784,0],[33.5424534,44.7411133,0],[33.5447708,44.7347726,0],[33.5480324,44.7306873,0],[33.5480324,44.7231868,0],[33.5471741,44.7122086,0],[33.5486867,44.6912778,0],[33.5466267,44.6776692,0],[33.5442235,44.6642407,0],[33.5403611,44.6548998,0],[33.5379578,44.6487329,0],[33.5315205,44.6409774,0],[33.5249116,44.6379849,0],[33.5175301,44.6354808,0],[33.5097195,44.6319383,0],[33.5114361,44.6287009,0],[33.5091187,44.6257689,0],[33.5081746,44.6161775,0],[33.5020806,44.6160553,0],[33.5024239,44.6112284,0],[33.4977891,44.6089065,0],[33.4946992,44.6136725,0],[33.489206,44.6131837,0],[33.4807946,44.6104952,0],[33.4748723,44.6123894,0],[33.46792,44.6113506,0],[33.4625127,44.6117173,0],[33.456247,44.6095787,0],[33.4476639,44.6106174,0],[33.4474923,44.605729,0],[33.4499814,44.6024902,0],[33.4486081,44.5986401,0],[33.445089,44.5977234,0],[33.4391667,44.5999846,0],[33.4408833,44.6031624,0],[33.4392525,44.6058512,0],[33.4337594,44.6031624,0],[33.4329011,44.5972955,0],[33.430412,44.599679,0],[33.4241463,44.5974789,0],[33.4207989,44.594423,0],[33.4171082,44.5883718,0],[33.4139325,44.5878217,0],[33.4149624,44.5840929,0],[33.4129025,44.5801804,0],[33.413675,44.5763899,0],[33.4098984,44.576879,0],[33.4069802,44.5765733,0],[33.4018304,44.5775516,0],[33.402002,44.580914,0],[33.4006287,44.5859268,0],[33.4014012,44.5909391,0],[33.396938,44.5914281,0],[33.3947064,44.5880051,0],[33.3909299,44.5873938,0],[33.3859517,44.5869048,0],[33.3775403,44.5844597,0],[33.3835484,44.5804249,0],[33.387325,44.5748003,0],[33.3935048,44.5683191,0],[33.3983113,44.5648948,0],[33.4022595,44.5602471,0],[33.4104993,44.553275,0],[33.4185673,44.5504614,0],[33.4281804,44.5460573,0],[33.4367634,44.5410411,0],[33.4475781,44.5341891,0],[33.4597661,44.5272138,0],[33.4721257,44.5165657,0],[33.4784088,44.5112045,0],[33.4814129,44.508144,0],[33.4843311,44.5031246,0],[33.4869919,44.4987781,0],[33.4906826,44.4979823,0],[33.4938583,44.5003698,0],[33.4977207,44.5030022,0],[33.5019264,44.5036755,0],[33.508192,44.5039204,0],[33.5141144,44.5019615,0],[33.5241566,44.4990842,0],[33.5327396,44.4960232,0],[33.5420093,44.4924721,0],[33.5484466,44.4899005,0],[33.5556564,44.4883698,0],[33.5611496,44.4886147,0],[33.567501,44.4905741,0],[33.574625,44.4922884,0],[33.580204,44.4919211,0],[33.5858688,44.4904516,0],[33.602005,44.4930844,0],[33.6088714,44.4906965,0],[33.6137638,44.4892882,0],[33.6183986,44.4867165,0],[33.6248359,44.4826138,0],[33.6307583,44.4790007,0],[33.6331615,44.4734888,0],[33.6361656,44.4728763,0],[33.6374531,44.4680988,0],[33.6413154,44.4578075,0],[33.6429462,44.4529675,0],[33.6424312,44.4474531,0],[33.6434612,44.4373421,0],[33.6473236,44.432623,0],[33.6498985,44.4264324,0],[33.6559067,44.4235514,0],[33.6608848,44.4209155,0],[33.6707554,44.4182795,0],[33.6828575,44.4161338,0],[33.6950455,44.4171147,0],[33.7005386,44.4204864,0],[33.7063751,44.421222,0],[33.7086067,44.4190764,0],[33.70895,44.4149076,0],[33.715044,44.4109838,0],[33.7197647,44.4073049,0],[33.7233696,44.4023995,0],[33.7260303,44.3959604,0],[33.7304935,44.3921579,0],[33.73633,44.3881099,0],[33.741909,44.3876805,0],[33.749033,44.3895206,0],[33.7592746,44.3916366,0]]]},"properties":{"name":"Russian-controlled Sevastopol (Pre-invasion)","styleUrl":"#poly-880E4F-1200-140-nodesc","fill-opacity":0.5490196078431373,"fill":"#880e4f","stroke-opacity":1,"stroke":"#880e4f","stroke-width":1.2}},{"type":"Feature","geometry":{"type":"Polygon","coordinates":[[[35.3967534,50.9169686,0],[35.3961517,50.9173099,0],[35.395013,50.9183032,0],[35.3927077,50.9189873,0],[35.392932,50.9247656,0],[35.3876437,50.9234782,0],[35.3808845,50.9234782,0],[35.3738035,50.9233429,0],[35.3733194,50.9235043,0],[35.3690381,50.9177502,0],[35.3715272,50.9152069,0],[35.377707,50.9123388,0],[35.3862704,50.9134408,0],[35.3967534,50.9169686,0]]]},"properties":{"name":"Russian-controlled Krasnopillya Raion, Sumy Oblast.","styleUrl":"#poly-A52714-1200-112-nodesc","fill-opacity":0.4392156862745098,"fill":"#a52714","stroke-opacity":1,"stroke":"#a52714","stroke-width":1.2}},{"type":"Feature","geometry":{"type":"Polygon","coordinates":[[[34.9231057,52.3705968,0],[34.9015927,52.3793166,0],[34.8864865,52.3730289,0],[34.8710369,52.3679981,0],[34.8638272,52.3721905,0],[34.8617672,52.3868606,0],[34.8545574,52.3853939,0],[34.8494076,52.3994312,0],[34.8521542,52.4029922,0],[34.8617672,52.4032017,0],[34.858334,52.4086473,0],[34.8627972,52.4172334,0],[34.8686337,52.4182803,0],[34.8669171,52.4245616,0],[34.8720669,52.4320979,0],[34.8672604,52.4408886,0],[34.8545574,52.4551176,0],[34.8627972,52.4546991,0],[34.8899197,52.4733155,0],[34.9053692,52.4756158,0],[34.9094891,52.4869067,0],[34.9173855,52.5078082,0],[34.9300884,52.5124051,0],[34.9544644,52.5142856,0],[34.9716305,52.5048826,0],[34.9887966,52.5065544,0],[34.9960064,52.5303705,0],[35.0045895,52.5274464,0],[35.0049769,52.5582106,0],[35.0042903,52.582416,0],[35.0255763,52.608276,0],[35.0077235,52.6307867,0],[34.9960505,52.6495369,0],[35.0097834,52.6595337,0],[35.0406825,52.6578677,0],[35.0674616,52.6695281,0],[35.0969874,52.6882617,0],[35.1162135,52.7015784,0],[35.0921809,52.7165548,0],[35.0372492,52.6978335,0],[35.0159632,52.7115633,0],[35.0228297,52.7257046,0],[35.0448023,52.7406728,0],[35.0434291,52.7543891,0],[35.0132167,52.7589602,0],[35.0090968,52.7639464,0],[34.9878108,52.7514799,0],[34.9871241,52.7610379,0],[34.9713313,52.7681011,0],[34.9768244,52.7809781,0],[34.9624049,52.7809781,0],[34.9383723,52.7963425,0],[34.9191462,52.7996638,0],[34.9081599,52.77724,0],[34.8889338,52.7921905,0],[34.8834406,52.8013244,0],[34.8635279,52.8058906,0],[34.8635279,52.8121165,0],[34.8346888,52.8457209,0],[34.828509,52.8623061,0],[34.8058497,52.8635497,0],[34.79761,52.8602333,0],[34.7948634,52.8643788,0],[34.8037898,52.8693529,0],[34.8250758,52.8685239,0],[34.8388087,52.8618915,0],[34.8490911,52.8672044,0],[34.8641973,52.8690696,0],[34.8525243,52.8757009,0],[34.8528677,52.8844029,0],[34.8693472,52.8823311,0],[34.8806768,52.8860602,0],[34.8767617,52.888941,0],[34.8745301,52.8906887,0],[34.8720292,52.8976966,0],[34.8668793,52.9016315,0],[34.8534897,52.8983179,0],[34.8682526,52.9103283,0],[34.8751191,52.9169532,0],[34.8885086,52.9161251,0],[34.9132279,52.9194373,0],[34.9043015,52.9285444,0],[34.9379471,52.9291653,0],[34.9571732,52.9239911,0],[34.963353,52.9134338,0],[34.963353,52.9299931,0],[34.9626664,52.9488216,0],[34.9781159,52.9515107,0],[34.997342,52.9498559,0],[34.9839524,52.965781,0],[34.9945954,52.9697096,0],[35.0110749,52.9653674,0],[35.0124482,52.956268,0],[35.0423172,52.9506833,0],[35.038884,52.9587498,0],[35.0347641,52.9632995,0],[35.0509003,52.9678487,0],[35.0649765,52.9649538,0],[35.0756195,52.9539929,0],[35.0896958,52.9566817,0],[35.0896958,52.9508902,0],[35.1137284,52.9622655,0],[35.1109818,52.9655742,0],[35.1363877,52.965781,0],[35.1374176,52.9595771,0],[35.1470307,52.9573021,0],[35.1556137,52.9597839,0],[35.1508072,52.965781,0],[35.1460007,52.9719839,0],[35.1549271,52.9765322,0],[35.1521805,52.9879008,0],[35.1648835,52.9901742,0],[35.1755716,53.0119753,0],[35.2208902,53.0053649,0],[35.2373697,52.9929677,0],[35.2524759,53.0045385,0],[35.2524759,53.0161063,0],[35.2627756,53.0231281,0],[35.2895548,53.0189978,0],[35.2799417,53.0318005,0],[35.2909281,53.0404711,0],[35.2710154,53.0470761,0],[35.2765085,53.0561564,0],[35.2909281,53.0582198,0],[35.3060343,53.0697732,0],[35.3293802,53.0809111,0],[35.2881815,53.0825609,0],[35.2730753,53.0825609,0],[35.2662088,53.0879223,0],[35.2758219,53.0949324,0],[35.262089,53.1089491,0],[35.271702,53.1081247,0],[35.2380564,53.1258456,0],[35.2243235,53.1192526,0],[35.2160837,53.1258456,0],[35.1741983,53.1176042,0],[35.1611521,53.143971,0],[35.1426126,53.1386166,0],[35.1254465,53.1373808,0],[35.1254465,53.150972,0],[35.1178934,53.1616771,0],[35.130253,53.1653821,0],[35.1329996,53.1806104,0],[35.1151468,53.1801989,0],[35.1124002,53.1851367,0],[35.1343729,53.1999467,0],[35.1165201,53.2168074,0],[35.1055338,53.2279071,0],[35.1062204,53.2558493,0],[35.1233866,53.2587247,0],[35.130253,53.2640642,0],[35.1316263,53.2804891,0],[35.1100662,53.2893871,0],[35.0908401,53.2951331,0],[35.073674,53.3074435,0],[35.0887802,53.3271326,0],[35.0695541,53.3238517,0],[35.0695541,53.3336936,0],[35.0214889,53.3353337,0],[35.019429,53.3443532,0],[35.0283554,53.3595179,0],[35.0139358,53.364435,0],[34.9940231,53.3722193,0],[34.9590042,53.3746772,0],[34.9425404,53.3732376,0],[34.9300091,53.372111,0],[34.9212544,53.3722134,0],[34.9161045,53.3748762,0],[34.9061482,53.3726231,0],[34.9018566,53.3728279,0],[34.9071781,53.3466019,0],[34.879369,53.3441423,0],[34.8730175,53.3475241,0],[34.8680393,53.3455771,0],[34.8632328,53.3425026,0],[34.858598,53.3435274,0],[34.8707859,53.3533648,0],[34.8810856,53.3588973,0],[34.8862355,53.3601267,0],[34.890012,53.3611511,0],[34.890012,53.3631999,0],[34.9009983,53.3730328,0],[34.8955052,53.3725207,0],[34.8948274,53.3697177,0],[34.8883042,53.3640329,0],[34.8844419,53.3669522,0],[34.8688207,53.3623939,0],[34.8680482,53.3607548,0],[34.8604093,53.3615744,0],[34.865935,53.370337,0],[34.8587252,53.3756625,0],[34.8697115,53.3777106,0],[34.8618151,53.3885639,0],[34.8432757,53.3822161,0],[34.8384692,53.3770962,0],[34.8161532,53.3805778,0],[34.8123766,53.3875401,0],[34.7828509,53.3811922,0],[34.7612215,53.3818065,0],[34.7416522,53.3801682,0],[34.7292925,53.3842639,0],[34.7032,53.3787346,0],[34.6788241,53.3801682,0],[34.6365954,53.3826257,0],[34.639342,53.3977768,0],[34.6256091,53.4051456,0],[34.6029498,53.4131271,0],[34.6060397,53.42704,0],[34.5730807,53.4280628,0],[34.5675875,53.4472873,0],[34.5552279,53.4517854,0],[34.5631243,53.4589405,0],[34.5703341,53.4705905,0],[34.5566012,53.4712036,0],[34.5555712,53.4777424,0],[34.5438982,53.4812158,0],[34.5483614,53.4861189,0],[34.5363451,53.4979656,0],[34.5246722,53.4959233,0],[34.5164324,53.5106258,0],[34.5312989,53.543604,0],[34.5024598,53.5411558,0],[34.49422,53.5876463,0],[34.5148194,53.5957973,0],[34.4983399,53.6169825,0],[34.4708741,53.638157,0],[34.4928467,53.6430419,0],[34.4887269,53.6755936,0],[34.4502747,53.6821009,0],[34.4228089,53.7016168,0],[34.4145691,53.724374,0],[34.3953431,53.7300613,0],[34.366504,53.7288427,0],[34.3500245,53.749555,0],[34.3582642,53.7674163,0],[34.3369782,53.7832416,0],[34.3253052,53.7824301,0],[34.3198121,53.7954108,0],[34.298526,53.7945996,0],[34.2978394,53.8083873,0],[34.2909729,53.8246024,0],[34.2799866,53.8278447,0],[34.2600739,53.8270341,0],[34.2490876,53.8237918,0],[34.2298615,53.8270341,0],[34.2271149,53.8391906,0],[34.2332947,53.8630881,0],[34.2209351,53.8987065,0],[34.2072022,53.9144822,0],[34.1721833,53.9007293,0],[34.1412842,53.8877813,0],[34.1138184,53.8873766,0],[34.0849793,53.8772581,0],[34.0904725,53.8715907,0],[34.0575135,53.8667323,0],[34.0479004,53.870781,0],[34.0479004,53.8659225,0],[34.0300477,53.8594436,0],[33.998462,53.8594436,0],[34.0108216,53.8691616,0],[33.9991486,53.8845437,0],[33.9627564,53.8796868,0],[33.9586365,53.8724004,0],[33.9243042,53.8732101,0],[33.9194977,53.8691616,0],[33.8975251,53.8683518,0],[33.8817322,53.875639,0],[33.8858521,53.8809011,0],[33.8283912,53.8813311,0],[33.8036719,53.897518,0],[33.7968055,53.9355324,0],[33.8119117,53.9419995,0],[33.8338843,53.9363409,0],[33.8352576,53.9492738,0],[33.8174048,53.9492738,0],[33.7981788,53.946041,0],[33.7992003,53.9676749,0],[33.8160232,53.9763581,0],[33.8167098,53.9910953,0],[33.8029769,53.990086,0],[33.7621215,53.9995718,0],[33.765898,54.0056254,0],[33.7535384,54.000379,0],[33.7442687,54.0040112,0],[33.7404921,54.0134938,0],[33.7157729,54.023781,0],[33.6951735,54.023176,0],[33.6656478,54.0270079,0],[33.6429885,54.0207556,0],[33.6292556,54.0205539,0],[33.6230758,54.0304361,0],[33.6134627,54.0213607,0],[33.5986999,54.0221675,0],[33.5990432,54.0296295,0],[33.5150873,54.0030237,0],[33.4587823,54.0078662,0],[33.4368097,53.9763795,0],[33.3818781,53.9335516,0],[33.3365594,53.9303175,0],[33.3324396,53.9497182,0],[33.2706415,53.9278918,0],[33.3090936,53.9109078,0],[33.2830011,53.8987721,0],[33.2486688,53.8858235,0],[33.2418024,53.8704419,0],[33.2706415,53.8635588,0],[33.2575952,53.8526244,0],[33.2665216,53.8437129,0],[33.2905542,53.8445231,0],[33.2905542,53.8343942,0],[33.3036005,53.8250735,0],[33.2933008,53.8145345,0],[33.2802545,53.8056149,0],[33.2582819,53.8023709,0],[33.2431757,53.8007488,0],[33.2335626,53.7958822,0],[33.221203,53.7983155,0],[33.2163965,53.8064258,0],[33.1944238,53.8064258,0],[33.1937372,53.8003433,0],[33.2067834,53.7948682,0],[33.2153665,53.7960849,0],[33.2191431,53.792029,0],[33.20953,53.7774244,0],[33.2229196,53.768091,0],[33.2236063,53.751042,0],[33.2301294,53.7477938,0],[33.2256662,53.742921,0],[33.232876,53.7356108,0],[33.2109033,53.723018,0],[33.1947672,53.7278931,0],[33.1751978,53.7244399,0],[33.1452222,53.7243797,0],[33.1235929,53.7164567,0],[33.1318326,53.707313,0],[33.1222196,53.7001998,0],[33.1132932,53.7056872,0],[33.0892606,53.6926788,0],[33.0614515,53.6861731,0],[33.0696912,53.6766161,0],[33.0686612,53.6686841,0],[33.0858274,53.6699045,0],[33.088574,53.6654296,0],[33.0803342,53.6619713,0],[33.0573316,53.661361,0],[33.0398221,53.662785,0],[33.0350156,53.6605472,0],[33.0477185,53.6528157,0],[33.0276929,53.6443049,0],[33.0239163,53.6359598,0],[33.0156766,53.6265949,0],[32.9998837,53.620079,0],[32.990614,53.617228,0],[32.979971,53.6188572,0],[32.970358,53.6141731,0],[32.9511319,53.6041923,0],[32.9566251,53.596043,0],[32.9511319,53.5872807,0],[32.9380856,53.5880959,0],[32.9229794,53.5870769,0],[32.9106198,53.5797396,0],[32.9064999,53.5728087,0],[32.9064999,53.5675079,0],[32.8968869,53.5603711,0],[32.8972302,53.5560885,0],[32.9082166,53.5489498,0],[32.9099332,53.5422179,0],[32.9099332,53.5365051,0],[32.9068433,53.5303835,0],[32.8972302,53.524465,0],[32.882124,53.5267101,0],[32.8711377,53.5211993,0],[32.861868,53.4950647,0],[32.8738843,53.4917967,0],[32.8783475,53.4966986,0],[32.8920804,53.4993535,0],[32.903925,53.4966986,0],[32.9018651,53.494452,0],[32.8972302,53.4955753,0],[32.8888188,53.487405,0],[32.8798924,53.4883242,0],[32.868615,53.481908,0],[32.8698166,53.4732242,0],[32.8821762,53.473122,0],[32.8832062,53.4713851,0],[32.8722199,53.47021,0],[32.8650101,53.4716916,0],[32.8705891,53.4689838,0],[32.8873261,53.4662759,0],[32.8870686,53.4692393,0],[32.8926476,53.4695458,0],[32.9029888,53.4609726,0],[32.8933758,53.4532045,0],[32.8827328,53.4487066,0],[32.8875393,53.4409363,0],[32.8820461,53.4343917,0],[32.8655666,53.4350053,0],[32.8580135,53.4278462,0],[32.8429073,53.4300964,0],[32.8298611,53.4356189,0],[32.798962,53.4393002,0],[32.7900356,53.4380732,0],[32.799992,53.4251868,0],[32.7835125,53.4163891,0],[32.7697796,53.4131151,0],[32.7653164,53.4245731,0],[32.7577633,53.4217089,0],[32.7529568,53.4262097,0],[32.7399105,53.4219135,0],[32.7460903,53.4159799,0],[32.7405971,53.4098408,0],[32.7491802,53.4006306,0],[32.7598232,53.3991977,0],[32.7666897,53.4024728,0],[32.7793926,53.3938751,0],[32.776646,53.3893709,0],[32.7708095,53.3897804,0],[32.7656597,53.3955129,0],[32.7519268,53.3955129,0],[32.7405971,53.3928515,0],[32.744717,53.3862995,0],[32.7275509,53.3766746,0],[32.7241177,53.371554,0],[32.7289242,53.363155,0],[32.7275509,53.3582377,0],[32.7529568,53.3395879,0],[32.7515835,53.3361029,0],[32.735104,53.3307725,0],[32.7213711,53.3311825,0],[32.7124447,53.3324127,0],[32.7052349,53.3307725,0],[32.6901287,53.3332327,0],[32.6901287,53.3410227,0],[32.6705593,53.3338478,0],[32.6599163,53.3207248,0],[32.6527065,53.3158026,0],[32.6444668,53.3223654,0],[32.6324505,53.3250312,0],[32.6242107,53.3315926,0],[32.626614,53.3363079,0],[32.6218075,53.3371279,0],[32.6132244,53.3361029,0],[32.6200909,53.3149822,0],[32.5994915,53.312726,0],[32.592625,53.3082131,0],[32.5902218,53.296929,0],[32.5847286,53.290978,0],[32.5709957,53.2983653,0],[32.5555462,53.3020585,0],[32.5449032,53.3012379,0],[32.5387234,53.2987757,0],[32.5253338,53.2942614,0],[32.5243038,53.3090337,0],[32.4881902,53.3036785,0],[32.4895635,53.2981388,0],[32.5153127,53.2938296,0],[32.5129095,53.2847995,0],[32.5043264,53.276794,0],[32.4947134,53.25893,0],[32.4806371,53.2433187,0],[32.4689642,53.2307843,0],[32.4545446,53.2207131,0],[32.4480215,53.208789,0],[32.4332586,53.2075553,0],[32.4284521,53.198507,0],[32.4157027,53.1867783,0],[32.3854903,53.1921267,0],[32.3593978,53.1843095,0],[32.3374251,53.1723753,0],[32.3456648,53.1563206,0],[32.3305586,53.1456141,0],[32.2955397,53.1262534,0],[32.2646407,53.1262534,0],[32.2515944,53.1328453,0],[32.2399214,53.1229571,0],[32.233055,53.1007003,0],[32.1911696,53.1085327,0],[32.17675,53.1007003,0],[32.1698836,53.0883304,0],[32.0943526,53.076782,0],[32.0710066,53.0788445,0],[32.0504073,53.0870932,0],[32.0195082,53.0908047,0],[32.0140151,53.1007003,0],[31.992729,53.0924541,0],[31.992729,53.0854436,0],[31.9426039,53.0821442,0],[31.9123915,53.0883304,0],[31.9233779,53.105235,0],[31.8856124,53.1163637,0],[31.8753127,53.1068839,0],[31.8272475,53.1097692,0],[31.8162612,53.1233691,0],[31.7997817,53.146026,0],[31.7915419,53.1789601,0],[31.7668227,53.1822521,0],[31.7489699,53.2007651,0],[31.7338637,53.1954177,0],[31.6857985,53.2122802,0],[31.6631392,53.211869,0],[31.659706,53.2209145,0],[31.6473464,53.2188589,0],[31.6322402,53.229136,0],[31.6130141,53.211869,0],[31.5979079,53.2057005,0],[31.5786818,53.1937722,0],[31.5443495,53.1859554,0],[31.5340499,53.2007651,0],[31.508644,53.1978858,0],[31.5031508,53.2073455,0],[31.4784316,53.2069343,0],[31.4605788,53.2106354,0],[31.4468459,53.2106354,0],[31.4070204,53.2094017,0],[31.4083937,53.1962404,0],[31.4186934,53.1863668,0],[31.4186934,53.1748447,0],[31.3967207,53.1711406,0],[31.3974074,53.1575558,0],[31.367195,53.143143,0],[31.3637618,53.1262534,0],[31.3829878,53.1233691,0],[31.4022139,53.1134787,0],[31.3939742,53.0969897,0],[31.3411025,53.0932788,0],[31.3308028,53.0693564,0],[31.3335494,53.042531,0],[31.3053969,53.0359253,0],[31.2614516,53.0433567,0],[31.239544,53.0288017,0],[31.2869225,53.0110409,0],[31.3253746,52.9924461,0],[31.3466607,52.9858327,0],[31.3652001,52.9622642,0],[31.3796196,52.9527505,0],[31.3768731,52.9382691,0],[31.3734398,52.9283362,0],[31.3830529,52.921299,0],[31.3933525,52.9076353,0],[31.4105187,52.9113621,0],[31.4232216,52.9001805,0],[31.4359246,52.8819524,0],[31.4548073,52.8759437,0],[31.4805565,52.8608147,0],[31.5114556,52.8550105,0],[31.5368615,52.8601929,0],[31.5423546,52.8537666,0],[31.539608,52.8444364,0],[31.5358315,52.8388373,0],[31.5220986,52.83303,0],[31.5320549,52.818716,0],[31.5526543,52.8081331,0],[31.561924,52.8083406,0],[31.5674172,52.7967173,0],[31.5808068,52.7933957,0],[31.5876732,52.7948489,0],[31.593853,52.7850908,0],[31.593853,52.7676452,0],[31.5893898,52.7591275,0],[31.5965996,52.7572576,0],[31.6058693,52.7441657,0],[31.5935097,52.7422951,0],[31.5904198,52.7333567,0],[31.5756569,52.72608,0],[31.5718804,52.7181781,0],[31.5643273,52.7090267,0],[31.5026492,52.6984668,0],[31.4978427,52.6943054,0],[31.5136356,52.684941,0],[31.5150088,52.6768235,0],[31.543848,52.6645403,0],[31.543848,52.6570438,0],[31.5575809,52.6518371,0],[31.5596408,52.6416303,0],[31.5713138,52.63538,0],[31.5658206,52.6178745,0],[31.5658206,52.5945229,0],[31.5798969,52.5953571,0],[31.5922565,52.5845112,0],[31.6186923,52.5765837,0],[31.6293353,52.5640637,0],[31.6743106,52.5623941,0],[31.6537112,52.5502875,0],[31.6482181,52.5425626,0],[31.6334552,52.5425626,0],[31.6241855,52.5536276,0],[31.6111392,52.5481999,0],[31.6128558,52.5394305,0],[31.6022128,52.5358806,0],[31.5912265,52.5197976,0],[31.596033,52.5141568,0],[31.5754337,52.5183352,0],[31.5620441,52.5181263,0],[31.5610141,52.5072614,0],[31.5706271,52.5051717,0],[31.5720004,52.4989019,0],[31.5836734,52.4955577,0],[31.5950031,52.5049627,0],[31.6049594,52.5047537,0],[31.6138858,52.4938854,0],[31.6269321,52.4922132,0],[31.6131992,52.4763234,0],[31.6074157,52.4636686,0],[31.5947127,52.4594849,0],[31.5806365,52.4594849,0],[31.5809798,52.4550916,0],[31.597116,52.4534178,0],[31.6084457,52.4550916,0],[31.6101623,52.4404441,0],[31.5974593,52.4391884,0],[31.6019225,52.4245356,0],[31.5936828,52.4218138,0],[31.5933395,52.4157416,0],[31.6221786,52.4186731,0],[31.6245818,52.4000336,0],[31.6331649,52.3985673,0],[31.6221308,52.3759474,0],[31.6272806,52.3650473,0],[31.6180109,52.3413514,0],[31.6252207,52.3304428,0],[31.6176676,52.3272955,0],[31.604278,52.3289741,0],[31.5963816,52.3266661,0],[31.5877985,52.327925,0],[31.5812754,52.3275054,0],[31.5833353,52.3205807,0],[31.626594,52.2886715,0],[31.6289972,52.2953911,0],[31.6482233,52.2872014,0],[31.6482233,52.2796404,0],[31.6602396,52.2754392,0],[31.6835855,52.2771197,0],[31.7141413,52.2651447,0],[31.7086481,52.2592611,0],[31.6973185,52.2561088,0],[31.7131113,52.2161606,0],[31.7041849,52.2136363,0],[31.6986917,52.2026962,0],[31.6883921,52.2018546,0],[31.6877054,52.1940685,0],[31.7083048,52.1856496,0],[31.7237543,52.1923848,0],[31.7357706,52.1925953,0],[31.745727,52.1879649,0],[31.7594599,52.1896488,0],[31.7701029,52.1864915,0],[31.7769693,52.1873335,0],[31.7831491,52.1864915,0],[31.7828058,52.1494301,0],[31.787269,52.1374206,0],[31.7838358,52.1351026,0],[31.7941355,52.1247755,0],[31.8016886,52.1205597,0],[31.7905809,52.1178294,0],[31.7880918,52.1155631,0],[31.7888214,52.1129541,0],[31.7895939,52.1114387,0],[31.793821,52.1109643,0],[31.7997304,52.1067726,0],[31.8047086,52.1049275,0],[31.8165532,52.1048747,0],[31.824793,52.10614,0],[31.8359509,52.1072997,0],[31.8425599,52.1112533,0],[31.8542329,52.1120439,0],[31.8687383,52.1133089,0],[31.8795529,52.110568,0],[31.8837586,52.1084595,0],[31.8974057,52.1078269,0],[31.9071046,52.104084,0],[31.9135419,52.1004989,0],[31.9264165,52.0971244,0],[31.932768,52.0939606,0],[31.9391194,52.0908493,0],[31.9402352,52.0887926,0],[31.957058,52.0825691,0],[31.9619504,52.0785076,0],[31.964182,52.0718078,0],[31.9640103,52.0679563,0],[31.9578305,52.0658458,0],[31.9523374,52.0617827,0],[31.9473592,52.058722,0],[31.946458,52.0568749,0],[31.940836,52.055793,0],[31.9302789,52.0560832,0],[31.9284764,52.0534443,0],[31.9310084,52.0494857,0],[31.9349566,52.0492218,0],[31.9391194,52.0519929,0],[31.9424668,52.0539193,0],[31.957573,52.0550805,0],[31.9642844,52.057968,0],[31.9729533,52.0596568,0],[31.9983592,52.0615038,0],[32.0180145,52.0640367,0],[32.0330348,52.0636673,0],[32.0623031,52.0618732,0],[32.0926013,52.0622425,0],[32.1077075,52.0669915,0],[32.1288219,52.0712124,0],[32.1471896,52.0729006,0],[32.1574893,52.0742723,0],[32.1700206,52.0780705,0],[32.1763721,52.0820793,0],[32.178947,52.0886193,0],[32.2031513,52.0909397,0],[32.2172275,52.0953693,0],[32.24332,52.0997984,0],[32.2652927,52.109077,0],[32.2791972,52.1099204,0],[32.2862354,52.1125559,0],[32.286922,52.1191969,0],[32.2894969,52.1247829,0],[32.29911,52.1274176,0],[32.3082938,52.1327919,0],[32.3172202,52.137428,0],[32.3240867,52.1400619,0],[32.3295799,52.1394298,0],[32.3332706,52.1422743,0],[32.3422828,52.1430117,0],[32.352325,52.1440652,0],[32.3567024,52.1464354,0],[32.3577323,52.1498588,0],[32.356359,52.1527553,0],[32.3464885,52.1509121,0],[32.3318973,52.1489108,0],[32.3222842,52.1489634,0],[32.3154178,52.1514387,0],[32.3212543,52.1590216,0],[32.3207393,52.1674982,0],[32.3278797,52.1750602,0],[32.3335445,52.1830601,0],[32.3368061,52.1902167,0],[32.3229015,52.2029484,0],[32.3201549,52.2112589,0],[32.3162067,52.2178851,0],[32.3149629,52.2262864,0],[32.3206277,52.2313334,0],[32.342772,52.2493084,0],[32.3647447,52.2484676,0],[32.3789926,52.2481523,0],[32.3865457,52.2462605,0],[32.3872323,52.2534069,0],[32.3815675,52.2607623,0],[32.3729844,52.2702175,0],[32.3644014,52.2748393,0],[32.3530717,52.2891217,0],[32.3499818,52.3006704,0],[32.3446603,52.3136853,0],[32.342772,52.3236537,0],[32.3529,52.3302632,0],[32.3631997,52.3358227,0],[32.3741861,52.3400181,0],[32.387404,52.3436888,0],[32.3995919,52.3449473,0],[32.40869,52.3421157,0],[32.4124665,52.3363472,0],[32.4224229,52.3313122,0],[32.4306626,52.3282699,0],[32.4538369,52.330473,0],[32.4711747,52.3327808,0],[32.4776979,52.3282699,0],[32.4921174,52.3264865,0],[32.4996705,52.3309975,0],[32.515635,52.3311024,0],[32.5310846,52.3314171,0],[32.5628419,52.3292141,0],[32.5676484,52.3189321,0],[32.5758882,52.310222,0],[32.5827546,52.3036096,0],[32.5944276,52.3072833,0],[32.6121087,52.3086477,0],[32.6282449,52.2990958,0],[32.6385446,52.2944765,0],[32.6471276,52.2888067,0],[32.6886497,52.2718486,0],[32.699636,52.2626039,0],[32.7198921,52.2622887,0],[32.7382598,52.270588,0],[32.7526794,52.272899,0],[32.7669273,52.2716385,0],[32.7854667,52.2684871,0],[32.8012596,52.2694325,0],[32.8165374,52.266386,0],[32.8318153,52.2838218,0],[32.8460632,52.2823516,0],[32.8658042,52.2790959,0],[32.8822837,52.2787808,0],[32.8985916,52.2715334,0],[32.8913818,52.2635495,0],[32.8930984,52.2547234,0],[32.9032264,52.2517809,0],[32.9140411,52.2571402,0],[32.9231391,52.2648102,0],[32.9346404,52.2698527,0],[32.9521499,52.2741594,0],[32.9675994,52.2789909,0],[32.9856239,52.2785708,0],[32.9904304,52.2842418,0],[32.9892288,52.2920121,0],[33.0048499,52.293797,0],[33.0153213,52.2985213,0],[33.0201278,52.3041898,0],[33.0304275,52.308808,0],[33.035749,52.3161543,0],[33.0414138,52.3232894,0],[33.0522285,52.3321018,0],[33.0652748,52.3362976,0],[33.0781494,52.3307381,0],[33.0929122,52.3270664,0],[33.1063018,52.3336753,0],[33.1196914,52.3381856,0],[33.1231246,52.3429052,0],[33.1365142,52.3490923,0],[33.1439817,52.348252,0],[33.155998,52.3477277,0],[33.1608046,52.3590514,0],[33.1590879,52.3754027,0],[33.180374,52.3845191,0],[33.2066381,52.3857764,0],[33.2253492,52.3790705,0],[33.2342756,52.373726,0],[33.245262,52.3700578,0],[33.2540167,52.3675423,0],[33.2837141,52.3650266,0],[33.3050001,52.3620915,0],[33.3130682,52.3616722,0],[33.3228529,52.3586321,0],[33.3343542,52.3582127,0],[33.3424223,52.3599949,0],[33.3461988,52.367123,0],[33.3482588,52.3729923,0],[33.3556402,52.3773938,0],[33.3721197,52.3796992,0],[33.3925474,52.3805375,0],[33.4066237,52.3745644,0],[33.4145201,52.3691145,0],[33.4407843,52.3736212,0],[33.4557188,52.3723635,0],[33.4627569,52.3723635,0],[33.4725416,52.3696385,0],[33.4807814,52.3677519,0],[33.4854162,52.3629302,0],[33.4938276,52.3618819,0],[33.5151136,52.3602046,0],[33.5257566,52.3566401,0],[33.5261,52.3511881,0],[33.5278166,52.3436379,0],[33.5202635,52.3333592,0],[33.5097921,52.3291632,0],[33.5015524,52.3268552,0],[33.4939993,52.3221339,0],[33.494171,52.3172022,0],[33.502239,52.3137393,0],[33.5101355,52.3111156,0],[33.525585,52.3111156,0],[33.5410345,52.3088067,0],[33.5540808,52.3074422,0],[33.5582006,52.3096463,0],[33.5551107,52.3132145,0],[33.5413778,52.3182516,0],[33.536228,52.323393,0],[33.5389746,52.3267503,0],[33.546871,52.3283239,0],[33.557514,52.3268552,0],[33.5680161,52.3226698,0],[33.5846673,52.3281254,0],[33.592907,52.3349439,0],[33.6073266,52.3410273,0],[33.6332474,52.3435443,0],[33.6498986,52.344593,0],[33.6613999,52.3473195,0],[33.669983,52.3508848,0],[33.6737595,52.356232,0],[33.6837159,52.3616835,0],[33.6988221,52.3632559,0],[33.7116967,52.3657716,0],[33.7240563,52.3651427,0],[33.7273179,52.3592724,0],[33.7400208,52.3611593,0],[33.7589036,52.366715,0],[33.7781297,52.3720604,0],[33.7925492,52.3725844,0],[33.8097153,52.3708027,0],[33.8364945,52.3653524,0],[33.8462792,52.3590627,0],[33.8468759,52.3503283,0],[33.8604372,52.3397366,0],[33.8739984,52.3272539,0],[33.8801782,52.3213785,0],[33.8939111,52.3119343,0],[33.9055841,52.3107798,0],[33.9268701,52.3078411,0],[33.9423196,52.2999687,0],[33.9553659,52.2903099,0],[33.9594375,52.2713478,0],[33.9712821,52.2508596,0],[33.9930831,52.2415055,0],[34.0038977,52.2298362,0],[34.018489,52.217533,0],[34.0141974,52.2095392,0],[34.0246688,52.2044898,0],[34.03926,52.2062782,0],[34.0471564,52.2125896,0],[34.061061,52.2104859,0],[34.0747939,52.2064886,0],[34.0814887,52.1951259,0],[34.0837203,52.1851285,0],[34.1304027,52.1510244,0],[34.1331493,52.145863,0],[34.1240512,52.1311129,0],[34.1185581,52.1214173,0],[34.1152965,52.109084,0],[34.1091167,52.0917905,0],[34.1034519,52.0851455,0],[34.0902339,52.077761,0],[34.0972721,52.0706918,0],[34.1039669,52.0473662,0],[34.1055118,52.0393419,0],[34.1013919,52.0323722,0],[34.1043102,52.0213876,0],[34.1080867,52.0121964,0],[34.1254245,52.0131473,0],[34.1496288,52.0034261,0],[34.1534053,51.9961337,0],[34.1472255,51.9886288,0],[34.1446506,51.9835543,0],[34.1467105,51.9759415,0],[34.1482555,51.9725577,0],[34.173318,51.9763645,0],[34.1935741,51.9736152,0],[34.2162334,51.9632507,0],[34.2126285,51.9514027,0],[34.21795,51.9449484,0],[34.2237865,51.9367999,0],[34.2351161,51.9284382,0],[34.2663585,51.9236745,0],[34.2715084,51.9149927,0],[34.2783748,51.9059915,0],[34.292451,51.8949758,0],[34.3079006,51.8897848,0],[34.3206511,51.8860244,0],[34.332839,51.8780242,0],[34.3393622,51.8796667,0],[34.3415938,51.878607,0],[34.3442545,51.8795078,0],[34.3487177,51.8773883,0],[34.3635664,51.8637685,0],[34.3709478,51.8603762,0],[34.3913122,51.8543791,0],[34.3834024,51.8794866,0],[34.4424539,51.8955911,0],[34.4520669,51.9193136,0],[34.4156747,51.9091483,0],[34.3339639,51.9341337,0],[34.3422036,51.9459863,0],[34.3682962,51.9430234,0],[34.3998818,51.9667208,0],[34.4040939,51.994613,0],[34.4259744,52.0115423,0],[34.4651132,52.0237969,0],[34.5413308,52.0770023,0],[34.5852761,52.051252,0],[34.577723,52.0377378,0],[34.6189218,52.0394273,0],[34.6271615,52.0525188,0],[34.6573739,52.0664507,0],[34.6923928,52.0601186,0],[34.7445779,52.0871295,0],[34.7500711,52.1132807,0],[34.7212319,52.1255075,0],[34.7315316,52.1360451,0],[34.7239785,52.1524788,0],[34.6910195,52.1579554,0],[34.6841531,52.1840651,0],[34.6951394,52.1996394,0],[34.728785,52.2143668,0],[34.7569375,52.2126839,0],[34.7699838,52.2013228,0],[34.7596841,52.197956,0],[34.7596841,52.1895378,0],[34.8091226,52.187433,0],[34.872294,52.2013228,0],[34.8777871,52.2282482,0],[34.9011331,52.2337154,0],[34.9066262,52.2450683,0],[34.860621,52.2530556,0],[34.8766456,52.2601576,0],[34.89152,52.2736479,0],[34.9162393,52.2749083,0],[34.9200158,52.2807899,0],[34.9011331,52.2831003,0],[34.9182992,52.2921307,0],[34.9196725,52.3009493,0],[34.9337487,52.3043084,0],[34.9395852,52.3139641,0],[34.9364953,52.3236178,0],[34.958468,52.3420798,0],[34.9402719,52.3483719,0],[34.9107461,52.3469038,0],[34.9231057,52.3705968,0]]]},"properties":{"name":"Russian-controlled Bryansk Oblast","styleUrl":"#poly-A52714-1200-115-nodesc","fill-opacity":0.45098039215686275,"fill":"#a52714","stroke-opacity":1,"stroke":"#a52714","stroke-width":1.2}},{"type":"Feature","geometry":{"type":"Polygon","coordinates":[[[35.2781395,46.2642027,0],[35.2773638,46.2643512,0],[35.2747128,46.2649214,0],[35.2731155,46.2639609,0],[35.2701007,46.2642798,0],[35.2679549,46.264443,0],[35.2673005,46.2637976,0],[35.2676653,46.2633526,0],[35.271356,46.2619136,0],[35.2680086,46.2603114,0],[35.2671503,46.2575223,0],[35.2656053,46.2548517,0],[35.2628587,46.2507566,0],[35.260713,46.2495695,0],[35.2560781,46.2471953,0],[35.2541898,46.2436932,0],[35.2507566,46.239894,0],[35.2457784,46.2344916,0],[35.2422594,46.2328293,0],[35.2375387,46.2314637,0],[35.2329038,46.2312856,0],[35.2296422,46.2295637,0],[35.2281831,46.2260011,0],[35.2257799,46.2254073,0],[35.2241491,46.2230915,0],[35.2213647,46.222305,0],[35.2219655,46.2183262,0],[35.2211072,46.2155349,0],[35.2216222,46.2114962,0],[35.2228238,46.2065068,0],[35.222223,46.2018734,0],[35.2200772,46.1981308,0],[35.2175023,46.1934372,0],[35.2135541,46.1889216,0],[35.2096059,46.18601,0],[35.1997353,46.1836924,0],[35.1886632,46.1800674,0],[35.1605518,46.172724,0],[35.1496513,46.1685038,0],[35.142699,46.1650561,0],[35.1321419,46.1620244,0],[35.1218422,46.1598247,0],[35.1099976,46.1578628,0],[35.1018436,46.1552468,0],[35.0879774,46.1552493,0],[35.0784502,46.153644,0],[35.0697813,46.1534061,0],[35.0623998,46.1516224,0],[35.0533018,46.1488277,0],[35.0435171,46.1491845,0],[35.0358781,46.1472817,0],[35.0294408,46.1450815,0],[35.031151,46.1406253,0],[35.0301639,46.1380977,0],[35.0307647,46.1348563,0],[35.0300748,46.1288322,0],[35.0268132,46.1256795,0],[35.0232083,46.1242518,0],[35.0191743,46.1215747,0],[35.0151403,46.118838,0],[35.0119645,46.1155062,0],[35.0073297,46.1129477,0],[35.0022656,46.1103891,0],[34.9964292,46.1080089,0],[34.990936,46.1059261,0],[34.989391,46.1043789,0],[34.9917943,46.102415,0],[34.9945409,46.0999154,0],[34.9929489,46.096046,0],[34.9881424,46.0911651,0],[34.9882282,46.0878912,0],[34.9880565,46.0832478,0],[34.9830784,46.0792589,0],[34.9799026,46.0786635,0],[34.9774994,46.0779491,0],[34.9787868,46.0767583,0],[34.9861683,46.0769965,0],[34.9974121,46.0796757,0],[35.006596,46.081938,0],[35.0215305,46.0851528,0],[35.053271,46.0973932,0],[35.0671756,46.1013213,0],[35.0860583,46.1064392,0],[35.1078593,46.1098906,0],[35.1397883,46.1219092,0],[35.1700007,46.1392779,0],[35.1900851,46.1566413,0],[35.2058069,46.1740053,0],[35.2273832,46.2043225,0],[35.2436927,46.2261925,0],[35.2513316,46.2352767,0],[35.2560523,46.2398479,0],[35.2618363,46.2455689,0],[35.2644112,46.2497831,0],[35.2660849,46.2522462,0],[35.2685311,46.2549466,0],[35.2704194,46.2564303,0],[35.2781395,46.2642027,0]]]},"properties":{"name":"Russian-controlled Henichesk Raion, Kherson Oblast.","styleUrl":"#poly-A52714-1701-97-nodesc","fill-opacity":0.3803921568627451,"fill":"#a52714","stroke-opacity":1,"stroke":"#a52714","stroke-width":1.701}},{"type":"Feature","geometry":{"type":"Polygon","coordinates":[[[34.3605022,51.2595865,0],[34.3450538,51.2490683,0],[34.355217,51.2453982,0],[34.3636633,51.2471538,0],[34.3764402,51.2544345,0],[34.3817536,51.2573644,0],[34.3766467,51.2619298,0],[34.3733555,51.2676504,0],[34.3666309,51.2640256,0],[34.3645359,51.2622653,0],[34.3605022,51.2595865,0]]]},"properties":{"name":"Russian-controlled Sumy Raion, Sumy Oblast.","styleUrl":"#poly-A52714-1200-117-nodesc","fill-opacity":0.4588235294117647,"fill":"#a52714","stroke-opacity":1,"stroke":"#a52714","stroke-width":1.2}},{"type":"Feature","geometry":{"type":"Polygon","coordinates":[[[37.4642465,50.4142224,0],[37.4640442,50.4149412,0],[37.461929,50.4185431,0],[37.4652014,50.4308826,0],[37.4838716,50.4311556,0],[37.4845566,50.4452851,0],[37.4908453,50.4574194,0],[37.4770909,50.4595505,0],[37.4738595,50.4560996,0],[37.4690105,50.4535688,0],[37.4486027,50.4481577,0],[37.4421021,50.4467543,0],[37.4381539,50.4453878,0],[37.4321561,50.44349,0],[37.4311038,50.4418668,0],[37.4304415,50.4410859,0],[37.4255931,50.4391699,0],[37.423368,50.438486,0],[37.4138094,50.4361971,0],[37.4021173,50.4343072,0],[37.3967958,50.4338698,0],[37.3878694,50.4352913,0],[37.3811747,50.43551,0],[37.3727632,50.4380247,0],[37.3723137,50.433375,0],[37.3742234,50.430122,0],[37.3734567,50.4265233,0],[37.3736312,50.4240814,0],[37.3741691,50.4229699,0],[37.3771846,50.4225235,0],[37.3789125,50.4215848,0],[37.380892,50.4209937,0],[37.383043,50.4213321,0],[37.3899305,50.4235057,0],[37.4066527,50.4261862,0],[37.4077685,50.4246825,0],[37.4095281,50.4235615,0],[37.4118455,50.4236435,0],[37.4176391,50.4245458,0],[37.4224885,50.4250379,0],[37.4246343,50.4263776,0],[37.4250205,50.4291935,0],[37.4346912,50.4310787,0],[37.4372098,50.4296983,0],[37.4417588,50.426527,0],[37.4457929,50.4231367,0],[37.4492261,50.4217149,0],[37.4542901,50.4209493,0],[37.4565217,50.4195821,0],[37.4608132,50.4160273,0],[37.4642465,50.4142224,0]]]},"properties":{"name":"Russian-controlled Chuhuiv Raion, Kharkiv Oblast.","styleUrl":"#poly-A52714-1200-110-nodesc","fill-opacity":0.43137254901960786,"fill":"#a52714","stroke-opacity":1,"stroke":"#a52714","stroke-width":1.2}},{"type":"Feature","geometry":{"type":"Polygon","coordinates":[[[36.2806565,50.3374375,0],[36.2756354,50.3318768,0],[36.2739188,50.3302057,0],[36.2769565,50.3283202,0],[36.2836942,50.3356893,0],[36.2813338,50.336785,0],[36.2806565,50.3374375,0]]]},"properties":{"name":"Russian-controlled Kharkiv Raion, Kharkiv Oblast.","styleUrl":"#poly-A52714-1200-122-nodesc","fill-opacity":0.47843137254901963,"fill":"#a52714","stroke-opacity":1,"stroke":"#a52714","stroke-width":1.2}},{"type":"Feature","geometry":{"type":"Polygon","coordinates":[[[35.5873404,50.4326766,0],[35.5870973,50.4368248,0],[35.5865393,50.4475929,0],[35.5808173,50.4446757,0],[35.5774699,50.4424073,0],[35.5746804,50.4379795,0],[35.5753241,50.4358748,0],[35.5772124,50.4347541,0],[35.5793153,50.4344807,0],[35.5818902,50.4344534,0],[35.5873404,50.4326766,0]]]},"properties":{"name":"Russian-controlled Okhtyrka Raion, Sumy Oblast.","styleUrl":"#poly-A52714-1200-120-nodesc","fill-opacity":0.47058823529411764,"fill":"#a52714","stroke-opacity":1,"stroke":"#a52714","stroke-width":1.2}},{"type":"Feature","geometry":{"type":"Polygon","coordinates":[[[36.6928225,48.0863712,0],[36.6977578,48.0846797,0],[36.6992598,48.0827876,0],[36.7038089,48.0824148,0],[36.7107182,48.0801212,0],[36.713379,48.0804366,0],[36.7138081,48.0816407,0],[36.7147952,48.0823862,0],[36.7144519,48.0843644,0],[36.7150956,48.0849664,0],[36.7163401,48.0851098,0],[36.7181591,48.084666,0],[36.7210175,48.0833704,0],[36.7216228,48.0818884,0],[36.7234297,48.0800623,0],[36.7249067,48.0797535,0],[36.7253072,48.0797668,0],[36.7257363,48.0793367,0],[36.7244776,48.0767113,0],[36.7249415,48.0759812,0],[36.7259652,48.0752946,0],[36.7260815,48.0747816,0],[36.7254127,48.0736123,0],[36.7260064,48.0727073,0],[36.7261636,48.0717288,0],[36.7264066,48.0712952,0],[36.7287373,48.070016,0],[36.7298365,48.0690752,0],[36.7337266,48.0685832,0],[36.735543,48.0683655,0],[36.7375325,48.0681163,0],[36.7386303,48.0678313,0],[36.7391208,48.0670095,0],[36.7388388,48.0659582,0],[36.7403212,48.0652608,0],[36.7407419,48.0653244,0],[36.7410595,48.065686,0],[36.7417763,48.0657091,0],[36.7427998,48.0654912,0],[36.744038,48.0650008,0],[36.7446648,48.0640668,0],[36.7467507,48.0645381,0],[36.7471824,48.0637772,0],[36.7464769,48.0629875,0],[36.747252,48.0624989,0],[36.7488302,48.0619418,0],[36.7476299,48.0605629,0],[36.7440749,48.0599731,0],[36.7431378,48.0593977,0],[36.7422548,48.0584625,0],[36.7428468,48.0575461,0],[36.7431996,48.057272,0],[36.7417903,48.0546301,0],[36.7410381,48.0535484,0],[36.7417992,48.0526919,0],[36.7438828,48.0523723,0],[36.7440799,48.0520896,0],[36.7438351,48.0512884,0],[36.7441267,48.0505589,0],[36.7450401,48.0503604,0],[36.7457362,48.050523,0],[36.7471618,48.0503126,0],[36.7487806,48.0505612,0],[36.7493693,48.049734,0],[36.7515313,48.0492796,0],[36.7532586,48.0493032,0],[36.755941,48.0508706,0],[36.7568532,48.0522607,0],[36.7579799,48.052245,0],[36.7601475,48.0529022,0],[36.7622777,48.0554714,0],[36.7672898,48.0527449,0],[36.7707037,48.0505892,0],[36.7721744,48.0504079,0],[36.7727274,48.0498654,0],[36.7725318,48.0492642,0],[36.772434,48.0488489,0],[36.7724864,48.0483188,0],[36.7729771,48.0476919,0],[36.7739184,48.0473806,0],[36.7747256,48.0474013,0],[36.7766374,48.0478943,0],[36.7782488,48.0488464,0],[36.7797337,48.0486992,0],[36.7814203,48.0475784,0],[36.7828644,48.0470323,0],[36.784595,48.0478781,0],[36.7845376,48.0492908,0],[36.7847271,48.0498017,0],[36.7856033,48.0502553,0],[36.7853208,48.0513257,0],[36.7864115,48.0515641,0],[36.7877584,48.0510201,0],[36.7897634,48.0497049,0],[36.7920958,48.0490125,0],[36.7936053,48.0482645,0],[36.795905,48.0489233,0],[36.7976986,48.0500847,0],[36.7997113,48.0516981,0],[36.801724,48.0526803,0],[36.802878,48.0525335,0],[36.8049464,48.0525678,0],[36.8052992,48.0518139,0],[36.8047294,48.0505796,0],[36.8041796,48.0487556,0],[36.8043489,48.0476039,0],[36.8058187,48.0470946,0],[36.8066824,48.0469799,0],[36.8077392,48.0465926,0],[36.8082863,48.0459184,0],[36.8089348,48.0435925,0],[36.8110591,48.0416272,0],[36.81225,48.0408596,0],[36.8139452,48.0402714,0],[36.8157155,48.0404364,0],[36.8178827,48.0403431,0],[36.820479,48.0393675,0],[36.8222493,48.0385076,0],[36.8255962,48.0365949,0],[36.8264438,48.0358416,0],[36.8270982,48.0356479,0],[36.8291587,48.035925,0],[36.8306066,48.0360784,0],[36.8324169,48.0355084,0],[36.8336761,48.0352378,0],[36.8358507,48.0357481,0],[36.8371955,48.0361898,0],[36.8387549,48.0374349,0],[36.8394523,48.037894,0],[36.8410938,48.0382814,0],[36.8428855,48.0381953,0],[36.8450224,48.0372962,0],[36.8449258,48.0369949,0],[36.8454991,48.0364734,0],[36.8473344,48.0349719,0],[36.8498646,48.0339817,0],[36.8504844,48.0336743,0],[36.8510155,48.0335524,0],[36.8514447,48.0333013,0],[36.8517397,48.0332367,0],[36.852777,48.0327387,0],[36.853467,48.0325838,0],[36.8538265,48.0325444,0],[36.8540518,48.0330071,0],[36.8547169,48.0331829,0],[36.8548242,48.0333874,0],[36.8558113,48.0336743,0],[36.8565146,48.0340532,0],[36.8583781,48.0522277,0],[36.8738705,48.0515392,0],[36.8770844,48.0516426,0],[36.8785501,48.0619135,0],[36.8802435,48.0617603,0],[36.8816741,48.0617641,0],[36.8818746,48.0619438,0],[36.8817424,48.0627473,0],[36.8822111,48.0629055,0],[36.8946926,48.0774062,0],[36.8944636,48.0905136,0],[36.8933065,48.0971279,0],[36.8917075,48.0985932,0],[36.8780425,48.1597317,0],[36.8774788,48.1597208,0],[36.879925,48.1470088,0],[36.8744835,48.1461214,0],[36.8746337,48.1451907,0],[36.8720803,48.1347952,0],[36.8737003,48.1273533,0],[36.8663133,48.1260385,0],[36.8666726,48.1232452,0],[36.8435841,48.1209534,0],[36.8418675,48.127714,0],[36.8302803,48.1272557,0],[36.8267613,48.1264536,0],[36.8188689,48.1254548,0],[36.81756,48.1302098,0],[36.8021534,48.1280615,0],[36.7984192,48.1306016,0],[36.7916386,48.132893,0],[36.7928831,48.1348836,0],[36.7859952,48.1374039,0],[36.7823694,48.1340765,0],[36.7813088,48.1326326,0],[36.7774585,48.1291328,0],[36.7715361,48.1269845,0],[36.7679312,48.1252371,0],[36.7659572,48.124349,0],[36.7654266,48.1236364,0],[36.7638661,48.1221216,0],[36.7584003,48.1173128,0],[36.7469276,48.1155118,0],[36.7455543,48.1171162,0],[36.745168,48.1199812,0],[36.7468846,48.1231039,0],[36.7438806,48.1263123,0],[36.7356837,48.1285466,0],[36.7346276,48.1277411,0],[36.7338711,48.1267923,0],[36.731929,48.1253528,0],[36.7305339,48.1247654,0],[36.7318214,48.1194369,0],[36.7285586,48.1131856,0],[36.7274857,48.1088875,0],[36.7278665,48.1034696,0],[36.728412,48.0998307,0],[36.7276395,48.0989136,0],[36.7229989,48.0983412,0],[36.7185227,48.0975703,0],[36.7135596,48.0965637,0],[36.7092465,48.0963491,0],[36.7042468,48.0964782,0],[36.692186,48.0983109,0],[36.682015,48.0993714,0],[36.6737623,48.094215,0],[36.6694279,48.0940144,0],[36.6671947,48.0941139,0],[36.6592124,48.098184,0],[36.6578515,48.0982915,0],[36.6567482,48.0966793,0],[36.6554855,48.0948303,0],[36.6564793,48.0939985,0],[36.658467,48.0925071,0],[36.6608974,48.0915309,0],[36.6615527,48.0906678,0],[36.662175,48.0892129,0],[36.6628403,48.0881308,0],[36.6635914,48.0877366,0],[36.665265,48.0886501,0],[36.6686768,48.0909986,0],[36.6762568,48.0908105,0],[36.6792367,48.0892693,0],[36.6815848,48.0871226,0],[36.684113,48.0859963,0],[36.6885378,48.0867963,0],[36.6905593,48.0867935,0],[36.6928225,48.0863712,0]]]},"properties":{"name":"Russian-controlled Synelnykove Raion, Dnipropetrovsk Oblast.","styleUrl":"#poly-A52714-1200-112-nodesc","fill-opacity":0.4392156862745098,"fill":"#a52714","stroke-opacity":1,"stroke":"#a52714","stroke-width":1.2}},{"type":"Feature","geometry":{"type":"Polygon","coordinates":[[[38.0849506,48.9920388,0],[38.0978262,48.9919248,0],[38.0991995,48.9925443,0],[38.0988133,48.9962049,0],[38.0982554,48.9995273,0],[38.091053,49.0108442,0],[38.0898942,49.0125894,0],[38.0896797,49.0142782,0],[38.0879631,49.0170365,0],[38.0853881,49.0186408,0],[38.0844011,49.0195977,0],[38.0732505,49.0394748,0],[38.055226,49.0563515,0],[38.0526511,49.0584326,0],[38.0530802,49.0600636,0],[38.0595175,49.0623695,0],[38.06235,49.0634943,0],[38.0635516,49.0730539,0],[38.0680148,49.0962703,0],[38.0685298,49.0970571,0],[38.0777137,49.1191389,0],[38.0838076,49.1350339,0],[38.0829151,49.141486,0],[38.0821426,49.1430582,0],[38.0805118,49.1480551,0],[38.0679805,49.1464831,0],[38.0627449,49.147606,0],[38.0580242,49.1487288,0],[38.0533035,49.1482235,0],[38.0442913,49.1492341,0],[38.0401714,49.1364884,0],[38.0400856,49.133119,0],[38.0391414,49.1263794,0],[38.0375965,49.1254807,0],[38.0189712,49.1271096,0],[37.9944236,49.1298616,0],[37.9827507,49.1300863,0],[37.9776867,49.132782,0],[37.9736526,49.1343545,0],[37.9647262,49.1355338,0],[37.9594047,49.135983,0],[37.9579456,49.1366007,0],[37.9545982,49.1404753,0],[37.9533108,49.1416545,0],[37.9446419,49.1382292,0],[37.928334,49.1432266,0],[37.9236992,49.1444619,0],[37.9191501,49.1454725,0],[37.9176052,49.1481674,0],[37.9132278,49.1501885,0],[37.9106529,49.1516481,0],[37.9081243,49.1520123,0],[37.9028157,49.154942,0],[37.9008414,49.1575803,0],[37.8963783,49.159629,0],[37.8925426,49.1604049,0],[37.9038694,49.166173,0],[37.8937414,49.1755445,0],[37.9055002,49.1794159,0],[37.9076459,49.1838482,0],[37.9111904,49.1850839,0],[37.9136065,49.1862628,0],[37.9353508,49.1920395,0],[37.923947,49.2052133,0],[37.916866,49.2025496,0],[37.9158341,49.2027792,0],[37.9087622,49.2141254,0],[37.899657,49.2129551,0],[37.8971408,49.2120656,0],[37.89654,49.2119675,0],[37.8896466,49.2110637,0],[37.8897637,49.2184234,0],[37.8834251,49.2194781,0],[37.8827874,49.2194793,0],[37.8812933,49.2207985,0],[37.8787968,49.2214011,0],[37.8716529,49.2157818,0],[37.869593,49.2116889,0],[37.8674063,49.2040869,0],[37.8627537,49.2019746,0],[37.8586312,49.2005939,0],[37.853181,49.1996405,0],[37.8428903,49.1985348,0],[37.8395908,49.1982618,0],[37.8265179,49.1989277,0],[37.8234259,49.1992684,0],[37.821278,49.2005064,0],[37.8163859,49.2029738,0],[37.808446,49.2045719,0],[37.8069103,49.2048622,0],[37.8022767,49.1945511,0],[37.8013253,49.1923354,0],[37.7881503,49.1944107,0],[37.7854037,49.1946351,0],[37.7814984,49.1937096,0],[37.7775688,49.1885795,0],[37.7754902,49.1854145,0],[37.7741085,49.1857643,0],[37.7704183,49.1869146,0],[37.7654834,49.1881255,0],[37.7624364,49.1884341,0],[37.7603336,49.1891072,0],[37.7585311,49.1870597,0],[37.7555271,49.1848999,0],[37.753038,49.1837498,0],[37.7486606,49.182796,0],[37.7459998,49.1814776,0],[37.7429099,49.1791773,0],[37.7374232,49.1756209,0],[37.732712,49.173586,0],[37.7299439,49.1719587,0],[37.7285921,49.1706078,0],[37.7279698,49.1700325,0],[37.7253091,49.1689101,0],[37.7237731,49.1674714,0],[37.7194275,49.1664306,0],[37.7073468,49.1699031,0],[37.6999654,49.1628912,0],[37.6821985,49.1660622,0],[37.6827993,49.1753214,0],[37.6740447,49.1769488,0],[37.6605156,49.1805505,0],[37.6555688,49.1814584,0],[37.6533158,49.1778042,0],[37.6558267,49.1749355,0],[37.6539602,49.1694855,0],[37.6523294,49.165978,0],[37.6523294,49.1653606,0],[37.6493822,49.1620136,0],[37.6472793,49.160891,0],[37.6469789,49.1603437,0],[37.6453052,49.1589265,0],[37.6472364,49.1577478,0],[37.650455,49.1563164,0],[37.656034,49.1526957,0],[37.6521716,49.1512361,0],[37.6559053,49.1492431,0],[37.6604759,49.147643,0],[37.6640592,49.1464079,0],[37.6656748,49.1426831,0],[37.6682775,49.1398005,0],[37.663068,49.1356448,0],[37.6574306,49.1289616,0],[37.6511756,49.1304222,0],[37.6435583,49.133455,0],[37.6425684,49.1379032,0],[37.6415784,49.1405545,0],[37.6388747,49.1420706,0],[37.6318366,49.1395719,0],[37.6270726,49.1362027,0],[37.6199061,49.1328332,0],[37.61729,49.1337725,0],[37.6157451,49.1346008,0],[37.6123762,49.1368471,0],[37.6077414,49.1351624,0],[37.6115608,49.1330986,0],[37.6136637,49.1316103,0],[37.6143503,49.1303888,0],[37.6141555,49.1296601,0],[37.6144791,49.1282827,0],[37.6148653,49.127721,0],[37.6196057,49.1277785,0],[37.627524,49.1238609,0],[37.6118909,49.1139101,0],[37.6065997,49.1169623,0],[37.6026312,49.1187008,0],[37.5992623,49.1169031,0],[37.595872,49.1178441,0],[37.5930825,49.1172823,0],[37.5929752,49.1160393,0],[37.5921813,49.1135604,0],[37.5906731,49.112121,0],[37.5898991,49.1118138,0],[37.5900263,49.1115347,0],[37.5894225,49.1108502,0],[37.5886883,49.1103864,0],[37.5881687,49.110358,0],[37.5861088,49.1098945,0],[37.583963,49.1107232,0],[37.5816026,49.110049,0],[37.580916,49.1094028,0],[37.5797144,49.1076048,0],[37.5826102,49.1060446,0],[37.5817519,49.1052018,0],[37.581666,49.1038251,0],[37.5826102,49.1019988,0],[37.584713,49.1005658,0],[37.5869017,49.0993857,0],[37.5884467,49.0979807,0],[37.5878227,49.095392,0],[37.5876939,49.0940432,0],[37.5859773,49.0939027,0],[37.5832307,49.0939027,0],[37.5831217,49.093667,0],[37.5768131,49.0936389,0],[37.5771135,49.0908005,0],[37.5783581,49.0896201,0],[37.5780576,49.088496,0],[37.5771993,49.0867815,0],[37.5756115,49.0833806,0],[37.5757402,49.0810476,0],[37.5753547,49.0789124,0],[37.5731231,49.077788,0],[37.5697328,49.0771415,0],[37.5687458,49.0737399,0],[37.5662566,49.0725379,0],[37.5651837,49.0714695,0],[37.5646687,49.0695858,0],[37.5626088,49.0691641,0],[37.5606776,49.0689673,0],[37.5599051,49.0685455,0],[37.5596047,49.0666336,0],[37.5593043,49.0657619,0],[37.5566435,49.0644123,0],[37.5563431,49.0626408,0],[37.5566674,49.0609351,0],[37.5566674,49.0589948,0],[37.5567696,49.0567536,0],[37.5573275,49.0539975,0],[37.5571988,49.0534209,0],[37.5582288,49.0524506,0],[37.56119,49.0525912,0],[37.5649879,49.0520568,0],[37.5680563,49.0521693,0],[37.5710604,49.052774,0],[37.5747298,49.053435,0],[37.5765965,49.0541381,0],[37.574837,49.0558255,0],[37.5733186,49.0566606,0],[37.5730826,49.0582636,0],[37.5722457,49.0596978,0],[37.5713874,49.0619475,0],[37.5716878,49.064197,0],[37.5733615,49.0667839,0],[37.5834037,49.0671213,0],[37.5841524,49.0666548,0],[37.5864607,49.0647466,0],[37.589336,49.063425,0],[37.5933272,49.0621878,0],[37.6007191,49.0628769,0],[37.6075107,49.0652527,0],[37.6120383,49.0682894,0],[37.6149656,49.0689816,0],[37.6156522,49.0690378,0],[37.6236345,49.0676181,0],[37.6328441,49.0663825,0],[37.6340599,49.0660326,0],[37.6414348,49.0637159,0],[37.6463701,49.0623381,0],[37.6478891,49.0612199,0],[37.6476224,49.0597574,0],[37.6478708,49.058998,0],[37.6480809,49.0579574,0],[37.648205,49.0557638,0],[37.6538888,49.0539353,0],[37.6604591,49.0532486,0],[37.6634203,49.0528407,0],[37.6667892,49.0527142,0],[37.6681495,49.0525844,0],[37.6705507,49.0549145,0],[37.6738115,49.0585543,0],[37.6765575,49.0602535,0],[37.6792823,49.0633912,0],[37.6819212,49.0653689,0],[37.6860834,49.0677499,0],[37.6879061,49.0670362,0],[37.6887234,49.0667059,0],[37.693006,49.0635287,0],[37.7037157,49.0580733,0],[37.7110128,49.0571658,0],[37.7139342,49.0560755,0],[37.7186119,49.0547256,0],[37.7202427,49.0534038,0],[37.7208006,49.0523772,0],[37.7201474,49.0510694,0],[37.7180351,49.0498459,0],[37.7179171,49.0492131,0],[37.7167154,49.0484395,0],[37.7175308,49.046787,0],[37.7200736,49.0464846,0],[37.7217473,49.0469136,0],[37.7239594,49.0456043,0],[37.7253327,49.0461247,0],[37.7242813,49.048375,0],[37.7232728,49.0496477,0],[37.7229678,49.0505631,0],[37.7238476,49.0506334,0],[37.7246415,49.0509991,0],[37.7228985,49.0533331,0],[37.7283571,49.0551751,0],[37.7331721,49.0540638,0],[37.7355209,49.0524999,0],[37.7361646,49.0507561,0],[37.7383533,49.0499123,0],[37.7413574,49.049406,0],[37.7455184,49.048578,0],[37.7487347,49.0494127,0],[37.7504513,49.0476969,0],[37.7514733,49.0437024,0],[37.7538874,49.0407715,0],[37.7554001,49.0411372,0],[37.7591521,49.0427644,0],[37.7670485,49.0356749,0],[37.7696235,49.0328754,0],[37.7716834,49.0342682,0],[37.7749159,49.0422152,0],[37.7805591,49.0425951,0],[37.787576,49.0453377,0],[37.794935,49.0414344,0],[37.8015654,49.0438255,0],[37.8077667,49.0445147,0],[37.8066476,49.0477402,0],[37.8035524,49.0521306,0],[37.8184628,49.0561085,0],[37.8258224,49.0566917,0],[37.8279459,49.0528874,0],[37.8301119,49.052338,0],[37.8311619,49.0516621,0],[37.8300776,49.0496365,0],[37.8317828,49.0484548,0],[37.8295831,49.0436378,0],[37.8248397,49.0398458,0],[37.8229514,49.0392268,0],[37.8204623,49.0385939,0],[37.8162249,49.0378533,0],[37.8133924,49.0367279,0],[37.8048094,49.0310445,0],[37.8030713,49.029314,0],[37.8059681,49.0279493,0],[37.8123625,49.0333518,0],[37.8214279,49.0373419,0],[37.8249255,49.0379749,0],[37.8317062,49.0386361,0],[37.8346888,49.0386923,0],[37.8365341,49.0427715,0],[37.8364859,49.0436608,0],[37.8360405,49.0475525,0],[37.8359237,49.0494725,0],[37.8357628,49.052264,0],[37.8360848,49.0571716,0],[37.8477362,49.0577311,0],[37.8618546,49.0555927,0],[37.8651361,49.0551613,0],[37.8657369,49.0480173,0],[37.8759508,49.0440793,0],[37.8759958,49.0432797,0],[37.8761246,49.039285,0],[37.875294,49.0367524,0],[37.8708309,49.0342203,0],[37.8668826,49.0336857,0],[37.8677409,49.0304218,0],[37.8740968,49.0320503,0],[37.8778096,49.0306993,0],[37.8811791,49.0303049,0],[37.8825959,49.0247043,0],[37.8839703,49.0182029,0],[37.866655,49.0177242,0],[37.8668485,49.0225923,0],[37.8554425,49.0234298,0],[37.8553567,49.0264128,0],[37.85467,49.0263564,0],[37.8527817,49.0245554,0],[37.851151,49.0240489,0],[37.8452104,49.0249809,0],[37.8436654,49.0263879,0],[37.8436225,49.0276824,0],[37.8432363,49.0299616,0],[37.8432363,49.0312841,0],[37.8435796,49.0323533,0],[37.843762,49.0330989,0],[37.8426569,49.0335069,0],[37.8412192,49.0331411,0],[37.8396314,49.031678,0],[37.8385156,49.0313404,0],[37.8376144,49.0315092,0],[37.8354257,49.0316498,0],[37.8343957,49.0311997,0],[37.8358977,49.0303837,0],[37.8370565,49.0295958,0],[37.8381293,49.0281326,0],[37.8381293,49.0270351,0],[37.827894,49.0253045,0],[37.8254693,49.0168757,0],[37.8190736,49.017165,0],[37.8125782,49.0111335,0],[37.8102608,49.0119216,0],[37.8063126,49.009163,0],[37.8103037,49.0064606,0],[37.8100033,49.0050248,0],[37.810132,49.0042647,0],[37.8100891,49.0032512,0],[37.8082763,49.002141,0],[37.8126752,48.9997619,0],[37.8129112,48.9989032,0],[37.8126108,48.9984386,0],[37.8148209,48.9980303,0],[37.8182542,48.9978051,0],[37.8190481,48.9994804,0],[37.818758,49.0016746,0],[37.8210754,49.0048277,0],[37.8256975,49.0094548,0],[37.8374423,49.0093949,0],[37.8502117,49.0096251,0],[37.8535162,49.0091466,0],[37.8539799,49.0061996,0],[37.8649448,49.0071009,0],[37.8730374,49.0066327,0],[37.8742629,48.9973524,0],[37.874397,48.9923616,0],[37.8693463,48.9920133,0],[37.8493486,48.9912672,0],[37.8502925,48.9846404,0],[37.8508289,48.9822465,0],[37.8515672,48.9722403,0],[37.8534472,48.9724635,0],[37.8555317,48.9662037,0],[37.8523951,48.9658932,0],[37.8425393,48.9655305,0],[37.8424824,48.9636167,0],[37.8424105,48.9629948,0],[37.8455434,48.959839,0],[37.8446109,48.9575091,0],[37.8452117,48.9555929,0],[37.8463704,48.9539302,0],[37.8442724,48.9532332,0],[37.8424271,48.9531627,0],[37.8410323,48.9528386,0],[37.8399376,48.9527139,0],[37.8384356,48.9529394,0],[37.8377489,48.9531367,0],[37.8364615,48.9540807,0],[37.8357104,48.955208,0],[37.8351311,48.9571101,0],[37.8349917,48.9575469,0],[37.8338222,48.958195,0],[37.8329639,48.9581104,0],[37.8301744,48.956786,0],[37.8318051,48.9542921,0],[37.831891,48.9536862,0],[37.8317408,48.9530803,0],[37.8193168,48.948712,0],[37.817302,48.9517779,0],[37.8160145,48.9529897,0],[37.8145983,48.9534688,0],[37.813196,48.9542286,0],[37.8113368,48.9542015,0],[37.8092908,48.9545951,0],[37.8073456,48.9538633,0],[37.8060153,48.9532997,0],[37.8041625,48.9529607,0],[37.8019383,48.9524542,0],[37.8016808,48.951186,0],[37.8019383,48.9497487,0],[37.8071311,48.9489314,0],[37.8098776,48.9479731,0],[37.8123667,48.9468176,0],[37.8133538,48.9453237,0],[37.8117073,48.9445325,0],[37.8111494,48.9435741,0],[37.812351,48.941601,0],[37.8129518,48.9393459,0],[37.8142393,48.936837,0],[37.8211057,48.9366115,0],[37.8209173,48.931954,0],[37.827583,48.9320336,0],[37.8278622,48.9270994,0],[37.8282697,48.9261126,0],[37.8289993,48.9250975,0],[37.8302438,48.924449,0],[37.8311879,48.9242234,0],[37.831257,48.9231347,0],[37.8305703,48.9221196,0],[37.8294116,48.921471,0],[37.8272229,48.9207378,0],[37.8245622,48.9191868,0],[37.8240472,48.9182844,0],[37.8249055,48.9180306,0],[37.8294116,48.918087,0],[37.8333169,48.919074,0],[37.8410417,48.9187638,0],[37.8421145,48.91851,0],[37.8426006,48.9146637,0],[37.8430726,48.9136484,0],[37.844167,48.9125626,0],[37.8453472,48.9121536,0],[37.8512266,48.9109407,0],[37.8561618,48.9113638,0],[37.8609784,48.9121581,0],[37.8630813,48.9124119,0],[37.8688042,48.9120552,0],[37.8728382,48.9099116,0],[37.8757565,48.9072038,0],[37.8749491,48.904502,0],[37.8761507,48.9041917,0],[37.8778244,48.9043046,0],[37.8808722,48.904126,0],[37.8818799,48.9037686,0],[37.8825397,48.9038038,0],[37.8833712,48.904234,0],[37.8873945,48.9038532,0],[37.8887523,48.903505,0],[37.8898251,48.8965509,0],[37.8903401,48.8960854,0],[37.8918958,48.8958315,0],[37.8933657,48.8958032,0],[37.8940094,48.8956622,0],[37.894224,48.8954082,0],[37.8948033,48.8950273,0],[37.8958333,48.8950273,0],[37.8975928,48.8952531,0],[37.8989017,48.8949004,0],[37.9009831,48.8957609,0],[37.903435,48.8975344,0],[37.9056666,48.8967021,0],[37.9078262,48.8962132,0],[37.9094646,48.8959968,0],[37.9112418,48.8942006,0],[37.90999,48.8933079,0],[37.9100758,48.8894846,0],[37.9105049,48.8877915,0],[37.9144532,48.8879044,0],[37.919088,48.8885393,0],[37.9184014,48.8929129,0],[37.9191322,48.8956055,0],[37.91907,48.8968057,0],[37.9201,48.89737,0],[37.9214852,48.8989533,0],[37.9246596,48.9001985,0],[37.9331996,48.8993132,0],[37.9342296,48.9001313,0],[37.9364183,48.9033756,0],[37.9392077,48.9057451,0],[37.9413106,48.9073247,0],[37.9428556,48.9081709,0],[37.9449593,48.9077195,0],[37.9460537,48.9068733,0],[37.9464143,48.9056321,0],[37.9460751,48.902515,0],[37.9424861,48.9018374,0],[37.9397824,48.9008782,0],[37.9387524,48.8981699,0],[37.9359629,48.8964771,0],[37.9334309,48.8940507,0],[37.9344609,48.8921038,0],[37.93695,48.8927105,0],[37.9406407,48.8938532,0],[37.9436534,48.8920825,0],[37.9470351,48.8904108,0],[37.949095,48.8873915,0],[37.948623,48.8829046,0],[37.9456189,48.8809573,0],[37.9312423,48.880421,0],[37.9302552,48.8796872,0],[37.9329589,48.8758206,0],[37.9343322,48.8755947,0],[37.931886,48.8680863,0],[37.9336455,48.8677475,0],[37.9447606,48.868171,0],[37.9549315,48.8677475,0],[37.9564336,48.8620166,0],[37.9573348,48.8616072,0],[37.9723337,48.8618189,0],[37.9737285,48.859772,0],[37.9786208,48.857372,0],[37.9810644,48.8565843,0],[37.983311,48.8554589,0],[37.9839267,48.8547852,0],[37.9841155,48.849719,0],[37.9856293,48.8478223,0],[37.9891195,48.8450189,0],[37.9899664,48.845994,0],[37.9939629,48.8476338,0],[37.9942901,48.8475085,0],[37.9946657,48.8471872,0],[37.9970045,48.8456551,0],[37.9984529,48.8454362,0],[38.0014462,48.845415,0],[38.0012533,48.8470711,0],[38.0034631,48.8475261,0],[38.0010926,48.8603832,0],[38.0147919,48.8633122,0],[38.0371167,48.8702159,0],[38.0342015,48.881611,0],[38.0411622,48.8915582,0],[38.0317156,48.889694,0],[38.0300793,48.8932193,0],[38.0204645,48.8859994,0],[38.0055356,48.8989707,0],[38.0097716,48.900059,0],[38.0105313,48.9003415,0],[38.0109048,48.9007085,0],[38.0110423,48.901188,0],[38.0112228,48.902006,0],[38.0117555,48.9030213,0],[38.0127711,48.9046078,0],[38.0135793,48.9048369,0],[38.014831,48.9049091,0],[38.0159325,48.9046146,0],[38.019317,48.9032067,0],[38.0214572,48.905593,0],[38.0217272,48.9057288,0],[38.0231413,48.9067406,0],[38.0241015,48.9076176,0],[38.024418,48.9085229,0],[38.0250054,48.9090813,0],[38.0263867,48.9097102,0],[38.027858,48.9106536,0],[38.0287386,48.9122821,0],[38.0294081,48.9137698,0],[38.0305132,48.9146441,0],[38.0316504,48.9170342,0],[38.0324444,48.9184231,0],[38.0338318,48.9201726,0],[38.0347545,48.92178,0],[38.0362136,48.9233732,0],[38.0364496,48.9243742,0],[38.0386168,48.9257277,0],[38.0388063,48.9263582,0],[38.0419176,48.9287689,0],[38.0422824,48.9295866,0],[38.0422661,48.9314976,0],[38.0444977,48.9342323,0],[38.0447719,48.9347646,0],[38.0401589,48.9379284,0],[38.0401193,48.9386474,0],[38.0397053,48.9428127,0],[38.0387933,48.943616,0],[38.0164691,48.943258,0],[38.0088882,48.9434227,0],[38.0081509,48.9442973,0],[38.0070634,48.9448051,0],[38.0053426,48.9460367,0],[38.0051633,48.9462534,0],[38.0057613,48.9467504,0],[38.0107938,48.9525708,0],[38.0164902,48.9589865,0],[38.0210824,48.9644487,0],[38.0298817,48.9738534,0],[38.0541359,48.9645836,0],[38.053153,48.9692448,0],[38.0534554,48.97066,0],[38.0575763,48.9742128,0],[38.0578773,48.9750738,0],[38.0576416,48.9756874,0],[38.0523416,48.9791178,0],[38.0516307,48.9808256,0],[38.0513838,48.9818602,0],[38.0516313,48.9838243,0],[38.0529142,48.9846656,0],[38.0620101,48.9880151,0],[38.0714942,48.990365,0],[38.0764083,48.9913143,0],[38.0806679,48.9919858,0],[38.0849506,48.9920388,0]]]},"properties":{"name":"Russian-controlled Kramatorsk Raion, Donetsk Oblast.","styleUrl":"#poly-A52714-1200-112-nodesc","fill-opacity":0.4392156862745098,"fill":"#a52714","stroke-opacity":1,"stroke":"#a52714","stroke-width":1.2}},{"type":"Feature","geometry":{"type":"Polygon","coordinates":[[[34.4037472,51.2695196,0],[34.4030131,51.2699031,0],[34.4007283,51.2710441,0],[34.3983466,51.271301,0],[34.3837228,51.2737856,0],[34.3812765,51.2722122,0],[34.3797596,51.2710133,0],[34.389551,51.2674113,0],[34.3950442,51.2662298,0],[34.3988636,51.2665789,0],[34.4001163,51.2684263,0],[34.4031977,51.2691609,0],[34.4049101,51.2685884,0],[34.4064282,51.2679897,0],[34.4077451,51.267838,0],[34.408897,51.2671579,0],[34.410333,51.266847,0],[34.411561,51.2659032,0],[34.4136924,51.2648372,0],[34.412605,51.2631267,0],[34.4128766,51.2630088,0],[34.4131009,51.2632542,0],[34.4146128,51.2655405,0],[34.4133879,51.265709,0],[34.4126975,51.2659924,0],[34.4115742,51.266774,0],[34.4108579,51.2672419,0],[34.4096232,51.2676369,0],[34.4080749,51.2680353,0],[34.4037472,51.2695196,0]]]},"properties":{"name":"Russian-controlled Sumy Raion, Sumy Oblast. ","styleUrl":"#poly-A52714-1200-112-nodesc","fill-opacity":0.4392156862745098,"fill":"#a52714","stroke-opacity":1,"stroke":"#a52714","stroke-width":1.2}},{"type":"Feature","geometry":{"type":"Polygon","coordinates":[[[36.9273755,48.2358014,0],[36.9271188,48.2369577,0],[36.9269279,48.2393785,0],[36.924074,48.239195,0],[36.9184547,48.2391013,0],[36.9169955,48.2463037,0],[36.9146362,48.2464662,0],[36.9118186,48.2457335,0],[36.9069624,48.2448449,0],[36.9062476,48.2442419,0],[36.9032867,48.2438298,0],[36.9039411,48.24025,0],[36.9069452,48.2404644,0],[36.9077282,48.2359031,0],[36.9117971,48.2359157,0],[36.9178699,48.233472,0],[36.9281479,48.2330286,0],[36.9273755,48.2358014,0]]]},"properties":{"name":"Russian-controlled Synelnykove Raion, Dnipropetrovsk Oblast.","styleUrl":"#poly-A52714-1200-115-nodesc","fill-opacity":0.45098039215686275,"fill":"#a52714","stroke-opacity":1,"stroke":"#a52714","stroke-width":1.2}},{"type":"Feature","geometry":{"type":"Polygon","coordinates":[[[37.8409018,47.101265,0],[37.8490906,47.1031618,0],[37.8973273,47.1114572,0],[37.9423026,47.1001237,0],[37.9714849,47.0900734,0],[37.9860782,47.0866717,0],[37.9843595,47.0945144,0],[37.9871061,47.0980203,0],[37.9996374,47.0994226,0],[38.0295064,47.090424,0],[38.0380894,47.0914758,0],[38.040836,47.0980203,0],[38.0569722,47.1105226,0],[38.0636455,47.1117932,0],[38.0679155,47.1108439,0],[38.0868806,47.1074683,0],[38.1082988,47.0960337,0],[38.1328463,47.0676286,0],[38.1362795,47.0575722,0],[38.1294132,47.0510228,0],[38.1043506,47.0395594,0],[38.0880428,47.0249342,0],[38.1266666,47.046929,0],[38.143661,47.0547654,0],[38.164947,47.0716039,0],[38.185718,47.0952156,0],[38.2054781,47.1073182,0],[38.2294915,47.1203354,0],[38.2288897,47.1223458,0],[38.2290179,47.1273805,0],[38.2320646,47.1298458,0],[38.2342958,47.1355351,0],[38.2365273,47.1386553,0],[38.2356714,47.2025052,0],[38.2338687,47.2037588,0],[38.2369155,47.2063682,0],[38.2376344,47.2081867,0],[38.2395549,47.2087224,0],[38.2413362,47.2108434,0],[38.2418511,47.2126215,0],[38.2413791,47.2138822,0],[38.2422803,47.2150264,0],[38.2432245,47.2171981,0],[38.2427617,47.2182275,0],[38.2404779,47.2187722,0],[38.2399629,47.220696,0],[38.2330964,47.2285069,0],[38.2451126,47.2342185,0],[38.2526657,47.2345682,0],[38.2603905,47.2365496,0],[38.2890579,47.2388807,0],[38.2881996,47.2569425,0],[38.3247634,47.2571756,0],[38.3314582,47.2634666,0],[38.3281966,47.2663789,0],[38.3331748,47.269291,0],[38.3324882,47.2738336,0],[38.3254501,47.2769782,0],[38.3245894,47.2797902,0],[38.3233901,47.2816366,0],[38.3311149,47.2900206,0],[38.3328315,47.2951435,0],[38.3300849,47.2975884,0],[38.3268234,47.298054,0],[38.3336898,47.3025941,0],[38.3352348,47.3060863,0],[38.2209085,47.3056207,0],[38.2215951,47.3271505,0],[38.226745,47.3298266,0],[38.2222818,47.3336659,0],[38.2306906,47.3396159,0],[38.2306932,47.3439028,0],[38.2435677,47.346927,0],[38.2499192,47.3580916,0],[38.2452843,47.3639055,0],[38.2573006,47.3726253,0],[38.2881996,47.373439,0],[38.2871697,47.3918036,0],[38.3022172,47.3923719,0],[38.3048334,47.4750826,0],[38.2936839,47.4750096,0],[38.2885341,47.476634,0],[38.2869891,47.4868431,0],[38.2919673,47.491019,0],[38.2902507,47.4972822,0],[38.2933406,47.5018052,0],[38.2902507,47.5070235,0],[38.2844142,47.508415,0],[38.2856158,47.5448119,0],[38.3074265,47.5447336,0],[38.31085,47.5522273,0],[38.3115366,47.5750461,0],[38.3513621,47.57632,0],[38.3499984,47.6160628,0],[38.4564186,47.61753,0],[38.4567619,47.6440214,0],[38.6174265,47.6448574,0],[38.6267822,47.6537041,0],[38.6294428,47.6532994,0],[38.6300436,47.66937,0],[38.6662641,47.6692543,0],[38.6655775,47.6987813,0],[38.7333837,47.6997056,0],[38.7364736,47.6988969,0],[38.7357868,47.6954308,0],[38.7323536,47.6925422,0],[38.7290063,47.6913867,0],[38.7316671,47.6893068,0],[38.7338749,47.6876394,0],[38.7375035,47.6876313,0],[38.7388767,47.6854934,0],[38.7373319,47.6830665,0],[38.7351861,47.6816797,0],[38.7366215,47.6792031,0],[38.740336,47.6809285,0],[38.7427391,47.6806396,0],[38.7460866,47.6860134,0],[38.7502064,47.6846845,0],[38.7526956,47.6849156,0],[38.7540688,47.6865334,0],[38.7569012,47.6848,0],[38.7720074,47.6852622,0],[38.7723507,47.7199195,0],[38.7708059,47.721594,0],[38.7722649,47.7275988,0],[38.7761274,47.730139,0],[38.7767282,47.7345264,0],[38.7799038,47.7367777,0],[38.7894311,47.7375282,0],[38.7894312,47.7685165,0],[38.7936126,47.7686483,0],[38.7932935,47.7720932,0],[38.7944952,47.7738237,0],[38.7965551,47.774862,0],[38.7953534,47.7771692,0],[38.7902036,47.7775152,0],[38.7884012,47.7784957,0],[38.7932078,47.7844363,0],[38.7857404,47.7849553,0],[38.7835087,47.7904337,0],[38.7896887,47.7952773,0],[38.790032,47.8003511,0],[38.7888304,47.8161459,0],[38.8287415,47.8158578,0],[38.8287415,47.8237534,0],[38.8327756,47.8263466,0],[38.8320031,47.8277296,0],[38.8280058,47.8306683,0],[38.8280548,47.8329154,0],[38.8256517,47.8347592,0],[38.82548,47.8429399,0],[38.8282266,47.8479515,0],[38.8387837,47.851177,0],[38.8428178,47.8511194,0],[38.8435043,47.8644803,0],[38.8772359,47.8671865,0],[38.8780395,47.8708506,0],[38.8796392,47.8734623,0],[38.8780083,47.8757076,0],[38.8881364,47.8753622,0],[38.9009251,47.8729442,0],[38.9077056,47.8725412,0],[38.9131988,47.8755926,0],[38.9414373,47.87352,0],[38.9525953,47.8700655,0],[39.0743921,47.8697507,0],[39.0669157,47.8986696,0],[39.0909151,47.9378187,0],[39.0811305,47.9431085,0],[39.0738127,47.9526059,0],[39.0580199,47.9470296,0],[39.0511534,47.954158,0],[39.0381072,47.9566871,0],[39.043772,47.9865107,0],[39.0395663,48.0073023,0],[39.0108099,48.0080756,0],[38.9987188,48.0098434,0],[38.8402896,48.0159611,0],[38.8210973,48.0650499,0],[38.805991,48.0751442,0],[38.8197238,48.1182518,0],[38.7826265,48.1282974,0],[38.6523599,48.1516663,0],[38.6513298,48.1567052,0],[38.6044903,48.1716737,0],[38.6047478,48.17631,0],[38.5981152,48.1789162,0],[38.6111613,48.191048,0],[38.6128752,48.2020022,0],[38.5895319,48.2260539,0],[38.5895318,48.2571501,0],[38.5751123,48.2676637,0],[38.5589763,48.2747476,0],[38.5438702,48.27132,0],[38.4292008,48.277261,0],[38.4302308,48.2932527,0],[38.4346938,48.2966789,0],[38.4285142,48.3071843,0],[38.4408443,48.3165345,0],[38.4361986,48.3428683,0],[38.4524843,48.346816,0],[38.4628462,48.3462182,0],[38.4656164,48.3497252,0],[38.4631272,48.3510942,0],[38.4697125,48.3585385,0],[38.4741757,48.3701716,0],[38.4703992,48.3786096,0],[38.456323,48.3806619,0],[38.4494566,48.3761011,0],[38.4414979,48.3909496,0],[38.4364103,48.3945696,0],[38.4413486,48.4192569,0],[38.4333439,48.432824,0],[38.4336014,48.4469452,0],[38.4013915,48.4403698,0],[38.4037947,48.4346755,0],[38.3893473,48.4309525,0],[38.3893473,48.4233775,0],[38.3904631,48.4200738,0],[38.3888323,48.4162571,0],[38.3836608,48.414577,0],[38.3780818,48.4136655,0],[38.3736186,48.4118425,0],[38.3719878,48.4083101,0],[38.3631465,48.4013898,0],[38.3601853,48.3981131,0],[38.3564517,48.396318,0],[38.3554646,48.3945798,0],[38.353748,48.3905902,0],[38.3392152,48.3853092,0],[38.335782,48.382915,0],[38.3341512,48.3792096,0],[38.3345804,48.375675,0],[38.3292589,48.3712848,0],[38.3255682,48.3710567,0],[38.3198175,48.3694602,0],[38.3196458,48.3673505,0],[38.3132944,48.3650125,0],[38.3049688,48.3656398,0],[38.2979307,48.3657538,0],[38.2937507,48.3638929,0],[38.2892875,48.361954,0],[38.2838801,48.3608704,0],[38.2737521,48.3601861,0],[38.2663707,48.3602431,0],[38.2614783,48.3609275,0],[38.2609634,48.3634367,0],[38.2610492,48.3669722,0],[38.2571868,48.3699372,0],[38.251522,48.3721609,0],[38.2478313,48.3744415,0],[38.2455997,48.376551,0],[38.2421664,48.3782043,0],[38.2387332,48.3807697,0],[38.2352141,48.3829359,0],[38.2318668,48.383905,0],[38.2257728,48.38476,0],[38.2212633,48.3893125,0],[38.2182592,48.3927892,0],[38.2161135,48.3947269,0],[38.2122511,48.3966076,0],[38.2065863,48.4019643,0],[38.2028097,48.4033889,0],[38.2005781,48.4051552,0],[38.1988615,48.4075483,0],[38.1949133,48.4119923,0],[38.1928534,48.412619,0],[38.1883043,48.4125051,0],[38.1849569,48.4114226,0],[38.1822962,48.4101692,0],[38.1804079,48.4089158,0],[38.1785196,48.4076053,0],[38.1743139,48.405953,0],[38.1708807,48.4041296,0],[38.1701941,48.4013945,0],[38.1640142,48.4027051,0],[38.1578344,48.4070355,0],[38.1557745,48.4089158,0],[38.1501097,48.4134166,0],[38.1451315,48.4156384,0],[38.1353384,48.4189807,0],[38.1204897,48.4202339,0],[38.1196314,48.4167021,0],[38.1170565,48.4129422,0],[38.117829,48.4075297,0],[38.1032378,48.4077006,0],[38.0927664,48.406846,0],[38.0875308,48.4073018,0],[38.0804926,48.4084413,0],[38.0656439,48.4086122,0],[38.062039,48.4088971,0],[38.0559451,48.4092959,0],[38.0507094,48.4100366,0],[38.0465895,48.4095238,0],[38.0437571,48.4058203,0],[38.0384356,48.400863,0],[38.0343157,48.3981846,0],[38.0271918,48.3981846,0],[38.0156334,48.3969582,0],[38.0118569,48.3959324,0],[38.0058487,48.3935958,0],[38.001128,48.3940517,0],[37.9956349,48.3930259,0],[37.9885109,48.391943,0],[37.9838761,48.391658,0],[37.9799278,48.39143,0],[37.9787262,48.3893782,0],[37.9790695,48.3866992,0],[37.9785546,48.3806569,0],[37.9720314,48.3808279,0],[37.9676541,48.3805428,0],[37.9624184,48.3726182,0],[37.96259,48.3682563,0],[37.9604872,48.3621833,0],[37.9590281,48.3603013,0],[37.9558094,48.359731,0],[37.9519108,48.3606206,0],[37.9474047,48.3619608,0],[37.9451302,48.3631584,0],[37.9453877,48.3650117,0],[37.9435144,48.3689289,0],[37.941669,48.3689289,0],[37.9395233,48.3686723,0],[37.9377208,48.3675604,0],[37.936605,48.3661349,0],[37.9345451,48.3643101,0],[37.9318414,48.3622286,0],[37.931069,48.3605178,0],[37.9286228,48.3589494,0],[37.9257045,48.3567822,0],[37.9245029,48.3551852,0],[37.9221426,48.3530178,0],[37.9213272,48.3501659,0],[37.9197393,48.3476275,0],[37.917379,48.3459732,0],[37.9106413,48.3431493,0],[37.9055772,48.341666,0],[37.9032598,48.3397263,0],[37.9058154,48.332328,0],[37.9039271,48.3297317,0],[37.9024251,48.3265645,0],[37.9031117,48.3236825,0],[37.9041417,48.3217706,0],[37.9047854,48.3197445,0],[37.9063794,48.3136357,0],[37.9036758,48.3075276,0],[37.9014325,48.2980869,0],[37.9021191,48.2898639,0],[37.8933372,48.2885172,0],[37.8955551,48.2687455,0],[37.892551,48.2650889,0],[37.8946968,48.2591464,0],[37.890981,48.252141,0],[37.8872045,48.2506551,0],[37.8919469,48.2348671,0],[37.8934489,48.2308936,0],[37.8956805,48.2309508,0],[37.9002724,48.2317513,0],[37.902504,48.2290354,0],[37.9029332,48.2275202,0],[37.9042636,48.2251759,0],[37.9058866,48.2222814,0],[37.9045133,48.2212235,0],[37.902625,48.2198796,0],[37.9030113,48.2186501,0],[37.9030542,48.2173347,0],[37.904685,48.2155618,0],[37.9042558,48.2131025,0],[37.9008226,48.2115011,0],[37.8967886,48.2103571,0],[37.8942136,48.2088986,0],[37.8922824,48.2056381,0],[37.8906946,48.2044655,0],[37.8888921,48.2017482,0],[37.8866176,48.2012333,0],[37.8832273,48.2006899,0],[37.8790645,48.2002036,0],[37.8662104,48.1969021,0],[37.8625626,48.1957865,0],[37.8602022,48.1939842,0],[37.8560394,48.1916669,0],[37.8511471,48.1888345,0],[37.8469843,48.1882051,0],[37.8456968,48.1873181,0],[37.8469843,48.1860878,0],[37.847628,48.1844855,0],[37.846641,48.1819103,0],[37.8462101,48.1795636,0],[37.8463388,48.1777608,0],[37.8449226,48.1766161,0],[37.8412748,48.1757004,0],[37.8358675,48.174756,0],[37.8302417,48.1735018,0],[37.829083,48.1727005,0],[37.8284393,48.1714985,0],[37.8289972,48.1707543,0],[37.8298126,48.1691229,0],[37.8303537,48.1646983,0],[37.8300962,48.1630953,0],[37.8273926,48.1608912,0],[37.8251181,48.1579139,0],[37.823144,48.1565398,0],[37.8193674,48.156139,0],[37.8176937,48.1539345,0],[37.8157625,48.1488381,0],[37.8168274,48.145023,0],[37.8187157,48.1402121,0],[37.8196901,48.1380463,0],[37.8196043,48.1370869,0],[37.8189177,48.1358984,0],[37.8194326,48.1352969,0],[37.8200978,48.1346382,0],[37.8203982,48.1333207,0],[37.8211063,48.1322896,0],[37.8214068,48.1311725,0],[37.8217715,48.1301986,0],[37.8190869,48.1274682,0],[37.8167051,48.1267521,0],[37.8153747,48.1276974,0],[37.8141517,48.1280554,0],[37.81295,48.1276687,0],[37.811684,48.126838,0],[37.8113836,48.1263797,0],[37.8119415,48.125463,0],[37.8122205,48.1243458,0],[37.8108043,48.1229707,0],[37.8090447,48.1214811,0],[37.8063411,48.1191318,0],[37.805869,48.1186018,0],[37.8044957,48.1175274,0],[37.8035945,48.1167395,0],[37.8018564,48.1155648,0],[37.8010839,48.1147196,0],[37.8002685,48.113201,0],[37.7976261,48.1124576,0],[37.7965103,48.1111968,0],[37.7959953,48.1095922,0],[37.7954803,48.1085319,0],[37.7947508,48.1076723,0],[37.7926908,48.1058956,0],[37.7909742,48.104434,0],[37.7903734,48.1027432,0],[37.7870689,48.1003645,0],[37.7851806,48.0990461,0],[37.7838073,48.0969252,0],[37.7766521,48.094218,0],[37.7744635,48.0935587,0],[37.7718027,48.0921255,0],[37.7685411,48.0910362,0],[37.7665241,48.0894596,0],[37.7653654,48.0877396,0],[37.7633913,48.0869369,0],[37.7582415,48.0857615,0],[37.7499163,48.0864357,0],[37.7436935,48.0862063,0],[37.7421057,48.0848876,0],[37.7406036,48.0814759,0],[37.7300894,48.0793542,0],[37.7276861,48.0792395,0],[37.7279403,48.0766171,0],[37.7264382,48.0754415,0],[37.7244212,48.0721152,0],[37.7202155,48.0722873,0],[37.6980712,48.0720292,0],[37.6925526,48.0691996,0],[37.6934109,48.067651,0],[37.6937972,48.0654714,0],[37.6880036,48.0644676,0],[37.6877032,48.0615995,0],[37.6915656,48.0604523,0],[37.6934631,48.0565825,0],[37.6906307,48.0536279,0],[37.6872833,48.0544598,0],[37.6580454,48.0354894,0],[37.654183,48.0307256,0],[37.6452566,48.0275687,0],[37.633412,48.0225171,0],[37.6226832,48.0197615,0],[37.6204516,48.0194171,0],[37.6149584,48.0180966,0],[37.5891478,48.0159259,0],[37.5740416,48.0140599,0],[37.5736983,48.0078012,0],[37.5615103,48.0080021,0],[37.5576129,48.0085227,0],[37.5568404,48.0075752,0],[37.554008,48.0053644,0],[37.5495019,48.0037564,0],[37.5490298,48.0017751,0],[37.5495448,47.9985877,0],[37.5499739,47.9967785,0],[37.5512185,47.996118,0],[37.5549092,47.9946533,0],[37.5565061,47.991225,0],[37.5572786,47.9847911,0],[37.5565919,47.9805397,0],[37.5508413,47.9784139,0],[37.5480947,47.9763454,0],[37.5439748,47.9742769,0],[37.5375076,47.9701043,0],[37.5350185,47.9676332,0],[37.5321003,47.966139,0],[37.5278087,47.9622884,0],[37.5301562,47.955701,0],[37.5271522,47.9533443,0],[37.5241481,47.9509299,0],[37.5240623,47.9483429,0],[37.5264655,47.944491,0],[37.5269805,47.9421912,0],[37.5328111,47.9387838,0],[37.5354719,47.9373175,0],[37.5381326,47.936455,0],[37.5421667,47.9351612,0],[37.5434486,47.9320424,0],[37.5395562,47.9246935,0],[37.5356938,47.9180212,0],[37.5704182,47.9086927,0],[37.5949437,47.9088332,0],[37.5976902,47.9066469,0],[37.6026684,47.9042303,0],[37.6103932,47.9010656,0],[37.6188909,47.8919945,0],[37.6269758,47.8746005,0],[37.6365187,47.8772892,0],[37.6372912,47.8742956,0],[37.6411371,47.8661757,0],[37.6408796,47.861569,0],[37.640758,47.8564675,0],[37.6405864,47.8531847,0],[37.6387839,47.8484616,0],[37.6353437,47.8408715,0],[37.6369745,47.8315956,0],[37.6368028,47.8289451,0],[37.6350862,47.8260639,0],[37.6352579,47.8205315,0],[37.6352579,47.8180533,0],[37.6335413,47.812866,0],[37.6301117,47.8038589,0],[37.6283951,47.7961909,0],[37.626421,47.7897328,0],[37.6267643,47.7838506,0],[37.6235885,47.7780253,0],[37.622972,47.7750163,0],[37.6250319,47.7698246,0],[37.6289801,47.7634786,0],[37.6324133,47.7556315,0],[37.6426002,47.7447478,0],[37.6481791,47.7428431,0],[37.6563331,47.7406498,0],[37.6641437,47.7362052,0],[37.667751,47.7288819,0],[37.6719567,47.7254755,0],[37.6755616,47.7231082,0],[37.6764199,47.7203367,0],[37.6782224,47.7165255,0],[37.6806256,47.7145621,0],[37.6836297,47.7151396,0],[37.7113854,47.7096678,0],[37.7285557,47.7021026,0],[37.7382545,47.6969037,0],[37.7426319,47.6937841,0],[37.746151,47.6919932,0],[37.7572231,47.686331,0],[37.7619691,47.6848131,0],[37.769093,47.6800747,0],[37.7847142,47.6720417,0],[37.789595,47.6719608,0],[37.8012442,47.6663641,0],[37.8043341,47.6641676,0],[37.8070807,47.6616819,0],[37.8103423,47.6598321,0],[37.8186678,47.6588493,0],[37.825191,47.6571149,0],[37.8315854,47.6542531,0],[37.8424602,47.6459242,0],[37.8564854,47.6413825,0],[37.8556271,47.6381439,0],[37.853653,47.6336038,0],[37.8498158,47.6310633,0],[37.8484854,47.6288942,0],[37.8462109,47.626349,0],[37.8452907,47.6208986,0],[37.8444753,47.619163,0],[37.8427158,47.6173695,0],[37.8414283,47.6150841,0],[37.8371797,47.6110338,0],[37.8338752,47.6104841,0],[37.8319223,47.6062286,0],[37.8311499,47.6035955,0],[37.8287472,47.5987149,0],[37.8236403,47.5955605,0],[37.8223528,47.5937373,0],[37.8182759,47.5922902,0],[37.8162589,47.5844752,0],[37.817787,47.5721576,0],[37.819289,47.5703625,0],[37.8205336,47.5643397,0],[37.8208452,47.550891,0],[37.8208023,47.5476758,0],[37.8223044,47.5436202,0],[37.8247496,47.5415939,0],[37.8283974,47.5402323,0],[37.8327748,47.539508,0],[37.8364655,47.5386388,0],[37.8392121,47.535278,0],[37.8387341,47.5262238,0],[37.843369,47.5251806,0],[37.8537304,47.5174757,0],[37.8561337,47.5141714,0],[37.8587944,47.5101133,0],[37.8617127,47.5029239,0],[37.8682851,47.4948287,0],[37.8732204,47.4879271,0],[37.8813991,47.4797146,0],[37.885004,47.4768141,0],[37.8878364,47.4748707,0],[37.8907547,47.4730722,0],[37.8915271,47.4713897,0],[37.891613,47.469272,0],[37.8900251,47.4676764,0],[37.8868923,47.4663999,0],[37.8832762,47.4631751,0],[37.8826754,47.4618695,0],[37.8815596,47.4602446,0],[37.8804009,47.4596353,0],[37.8795426,47.4588229,0],[37.878856,47.4579524,0],[37.8762381,47.4565886,0],[37.8716891,47.4531355,0],[37.866988,47.4486353,0],[37.8661297,47.446981,0],[37.8662585,47.4455009,0],[37.8668164,47.4429177,0],[37.8689266,47.437761,0],[37.8696991,47.4363096,0],[37.8693987,47.4345679,0],[37.869227,47.4319552,0],[37.8672958,47.4296907,0],[37.8648067,47.4271359,0],[37.8630472,47.4253358,0],[37.8618456,47.4228678,0],[37.8639568,47.4217233,0],[37.8636564,47.4197778,0],[37.8626264,47.4175999,0],[37.8616823,47.4162061,0],[37.8599227,47.4138248,0],[37.8607627,47.4115196,0],[37.861664,47.4093705,0],[37.8613636,47.4076278,0],[37.8605053,47.40513,0],[37.8600332,47.4034163,0],[37.858102,47.400163,0],[37.8576366,47.3946702,0],[37.8587095,47.3924913,0],[37.8595249,47.3910386,0],[37.8593962,47.3887143,0],[37.8582804,47.3874068,0],[37.85592,47.3857797,0],[37.8524439,47.3841525,0],[37.8495256,47.3830193,0],[37.8460924,47.3811305,0],[37.8419324,47.3787127,0],[37.841589,47.3767947,0],[37.8428336,47.3732782,0],[37.8472539,47.3690929,0],[37.8499575,47.3675234,0],[37.8523179,47.3667967,0],[37.8548499,47.3659828,0],[37.8553649,47.364326,0],[37.8540774,47.3629598,0],[37.8520175,47.3617098,0],[37.8493138,47.3609249,0],[37.8438635,47.3594133,0],[37.8413876,47.3579313,0],[37.8403576,47.3564777,0],[37.8407439,47.3541228,0],[37.8419026,47.3528435,0],[37.8440055,47.3515933,0],[37.8478249,47.3506629,0],[37.852331,47.3515933,0],[37.8551205,47.3532215,0],[37.8570088,47.3551694,0],[37.8603133,47.3562742,0],[37.8631028,47.3560997,0],[37.8652485,47.353425,0],[37.8657635,47.3509537,0],[37.8658923,47.34729,0],[37.8624161,47.3432481,0],[37.85894,47.3414742,0],[37.8555926,47.3401947,0],[37.8517302,47.3404273,0],[37.8476962,47.3407472,0],[37.8425034,47.341765,0],[37.8359803,47.3419686,0],[37.8343924,47.3412125,0],[37.8330191,47.339264,0],[37.8324612,47.3375191,0],[37.8334483,47.3343781,0],[37.8333839,47.3316321,0],[37.8328689,47.3297997,0],[37.8322681,47.3272109,0],[37.8311093,47.3247674,0],[37.8296073,47.3227601,0],[37.8278907,47.3207528,0],[37.8283628,47.3188036,0],[37.8305514,47.3181636,0],[37.8332551,47.3168834,0],[37.8386688,47.3138073,0],[37.8398275,47.3127308,0],[37.8421879,47.3104612,0],[37.8430032,47.3085407,0],[37.8420162,47.306591,0],[37.8411579,47.3040593,0],[37.8393554,47.3007126,0],[37.8421879,47.2966671,0],[37.8427427,47.2912735,0],[37.8425281,47.2881006,0],[37.8426568,47.2832681,0],[37.8417556,47.278901,0],[37.8385274,47.2732045,0],[37.8372829,47.2680795,0],[37.8349655,47.2629539,0],[37.8339403,47.2503612,0],[37.8275435,47.2370027,0],[37.8248827,47.2268616,0],[37.8200168,47.2159212,0],[37.8130645,47.1994199,0],[37.8024215,47.1804342,0],[37.8014202,47.1757543,0],[37.8005619,47.1714075,0],[37.8037963,47.1608404,0],[37.8048263,47.1592063,0],[37.8091561,47.1489893,0],[37.8098856,47.1475007,0],[37.8108256,47.1454961,0],[37.8148965,47.131528,0],[37.8159265,47.1296886,0],[37.8176431,47.128404,0],[37.8187589,47.1268273,0],[37.8191022,47.1242869,0],[37.8197889,47.1218049,0],[37.8203897,47.1194687,0],[37.8220205,47.1180961,0],[37.826561,47.1172916,0],[37.8273405,47.1121164,0],[37.8278126,47.10645,0],[37.8371896,47.1070634,0],[37.8409018,47.101265,0]]]},"properties":{"name":"DPR control pre-invasion","styleUrl":"#poly-880E4F-1200-138-nodesc","fill-opacity":0.5411764705882353,"fill":"#880e4f","stroke-opacity":1,"stroke":"#880e4f","stroke-width":1.2}},{"type":"Feature","geometry":{"type":"Polygon","coordinates":[[[38.3890233,48.4302567,0],[38.4037947,48.4346755,0],[38.4013915,48.4403698,0],[38.4336014,48.4469452,0],[38.4328855,48.4312678,0],[38.4413486,48.4192569,0],[38.4364103,48.3945696,0],[38.4414979,48.3909496,0],[38.4494566,48.3761011,0],[38.456323,48.3806619,0],[38.4703992,48.3786096,0],[38.4741757,48.3701716,0],[38.4697125,48.3585385,0],[38.4631272,48.3510942,0],[38.4656164,48.3497252,0],[38.4628462,48.3462182,0],[38.4524843,48.346816,0],[38.4361986,48.3428683,0],[38.4431852,48.3167831,0],[38.4285142,48.3071843,0],[38.4346938,48.2966789,0],[38.4302308,48.2932527,0],[38.4292008,48.277261,0],[38.5438702,48.27132,0],[38.5589763,48.2747476,0],[38.5751123,48.2676637,0],[38.5895318,48.2571501,0],[38.5895319,48.2260539,0],[38.61198,48.2043934,0],[38.6111613,48.191048,0],[38.5981152,48.1789162,0],[38.6047478,48.17631,0],[38.6044903,48.1716737,0],[38.6513298,48.1567052,0],[38.6523599,48.1516663,0],[38.7784915,48.131349,0],[38.8197238,48.1182518,0],[38.805991,48.0751442,0],[38.8210973,48.0650499,0],[38.8402896,48.0159611,0],[38.9958785,48.0095992,0],[39.0076599,48.0063716,0],[39.0395663,48.0073023,0],[39.043772,47.9865107,0],[39.0381072,47.9566871,0],[39.0511534,47.954158,0],[39.0580199,47.9470296,0],[39.0738127,47.9526059,0],[39.0811305,47.9431085,0],[39.0909151,47.9378187,0],[39.0667114,47.897149,0],[39.0743921,47.8697507,0],[39.0831905,47.8695774,0],[39.0835338,47.8518406,0],[39.109798,47.851495,0],[39.1094547,47.8428548,0],[39.1485935,47.8420483,0],[39.1485935,47.8518406,0],[39.1607814,47.8516102,0],[39.1719394,47.846311,0],[39.1827541,47.8541444,0],[39.2363124,47.8541445,0],[39.2327075,47.8597885,0],[39.2376857,47.8616312,0],[39.2366557,47.8643953,0],[39.2423206,47.867044,0],[39.3513255,47.8671592,0],[39.3484073,47.871535,0],[39.3556171,47.8728017,0],[39.3875461,47.870729,0],[39.4115198,47.8285167,0],[39.4218784,47.8323693,0],[39.4279993,47.8363527,0],[39.4381862,47.839283,0],[39.4320064,47.8443525,0],[39.4402461,47.8558722,0],[39.4469409,47.8556419,0],[39.4464259,47.852647,0],[39.4512325,47.8525318,0],[39.4601589,47.8555267,0],[39.4663387,47.8593276,0],[39.4721751,47.858291,0],[39.477325,47.8600187,0],[39.5210986,47.8255699,0],[39.5343166,47.8328302,0],[39.5415263,47.8248784,0],[39.5624204,47.8370163,0],[39.6323352,47.8381308,0],[39.6436649,47.8354806,0],[39.6520763,47.8324845,0],[39.7382503,47.8269529,0],[39.7561031,47.8461958,0],[39.7629695,47.845159,0],[39.7629695,47.8714198,0],[39.7948985,47.8695774,0],[39.7936969,47.9193,0],[39.80125,47.9264322,0],[39.8009067,47.9349436,0],[39.8067432,47.9350586,0],[39.8058849,47.9502374,0],[39.8204761,47.9509273,0],[39.8231053,47.9578878,0],[39.8165279,47.9646073,0],[39.8161845,47.9723079,0],[39.8232228,47.9823054,0],[39.8165279,47.9835693,0],[39.8148113,47.9929903,0],[39.8175578,48.001261,0],[39.7919803,48.0117123,0],[39.7744708,48.040299,0],[39.8838191,48.0420206,0],[39.8838191,48.0486769,0],[39.8457104,48.0594628,0],[39.8338657,48.0666902,0],[39.8691207,48.0817553,0],[39.8739272,48.1078961,0],[39.8699146,48.1170257,0],[39.8793559,48.1206929,0],[39.888454,48.1307763,0],[39.8965221,48.1326094,0],[39.9061995,48.1509765,0],[39.9068862,48.1688396,0],[39.9092251,48.1795609,0],[39.9222714,48.1819646,0],[39.9370343,48.1804766,0],[39.9437148,48.228719,0],[40.0024371,48.223496,0],[40.0101619,48.2245252,0],[40.0063854,48.2415625,0],[40.0209766,48.2535652,0],[40.0132518,48.2669364,0],[40.0156552,48.2681933,0],[40.0135951,48.27025,0],[40.0091319,48.2699073,0],[39.9936824,48.3017763,0],[39.9938541,48.3122808,0],[39.9909358,48.3163906,0],[39.9861293,48.3170756,0],[39.9729114,48.3131942,0],[39.9720532,48.307714,0],[39.9653583,48.3050878,0],[39.9602084,48.301548,0],[39.9521404,48.3032609,0],[39.9497371,48.2975512,0],[39.9430423,48.2930972,0],[39.9351317,48.292717,0],[39.9351459,48.2838454,0],[39.9293094,48.2829315,0],[39.9329143,48.2805326,0],[39.9245029,48.2734494,0],[39.90974,48.27105,0],[39.9105983,48.2750489,0],[39.9160916,48.2828173,0],[39.9105983,48.2867011,0],[39.91077,48.2911556,0],[39.9007994,48.2940875,0],[39.8870808,48.3056587,0],[39.8867375,48.3095408,0],[39.8695712,48.3095408,0],[39.8400455,48.3106824,0],[39.8424345,48.3180654,0],[39.8393588,48.3291747,0],[39.8455386,48.329403,0],[39.8455386,48.333055,0],[39.8613315,48.3353374,0],[39.8781543,48.3335115,0],[39.9179797,48.341271,0],[39.919353,48.3474321,0],[39.9348026,48.3483448,0],[39.9409825,48.3451503,0],[39.9457889,48.3533644,0],[39.9341159,48.3565584,0],[39.9324827,48.3633672,0],[39.9447589,48.3850674,0],[39.9361758,48.3866634,0],[39.9289661,48.3764023,0],[39.9220996,48.3764023,0],[39.9169498,48.3823312,0],[39.9052768,48.3903113,0],[39.9170331,48.3980274,0],[39.9075084,48.4046723,0],[39.9105983,48.4104839,0],[39.9105983,48.4213077,0],[39.8975142,48.4284479,0],[39.8899989,48.4428345,0],[39.8984103,48.4440871,0],[39.9002608,48.4478083,0],[39.8872145,48.4514518,0],[39.8511656,48.4664785,0],[39.8460536,48.4773268,0],[39.8495757,48.502772,0],[39.8622787,48.5002697,0],[39.859532,48.5152819,0],[39.8605621,48.5330178,0],[39.8526656,48.5489294,0],[39.8554122,48.5655176,0],[39.8385893,48.575059,0],[39.807347,48.5882323,0],[39.7785079,48.5945906,0],[39.7561919,48.5839172,0],[39.7461189,48.5874917,0],[39.7232329,48.5861884,0],[39.7028603,48.5877188,0],[39.6942772,48.5860155,0],[39.6818753,48.5869609,0],[39.6761246,48.5883235,0],[39.6690007,48.5879829,0],[39.6578427,48.5862229,0],[39.6524354,48.583895,0],[39.6478005,48.5828729,0],[39.6403332,48.5813399,0],[39.6343251,48.5809992,0],[39.6288319,48.5826458,0],[39.6244546,48.5865067,0],[39.6210213,48.5866771,0],[39.6189614,48.5829297,0],[39.6179314,48.5788414,0],[39.6137257,48.5761157,0],[39.6121808,48.5739577,0],[39.6084901,48.5732194,0],[39.605486,48.5742984,0],[39.6010228,48.5750935,0],[39.5966103,48.5753133,0],[39.5969536,48.5790044,0],[39.5983269,48.5819003,0],[39.5990994,48.5847961,0],[39.6025326,48.5856478,0],[39.6046784,48.5882027,0],[39.6019318,48.5914387,0],[39.5969536,48.5927444,0],[39.5907738,48.5917793,0],[39.586654,48.5887704,0],[39.5814183,48.5854774,0],[39.5787575,48.5822978,0],[39.573436,48.5812757,0],[39.5663979,48.5825817,0],[39.5627072,48.58508,0],[39.5651105,48.5882027,0],[39.5668271,48.5899626,0],[39.567857,48.5924605,0],[39.5664837,48.5944474,0],[39.5640805,48.5972289,0],[39.559274,48.5993292,0],[39.5556691,48.598421,0],[39.5517209,48.5965478,0],[39.5494893,48.5934256,0],[39.548631,48.5893949,0],[39.548631,48.5874078,0],[39.5470002,48.5845122,0],[39.5422795,48.5834334,0],[39.5342972,48.584058,0],[39.530349,48.5863291,0],[39.5282891,48.5892814,0],[39.5291474,48.5917793,0],[39.5319798,48.5926309,0],[39.5343831,48.5939365,0],[39.5329239,48.5960369,0],[39.5300915,48.5972289,0],[39.5283749,48.5975695,0],[39.5245125,48.6016563,0],[39.5235864,48.6033568,0],[39.525303,48.6052298,0],[39.5265046,48.6065919,0],[39.5283929,48.6082945,0],[39.5289079,48.6093727,0],[39.5248738,48.614026,0],[39.5215264,48.6162958,0],[39.5187799,48.6186222,0],[39.5153466,48.6204946,0],[39.5128575,48.6235016,0],[39.5154325,48.6250901,0],[39.5170632,48.627019,0],[39.5175782,48.6302525,0],[39.5171491,48.6330888,0],[39.5126963,48.6347932,0],[39.5117093,48.6349634,0],[39.5075465,48.634935,0],[39.5037699,48.6339707,0],[39.5005942,48.6331766,0],[39.4966889,48.6329781,0],[39.4944144,48.6324108,0],[39.4917107,48.6311629,0],[39.4892216,48.630624,0],[39.4857026,48.6295178,0],[39.4826127,48.6287803,0],[39.4793082,48.6288938,0],[39.475875,48.6291207,0],[39.4722272,48.6286385,0],[39.4695235,48.6279861,0],[39.466219,48.6285534,0],[39.4651461,48.6297447,0],[39.4640732,48.6317869,0],[39.4648028,48.6339707,0],[39.4656182,48.6347648,0],[39.4675065,48.6360978,0],[39.468321,48.6379839,0],[39.464802,48.6388914,0],[39.4599096,48.6393451,0],[39.4555322,48.6394585,0],[39.4530432,48.6406496,0],[39.4517557,48.6428047,0],[39.4508116,48.6452433,0],[39.4490949,48.6485324,0],[39.4514124,48.6501201,0],[39.4539873,48.6529553,0],[39.4528715,48.6552233,0],[39.4472925,48.6564139,0],[39.4436876,48.6561871,0],[39.4399111,48.6553367,0],[39.4376795,48.6555635,0],[39.4333879,48.6570376,0],[39.4296114,48.6575479,0],[39.4258348,48.6577179,0],[39.4218008,48.6590219,0],[39.4203417,48.6588519,0],[39.4172518,48.6578313,0],[39.415106,48.6570943,0],[39.4117586,48.6576046,0],[39.4094923,48.6597138,0],[39.409664,48.6605075,0],[39.4108656,48.6618681,0],[39.4130114,48.663909,0],[39.4138697,48.665723,0],[39.4142989,48.6681038,0],[39.4132689,48.6699743,0],[39.4090632,48.6721849,0],[39.4046858,48.674282,0],[39.4011668,48.6747921,0],[39.3979052,48.6753022,0],[39.3956736,48.6764357,0],[39.3907812,48.6793827,0],[39.3902663,48.6811961,0],[39.3919829,48.6828395,0],[39.3902663,48.6851629,0],[39.386418,48.6849829,0],[39.3826844,48.6858045,0],[39.3768908,48.6872211,0],[39.3738438,48.6892609,0],[39.3705823,48.6915273,0],[39.3664195,48.6926604,0],[39.3628146,48.6946151,0],[39.3606259,48.6961447,0],[39.3571927,48.6973344,0],[39.3558144,48.6994591,0],[39.3527244,48.7045006,0],[39.352467,48.7070495,0],[39.3504928,48.7097682,0],[39.3474888,48.7126,0],[39.3504928,48.7129964,0],[39.3541836,48.7129398,0],[39.357531,48.7131663,0],[39.3618225,48.7151484,0],[39.3663715,48.7157148,0],[39.3709206,48.7149219,0],[39.3729805,48.7153183,0],[39.3745254,48.7175835,0],[39.3734955,48.7195089,0],[39.3698048,48.720245,0],[39.3655991,48.7213209,0],[39.3608784,48.7234159,0],[39.3571758,48.7246989,0],[39.354,48.7279262,0],[39.355545,48.7305305,0],[39.3588924,48.7330215,0],[39.3608665,48.7355689,0],[39.360094,48.7373237,0],[39.354,48.7405502,0],[39.3520259,48.7423614,0],[39.3479919,48.7467761,0],[39.3477733,48.7501445,0],[39.3466575,48.7524081,0],[39.3451125,48.7553507,0],[39.3450267,48.7571614,0],[39.3457992,48.7604432,0],[39.3477733,48.7615182,0],[39.350434,48.7625366,0],[39.3524081,48.7640076,0],[39.3544681,48.766214,0],[39.3529231,48.7684769,0],[39.3482024,48.7685901,0],[39.3450677,48.7684186,0],[39.3423211,48.7675135,0],[39.3386304,48.7664952,0],[39.3335664,48.7666083,0],[39.3266999,48.7684752,0],[39.3266999,48.770342,0],[39.3287598,48.7734532,0],[39.3269574,48.7761117,0],[39.32464,48.7765077,0],[39.319576,48.7761117,0],[39.3151986,48.7756027,0],[39.3109071,48.7745845,0],[39.306358,48.7706249,0],[39.3027531,48.7675135,0],[39.3003499,48.7654768,0],[39.2974316,48.7633835,0],[39.2928826,48.7610072,0],[39.2914235,48.7590269,0],[39.2889344,48.7557451,0],[39.2895352,48.7519537,0],[39.2857587,48.7496334,0],[39.281038,48.7489543,0],[39.2776906,48.7510482,0],[39.2761456,48.7537645,0],[39.2732274,48.7547265,0],[39.2699658,48.7524064,0],[39.2708241,48.7487279,0],[39.2707383,48.745785,0],[39.2695367,48.7434079,0],[39.2662751,48.7416533,0],[39.2600953,48.7428419,0],[39.2563187,48.7430117,0],[39.2540871,48.7406344,0],[39.2555463,48.7386533,0],[39.2575204,48.7359928,0],[39.257692,48.7332755,0],[39.2551925,48.7278785,0],[39.2523601,48.723632,0],[39.2521026,48.7213671,0],[39.2513301,48.7163273,0],[39.249356,48.7142885,0],[39.2473819,48.7114568,0],[39.2428329,48.7094179,0],[39.2382838,48.7106639,0],[39.2349365,48.7116268,0],[39.2304733,48.7111737,0],[39.2261817,48.7089648,0],[39.2239501,48.7072656,0],[39.2221477,48.7061895,0],[39.2163112,48.7041503,0],[39.2081437,48.6989921,0],[39.2053113,48.6984256,0],[39.2017922,48.6996719,0],[39.2000756,48.7013713,0],[39.199389,48.7035805,0],[39.1995606,48.7059595,0],[39.1981015,48.7071489,0],[39.1961274,48.7064126,0],[39.1947541,48.7044868,0],[39.1916642,48.7018245,0],[39.1890893,48.6994453,0],[39.1853127,48.6955363,0],[39.1839394,48.692477,0],[39.1835103,48.6892474,0],[39.1811928,48.685451,0],[39.175528,48.6822777,0],[39.170979,48.6804076,0],[39.1658292,48.6786508,0],[39.1628251,48.6764405,0],[39.1592202,48.6763272,0],[39.1560445,48.6770073,0],[39.1524396,48.6771206,0],[39.1489205,48.6762705,0],[39.1453156,48.6730399,0],[39.1411469,48.6676091,0],[39.140589,48.6659936,0],[39.1408036,48.6644063,0],[39.1417048,48.662649,0],[39.1414473,48.6614868,0],[39.1401599,48.6605797,0],[39.1378424,48.6604096,0],[39.1341088,48.6606931,0],[39.129431,48.6611183,0],[39.1244958,48.6609199,0],[39.1211913,48.6600978,0],[39.1188309,48.6584537,0],[39.1134774,48.6556122,0],[39.1097867,48.6528623,0],[39.1061818,48.6510761,0],[39.1028773,48.6505375,0],[39.1001736,48.6509344,0],[39.0972983,48.6512179,0],[39.0945946,48.6508777,0],[39.0888011,48.6507359,0],[39.0846812,48.6511328,0],[39.0793168,48.6520401,0],[39.0760123,48.651955,0],[39.0745103,48.651303,0],[39.0722358,48.6505658,0],[39.068588,48.6505091,0],[39.0621629,48.6490624,0],[39.0601888,48.6484953,0],[39.0569701,48.6476731,0],[39.0529361,48.6473328,0],[39.0497603,48.6473328,0],[39.044868,48.6465956,0],[39.0425505,48.6470493,0],[39.0409198,48.6475597,0],[39.0376582,48.64807,0],[39.0364566,48.6484103,0],[39.0355983,48.6495727,0],[39.0347829,48.6510754,0],[39.0335383,48.6524363,0],[39.0314355,48.65306,0],[39.0280452,48.6531734,0],[39.0256419,48.6545342,0],[39.0231023,48.6551185,0],[39.0209565,48.6563659,0],[39.0190253,48.6573298,0],[39.0163646,48.6571313,0],[39.0142188,48.6581235,0],[39.0130172,48.6590306,0],[39.0124163,48.6597676,0],[39.0118584,48.6605613,0],[39.010571,48.662007,0],[39.0111718,48.6633392,0],[39.0129313,48.6638494,0],[39.0178237,48.6634526,0],[39.019669,48.6628857,0],[39.0214715,48.6620353,0],[39.0236172,48.6615535,0],[39.0255914,48.6617519,0],[39.0274796,48.6624889,0],[39.0281234,48.6634242,0],[39.0276084,48.6643313,0],[39.0269646,48.6659752,0],[39.0266077,48.6675919,0],[39.0256635,48.6690374,0],[39.0242903,48.6702277,0],[39.0228311,48.671503,0],[39.0221445,48.6726366,0],[39.0211145,48.6746204,0],[39.020857,48.6757539,0],[39.0206854,48.6769157,0],[39.0205995,48.6784459,0],[39.0197412,48.6799477,0],[39.0183679,48.6805994,0],[39.0166513,48.6814495,0],[39.0154452,48.6825866,0],[39.0153594,48.6840883,0],[39.016046,48.6856749,0],[39.0166469,48.6870632,0],[39.0164323,48.6908595,0],[39.0162606,48.6935507,0],[39.0154703,48.6950776,0],[39.0149982,48.6955308,0],[39.0116508,48.6957291,0],[39.0090759,48.6958424,0],[39.0070589,48.6961257,0],[39.0042694,48.6968338,0],[39.0016515,48.6989016,0],[39.000533,48.7009929,0],[39.0001038,48.7022391,0],[38.9996747,48.7036553,0],[38.9996747,48.7054678,0],[38.9991849,48.7079128,0],[38.9997857,48.7096402,0],[38.9987987,48.7116792,0],[38.9970391,48.7119623,0],[38.99558,48.7116792,0],[38.993048,48.7105464,0],[38.9901298,48.7100933,0],[38.9869111,48.7107163,0],[38.9852374,48.7116508,0],[38.9848083,48.7129817,0],[38.9863532,48.7140295,0],[38.9884561,48.7148789,0],[38.9906447,48.7153603,0],[38.9953225,48.7154736,0],[38.9983735,48.7165646,0],[38.9994893,48.7199057,0],[38.9994035,48.7218875,0],[38.9985452,48.7242091,0],[38.9972577,48.7255679,0],[38.9950261,48.727493,0],[38.9915071,48.7321354,0],[38.9902484,48.7340455,0],[38.9891755,48.7353758,0],[38.9876735,48.7367061,0],[38.9867722,48.7374136,0],[38.9846265,48.7384326,0],[38.9834248,48.7396778,0],[38.9826953,48.7411778,0],[38.9826953,48.7424231,0],[38.9819657,48.744121,0],[38.9802491,48.7448285,0],[38.9770305,48.7451964,0],[38.975228,48.7449983,0],[38.9738118,48.7444323,0],[38.9710223,48.7438946,0],[38.9694344,48.7442342,0],[38.9676813,48.7455827,0],[38.9662221,48.7463185,0],[38.9644197,48.7467429,0],[38.9618448,48.7467712,0],[38.9597848,48.7460638,0],[38.9593986,48.7451016,0],[38.9589265,48.7432339,0],[38.9590553,48.7419038,0],[38.9597848,48.7391019,0],[38.9597419,48.7376585,0],[38.9597419,48.7363282,0],[38.9587549,48.7355074,0],[38.9564374,48.7345451,0],[38.9539913,48.7345451,0],[38.9503005,48.7348564,0],[38.9463094,48.734913,0],[38.9443353,48.7346866,0],[38.941975,48.7344035,0],[38.939443,48.7349696,0],[38.9372114,48.7354508,0],[38.9348939,48.7362433,0],[38.9332631,48.7373755,0],[38.9327053,48.7385076,0],[38.9336923,48.739668,0],[38.9344417,48.7422228,0],[38.9357292,48.7429303,0],[38.9377462,48.743468,0],[38.9390337,48.746213,0],[38.9372312,48.7472317,0],[38.934828,48.7471468,0],[38.932811,48.7462696,0],[38.9305365,48.7453924,0],[38.9280044,48.7452509,0],[38.9236271,48.7451094,0],[38.921138,48.7446,0],[38.9198076,48.7437227,0],[38.9172327,48.7434397,0],[38.9154732,48.7443453,0],[38.914057,48.7460715,0],[38.9124691,48.7474298,0],[38.9091217,48.7494672,0],[38.9054739,48.7504293,0],[38.9022123,48.7509103,0],[38.8982212,48.7507971,0],[38.8929855,48.7504859,0],[38.8873207,48.7503727,0],[38.8835441,48.750882,0],[38.88157,48.7522402,0],[38.8779652,48.7528626,0],[38.8752186,48.7526363,0],[38.8731586,48.7521836,0],[38.8695537,48.7517874,0],[38.8667213,48.7517309,0],[38.8630306,48.7517874,0],[38.8603699,48.7513913,0],[38.8591682,48.7496936,0],[38.853044,48.7503903,0],[38.8516707,48.7478153,0],[38.8500399,48.7450704,0],[38.8448146,48.7411955,0],[38.843613,48.7400351,0],[38.843098,48.7382804,0],[38.8443854,48.7372049,0],[38.8422477,48.7330243,0],[38.8406169,48.7303635,0],[38.8386428,48.727193,0],[38.8369262,48.7245319,0],[38.832463,48.7215875,0],[38.8275706,48.7163778,0],[38.8224208,48.7158115,0],[38.815726,48.7161513,0],[38.8055122,48.7145656,0],[38.7907728,48.7138684,0],[38.7847647,48.7142082,0],[38.7797865,48.7140383,0],[38.7664827,48.7149445,0],[38.7597879,48.7170398,0],[38.7378593,48.7219939,0],[38.7330528,48.7234661,0],[38.7296195,48.7233529,0],[38.7240405,48.7232963,0],[38.719234,48.7243155,0],[38.7106509,48.7255611,0],[38.7069602,48.725731,0],[38.702497,48.727656,0],[38.6981197,48.7294677,0],[38.6908241,48.729864,0],[38.6861034,48.7300339,0],[38.6815543,48.729864,0],[38.6759754,48.729128,0],[38.6758895,48.7278258,0],[38.6722846,48.7238625,0],[38.6628433,48.7237492,0],[38.6570068,48.7235794,0],[38.650312,48.7221638,0],[38.5819561,48.7146727,0],[38.5788662,48.7117844,0],[38.5746639,48.7087863,0],[38.5764664,48.6945114,0],[38.5743568,48.6913255,0],[38.5712239,48.6890308,0],[38.5672757,48.6887758,0],[38.5640142,48.6873309,0],[38.5590724,48.6852881,0],[38.5574845,48.6835882,0],[38.5549525,48.6810381,0],[38.5538796,48.6784879,0],[38.5500977,48.675212,0],[38.5473511,48.6745036,0],[38.5429737,48.6733984,0],[38.5386757,48.6739832,0],[38.5338692,48.67489,0],[38.5305218,48.6748333,0],[38.5271744,48.6742665,0],[38.5242562,48.6730196,0],[38.5202221,48.6719427,0],[38.5179047,48.6705257,0],[38.5128407,48.6670113,0],[38.5067467,48.665254,0],[38.5008244,48.6646305,0],[38.4960179,48.6629298,0],[38.4900097,48.6618527,0],[38.4823708,48.6609456,0],[38.471642,48.6614558,0],[38.465548,48.6612858,0],[38.4553716,48.6599282,0],[38.4503934,48.6586809,0],[38.4434412,48.6571501,0],[38.4363172,48.6544853,0],[38.4336565,48.6521606,0],[38.4337423,48.6487583,0],[38.4301374,48.644732,0],[38.4291074,48.6402517,0],[38.4286783,48.6380397,0],[38.432884,48.635771,0],[38.437948,48.6332752,0],[38.4445736,48.6272798,0],[38.4447453,48.6257765,0],[38.4456036,48.6242447,0],[38.4435866,48.6226561,0],[38.4425137,48.6212945,0],[38.4416983,48.6187696,0],[38.4402067,48.6127859,0],[38.4396917,48.6102322,0],[38.4348852,48.609835,0],[38.4289629,48.6083595,0],[38.4183199,48.6061461,0],[38.4117109,48.6052948,0],[38.4080202,48.6021732,0],[38.4058744,48.598654,0],[38.402979,48.5900953,0],[38.4003182,48.5866321,0],[38.3991166,48.5831686,0],[38.3998891,48.5781718,0],[38.4042665,48.5719818,0],[38.4037515,48.5634622,0],[38.407013,48.553805,0],[38.4091643,48.5443225,0],[38.4122542,48.5376169,0],[38.4100226,48.5309104,0],[38.4064055,48.5235101,0],[38.4082938,48.5188484,0],[38.4082079,48.5127649,0],[38.4083796,48.5065669,0],[38.4055472,48.4997994,0],[38.4021882,48.493628,0],[38.4020165,48.4833885,0],[38.399323,48.4709037,0],[38.3991513,48.4665787,0],[38.3974347,48.457586,0],[38.3965764,48.4498442,0],[38.3890233,48.4302567,0]]]},"properties":{"name":"LPR control pre-invasion","styleUrl":"#poly-880E4F-1200-143-nodesc","fill-opacity":0.5607843137254902,"fill":"#880e4f","stroke-opacity":1,"stroke":"#880e4f","stroke-width":1.2}},{"type":"Feature","geometry":{"type":"Polygon","coordinates":[[[39.6897853,48.5864752,0],[39.6868854,48.5877071,0],[39.6873146,48.5892968,0],[39.6848255,48.5901484,0],[39.6832805,48.5913974,0],[39.6822506,48.5927031,0],[39.6791607,48.5921921,0],[39.6792465,48.5905458,0],[39.6769291,48.5906593,0],[39.6753841,48.5922489,0],[39.6752983,48.5940087,0],[39.6766716,48.595655,0],[39.6807915,48.5964497,0],[39.6796757,48.5979255,0],[39.6765858,48.5980958,0],[39.6745258,48.5966767,0],[39.6709209,48.5954279,0],[39.668346,48.5969038,0],[39.6679169,48.6007069,0],[39.6712643,48.6041691,0],[39.6670585,48.6051907,0],[39.6639686,48.6052475,0],[39.6611362,48.6064961,0],[39.6613079,48.6099012,0],[39.6692901,48.6221009,0],[39.6731525,48.6249376,0],[39.6790748,48.6278309,0],[39.6855121,48.6314047,0],[39.6897178,48.6341842,0],[39.6927219,48.6361694,0],[39.694181,48.6385516,0],[39.6924644,48.6435992,0],[39.6901431,48.6452404,0],[39.6923747,48.6475087,0],[39.7004428,48.6527255,0],[39.7064509,48.657148,0],[39.7093692,48.6541997,0],[39.7131457,48.6554471,0],[39.7098842,48.6614568,0],[39.7116008,48.6674658,0],[39.7031894,48.6664454,0],[39.7021594,48.6713202,0],[39.7098842,48.6743809,0],[39.7126308,48.6774413,0],[39.716064,48.6801616,0],[39.7219005,48.6820884,0],[39.7191539,48.6854884,0],[39.7172656,48.6874149,0],[39.716064,48.6911545,0],[39.7177806,48.6950072,0],[39.7210422,48.6970467,0],[39.7167506,48.7023716,0],[39.7119441,48.699426,0],[39.7069659,48.7018052,0],[39.7052493,48.7103014,0],[39.7119441,48.7123403,0],[39.7121158,48.7153985,0],[39.7050777,48.7197022,0],[39.7086825,48.7221937,0],[39.7122874,48.7258175,0],[39.7186389,48.7292145,0],[39.7225871,48.7323849,0],[39.7232738,48.7347626,0],[39.7237887,48.7380458,0],[39.7263637,48.7400836,0],[39.7299686,48.7430268,0],[39.7347751,48.7451776,0],[39.7395816,48.7430268,0],[39.7359767,48.750837,0],[39.7327151,48.7529874,0],[39.7294327,48.7499067,0],[39.7243037,48.7518557,0],[39.7279086,48.7567222,0],[39.7303119,48.7598908,0],[39.7387233,48.7654354,0],[39.7440448,48.7692824,0],[39.7500529,48.7732421,0],[39.7526279,48.7712057,0],[39.7512546,48.7679246,0],[39.7598376,48.763625,0],[39.7668758,48.7643039,0],[39.7680774,48.7701875,0],[39.7623252,48.7743489,0],[39.7642135,48.7787608,0],[39.7721099,48.7830591,0],[39.7803497,48.7880357,0],[39.7849845,48.7954996,0],[39.7832679,48.802171,0],[39.7779464,48.8100851,0],[39.7803497,48.8133634,0],[39.7839546,48.8170936,0],[39.7829246,48.8219538,0],[39.7872161,48.8250053,0],[39.7935676,48.8239881,0],[39.7976875,48.8252313,0],[39.7973441,48.8287346,0],[39.7937393,48.8325767,0],[39.7932243,48.8364185,0],[39.7978591,48.8413898,0],[39.8045539,48.8421806,0],[39.8079871,48.8393561,0],[39.8252964,48.83518,0],[39.8870945,48.8209409,0],[39.9500942,48.7962956,0],[39.9614239,48.7961825,0],[39.9768734,48.7931292,0],[40.080652,48.870868,0],[40.0725615,48.8748953,0],[40.0574553,48.9030002,0],[40.0622618,48.908529,0],[40.0574553,48.9103342,0],[40.0426924,48.9121393,0],[40.0378859,48.9136059,0],[40.0288104,48.9153355,0],[40.0268995,48.9120265,0],[40.0198614,48.9093188,0],[40.0191972,48.9065354,0],[40.0172865,48.9028873,0],[40.0033819,48.9017589,0],[39.9929106,48.8685724,0],[39.9532568,48.8751211,0],[39.9453604,48.8804273,0],[39.9395239,48.8861843,0],[39.9340307,48.8909249,0],[39.9256193,48.8956651,0],[39.8524916,48.8903606,0],[39.8518049,48.8935208,0],[39.8483717,48.898825,0],[39.8439085,48.9022103,0],[39.8403036,48.9022103,0],[39.8360121,48.900969,0],[39.8342955,48.8990507,0],[39.8349821,48.8943108,0],[39.8351538,48.8913764,0],[39.8330939,48.887426,0],[39.8291456,48.8866358,0],[39.8253691,48.8884418,0],[39.8217642,48.8928436,0],[39.8185026,48.8964551,0],[39.8203909,48.8993892,0],[39.8203909,48.9034515,0],[39.816786,48.9079649,0],[39.8092329,48.911688,0],[39.7956717,48.9142828,0],[39.7900068,48.9134931,0],[39.7824537,48.9177799,0],[39.775759,48.9239839,0],[39.7759306,48.9280442,0],[39.7798788,48.9397722,0],[39.773699,48.9450715,0],[39.7755873,48.9471008,0],[39.7767889,48.9519484,0],[39.7673475,48.9556683,0],[39.765283,48.9607172,0],[39.7666563,48.9649999,0],[39.7606482,48.9680427,0],[39.7577299,48.9710853,0],[39.7567,48.9751418,0],[39.7515501,48.9772826,0],[39.7501768,48.981226,0],[39.7524084,48.9835918,0],[39.7529234,48.9871967,0],[39.746057,48.9877599,0],[39.7397055,48.9842677,0],[39.7336974,48.980888,0],[39.7283758,48.9770573,0],[39.723226,48.9768319,0],[39.7192778,48.9806626,0],[39.7168745,48.9849437,0],[39.7142996,48.9892243,0],[39.7094931,48.9942931,0],[39.7026266,48.9995865,0],[39.6961035,49.0004875,0],[39.6892371,48.997672,0],[39.677591,48.9899609,0],[39.6635146,49.0009986,0],[37.8760511,49.4467289,0],[37.8748495,49.4364042,0],[37.8794481,49.4349691,0],[37.8778154,49.4217158,0],[37.8773326,49.4203828,0],[37.8772146,49.4191196,0],[37.8759379,49.4187915,0],[37.8753049,49.4175143,0],[37.8770859,49.4174375,0],[37.8805513,49.416914,0],[37.8809161,49.4166209,0],[37.8807755,49.4159887,0],[37.8786094,49.4136684,0],[37.8793577,49.4135177,0],[37.8810744,49.4148021,0],[37.8960089,49.4038563,0],[37.8946356,49.3926287,0],[37.8919748,49.3795546,0],[37.9364724,49.3791013,0],[37.9382749,49.369433,0],[37.934241,49.3621108,0],[37.9385324,49.3557937,0],[37.9362676,49.3540026,0],[37.9338643,49.349362,0],[37.9255281,49.346203,0],[37.9223524,49.3454481,0],[37.9221378,49.3430715,0],[37.9210649,49.3394086,0],[37.9234682,49.3372834,0],[37.9249387,49.3353811,0],[37.930346,49.3326684,0],[37.9318051,49.3325845,0],[37.9361396,49.3336752,0],[37.9385643,49.3337871,0],[37.9515247,49.3333396,0],[37.9564171,49.3339549,0],[37.9577253,49.3309069,0],[37.9610778,49.3281948,0],[37.9652783,49.3226278,0],[37.963991,49.3161938,0],[37.9690549,49.3120532,0],[37.9698273,49.3029315,0],[37.9692266,49.3000211,0],[37.9670542,49.2949908,0],[37.9672259,49.2937594,0],[37.969715,49.2872656,0],[37.9728087,49.2850359,0],[37.9541834,49.2751812,0],[37.948347,49.2771411,0],[37.9448279,49.2771971,0],[37.9390343,49.2776731,0],[37.9380044,49.2766932,0],[37.9407939,49.2734173,0],[37.9439696,49.2720732,0],[37.9520006,49.2667459,0],[37.953164,49.2600743,0],[37.9525419,49.2580997,0],[37.9537932,49.253099,0],[37.9504052,49.2475096,0],[37.9507171,49.2469248,0],[37.9551487,49.2451633,0],[37.9556319,49.2430656,0],[37.9552568,49.237886,0],[37.9535883,49.2367098,0],[37.948064,49.237074,0],[37.9477638,49.2357012,0],[37.9384299,49.2372845,0],[37.9320995,49.2394276,0],[37.9234008,49.2411771,0],[37.9209674,49.2424781,0],[37.9160157,49.2416616,0],[37.9128827,49.2426003,0],[37.9048852,49.2423091,0],[37.8997783,49.2429535,0],[37.8952292,49.2478282,0],[37.894554,49.2487088,0],[37.8910462,49.2494492,0],[37.8886429,49.2496173,0],[37.884051,49.2481606,0],[37.8800598,49.2472641,0],[37.8776995,49.2464237,0],[37.8788356,49.2434858,0],[37.8793507,49.2398154,0],[37.8861312,49.2286065,0],[37.877258,49.2258755,0],[37.8776327,49.2242044,0],[37.8788163,49.2214152,0],[37.8813127,49.2208126,0],[37.8827653,49.2194951,0],[37.8840774,49.2196172,0],[37.8897417,49.2184391,0],[37.8896245,49.2110794,0],[37.8978961,49.2121044,0],[37.8996349,49.2129708,0],[37.9087402,49.2141411,0],[37.9158119,49.2027949,0],[37.9176372,49.2026838,0],[37.923947,49.2052133,0],[37.9353287,49.1920552,0],[37.9142836,49.1865036,0],[37.9111683,49.1850996,0],[37.9080045,49.1833986,0],[37.9054782,49.1794316,0],[37.8937193,49.1755602,0],[37.9038473,49.1661887,0],[37.8945358,49.1607792,0],[37.8925205,49.1604206,0],[37.8957386,49.159626,0],[37.9008193,49.157596,0],[37.9027936,49.1549577,0],[37.9081022,49.152028,0],[37.9106308,49.1516638,0],[37.9132056,49.1502042,0],[37.9175831,49.1481831,0],[37.9191281,49.1454882,0],[37.9446199,49.1382449,0],[37.9532887,49.1416702,0],[37.9593827,49.1359987,0],[37.9736306,49.1343702,0],[37.9783078,49.1327889,0],[37.9827285,49.130102,0],[37.992744,49.1302523,0],[38.0375965,49.1254807,0],[38.0391414,49.1263794,0],[38.0401494,49.1365042,0],[38.0442693,49.1492499,0],[38.0526371,49.1483988,0],[38.0580022,49.1487446,0],[38.0679585,49.1464989,0],[38.0804899,49.1480709,0],[38.0815725,49.1436867,0],[38.0829458,49.142283,0],[38.0845767,49.1352639,0],[38.0679928,49.0962861,0],[38.0623279,49.0635101,0],[38.0530582,49.0600794,0],[38.0526291,49.0584484,0],[38.0732284,49.0394906,0],[38.0847482,49.0190516,0],[38.0876664,49.0175318,0],[38.0902676,49.0144594,0],[38.0898721,49.0126052,0],[38.0989365,48.9997646,0],[38.0991774,48.99256,0],[38.0978043,48.9919405,0],[38.0806888,48.9920016,0],[38.0715151,48.9903808,0],[38.0620309,48.9880309,0],[38.0537726,48.9848816,0],[38.0516522,48.9838401,0],[38.0514047,48.981876,0],[38.0514551,48.9814456,0],[38.0523625,48.9791336,0],[38.0575062,48.9758403,0],[38.0578981,48.9750896,0],[38.0575972,48.9742286,0],[38.0534763,48.9706758,0],[38.0531739,48.9692606,0],[38.0541568,48.9645994,0],[38.0299027,48.9738692,0],[38.0053821,48.9463908,0],[38.0070829,48.9448191,0],[38.0081704,48.9443113,0],[38.0089077,48.9434367,0],[38.0195042,48.9431264,0],[38.0388128,48.9436301,0],[38.0397248,48.9428268,0],[38.0401784,48.9379425,0],[38.044502,48.9348383,0],[38.0458235,48.9362682,0],[38.04944,48.9378946,0],[38.0549501,48.9397103,0],[38.0580947,48.9390406,0],[38.0636695,48.936678,0],[38.0708002,48.938467,0],[38.0761953,48.9386018,0],[38.0812582,48.9398434,0],[38.0921587,48.939773,0],[38.0941116,48.9379476,0],[38.0952057,48.9349947,0],[38.1075357,48.9329979,0],[38.110969,48.9331671,0],[38.1150516,48.9319725,0],[38.116258,48.9308127,0],[38.1163667,48.9288201,0],[38.1179435,48.9272004,0],[38.1200139,48.9266488,0],[38.1252446,48.9266559,0],[38.1280501,48.9263879,0],[38.1309675,48.9252161,0],[38.1323894,48.9235956,0],[38.1367154,48.9254655,0],[38.1381773,48.9271335,0],[38.139497,48.9298517,0],[38.1400656,48.9310244,0],[38.1414937,48.9323663,0],[38.142836,48.9328738,0],[38.1445354,48.9327224,0],[38.1472412,48.9325973,0],[38.1529402,48.9309116,0],[38.1556868,48.9307425,0],[38.1640123,48.9303477,0],[38.167829,48.9311539,0],[38.1709646,48.9307425,0],[38.1804918,48.9287124,0],[38.1852696,48.9292795,0],[38.187158,48.9287156,0],[38.1914782,48.927923,0],[38.1952689,48.927898,0],[38.1974133,48.927694,0],[38.2055248,48.9293573,0],[38.2162416,48.9320155,0],[38.2178282,48.9332799,0],[38.2238068,48.9345172,0],[38.223379,48.9323634,0],[38.2249239,48.929544,0],[38.2262972,48.9233408,0],[38.227723,48.8998904,0],[38.2272246,48.8983208,0],[38.2279124,48.8684206,0],[38.2294134,48.8673621,0],[38.2289976,48.8592471,0],[38.2256085,48.8588353,0],[38.2264521,48.8560971,0],[38.2216658,48.838927,0],[38.2432076,48.8404664,0],[38.2432776,48.8416354,0],[38.253248,48.8416117,0],[38.2583312,48.842088,0],[38.27215,48.8326536,0],[38.2730319,48.824038,0],[38.2919969,48.8274342,0],[38.3134582,48.8284454,0],[38.3169534,48.8140057,0],[38.2887389,48.8122828,0],[38.2816149,48.8025601,0],[38.2772598,48.8019833,0],[38.2811822,48.7929544,0],[38.2828988,48.7845853,0],[38.2825591,48.7738331,0],[38.2766132,48.7721636,0],[38.2663223,48.7533899,0],[38.2644111,48.751562,0],[38.282044,48.7380711,0],[38.3063478,48.7383227,0],[38.3196853,48.735023,0],[38.3260117,48.7295681,0],[38.32588,48.7136393,0],[38.3045939,48.7104678,0],[38.3150654,48.7037843,0],[38.3100871,48.6890547,0],[38.3147221,48.6855416,0],[38.3006059,48.6815356,0],[38.291891,48.6833883,0],[38.2855397,48.6815749,0],[38.2892762,48.6726944,0],[38.2591086,48.6667935,0],[38.2597759,48.6572957,0],[38.2476027,48.6577683,0],[38.2385046,48.6558406,0],[38.238333,48.651985,0],[38.2307801,48.6526654,0],[38.2330117,48.6398493,0],[38.2627322,48.6423167,0],[38.2786967,48.5466642,0],[38.2760987,48.5418628,0],[38.2882463,48.5339801,0],[38.3210738,48.5087793,0],[38.3196955,48.5085734,0],[38.3126624,48.5065047,0],[38.3119758,48.5008179,0],[38.3093861,48.4981947,0],[38.2972079,48.4929904,0],[38.3118041,48.4671385,0],[38.3202156,48.4642929,0],[38.3121476,48.4552998,0],[38.3459649,48.4370811,0],[38.3518012,48.4412947,0],[38.3574662,48.4409531,0],[38.363474,48.4433445,0],[38.3770353,48.4403837,0],[38.3823569,48.4291084,0],[38.3892033,48.4309922,0],[38.396596,48.4498582,0],[38.3994483,48.4655345,0],[38.3997916,48.4721359,0],[38.4015082,48.4845395,0],[38.4022079,48.493642,0],[38.4083992,48.5065809,0],[38.4083135,48.5188624,0],[38.4064251,48.5235241,0],[38.4122738,48.5376309,0],[38.409184,48.5443365,0],[38.4096544,48.5495808,0],[38.4037712,48.5634762,0],[38.4042862,48.5719958,0],[38.3999088,48.5781858,0],[38.3991363,48.5831826,0],[38.4003379,48.5866461,0],[38.4029986,48.5901093,0],[38.4080398,48.6021872,0],[38.4117306,48.6053088,0],[38.4183395,48.6061601,0],[38.4349048,48.609849,0],[38.4397113,48.6102462,0],[38.4425334,48.6213085,0],[38.4436063,48.6226701,0],[38.4466868,48.6243531,0],[38.4447649,48.6257905,0],[38.4445933,48.6272938,0],[38.4379677,48.6332892,0],[38.428698,48.6380537,0],[38.430157,48.644746,0],[38.433762,48.6487723,0],[38.4336762,48.6521746,0],[38.4363368,48.6544993,0],[38.4434608,48.6571641,0],[38.4533816,48.659629,0],[38.4655677,48.6612998,0],[38.4716617,48.6614698,0],[38.4823905,48.6609596,0],[38.4960376,48.6629439,0],[38.5000735,48.6639376,0],[38.5067664,48.6652681,0],[38.5128604,48.6670254,0],[38.5202417,48.6719568,0],[38.5242759,48.6730337,0],[38.5292559,48.6744806,0],[38.5338889,48.6749041,0],[38.5429934,48.6734125,0],[38.5505419,48.6759542,0],[38.5538796,48.6784879,0],[38.5549525,48.6810381,0],[38.5590724,48.6852881,0],[38.5672757,48.6887758,0],[38.5712239,48.6890308,0],[38.5743568,48.6913255,0],[38.5764664,48.6945114,0],[38.5746639,48.7087863,0],[38.5788662,48.7117844,0],[38.5819561,48.7146727,0],[38.6490253,48.7214707,0],[38.6570068,48.7235794,0],[38.6722846,48.7238625,0],[38.6758895,48.7278258,0],[38.6759754,48.729128,0],[38.6837009,48.7299636,0],[38.6981197,48.7294677,0],[38.7069602,48.725731,0],[38.7106509,48.7255611,0],[38.725243,48.7230562,0],[38.7330528,48.7234661,0],[38.7367443,48.722037,0],[38.7591924,48.7174142,0],[38.7658014,48.7148092,0],[38.7797865,48.7140383,0],[38.7847647,48.7142082,0],[38.7900057,48.7141296,0],[38.8055122,48.7145656,0],[38.815726,48.7161513,0],[38.8224208,48.7158115,0],[38.8275706,48.7163778,0],[38.832463,48.7215875,0],[38.836955,48.7241525,0],[38.8443854,48.7372049,0],[38.843098,48.7382804,0],[38.843613,48.7400351,0],[38.8459673,48.7418719,0],[38.8500399,48.7450704,0],[38.853044,48.7503903,0],[38.8591682,48.7496936,0],[38.8603699,48.7513913,0],[38.8630306,48.7517874,0],[38.8689178,48.7515527,0],[38.8731586,48.7521836,0],[38.8752186,48.7526363,0],[38.8779652,48.7528626,0],[38.88157,48.7522402,0],[38.8835441,48.750882,0],[38.8873207,48.7503727,0],[38.8929855,48.7504859,0],[38.9022123,48.7509103,0],[38.9054739,48.7504293,0],[38.9091217,48.7494672,0],[38.9118331,48.7478176,0],[38.914057,48.7460715,0],[38.9154732,48.7443453,0],[38.9172327,48.7434397,0],[38.9198076,48.7437227,0],[38.921138,48.7446,0],[38.9236271,48.7451094,0],[38.9305365,48.7453924,0],[38.934828,48.7471468,0],[38.9372312,48.7472317,0],[38.9390337,48.746213,0],[38.9377462,48.743468,0],[38.9357292,48.7429303,0],[38.9344417,48.7422228,0],[38.9336923,48.739668,0],[38.9327053,48.7385076,0],[38.9332631,48.7373755,0],[38.9348939,48.7362433,0],[38.9372114,48.7354508,0],[38.941975,48.7344035,0],[38.9463094,48.734913,0],[38.9495986,48.7347426,0],[38.9539913,48.7345451,0],[38.9564374,48.7345451,0],[38.9587549,48.7355074,0],[38.9597419,48.7363282,0],[38.9597266,48.7394975,0],[38.95904,48.7413654,0],[38.9586108,48.7437426,0],[38.9597848,48.7460638,0],[38.9618448,48.7467712,0],[38.9644197,48.7467429,0],[38.9662221,48.7463185,0],[38.9676813,48.7455827,0],[38.9694344,48.7442342,0],[38.9710223,48.7438946,0],[38.9736312,48.7440822,0],[38.975228,48.7449983,0],[38.9770305,48.7451964,0],[38.9802491,48.7448285,0],[38.9819657,48.744121,0],[38.9826953,48.7424231,0],[38.9828151,48.7407994,0],[38.9834248,48.7396778,0],[38.9846265,48.7384326,0],[38.9867722,48.7374136,0],[38.989939,48.734969,0],[38.9950261,48.727493,0],[38.9990674,48.7237031,0],[38.9999257,48.7218345,0],[38.9994893,48.7199057,0],[38.9983735,48.7165646,0],[38.9953225,48.7154736,0],[38.9913427,48.7155489,0],[38.9884561,48.7148789,0],[38.9858495,48.7136234,0],[38.9848083,48.7129817,0],[38.9852374,48.7116508,0],[38.9862787,48.7108483,0],[38.9901298,48.7100933,0],[38.993048,48.7105464,0],[38.99558,48.7116792,0],[38.9970391,48.7119623,0],[38.9987987,48.7116792,0],[38.9997857,48.7096402,0],[38.9991849,48.7079128,0],[38.9996747,48.7054678,0],[38.9996747,48.7036553,0],[39.0004407,48.7015591,0],[39.0016515,48.6989016,0],[39.0042694,48.6968338,0],[39.0065347,48.6963473,0],[39.0090759,48.6958424,0],[39.0149982,48.6955308,0],[39.0165769,48.6941378,0],[39.0173494,48.6869421,0],[39.0154611,48.6844489,0],[39.0154452,48.6825866,0],[39.0166513,48.6814495,0],[39.0197412,48.6799477,0],[39.0212117,48.6784986,0],[39.0211145,48.6746204,0],[39.0235292,48.671074,0],[39.0256635,48.6690374,0],[39.0266077,48.6675919,0],[39.0268766,48.6649521,0],[39.0281234,48.6634242,0],[39.0274796,48.6624889,0],[39.0255914,48.6617519,0],[39.0236172,48.6615535,0],[39.0214715,48.6620353,0],[39.019669,48.6628857,0],[39.0178237,48.6634526,0],[39.0129313,48.6638494,0],[39.0111718,48.6633392,0],[39.010571,48.662007,0],[39.0130172,48.6590306,0],[39.0163646,48.6571313,0],[39.0190253,48.6573298,0],[39.0198489,48.6565535,0],[39.0231023,48.6551185,0],[39.0256419,48.6545342,0],[39.0280452,48.6531734,0],[39.0314355,48.65306,0],[39.0335383,48.6524363,0],[39.0364566,48.6484103,0],[39.0409198,48.6475597,0],[39.044868,48.6465956,0],[39.0490239,48.647377,0],[39.0529361,48.6473328,0],[39.0569701,48.6476731,0],[39.068588,48.6505091,0],[39.0722358,48.6505658,0],[39.0760123,48.651955,0],[39.0793168,48.6520401,0],[39.0888011,48.6507359,0],[39.0951096,48.6508636,0],[39.0972983,48.6512179,0],[39.1028773,48.6505375,0],[39.1061818,48.6510761,0],[39.1104861,48.6537186,0],[39.1139743,48.6560057,0],[39.1188309,48.6584537,0],[39.1212111,48.6601118,0],[39.1244958,48.6609199,0],[39.129431,48.6611183,0],[39.1310855,48.6609757,0],[39.1362353,48.6598419,0],[39.1401599,48.6605797,0],[39.1417048,48.662649,0],[39.140589,48.6659936,0],[39.1412135,48.6683452,0],[39.1453156,48.6730399,0],[39.1489205,48.6762705,0],[39.1524396,48.6771206,0],[39.1560445,48.6770073,0],[39.1592202,48.6763272,0],[39.1628251,48.6764405,0],[39.1646866,48.6787342,0],[39.175528,48.6822777,0],[39.1811928,48.685451,0],[39.1835103,48.6892474,0],[39.1830544,48.6916538,0],[39.1853127,48.6955363,0],[39.1897492,48.7003784,0],[39.1947541,48.7044868,0],[39.1961274,48.7064126,0],[39.1981015,48.7071489,0],[39.1995606,48.7059595,0],[39.199389,48.7035805,0],[39.2000756,48.7013713,0],[39.2017922,48.6996719,0],[39.2053113,48.6984256,0],[39.2081437,48.6989921,0],[39.2163112,48.7041503,0],[39.2221477,48.7061895,0],[39.2261817,48.7089648,0],[39.2304733,48.7111737,0],[39.2349365,48.7116268,0],[39.2428329,48.7094179,0],[39.2473819,48.7114568,0],[39.2482857,48.7140853,0],[39.2513301,48.7163273,0],[39.2523601,48.723632,0],[39.2551522,48.7266562,0],[39.257692,48.7332755,0],[39.2575204,48.7359928,0],[39.2540871,48.7406344,0],[39.2563187,48.7430117,0],[39.2600953,48.7428419,0],[39.2662751,48.7416533,0],[39.2695367,48.7434079,0],[39.2707383,48.745785,0],[39.2708241,48.7487279,0],[39.2699658,48.7524064,0],[39.2732274,48.7547265,0],[39.2761456,48.7537645,0],[39.2776906,48.7510482,0],[39.2821779,48.7486461,0],[39.2857587,48.7496334,0],[39.2895352,48.7519537,0],[39.2889344,48.7557451,0],[39.2928826,48.7610072,0],[39.2948808,48.7622268,0],[39.3003499,48.7654768,0],[39.3109071,48.7745845,0],[39.3151986,48.7756027,0],[39.3244066,48.7772744,0],[39.3269574,48.7761117,0],[39.3287598,48.7734532,0],[39.3277481,48.7705828,0],[39.3266999,48.7684752,0],[39.3335664,48.7666083,0],[39.3386304,48.7664952,0],[39.3464591,48.7682069,0],[39.3529231,48.7684769,0],[39.3544681,48.766214,0],[39.3524081,48.7640076,0],[39.350434,48.7625366,0],[39.3457992,48.7604432,0],[39.3451125,48.7553507,0],[39.3477733,48.7501445,0],[39.3479919,48.7467761,0],[39.354,48.7405502,0],[39.360094,48.7373237,0],[39.3608665,48.7355689,0],[39.3588924,48.7330215,0],[39.355545,48.7305305,0],[39.354,48.7279262,0],[39.3571758,48.7246989,0],[39.3608784,48.7234159,0],[39.3655991,48.7213209,0],[39.3734955,48.7195089,0],[39.3745254,48.7175835,0],[39.3729805,48.7153183,0],[39.3709206,48.7149219,0],[39.3674018,48.7160208,0],[39.3618225,48.7151484,0],[39.357531,48.7131663,0],[39.3553855,48.7126228,0],[39.3504928,48.7129964,0],[39.3474888,48.7126,0],[39.352467,48.7070495,0],[39.3527244,48.7045006,0],[39.3571927,48.6973344,0],[39.3606259,48.6961447,0],[39.3628146,48.6946151,0],[39.3664195,48.6926604,0],[39.3705823,48.6915273,0],[39.3769107,48.6872352,0],[39.386418,48.6849829,0],[39.3902663,48.6851629,0],[39.3919829,48.6828395,0],[39.3902663,48.6811961,0],[39.3907812,48.6793827,0],[39.3979052,48.6753022,0],[39.4046858,48.674282,0],[39.4132689,48.6699743,0],[39.4142989,48.6681038,0],[39.4138697,48.665723,0],[39.4127453,48.6642855,0],[39.409664,48.6605075,0],[39.4094923,48.6597138,0],[39.4117586,48.6576046,0],[39.415106,48.6570943,0],[39.4203417,48.6588519,0],[39.4218008,48.6590219,0],[39.4258348,48.6577179,0],[39.4296114,48.6575479,0],[39.4339455,48.6570288,0],[39.4376795,48.6555635,0],[39.4396108,48.6554788,0],[39.4436876,48.6561871,0],[39.4472925,48.6564139,0],[39.4528715,48.6552233,0],[39.4539873,48.6529553,0],[39.4514124,48.6501201,0],[39.4490949,48.6485324,0],[39.4514451,48.6440413,0],[39.4530432,48.6406496,0],[39.4555322,48.6394585,0],[39.4599096,48.6393451,0],[39.464802,48.6388914,0],[39.468321,48.6379839,0],[39.4675065,48.6360978,0],[39.4648028,48.6339707,0],[39.4640732,48.6317869,0],[39.466219,48.6285534,0],[39.4695235,48.6279861,0],[39.475875,48.6291207,0],[39.4826127,48.6287803,0],[39.4857026,48.6295178,0],[39.4892216,48.630624,0],[39.4917107,48.6311629,0],[39.4966889,48.6329781,0],[39.5005942,48.6331766,0],[39.5075465,48.634935,0],[39.5141015,48.6347397,0],[39.5175347,48.6322439,0],[39.5170831,48.6270331,0],[39.5154525,48.6251042,0],[39.5128774,48.6235157,0],[39.5153666,48.6205087,0],[39.5187799,48.6186222,0],[39.5248938,48.6140401,0],[39.5302377,48.609549,0],[39.5236063,48.6033709,0],[39.5283948,48.5975836,0],[39.5301115,48.597243,0],[39.5329438,48.596051,0],[39.534403,48.5939506,0],[39.5331559,48.5921804,0],[39.5291673,48.5917934,0],[39.5283494,48.5900231,0],[39.530369,48.5863432,0],[39.5343171,48.5840721,0],[39.5422995,48.5834475,0],[39.5470202,48.5845263,0],[39.5486509,48.5874219,0],[39.5485651,48.5900334,0],[39.5495092,48.5934397,0],[39.5517409,48.5965619,0],[39.5556891,48.5984351,0],[39.5592939,48.5993433,0],[39.5641004,48.597243,0],[39.567877,48.5924746,0],[39.5681748,48.5904773,0],[39.5627272,48.5850941,0],[39.5664179,48.5825958,0],[39.573436,48.5812757,0],[39.5776162,48.5824151,0],[39.5814383,48.5854915,0],[39.5907937,48.5917934,0],[39.5969736,48.5927585,0],[39.6019518,48.5914528,0],[39.6046984,48.5882168,0],[39.6025526,48.5856619,0],[39.5991194,48.5848102,0],[39.5969536,48.5790044,0],[39.5966103,48.5753133,0],[39.6010228,48.5750935,0],[39.605486,48.5742984,0],[39.6084901,48.5732194,0],[39.6121808,48.5739577,0],[39.6137257,48.5761157,0],[39.6179514,48.5788555,0],[39.6189814,48.5829438,0],[39.6210413,48.5866912,0],[39.6244746,48.5865208,0],[39.6288319,48.5826458,0],[39.6343251,48.5809992,0],[39.6403332,48.5813399,0],[39.6524354,48.583895,0],[39.6578427,48.5862229,0],[39.6690007,48.5879829,0],[39.6761446,48.5883376,0],[39.6818953,48.586975,0],[39.6897853,48.5864752,0]]]},"properties":{"name":"Russian-controlled Luhansk Oblast - South","styleUrl":"#poly-A52714-1200-115-nodesc","fill-opacity":0.45098039215686275,"fill":"#a52714","stroke-opacity":1,"stroke":"#a52714","stroke-width":1.2}},{"type":"Feature","geometry":{"type":"Polygon","coordinates":[[[37.8760511,49.4467289,0],[39.6635146,49.0009986,0],[39.6713273,49.0034062,0],[39.6790521,49.0132025,0],[39.6713273,49.0156794,0],[39.6711556,49.0168052,0],[39.6764772,49.021646,0],[39.6761338,49.0265989,0],[39.682657,49.030876,0],[39.6809403,49.0330144,0],[39.6840303,49.0334646,0],[39.6819703,49.0385288,0],[39.6780221,49.0366157,0],[39.6713273,49.0399917,0],[39.6926973,49.0505258,0],[39.7134622,49.0469161,0],[39.7299416,49.0439906,0],[39.7412713,49.0428654,0],[39.7773202,49.0446657,0],[39.8087403,49.0611002,0],[39.8149202,49.0563758,0],[39.8787781,49.0637998,0],[39.9094994,49.0570413,0],[39.939203,49.0552509,0],[39.9429796,49.0687485,0],[39.9395463,49.0835916,0],[39.997262,49.1449753,0],[40.0309076,49.1773048,0],[40.0782488,49.1864713,0],[40.0954149,49.2041954,0],[40.1151714,49.2101511,0],[40.1239107,49.2324511,0],[40.1376435,49.2398488,0],[40.1749096,49.2375067,0],[40.2087116,49.2407454,0],[40.2214144,49.2492623,0],[40.2279375,49.2604666,0],[40.184866,49.2843347,0],[40.1810894,49.3020237,0],[40.1900158,49.3094109,0],[40.1876125,49.319035,0],[40.1920757,49.3317896,0],[40.1967338,49.3387723,0],[40.2005104,49.3456507,0],[40.1807693,49.3518572,0],[40.1762203,49.3561063,0],[40.1696113,49.3564417,0],[40.1594833,49.3667273,0],[40.16239,49.3678656,0],[40.1586563,49.3714147,0],[40.1569826,49.3701572,0],[40.1540215,49.3714706,0],[40.1556952,49.372784,0],[40.1470588,49.3770022,0],[40.1226829,49.3839311,0],[40.0794243,49.4089566,0],[40.0514043,49.4466445,0],[40.0321782,49.4533405,0],[40.0424779,49.4990716,0],[40.0380146,49.5211411,0],[40.1676174,49.5687013,0],[40.1401516,49.5951903,0],[40.1370617,49.6172164,0],[40.063764,49.5986398,0],[40.0574108,49.6060933,0],[39.9538604,49.5972972,0],[39.9346343,49.5737037,0],[39.8893559,49.557679,0],[39.8687164,49.5603438,0],[39.8440373,49.562801,0],[39.8073017,49.5574562,0],[39.7506535,49.5984174,0],[39.7204009,49.6061974,0],[39.6950352,49.6048701,0],[39.6837055,49.6135465,0],[39.6586429,49.6148812,0],[39.6373569,49.6351196,0],[39.612981,49.6933415,0],[39.590665,49.7195409,0],[39.6081744,49.7344105,0],[39.5336334,49.7364,0],[39.4773284,49.7563661,0],[39.447116,49.7599147,0],[39.4114105,49.754148,0],[39.380208,49.7388484,0],[39.359952,49.741067,0],[39.3125735,49.7517156,0],[39.2886835,49.7554246,0],[39.272748,49.7683494,0],[39.2624483,49.7696798,0],[39.2511187,49.7778835,0],[39.2481714,49.7891272,0],[39.229146,49.8055883,0],[39.2260561,49.8399202,0],[39.2040835,49.8691385,0],[39.1948138,49.8737852,0],[39.1903506,49.8828561,0],[39.1834841,49.8879438,0],[39.1680346,49.8835197,0],[39.1334885,49.862209,0],[39.1220293,49.850547,0],[39.1089831,49.8377059,0],[39.0736208,49.821982,0],[39.067441,49.8155581,0],[39.0392884,49.8230895,0],[39.020749,49.8213175,0],[38.9833269,49.8080255,0],[38.9755601,49.8068485,0],[38.9489946,49.7960596,0],[38.9433298,49.7997162,0],[38.9222154,49.8069177,0],[38.9182673,49.8140074,0],[38.9089974,49.8196562,0],[38.9067659,49.8266333,0],[38.9144906,49.8343844,0],[38.9041856,49.8468257,0],[38.9160356,49.858737,0],[38.9124253,49.8625415,0],[38.9034989,49.8671889,0],[38.8933763,49.8694704,0],[38.8815263,49.8702869,0],[38.8726052,49.8669256,0],[38.8645372,49.8658191,0],[38.8568124,49.8684746,0],[38.8505679,49.8679448,0],[38.8415344,49.8653765,0],[38.8337451,49.8699364,0],[38.8317498,49.8772146,0],[38.795186,49.8839621,0],[38.7896927,49.8787633,0],[38.7770969,49.8825477,0],[38.7694368,49.8966803,0],[38.747464,49.8971227,0],[38.7317783,49.906876,0],[38.7201699,49.927743,0],[38.6896141,49.941223,0],[38.6854942,49.9617673,0],[38.6999138,49.9741338,0],[38.7225732,49.9816405,0],[38.7136153,49.9930303,0],[38.6985091,49.9972237,0],[38.6820609,50.009008,0],[38.6793144,50.0032709,0],[38.6762245,49.9884838,0],[38.6775979,49.9736922,0],[38.6662682,49.9717049,0],[38.6473855,49.9555828,0],[38.6133966,49.9767835,0],[38.5800628,49.9764738,0],[38.5292824,49.9569083,0],[38.5114295,49.9628717,0],[38.4887702,49.9648593,0],[38.4825904,49.9712633,0],[38.4839636,49.9776666,0],[38.4788139,49.979212,0],[38.4784706,49.9838481,0],[38.4640511,49.9842897,0],[38.4685143,49.9957676,0],[38.4331467,50.0022095,0],[38.4180457,49.9814198,0],[38.3977898,49.9917948,0],[38.3490379,50.0056982,0],[38.3521277,50.0321698,0],[38.3466347,50.0376829,0],[38.335617,50.0552318,0],[38.333557,50.0600811,0],[38.3274084,50.08551,0],[38.3174522,50.0885939,0],[38.3050613,50.0893863,0],[38.2924511,50.0818662,0],[38.2820899,50.0744942,0],[38.2480697,50.0717612,0],[38.1773765,50.0795616,0],[38.1842428,50.0570839,0],[38.1825262,50.046282,0],[38.1866462,50.0423134,0],[38.1880195,50.0242299,0],[38.1835562,50.023127,0],[38.2175452,49.9880424,0],[38.2223517,49.9781081,0],[38.2154853,49.9776665,0],[38.1944807,49.9693927,0],[38.1990674,49.9622003,0],[38.163527,49.9519094,0],[38.1646118,49.947968,0],[38.1709632,49.9417818,0],[38.155342,49.9357053,0],[38.1270178,49.9221132,0],[38.1303304,49.9310199,0],[38.1253014,49.9428865,0],[38.0568085,49.9239921,0],[38.0456505,49.9152605,0],[38.0342825,49.9006987,0],[38.0549248,49.8787733,0],[38.0544098,49.8782479,0],[38.0559977,49.8772523,0],[38.0700346,49.863738,0],[38.0950936,49.8460188,0],[38.0935349,49.8446272,0],[38.0757817,49.836415,0],[38.0703606,49.8355491,0],[38.0546244,49.8372454,0],[38.0488738,49.8389891,0],[38.0385695,49.8387992,0],[38.0176314,49.8372177,0],[38.0197772,49.8345605,0],[38.0107083,49.8126803,0],[38.0293044,49.8034656,0],[38.0352267,49.7996708,0],[38.039604,49.795294,0],[38.0560835,49.792108,0],[38.0536803,49.7834357,0],[38.0367287,49.7834634,0],[38.033553,49.7776441,0],[38.0244412,49.7746154,0],[38.0246266,49.772711,0],[38.0111374,49.7646926,0],[38.0098208,49.7572709,0],[37.9991211,49.7534369,0],[37.9940571,49.7525496,0],[37.9895838,49.75262,0],[37.9892727,49.7536667,0],[37.9892297,49.7547757,0],[37.9881325,49.755036,0],[37.9867615,49.755045,0],[37.9861155,49.7548142,0],[37.985858,49.7556459,0],[37.984313,49.7571708,0],[37.9796376,49.7663004,0],[37.976376,49.7674091,0],[37.9679194,49.7593056,0],[37.951118,49.7314218,0],[37.9518476,49.731186,0],[37.9610981,49.7180448,0],[37.9746571,49.7087257,0],[37.9913549,49.7160418,0],[37.9925994,49.7153481,0],[37.9984788,49.7130172,0],[38.0093364,49.7140023,0],[38.0173616,49.7131421,0],[38.0177049,49.7052883,0],[38.0002985,49.7006614,0],[38.0004146,49.6999119,0],[38.0079787,49.6951328,0],[38.0139869,49.6946332,0],[38.0132615,49.6867223,0],[38.0144643,49.6857176,0],[38.0133473,49.6853895,0],[38.0116748,49.6853566,0],[38.0121254,49.6832048,0],[38.015151,49.6824828,0],[38.0155372,49.6790535,0],[38.015151,49.6784842,0],[38.0140352,49.6782759,0],[38.0127477,49.6783176,0],[38.0117392,49.6781232,0],[38.0121886,49.6778367,0],[38.0130052,49.6775261,0],[38.0158364,49.6775313,0],[38.0187988,49.6766652,0],[38.0197858,49.6750268,0],[38.0213737,49.6749851,0],[38.0213725,49.6738377,0],[38.024485,49.6709025,0],[38.0266094,49.6696388,0],[38.0291199,49.6690833,0],[38.0315446,49.6678751,0],[38.0320167,49.6672223,0],[38.029592,49.6639863,0],[38.0276179,49.6627641,0],[38.0287766,49.6616807,0],[38.0325746,49.6593889,0],[38.0343127,49.6596389,0],[38.0363726,49.6627224,0],[38.0390198,49.6611368,0],[38.0469083,49.6575554,0],[38.0458862,49.6567475,0],[37.9979307,49.648265,0],[37.9857856,49.6435688,0],[37.9856998,49.6420404,0],[37.9877597,49.6400395,0],[37.9889184,49.6398171,0],[37.98813,49.6375623,0],[37.9894763,49.63487,0],[37.9950124,49.6330633,0],[37.9966861,49.6316179,0],[37.9964715,49.6295054,0],[37.997244,49.6289494,0],[37.9962839,49.6274447,0],[37.9936231,49.6271111,0],[37.9869873,49.6264197,0],[37.9844123,49.6264475,0],[37.9835111,49.6259471,0],[37.9816657,49.6255302,0],[37.9779321,49.6229169,0],[37.9757863,49.6200811,0],[37.976988,49.6187187,0],[37.9767305,49.6168837,0],[37.9754859,49.615549,0],[37.9736835,49.6122401,0],[37.9442865,49.6108497,0],[37.9417974,49.5943567,0],[37.9358905,49.5944023,0],[37.9333002,49.5941342,0],[37.9338304,49.5887273,0],[37.9362613,49.5839797,0],[37.9518825,49.5723481,0],[37.9510109,49.5687365,0],[37.9439002,49.569565,0],[37.9267208,49.5698498,0],[37.9233009,49.5704278,0],[37.9224426,49.5676167,0],[37.9079372,49.5707061,0],[37.9042465,49.5705391,0],[37.9011566,49.5729882,0],[37.8943484,49.5632925,0],[37.8916294,49.5609364,0],[37.8925127,49.5605309,0],[37.8853637,49.550079,0],[37.8851062,49.5490209,0],[37.9277641,49.5482691,0],[37.9270774,49.5425608,0],[37.9253859,49.5420438,0],[37.9179365,49.5337882,0],[37.8952593,49.5253325,0],[37.8852171,49.5187022,0],[37.847212,49.5204453,0],[37.8461973,49.5158383,0],[37.842148,49.5081298,0],[37.8454524,49.5025283,0],[37.8400451,49.4946683,0],[37.8390581,49.4940551,0],[37.8372985,49.4924383,0],[37.8378993,49.4919644,0],[37.8405172,49.4917972,0],[37.8433496,49.4914069,0],[37.8504735,49.4887307,0],[37.8439504,49.4453617,0],[37.8451672,49.4451285,0],[37.8760511,49.4467289,0]]]},"properties":{"name":"Russian-controlled Luhansk Oblast - North","styleUrl":"#poly-A52714-1200-112-nodesc","fill-opacity":0.4392156862745098,"fill":"#a52714","stroke-opacity":1,"stroke":"#a52714","stroke-width":1.2}},{"type":"Feature","geometry":{"type":"Polygon","coordinates":[[[37.8121494,48.6455675,0],[37.8127073,48.646248,0],[37.819244,48.6505265,0],[37.8343494,48.6593555,0],[37.8409523,48.6705203,0],[37.8414673,48.6721924,0],[37.8412847,48.6737033,0],[37.8408127,48.6746951,0],[37.8396969,48.675687,0],[37.8358125,48.6764573,0],[37.8239843,48.6770384,0],[37.821337,48.6776085,0],[37.8194555,48.6788003,0],[37.8149618,48.6822364,0],[37.8096734,48.6852274,0],[37.8083001,48.6840941,0],[37.8080426,48.6827624,0],[37.8089438,48.6821107,0],[37.8111478,48.6814429,0],[37.8120221,48.6786347,0],[37.8140978,48.6757132,0],[37.8171786,48.6595512,0],[37.8052911,48.6585591,0],[37.8037891,48.6579638,0],[37.8051623,48.6560361,0],[37.8055915,48.653031,0],[37.8076514,48.6451205,0],[37.794148,48.6436052,0],[37.7870515,48.6465071,0],[37.7854853,48.6491724,0],[37.7820733,48.651242,0],[37.7788117,48.6515823,0],[37.7770522,48.6509302,0],[37.7750352,48.6477263,0],[37.7735331,48.6409777,0],[37.7678388,48.640614,0],[37.7615139,48.6395112,0],[37.7557633,48.6431126,0],[37.7517721,48.64402,0],[37.7487681,48.6437648,0],[37.7429316,48.6400784,0],[37.7483552,48.6326165,0],[37.747785,48.6239405,0],[37.7490241,48.6160784,0],[37.7416805,48.61616,0],[37.7346778,48.6151136,0],[37.7333403,48.6106623,0],[37.7284466,48.604094,0],[37.7397333,48.6008587,0],[37.7384952,48.5982573,0],[37.7540735,48.5930064,0],[37.7591296,48.5959264,0],[37.7618638,48.596738,0],[37.7672824,48.5955866,0],[37.7740041,48.59599,0],[37.7746317,48.5944632,0],[37.7759621,48.5869694,0],[37.7786417,48.5859531,0],[37.7794328,48.583716,0],[37.7842486,48.5838751,0],[37.7902231,48.5843747,0],[37.7926311,48.584667,0],[37.7937947,48.5894163,0],[37.7986256,48.5899727,0],[37.7990813,48.5907503,0],[37.7999862,48.5908404,0],[37.7996,48.5926003,0],[37.8002437,48.5960063,0],[37.803162,48.5962618,0],[37.8034624,48.5976241,0],[37.809256,48.5978512,0],[37.8102859,48.5987877,0],[37.81977,48.5997895,0],[37.8188044,48.601847,0],[37.819491,48.602443,0],[37.8203064,48.6021734,0],[37.822774,48.6001442,0],[37.8250756,48.5999647,0],[37.8284818,48.6001868,0],[37.8292813,48.6007026,0],[37.8307563,48.600428,0],[37.8229019,48.6321612,0],[37.817265,48.6338396,0],[37.81544,48.6355401,0],[37.8142599,48.6401343,0],[37.8123845,48.6440469,0],[37.8121494,48.6455675,0]]]},"properties":{"name":"Russian-controlled Kramatorsk Raion, Donetsk Oblast.","styleUrl":"#poly-A52714-1200-117-nodesc","fill-opacity":0.4588235294117647,"fill":"#a52714","stroke-opacity":1,"stroke":"#a52714","stroke-width":1.2}},{"type":"Feature","geometry":{"type":"Polygon","coordinates":[[[37.3668471,48.4820062,0],[37.3766747,48.4808683,0],[37.4330262,48.4751005,0],[37.429078,48.4563197,0],[37.432394,48.4422413,0],[37.4419212,48.4432662,0],[37.4454831,48.4259829,0],[37.4235534,48.4237047,0],[37.4270155,48.4102049,0],[37.4481299,48.412142,0],[37.4525931,48.3852442,0],[37.4440529,48.3836767,0],[37.4521944,48.3470846,0],[37.4551985,48.3476551,0],[37.4702189,48.3531025,0],[37.481806,48.3441182,0],[37.4846796,48.3420419,0],[37.4835884,48.340934,0],[37.477945,48.3371542,0],[37.4762928,48.3359417,0],[37.4735033,48.334444,0],[37.4805946,48.3264972,0],[37.4850148,48.3284802,0],[37.4944991,48.3176937,0],[37.5394959,48.3400346,0],[37.5474651,48.3385747,0],[37.5538595,48.3368345,0],[37.5566919,48.3358931,0],[37.5586231,48.3349231,0],[37.5620992,48.3334111,0],[37.5651033,48.3318704,0],[37.5678928,48.3302156,0],[37.5711114,48.3280757,0],[37.5733001,48.326221,0],[37.5782682,48.31876,0],[37.5820019,48.3139654,0],[37.5831177,48.3116821,0],[37.5850059,48.3100551,0],[37.5868513,48.3088849,0],[37.5887396,48.3076575,0],[37.5912287,48.3061731,0],[37.5927307,48.3054595,0],[37.5973226,48.310626,0],[37.6074507,48.3081142,0],[37.6071204,48.3044393,0],[37.6047172,48.2925913,0],[37.5993957,48.2787128,0],[37.6148452,48.276685,0],[37.6157035,48.2788842,0],[37.6208533,48.2795411,0],[37.6226129,48.2802265,0],[37.6248874,48.2807977,0],[37.6262607,48.2813974,0],[37.6281489,48.2821114,0],[37.6293935,48.2823113,0],[37.6306809,48.2824255,0],[37.6318397,48.2823113,0],[37.6363887,48.28214,0],[37.638749,48.2817401,0],[37.6409377,48.2808548,0],[37.6450576,48.2781987,0],[37.6432981,48.2772848,0],[37.6425256,48.2759424,0],[37.6427402,48.2747428,0],[37.6423968,48.273743,0],[37.6750554,48.269944,0],[37.6838101,48.2690299,0],[37.6861705,48.2685586,0],[37.6869859,48.2673445,0],[37.6872863,48.2667446,0],[37.6868571,48.2656876,0],[37.6861705,48.2646877,0],[37.6858272,48.2638021,0],[37.6851834,48.2630593,0],[37.685398,48.262345,0],[37.686664,48.2617594,0],[37.6873077,48.2608737,0],[37.6943244,48.2619879,0],[37.7112974,48.2636449,0],[37.7161898,48.2638735,0],[37.7174925,48.2632518,0],[37.7189516,48.262309,0],[37.720754,48.2618233,0],[37.7211832,48.2620518,0],[37.710064,48.3093648,0],[37.7402311,48.3233876,0],[37.7454,48.322728,0],[37.7564721,48.3238695,0],[37.7522664,48.3287202,0],[37.7508931,48.3312881,0],[37.7771573,48.3343123,0],[37.8031655,48.336422,0],[37.8114482,48.337449,0],[37.8159543,48.3392177,0],[37.8133086,48.3451935,0],[37.813036,48.3500852,0],[37.8187159,48.3520956,0],[37.8166812,48.3563699,0],[37.8152936,48.3598474,0],[37.8135913,48.3621586,0],[37.8110879,48.3648658,0],[37.8078406,48.3663214,0],[37.8061669,48.3669202,0],[37.8034203,48.3667776,0],[37.7977555,48.3691725,0],[37.7956859,48.3678049,0],[37.7862874,48.3739628,0],[37.7826396,48.3746755,0],[37.7786056,48.3759583,0],[37.7749578,48.3765284,0],[37.7611394,48.3912916,0],[37.7603241,48.3990708,0],[37.7616115,48.4019485,0],[37.7632852,48.4039429,0],[37.7683921,48.4069913,0],[37.7708405,48.4084875,0],[37.7720399,48.4094697,0],[37.7807488,48.4117004,0],[37.7829375,48.4128399,0],[37.7843966,48.4142356,0],[37.7850404,48.415375,0],[37.7845683,48.417141,0],[37.7818646,48.4209861,0],[37.7807488,48.4222392,0],[37.7789359,48.4266427,0],[37.778909,48.4294247,0],[37.7801106,48.4309908,0],[37.7819989,48.4309624,0],[37.7835009,48.4302789,0],[37.7816763,48.4287842,0],[37.7818479,48.4263351,0],[37.7847294,48.4231113,0],[37.7862744,48.4222569,0],[37.7882485,48.4200354,0],[37.7898693,48.4171596,0],[37.7898861,48.4140504,0],[37.7877665,48.409782,0],[37.7860928,48.4081012,0],[37.7844788,48.4071851,0],[37.7833462,48.4053378,0],[37.7846505,48.4023703,0],[37.7880669,48.4001524,0],[37.7905299,48.3988657,0],[37.7974392,48.4030256,0],[37.8057219,48.4067863,0],[37.8103997,48.4092077,0],[37.8142023,48.4125167,0],[37.8181935,48.4165899,0],[37.8225764,48.4194004,0],[37.8275061,48.4207483,0],[37.8296145,48.4216789,0],[37.8480681,48.4172358,0],[37.8571381,48.4175645,0],[37.8613719,48.4179763,0],[37.8681525,48.4172927,0],[37.8704054,48.420133,0],[37.8643973,48.4254303,0],[37.8566725,48.4310687,0],[37.8520377,48.4351689,0],[37.8511794,48.4382439,0],[37.8577883,48.4383578,0],[37.8629382,48.4379592,0],[37.867058,48.4379592,0],[37.8751625,48.4334554,0],[37.8815634,48.4281072,0],[37.8851189,48.4273616,0],[37.8973563,48.4273668,0],[37.9018195,48.4240063,0],[37.9119475,48.4237215,0],[37.919022,48.4229759,0],[37.9236568,48.4215519,0],[37.9304011,48.4192216,0],[37.9376108,48.4198767,0],[37.9365808,48.4226678,0],[37.9367955,48.42375,0],[37.9383404,48.42506,0],[37.941853,48.4259377,0],[37.9473461,48.4283868,0],[37.9492838,48.4291608,0],[37.949713,48.4295879,0],[37.9489405,48.4310686,0],[37.9447551,48.4367559,0],[37.937717,48.448115,0],[37.936709,48.4516982,0],[37.9369881,48.4526089,0],[37.9381038,48.4536194,0],[37.9516007,48.4595393,0],[37.9519512,48.4602513,0],[37.9518439,48.4608774,0],[37.9458797,48.4711636,0],[37.930679,48.4802432,0],[37.912583,48.4926475,0],[37.911156,48.4940767,0],[37.9107483,48.4949369,0],[37.9108342,48.4957617,0],[37.9118856,48.4966504,0],[37.9138868,48.4981704,0],[37.9197662,48.501924,0],[37.920427,48.5024012,0],[37.9209206,48.5028846,0],[37.9204528,48.5038576,0],[37.9127104,48.5103676,0],[37.9063085,48.5157818,0],[37.9030039,48.5191931,0],[37.8998099,48.5232965,0],[37.8984152,48.5260108,0],[37.8974019,48.5271958,0],[37.8956043,48.5276308,0],[37.8933512,48.5268209,0],[37.8910124,48.5265367,0],[37.8888881,48.5272188,0],[37.8835831,48.5295263,0],[37.8827512,48.530345,0],[37.8780041,48.5418023,0],[37.8772563,48.5431307,0],[37.8764268,48.5434824,0],[37.8723499,48.5433972,0],[37.8703758,48.5430847,0],[37.8681336,48.5429956,0],[37.8660843,48.5435926,0],[37.8658268,48.5433333,0],[37.8519752,48.5542385,0],[37.8472331,48.5513979,0],[37.8420939,48.5499348,0],[37.8416863,48.5503539,0],[37.8388002,48.5494945,0],[37.8285864,48.5467529,0],[37.8268587,48.5461234,0],[37.8268967,48.5458145,0],[37.8298101,48.5453635,0],[37.8308996,48.5452393,0],[37.8316764,48.5454,0],[37.8321613,48.5453383,0],[37.8378025,48.544293,0],[37.8400641,48.5441497,0],[37.84275,48.5462308,0],[37.844174,48.5469919,0],[37.8471122,48.5447231,0],[37.8451473,48.5419927,0],[37.8439692,48.5422882,0],[37.8431345,48.5424273,0],[37.8421699,48.542678,0],[37.8396383,48.5431656,0],[37.8388778,48.5427912,0],[37.837902,48.5415953,0],[37.8355422,48.5411204,0],[37.8354029,48.541632,0],[37.8343409,48.5416749,0],[37.8336331,48.5411924,0],[37.8324037,48.541655,0],[37.8319176,48.5438752,0],[37.8297862,48.5439767,0],[37.8300294,48.5428838,0],[37.829915,48.54211,0],[37.8279696,48.5420996,0],[37.82719,48.5449498,0],[37.8266928,48.5450182,0],[37.8257146,48.5453649,0],[37.8252148,48.5453323,0],[37.8248147,48.5454225,0],[37.8242131,48.5458606,0],[37.8235149,48.5460501,0],[37.822081,48.5460774,0],[37.8208398,48.5461091,0],[37.8192036,48.5460701,0],[37.8191902,48.5461642,0],[37.8182179,48.5461189,0],[37.8167232,48.5462028,0],[37.8152249,48.5461383,0],[37.8148726,48.5463972,0],[37.810583,48.5476718,0],[37.8098572,48.5467835,0],[37.8069762,48.5441227,0],[37.8051308,48.543526,0],[37.8044598,48.5395565,0],[37.8001033,48.5385192,0],[37.7975713,48.5375815,0],[37.7946531,48.5383203,0],[37.791649,48.5384339,0],[37.7900182,48.5380929,0],[37.7832376,48.5383203,0],[37.7813921,48.5368001,0],[37.7813493,48.5351448,0],[37.7829373,48.53366,0],[37.7854263,48.5330491,0],[37.7884304,48.5333474,0],[37.7892887,48.5313865,0],[37.7930852,48.5278314,0],[37.7934393,48.5264601,0],[37.7984604,48.5243995,0],[37.8064346,48.522556,0],[37.8078079,48.5196282,0],[37.8093958,48.517212,0],[37.7974475,48.5149075,0],[37.7943118,48.5123471,0],[37.7905754,48.5114924,0],[37.7858276,48.5092091,0],[37.7772738,48.5059633,0],[37.7703357,48.5049089,0],[37.7683336,48.5052767,0],[37.7665617,48.5097229,0],[37.7647066,48.5117577,0],[37.7637089,48.513912,0],[37.7572615,48.519972,0],[37.75297,48.518437,0],[37.7473134,48.5165669,0],[37.7459619,48.5161244,0],[37.7409837,48.5195214,0],[37.740061,48.5190666,0],[37.7366063,48.521369,0],[37.7326658,48.5188639,0],[37.7256277,48.5145003,0],[37.7320678,48.5097775,0],[37.7344655,48.5080742,0],[37.7357529,48.5072354,0],[37.733972,48.5056859,0],[37.7331836,48.5051987,0],[37.7326908,48.5047629,0],[37.7353522,48.5028058,0],[37.7372411,48.5010335,0],[37.7374992,48.5011948,0],[37.7380813,48.5014986,0],[37.740668,48.5008869,0],[37.7440099,48.4995777,0],[37.7458858,48.4985068,0],[37.740221,48.4943548,0],[37.7380159,48.4941672,0],[37.7381529,48.492128,0],[37.7420929,48.4921195,0],[37.7522638,48.4902424,0],[37.7553537,48.4904415,0],[37.7571863,48.4883968,0],[37.7569717,48.4865764,0],[37.7533732,48.4849132,0],[37.7489964,48.4809777,0],[37.7483205,48.4802096,0],[37.748417,48.4789294,0],[37.7485887,48.477891,0],[37.7506165,48.4763476,0],[37.7511851,48.4731114,0],[37.7475983,48.4722353,0],[37.7392068,48.4678353,0],[37.7359654,48.4650426,0],[37.7218977,48.4646003,0],[37.7201895,48.4694218,0],[37.718269,48.4753448,0],[37.7170366,48.4775792,0],[37.7159757,48.4786187,0],[37.7091093,48.478192,0],[37.7065773,48.4799558,0],[37.7050323,48.4802118,0],[37.7023716,48.4789601,0],[37.6995821,48.4746357,0],[37.6971945,48.4747671,0],[37.6956281,48.4758909,0],[37.6952555,48.4766139,0],[37.6958427,48.4775267,0],[37.691594,48.4799449,0],[37.6819595,48.4725764,0],[37.6811715,48.4722526,0],[37.6782319,48.4726682,0],[37.6754854,48.4744322,0],[37.6715208,48.4764457,0],[37.6673282,48.4783868,0],[37.6633932,48.4796889,0],[37.6616087,48.4834522,0],[37.6604678,48.4863049,0],[37.6585328,48.4874794,0],[37.6563971,48.4832296,0],[37.656094,48.478434,0],[37.6518025,48.4771538,0],[37.6493563,48.4748493,0],[37.6487126,48.4736828,0],[37.6496567,48.4668825,0],[37.635579,48.4652447,0],[37.6357078,48.4644479,0],[37.6321458,48.4641918,0],[37.6230244,48.4637114,0],[37.6165871,48.4628007,0],[37.6151709,48.462943,0],[37.6119094,48.463626,0],[37.6088195,48.4616624,0],[37.6062445,48.4610933,0],[37.5999789,48.4608087,0],[37.5957859,48.4598153,0],[37.584585,48.4585916,0],[37.5834603,48.4636573,0],[37.5589437,48.461352,0],[37.5558118,48.4701454,0],[37.539933,48.4681536,0],[37.5327888,48.4686527,0],[37.5183691,48.4722378,0],[37.5150729,48.474586,0],[37.5130476,48.4759933,0],[37.5020614,48.4770744,0],[37.4997438,48.4820244,0],[37.4956322,48.4824093,0],[37.4943698,48.4965648,0],[37.49128,48.49629,0],[37.4896919,48.5046317,0],[37.4611689,48.5033102,0],[37.4337889,48.5010353,0],[37.4280973,48.5024441,0],[37.4254192,48.5045405,0],[37.42499,48.505422,0],[37.4252904,48.5061897,0],[37.4251617,48.5072985,0],[37.4213724,48.5119393,0],[37.4203854,48.5192452,0],[37.4202494,48.5216813,0],[37.4159579,48.5213402,0],[37.4164801,48.5188473,0],[37.4136452,48.5147545,0],[37.396007,48.5149962,0],[37.3918903,48.5095185,0],[37.3902381,48.507315,0],[37.3898049,48.5046253,0],[37.3890968,48.5023932,0],[37.3872622,48.5016894,0],[37.3865004,48.5014975,0],[37.3852415,48.5013813,0],[37.3845585,48.5014761,0],[37.383153,48.5011634,0],[37.3826917,48.5008648,0],[37.379094,48.5010889,0],[37.3757831,48.5000167,0],[37.3737124,48.5006921,0],[37.3721137,48.4990072,0],[37.3710977,48.4969611,0],[37.3726564,48.4955974,0],[37.3716622,48.4948797,0],[37.3709684,48.4948729,0],[37.3690049,48.4928466,0],[37.3677068,48.4911473,0],[37.3660224,48.4913393,0],[37.3655369,48.4916575,0],[37.3650515,48.4916059,0],[37.3647376,48.4912273,0],[37.3647242,48.4907918,0],[37.3638659,48.4893199,0],[37.3644238,48.4889963,0],[37.3646813,48.4888435,0],[37.3648315,48.4883741,0],[37.3656255,48.488303,0],[37.3655396,48.4871368,0],[37.3651426,48.486888,0],[37.3637586,48.4866818,0],[37.3628359,48.4859849,0],[37.3630037,48.4850857,0],[37.3641624,48.4831799,0],[37.363862,48.4825256,0],[37.3668471,48.4820062,0]]]},"properties":{"name":"Russian-controlled Kramatorsk Raion, Donetsk Oblast.","styleUrl":"#poly-A52714-1200-112-nodesc","fill-opacity":0.4392156862745098,"fill":"#a52714","stroke-opacity":1,"stroke":"#a52714","stroke-width":1.2}},{"type":"Feature","geometry":{"type":"Polygon","coordinates":[[[37.8933372,48.2885172,0],[37.8833518,48.2891803,0],[37.8503447,48.2872035,0],[37.8488195,48.2904885,0],[37.8472746,48.2965416,0],[37.8470171,48.299682,0],[37.844728,48.3079087,0],[37.8448713,48.3127557,0],[37.8437838,48.3165284,0],[37.8418673,48.321774,0],[37.8359732,48.3226925,0],[37.8121698,48.3200618,0],[37.8105391,48.3218311,0],[37.8074492,48.3297636,0],[37.7995527,48.3274809,0],[37.7717436,48.3246846,0],[37.7747477,48.3215457,0],[37.7757776,48.3185778,0],[37.7686537,48.3153243,0],[37.7671946,48.3129269,0],[37.7661239,48.309746,0],[37.7662955,48.3076338,0],[37.7628623,48.3067774,0],[37.7616607,48.3068345,0],[37.75797,48.3093464,0],[37.7556525,48.309746,0],[37.7534899,48.3120189,0],[37.752391,48.3127715,0],[37.7512752,48.3152831,0],[37.7493701,48.3188685,0],[37.7469836,48.3216186,0],[37.7454,48.322728,0],[37.7402311,48.3233876,0],[37.710064,48.3093648,0],[37.7211832,48.2620518,0],[37.7209601,48.2614748,0],[37.7189516,48.262309,0],[37.7161898,48.2638735,0],[37.7106604,48.2638175,0],[37.6943244,48.2619879,0],[37.6873077,48.2608737,0],[37.686664,48.2617594,0],[37.685398,48.262345,0],[37.6851834,48.2630593,0],[37.6858272,48.2638021,0],[37.6861987,48.2653031,0],[37.6872863,48.2667446,0],[37.6861705,48.2685586,0],[37.6423968,48.273743,0],[37.6427402,48.2747428,0],[37.6425256,48.2759424,0],[37.6432981,48.2772848,0],[37.6450576,48.2781987,0],[37.6409377,48.2808548,0],[37.638749,48.2817401,0],[37.6370634,48.2822214,0],[37.6318397,48.2823113,0],[37.6293935,48.2823113,0],[37.6273646,48.2817074,0],[37.6248874,48.2807977,0],[37.6226129,48.2802265,0],[37.6208533,48.2795411,0],[37.6157035,48.2788842,0],[37.6148452,48.276685,0],[37.5993957,48.2787128,0],[37.6047172,48.2925913,0],[37.6068762,48.3027588,0],[37.6074507,48.3081142,0],[37.5973226,48.310626,0],[37.5927307,48.3054595,0],[37.5912287,48.3061731,0],[37.5850059,48.3100551,0],[37.5831177,48.3116821,0],[37.5820019,48.3139654,0],[37.5733001,48.326221,0],[37.5696984,48.329217,0],[37.5624028,48.3330401,0],[37.5566919,48.3358931,0],[37.5474651,48.3385747,0],[37.5394959,48.3400346,0],[37.4944991,48.3176937,0],[37.4850148,48.3284802,0],[37.4805946,48.3264972,0],[37.4735033,48.334444,0],[37.4762928,48.3359417,0],[37.4846796,48.3420419,0],[37.4702189,48.3531025,0],[37.4551985,48.3476551,0],[37.4521944,48.3470846,0],[37.4440529,48.3836767,0],[37.4525931,48.3852442,0],[37.4481299,48.412142,0],[37.4270155,48.4102049,0],[37.4235534,48.4237047,0],[37.4454831,48.4259829,0],[37.4419212,48.4432662,0],[37.432394,48.4422413,0],[37.429078,48.4563197,0],[37.4330262,48.4751005,0],[37.3668471,48.4820062,0],[37.363862,48.4825256,0],[37.3641624,48.4831799,0],[37.3630037,48.4850857,0],[37.3628359,48.4859849,0],[37.3637586,48.4866818,0],[37.3651426,48.486888,0],[37.3655396,48.4871368,0],[37.3656255,48.488303,0],[37.3648315,48.4883741,0],[37.3646813,48.4888435,0],[37.363719,48.4893373,0],[37.3647242,48.4907918,0],[37.3647376,48.4912273,0],[37.3650515,48.4916059,0],[37.3655369,48.4916575,0],[37.3660224,48.4913393,0],[37.3677068,48.4911473,0],[37.3679755,48.4914403,0],[37.3690049,48.4928466,0],[37.3709684,48.4948729,0],[37.3716622,48.4948797,0],[37.3726564,48.4955974,0],[37.3710977,48.4969611,0],[37.3721137,48.4990072,0],[37.3737124,48.5006921,0],[37.3757831,48.5000167,0],[37.3772669,48.500439,0],[37.379094,48.5010889,0],[37.3748518,48.5052321,0],[37.3720322,48.5040781,0],[37.3713456,48.5031966,0],[37.3698436,48.5020592,0],[37.3682557,48.5017749,0],[37.367097,48.5012915,0],[37.3658953,48.4999265,0],[37.3635779,48.4990734,0],[37.3592177,48.4986375,0],[37.3572221,48.4987797,0],[37.3555699,48.4979124,0],[37.3554228,48.4953651,0],[37.3532341,48.4942275,0],[37.3527191,48.4935734,0],[37.3524616,48.4930899,0],[37.3528908,48.4924926,0],[37.3534487,48.4913265,0],[37.3526987,48.4895806,0],[37.3516687,48.4894242,0],[37.3506994,48.48938,0],[37.3480387,48.4892094,0],[37.3460646,48.4892094,0],[37.3444338,48.4891241,0],[37.3431034,48.4888396,0],[37.3417731,48.4870193,0],[37.3400122,48.4866447,0],[37.3368364,48.4853932,0],[37.3347765,48.4841416,0],[37.3327166,48.4832313,0],[37.3301416,48.48289,0],[37.3268801,48.4830038,0],[37.3249918,48.4841416,0],[37.3244768,48.4851656,0],[37.3161512,48.4888064,0],[37.303105,48.4875549,0],[37.2932547,48.4867615,0],[37.2925252,48.4870317,0],[37.2885126,48.4867758,0],[37.286517,48.4908857,0],[37.2854227,48.4907293,0],[37.2823757,48.4862922,0],[37.2848648,48.4749843,0],[37.2671451,48.473084,0],[37.2695054,48.4615668,0],[37.2511846,48.4592656,0],[37.2423011,48.4639612,0],[37.2322589,48.4634205,0],[37.2335035,48.4545411,0],[37.2305355,48.4531348,0],[37.2248634,48.4530827,0],[37.2107714,48.4511568,0],[37.1954172,48.4497641,0],[37.1963185,48.4449818,0],[37.1992367,48.4450956,0],[37.19958,48.4422488,0],[37.2022994,48.4349078,0],[37.206678,48.4344129,0],[37.2129424,48.4336834,0],[37.2149038,48.4332274,0],[37.2170929,48.4315766,0],[37.2182096,48.4291442,0],[37.2192045,48.4241647,0],[37.2208797,48.4189172,0],[37.2223066,48.4160761,0],[37.2232545,48.4143322,0],[37.2223962,48.4117685,0],[37.2195133,48.4071583,0],[37.2178726,48.4046249,0],[37.2255544,48.4043115,0],[37.2312622,48.4024881,0],[37.2313925,48.4000372,0],[37.2295125,48.3972587,0],[37.2297783,48.3944802,0],[37.2277373,48.3938585,0],[37.226568,48.393009,0],[37.226976,48.3915628,0],[37.2293147,48.3911707,0],[37.2309759,48.381216,0],[37.2283869,48.3804797,0],[37.2281444,48.3787792,0],[37.2328525,48.3779443,0],[37.2329812,48.367938,0],[37.229505,48.3669687,0],[37.2028376,48.3721011,0],[37.2050856,48.3758593,0],[37.2021245,48.3763262,0],[37.1976355,48.375299,0],[37.1936463,48.3804455,0],[37.1925305,48.3805025,0],[37.1776818,48.3787638,0],[37.1786259,48.3754001,0],[37.1829155,48.3744438,0],[37.1861127,48.3734176,0],[37.18725,48.3720492,0],[37.1883229,48.3673736,0],[37.1859209,48.3635256,0],[37.1891824,48.3624706,0],[37.1916274,48.3665468,0],[37.1990197,48.3661379,0],[37.1985113,48.3621572,0],[37.2005531,48.361879,0],[37.1999093,48.3605673,0],[37.2018835,48.360382,0],[37.2017976,48.3598687,0],[37.2038039,48.3596549,0],[37.2035625,48.3588636,0],[37.2072398,48.3584679,0],[37.20711,48.3571328,0],[37.2072173,48.3571114,0],[37.2083234,48.3568655,0],[37.2079167,48.3549228,0],[37.2067172,48.355044,0],[37.2065068,48.3541744,0],[37.2022796,48.3538108,0],[37.1991254,48.3534543,0],[37.1839894,48.3509122,0],[37.1822942,48.3507554,0],[37.1830819,48.3467201,0],[37.185571,48.3366222,0],[37.1876275,48.3304885,0],[37.1901969,48.3191031,0],[37.1818609,48.3157934,0],[37.171672,48.3151676,0],[37.1707776,48.3171404,0],[37.160592,48.3169583,0],[37.1595899,48.3209997,0],[37.1558991,48.3209175,0],[37.1462433,48.3207355,0],[37.1460286,48.3245483,0],[37.143239,48.3246054,0],[37.1311513,48.325022,0],[37.1300784,48.3308712,0],[37.1281472,48.3307856,0],[37.1098376,48.3313055,0],[37.1108128,48.3260472,0],[37.0971764,48.3269453,0],[37.0892128,48.3250551,0],[37.0840414,48.3206962,0],[37.0779904,48.3218234,0],[37.0753511,48.318984,0],[37.0748146,48.3155878,0],[37.0702012,48.3059405,0],[37.0604711,48.3072752,0],[37.060821,48.3056327,0],[37.0618444,48.3050772,0],[37.0638185,48.2964271,0],[37.0559197,48.2964876,0],[37.048021,48.2961614,0],[37.0412427,48.295003,0],[37.0465697,48.2688867,0],[37.0486439,48.2625606,0],[37.0436714,48.26212,0],[37.0434196,48.2600223,0],[37.0328742,48.2592549,0],[37.0124895,48.2573704,0],[37.012046,48.2594934,0],[37.0099003,48.2614933,0],[37.0042784,48.2623504,0],[37.0023901,48.2635218,0],[37.0016605,48.2647788,0],[36.9974119,48.264636,0],[36.9943649,48.2643502,0],[36.9799454,48.2629504,0],[36.9790441,48.261979,0],[36.9801444,48.258047,0],[36.9705743,48.2567899,0],[36.9720334,48.2470456,0],[36.9621567,48.2441342,0],[36.9624018,48.239699,0],[36.9463701,48.2402436,0],[36.942328,48.2428861,0],[36.926641,48.2425361,0],[36.9270427,48.2407535,0],[36.9267768,48.2406982,0],[36.9267362,48.2405143,0],[36.9269279,48.2393785,0],[36.9267763,48.2389001,0],[36.9271188,48.2369577,0],[36.9273755,48.2358014,0],[36.9282828,48.231914,0],[36.9333843,48.2070831,0],[36.9330722,48.2048839,0],[36.9315647,48.2013052,0],[36.9324489,48.1999321,0],[36.9345742,48.1977901,0],[36.9358861,48.1953085,0],[36.9369654,48.1951395,0],[36.9469578,48.1926041,0],[36.9502785,48.1884065,0],[36.9427848,48.1801453,0],[36.9370941,48.1796893,0],[36.9079183,48.1751228,0],[36.9017478,48.179616,0],[36.8952003,48.1784795,0],[36.8897749,48.1751593,0],[36.8912521,48.1738148,0],[36.8950825,48.1700275,0],[36.8970929,48.1618653,0],[36.8780443,48.1596148,0],[36.8917075,48.0985932,0],[36.8933083,48.097011,0],[36.8944636,48.0905136,0],[36.894065,48.0826013,0],[36.8950399,48.0774143,0],[36.8824228,48.0632193,0],[36.932748,48.0679479,0],[36.9326621,48.0689516,0],[36.9576818,48.0713031,0],[36.9578964,48.0691236,0],[36.9923145,48.0721634,0],[36.9913703,48.0776688,0],[37.112976,48.0898448,0],[37.1117743,48.0961509,0],[37.1528872,48.1002781,0],[37.1573675,48.0755278,0],[37.1513593,48.074725,0],[37.1621926,48.0265293,0],[37.1738656,48.0276199,0],[37.1737457,48.0249219,0],[37.1764064,48.0187793,0],[37.1746898,48.009765,0],[37.173059,48.0043671,0],[37.1637893,48.0054582,0],[37.1582103,48.0080423,0],[37.1459365,48.0051136,0],[37.1404433,48.0061473,0],[37.1351569,48.0023355,0],[37.1276468,47.9961041,0],[37.1699065,47.9937443,0],[37.1685332,47.9802444,0],[37.157461,47.980819,0],[37.1542616,47.9590637,0],[37.1472235,47.9609029,0],[37.1420737,47.9618225,0],[37.1285124,47.9652134,0],[37.1274825,47.9606156,0],[37.1086855,47.9669375,0],[37.0963259,47.9666502,0],[37.0969267,47.9682018,0],[37.0961543,47.9698683,0],[37.0933648,47.9757869,0],[37.0899315,47.9787173,0],[37.0839234,47.9788322,0],[37.0804902,47.9788322,0],[37.0796319,47.9775681,0],[37.0783444,47.9767063,0],[37.0762845,47.9773383,0],[37.068903,47.9338249,0],[37.1494371,47.9283195,0],[37.1477205,47.9106604,0],[37.2183858,47.9065254,0],[37.2158109,47.8973189,0],[37.2104893,47.8978943,0],[37.2064553,47.8968585,0],[37.2033654,47.8965708,0],[37.1843968,47.897549,0],[37.1828519,47.8883409,0],[37.201048,47.8879955,0],[37.201048,47.8865566,0],[37.2081719,47.8862113,0],[37.2133644,47.8842199,0],[37.2118195,47.876391,0],[37.2155102,47.8735701,0],[37.2570442,47.8665525,0],[37.2523235,47.8508307,0],[37.2486329,47.8396325,0],[37.2547476,47.8316476,0],[37.2579233,47.8265769,0],[37.273508,47.8182794,0],[37.2697315,47.8051372,0],[37.2759113,47.8037537,0],[37.29179,47.8026006,0],[37.2965107,47.8112476,0],[37.2887859,47.8129192,0],[37.292761,47.8227578,0],[37.2961942,47.8320064,0],[37.2995845,47.8302202,0],[37.3013441,47.8289237,0],[37.3064081,47.8270509,0],[37.3106996,47.831315,0],[37.3524317,47.8182628,0],[37.3577103,47.8225275,0],[37.3755201,47.8172254,0],[37.4116121,47.8058735,0],[37.4270187,47.8069112,0],[37.427877,47.7997625,0],[37.4682604,47.8020686,0],[37.4672304,47.8098222,0],[37.4895035,47.8111768,0],[37.5100074,47.8124373,0],[37.5088916,47.8244251,0],[37.5116381,47.823676,0],[37.5145564,47.823676,0],[37.527431,47.8242523,0],[37.5305209,47.8239065,0],[37.5301776,47.8256353,0],[37.5308642,47.8276522,0],[37.534587,47.8421235,0],[37.5411101,47.8395311,0],[37.5435992,47.8388398,0],[37.5480624,47.8559475,0],[37.5416624,47.8566924,0],[37.5438082,47.8671729,0],[37.5468122,47.8671729,0],[37.5459161,47.9089348,0],[37.5411096,47.9108909,0],[37.5421396,47.9165286,0],[37.5356938,47.9180212,0],[37.5434486,47.9320424,0],[37.5421667,47.9351612,0],[37.5347697,47.9375952,0],[37.5269805,47.9421912,0],[37.5266158,47.9448973,0],[37.5241267,47.9478294,0],[37.5241481,47.9509299,0],[37.5301562,47.955701,0],[37.5278087,47.9622884,0],[37.5321003,47.966139,0],[37.5350185,47.9676332,0],[37.5375076,47.9701043,0],[37.5442232,47.9746287,0],[37.5480947,47.9763454,0],[37.5508413,47.9784139,0],[37.5565919,47.9805397,0],[37.5572786,47.9847911,0],[37.5565061,47.991225,0],[37.5549092,47.9946533,0],[37.5499739,47.9967785,0],[37.5490407,48.001953,0],[37.5495019,48.0037564,0],[37.5490407,48.0069779,0],[37.5470666,48.036715,0],[37.5464657,48.0367724,0],[37.5423459,48.0357394,0],[37.5402922,48.0507478,0],[37.6148791,48.0564851,0],[37.6219172,48.0196984,0],[37.633412,48.0225171,0],[37.6446623,48.0274482,0],[37.654183,48.0307256,0],[37.6580454,48.0354894,0],[37.6872833,48.0544598,0],[37.6906307,48.0536279,0],[37.6934631,48.0565825,0],[37.6915656,48.0604523,0],[37.6877032,48.0615995,0],[37.6880036,48.0644676,0],[37.6937972,48.0654714,0],[37.6934109,48.067651,0],[37.6925526,48.0691996,0],[37.6964009,48.0710953,0],[37.6961863,48.0718696,0],[37.6870454,48.0719269,0],[37.682153,48.0725004,0],[37.6815718,48.076389,0],[37.7048534,48.0773782,0],[37.7031223,48.087782,0],[37.6952356,48.0872688,0],[37.6927118,48.1025598,0],[37.7207141,48.1046519,0],[37.7199577,48.1088277,0],[37.7531571,48.1134908,0],[37.7531142,48.1137773,0],[37.7542515,48.1139062,0],[37.7551312,48.1141928,0],[37.755775,48.1134048,0],[37.7562041,48.1130753,0],[37.7573628,48.1127171,0],[37.7582641,48.1125882,0],[37.7594013,48.1124736,0],[37.7619762,48.111657,0],[37.7742963,48.1080522,0],[37.7745968,48.1071782,0],[37.7751547,48.1071209,0],[37.7791029,48.1073358,0],[37.7858406,48.1081382,0],[37.7916341,48.1110036,0],[37.7935284,48.1117101,0],[37.7962099,48.1127154,0],[37.7976261,48.1124576,0],[37.8002685,48.113201,0],[37.8010839,48.1147196,0],[37.8018564,48.1155648,0],[37.8035945,48.1167395,0],[37.8057164,48.1183573,0],[37.8063411,48.1191318,0],[37.8079016,48.1204792,0],[37.8074003,48.1217686,0],[37.8001488,48.1424175,0],[37.7983464,48.1424605,0],[37.7970803,48.1424462,0],[37.7958787,48.1423603,0],[37.7940977,48.1420882,0],[37.7917588,48.1420882,0],[37.7890502,48.1418606,0],[37.7833854,48.1416029,0],[37.7835142,48.1431206,0],[37.7824413,48.1432065,0],[37.7821838,48.1416029,0],[37.7796089,48.1424047,0],[37.7770339,48.1432924,0],[37.7752315,48.1446383,0],[37.7757894,48.1498497,0],[37.7770769,48.1514531,0],[37.7790939,48.1529992,0],[37.7826559,48.1547742,0],[37.7846107,48.154701,0],[37.7851042,48.155431,0],[37.7853188,48.156204,0],[37.7853617,48.156705,0],[37.7853402,48.1572203,0],[37.7850184,48.1575782,0],[37.7850184,48.1578931,0],[37.7850828,48.1585372,0],[37.7856192,48.1597968,0],[37.7861127,48.1600831,0],[37.7877221,48.160398,0],[37.7912411,48.1623016,0],[37.7927431,48.1627739,0],[37.7892926,48.1720737,0],[37.7920464,48.1725472,0],[37.7917997,48.1730266,0],[37.7941493,48.1735417,0],[37.7939561,48.1739782,0],[37.7956942,48.1744146,0],[37.7956513,48.1749584,0],[37.8026143,48.1760888,0],[37.8091764,48.1814342,0],[37.8141545,48.1855117,0],[37.8147124,48.1853114,0],[37.8155064,48.1842527,0],[37.8166007,48.1833371,0],[37.8170942,48.1824787,0],[37.8192615,48.1813627,0],[37.8288316,48.1823356,0],[37.8302417,48.1735018,0],[37.8358615,48.1746439,0],[37.8415049,48.175717,0],[37.8449226,48.1766161,0],[37.8463388,48.1777608,0],[37.8462101,48.1795636,0],[37.846641,48.1819103,0],[37.8470572,48.1827232,0],[37.847628,48.1844855,0],[37.8469843,48.1860878,0],[37.8456968,48.1873181,0],[37.8469843,48.1882051,0],[37.8511471,48.1888345,0],[37.8602022,48.1939842,0],[37.8625626,48.1957865,0],[37.8790645,48.2002036,0],[37.8854903,48.2011785,0],[37.8888921,48.2017482,0],[37.8906946,48.2044655,0],[37.8922824,48.2056381,0],[37.8942136,48.2088986,0],[37.8967886,48.2103571,0],[37.9008226,48.2115011,0],[37.9042558,48.2131025,0],[37.904685,48.2155618,0],[37.9030542,48.2173347,0],[37.9030113,48.2186501,0],[37.902625,48.2198796,0],[37.9058866,48.2222814,0],[37.902504,48.2290354,0],[37.9002724,48.2317513,0],[37.8934489,48.2308936,0],[37.8872045,48.2506551,0],[37.890981,48.252141,0],[37.8946968,48.2591464,0],[37.892551,48.2650889,0],[37.8955551,48.2687455,0],[37.8933372,48.2885172,0]]]},"properties":{"name":"Russian-controlled Pokrovsk Raion, Donetsk Oblast.","styleUrl":"#poly-A52714-1200-120-nodesc","fill-opacity":0.47058823529411764,"fill":"#a52714","stroke-opacity":1,"stroke":"#a52714","stroke-width":1.2}},{"type":"Feature","geometry":{"type":"Polygon","coordinates":[[[37.8610227,47.4106327,0],[37.8599227,47.4138248,0],[37.8626264,47.4175999,0],[37.8639568,47.4217233,0],[37.8618456,47.4228678,0],[37.8630472,47.4253358,0],[37.869227,47.4319552,0],[37.8705827,47.4363549,0],[37.8674069,47.4424505,0],[37.8660336,47.4465138,0],[37.866988,47.4486353,0],[37.8713551,47.4535369,0],[37.8762381,47.4565886,0],[37.878856,47.4579524,0],[37.8792149,47.4584478,0],[37.8804009,47.4596353,0],[37.8815596,47.4602446,0],[37.8826754,47.4618695,0],[37.8835303,47.4627925,0],[37.8868923,47.4663999,0],[37.8900251,47.4676764,0],[37.891613,47.469272,0],[37.8927142,47.4710897,0],[37.8907547,47.4730722,0],[37.8878364,47.4748707,0],[37.8813991,47.4797146,0],[37.8746898,47.4866363,0],[37.8617127,47.5029239,0],[37.8599721,47.5092046,0],[37.85373,47.5173588,0],[37.843369,47.5251806,0],[37.8387341,47.5262238,0],[37.8392121,47.535278,0],[37.8376561,47.5379529,0],[37.8307896,47.5393436,0],[37.8251248,47.5405024,0],[37.8223044,47.5436202,0],[37.8208023,47.5476758,0],[37.8205336,47.5643397,0],[37.819289,47.5703625,0],[37.817787,47.5721576,0],[37.8162589,47.5844752,0],[37.8182759,47.5922902,0],[37.8223528,47.5937373,0],[37.8247557,47.5962895,0],[37.8287472,47.5987149,0],[37.8321372,47.604855,0],[37.8338752,47.6104841,0],[37.8371797,47.6110338,0],[37.8414283,47.6150841,0],[37.8427158,47.6173695,0],[37.8458701,47.6198992,0],[37.8462109,47.626349,0],[37.8498154,47.6309464,0],[37.853653,47.6336038,0],[37.8556271,47.6381439,0],[37.8564854,47.6413825,0],[37.8424602,47.6459242,0],[37.8315851,47.6541362,0],[37.8239906,47.6575875,0],[37.8186678,47.6588493,0],[37.8103423,47.6598321,0],[37.8070807,47.6616819,0],[37.8012442,47.6663641,0],[37.789595,47.6719608,0],[37.7847142,47.6720417,0],[37.7694023,47.6792048,0],[37.7619691,47.6848131,0],[37.7572231,47.686331,0],[37.7426319,47.6937841,0],[37.7382545,47.6969037,0],[37.7113854,47.7096678,0],[37.6836297,47.7151396,0],[37.6806256,47.7145621,0],[37.6782224,47.7165255,0],[37.6767622,47.7186498,0],[37.6755616,47.7231082,0],[37.672814,47.7247704,0],[37.667751,47.7288819,0],[37.6641437,47.7362052,0],[37.6563331,47.7406498,0],[37.6496397,47.742666,0],[37.6426002,47.7447478,0],[37.6329022,47.7552779,0],[37.6286106,47.763125,0],[37.6252632,47.7702787,0],[37.6224308,47.7748935,0],[37.6240616,47.7787581,0],[37.6267643,47.7838506,0],[37.626421,47.7897328,0],[37.6301117,47.8038589,0],[37.6352579,47.8180533,0],[37.6350862,47.8260639,0],[37.6368028,47.8289451,0],[37.6353437,47.8408715,0],[37.6405864,47.8531847,0],[37.6411371,47.8661757,0],[37.6367062,47.8730579,0],[37.6365187,47.8772892,0],[37.6269758,47.8746005,0],[37.61954,47.8910176,0],[37.6103932,47.9010656,0],[37.5976902,47.9066469,0],[37.5949437,47.9088332,0],[37.5704182,47.9086927,0],[37.5421396,47.9165286,0],[37.5411096,47.9108909,0],[37.5459161,47.9089348,0],[37.5468122,47.8671729,0],[37.5438082,47.8671729,0],[37.5416624,47.8566924,0],[37.5480624,47.8559475,0],[37.5435992,47.8388398,0],[37.5411101,47.8395311,0],[37.534587,47.8421235,0],[37.5301776,47.8256353,0],[37.5305209,47.8239065,0],[37.527431,47.8242523,0],[37.5128064,47.8234132,0],[37.5088916,47.8244251,0],[37.5100074,47.8124373,0],[37.4672304,47.8098222,0],[37.4682604,47.8020686,0],[37.427877,47.7997625,0],[37.4270187,47.8069112,0],[37.4116121,47.8058735,0],[37.3577103,47.8225275,0],[37.3518669,47.8180964,0],[37.3106996,47.831315,0],[37.3064081,47.8270509,0],[37.3019135,47.8288152,0],[37.2995845,47.8302202,0],[37.2961942,47.8320064,0],[37.2887859,47.8129192,0],[37.2965107,47.8112476,0],[37.29179,47.8026006,0],[37.2759113,47.8037537,0],[37.2697315,47.8051372,0],[37.2721302,47.8180388,0],[37.2579233,47.8265769,0],[37.2486329,47.8396325,0],[37.2570442,47.8665525,0],[37.2155102,47.8735701,0],[37.2118195,47.876391,0],[37.2133644,47.8842199,0],[37.2081719,47.8862113,0],[37.201048,47.8865566,0],[37.201048,47.8879955,0],[37.1822507,47.888069,0],[37.1843968,47.897549,0],[37.2028501,47.896414,0],[37.2064553,47.8968585,0],[37.2104893,47.8978943,0],[37.2158109,47.8973189,0],[37.2183858,47.9065254,0],[37.1477205,47.9106604,0],[37.1494371,47.9283195,0],[37.068903,47.9338249,0],[37.0762845,47.9773383,0],[37.0783444,47.9767063,0],[37.0796319,47.9775681,0],[37.0804902,47.9788322,0],[37.0899315,47.9787173,0],[37.0933648,47.9757869,0],[37.0969267,47.9682018,0],[37.0963259,47.9666502,0],[37.1086855,47.9669375,0],[37.1274825,47.9606156,0],[37.1285124,47.9652134,0],[37.1472235,47.9609029,0],[37.1542616,47.9590637,0],[37.157461,47.980819,0],[37.1685332,47.9802444,0],[37.1699065,47.9937443,0],[37.1276468,47.9961041,0],[37.1404433,48.0061473,0],[37.1459365,48.0051136,0],[37.1582103,48.0080423,0],[37.1637893,48.0054582,0],[37.173059,48.0043671,0],[37.1749347,48.0103782,0],[37.1764064,48.0187793,0],[37.1737457,48.0249219,0],[37.1738656,48.0276199,0],[37.1621926,48.0265293,0],[37.1513593,48.074725,0],[37.1574913,48.0759491,0],[37.1528872,48.1002781,0],[37.1118987,48.0957755,0],[37.112976,48.0898448,0],[36.9913703,48.0776688,0],[36.9923145,48.0721634,0],[36.9578964,48.0691236,0],[36.9576818,48.0713031,0],[36.9326621,48.0689516,0],[36.932748,48.0679479,0],[36.88264,48.0632154,0],[36.8822111,48.0629055,0],[36.8817424,48.0627473,0],[36.8816741,48.0617641,0],[36.8802435,48.0617603,0],[36.8785501,48.0619135,0],[36.8770844,48.0516426,0],[36.8735848,48.0514693,0],[36.8583781,48.0522277,0],[36.8565146,48.0340532,0],[36.8558113,48.0336743,0],[36.8548242,48.0333874,0],[36.8547169,48.0331829,0],[36.8540518,48.0330071,0],[36.8536109,48.0324964,0],[36.8514447,48.0333013,0],[36.8498344,48.0336156,0],[36.8473344,48.0349719,0],[36.8449258,48.0369949,0],[36.8450224,48.0372962,0],[36.8432683,48.0381496,0],[36.8410938,48.0382814,0],[36.8394523,48.037894,0],[36.836831,48.0361409,0],[36.8336761,48.0352378,0],[36.8306066,48.0360784,0],[36.8270982,48.0356479,0],[36.8264438,48.0358416,0],[36.825673,48.0368296,0],[36.8218535,48.0388669,0],[36.8178827,48.0403431,0],[36.8157175,48.0403195,0],[36.8144292,48.0401581,0],[36.811983,48.0408755,0],[36.8110591,48.0416272,0],[36.8089348,48.0435925,0],[36.8082863,48.0459184,0],[36.8073911,48.0466712,0],[36.8061465,48.0471589,0],[36.8043489,48.0476039,0],[36.8044728,48.0488229,0],[36.8047294,48.0505796,0],[36.8052992,48.0518139,0],[36.8049464,48.0525678,0],[36.802878,48.0525335,0],[36.801724,48.0526803,0],[36.7997113,48.0516981,0],[36.7976986,48.0500847,0],[36.795905,48.0489233,0],[36.7936053,48.0482645,0],[36.7920958,48.0490125,0],[36.7897634,48.0497049,0],[36.7877584,48.0510201,0],[36.7864115,48.0515641,0],[36.7853208,48.0513257,0],[36.7856033,48.0502553,0],[36.7847291,48.0496848,0],[36.7846459,48.0487942,0],[36.784595,48.0478781,0],[36.7828644,48.0470323,0],[36.7814203,48.0475784,0],[36.7797107,48.0488803,0],[36.7779512,48.0487942,0],[36.7766374,48.0478943,0],[36.77499,48.0474171,0],[36.7739184,48.0473806,0],[36.7729771,48.0476919,0],[36.7724864,48.0483188,0],[36.7725318,48.0492642,0],[36.7727274,48.0498654,0],[36.7721744,48.0504079,0],[36.7707037,48.0505892,0],[36.7622777,48.0554714,0],[36.7601475,48.0529022,0],[36.7579799,48.052245,0],[36.7568532,48.0522607,0],[36.755941,48.0508706,0],[36.7532586,48.0493032,0],[36.7515313,48.0492796,0],[36.7493693,48.049734,0],[36.7487806,48.0505612,0],[36.7471618,48.0503126,0],[36.7457362,48.050523,0],[36.7450401,48.0503604,0],[36.7441267,48.0505589,0],[36.7438351,48.0512884,0],[36.7438828,48.0523723,0],[36.7417992,48.0526919,0],[36.7410381,48.0535484,0],[36.7417924,48.0545132,0],[36.7431996,48.057272,0],[36.7428468,48.0575461,0],[36.7422548,48.0584625,0],[36.7431378,48.0593977,0],[36.7440749,48.0599731,0],[36.7476299,48.0605629,0],[36.7488302,48.0619418,0],[36.7472541,48.062382,0],[36.7464769,48.0629875,0],[36.7471824,48.0637772,0],[36.7467507,48.0645381,0],[36.7446648,48.0640668,0],[36.744038,48.0650008,0],[36.7421494,48.0655227,0],[36.7410595,48.065686,0],[36.7407419,48.0653244,0],[36.7403233,48.0651439,0],[36.7388388,48.0659582,0],[36.7391208,48.0670095,0],[36.7386303,48.0678313,0],[36.7375325,48.0681163,0],[36.7330192,48.0684188,0],[36.7298365,48.0690752,0],[36.7287373,48.070016,0],[36.7264088,48.0711783,0],[36.7261636,48.0717288,0],[36.7260064,48.0727073,0],[36.7254127,48.0736123,0],[36.7260837,48.0746647,0],[36.7259652,48.0752946,0],[36.7249415,48.0759812,0],[36.7244776,48.0767113,0],[36.7257363,48.0793367,0],[36.7253094,48.0796499,0],[36.7245662,48.0799698,0],[36.7234297,48.0800623,0],[36.7216228,48.0818884,0],[36.7210197,48.0832535,0],[36.7185151,48.0844996,0],[36.7163401,48.0851098,0],[36.7150956,48.0849664,0],[36.7144519,48.0843644,0],[36.7147952,48.0823862,0],[36.7138103,48.0815238,0],[36.713379,48.0804366,0],[36.7110049,48.0801131,0],[36.7038089,48.0824148,0],[36.6992598,48.0827876,0],[36.6981303,48.0844136,0],[36.6970574,48.0847863,0],[36.6928225,48.0863712,0],[36.6905593,48.0867935,0],[36.6888111,48.0867572,0],[36.684113,48.0859963,0],[36.6829029,48.0865813,0],[36.6815848,48.0871226,0],[36.6792367,48.0892693,0],[36.6762568,48.0908105,0],[36.6730436,48.0909115,0],[36.6686768,48.0909986,0],[36.665265,48.0886501,0],[36.6635914,48.0877366,0],[36.6618751,48.0895284,0],[36.6618154,48.0903004,0],[36.6608974,48.0915309,0],[36.658467,48.0925071,0],[36.6554855,48.0948303,0],[36.6567482,48.0966793,0],[36.6578515,48.0982915,0],[36.6567115,48.0990709,0],[36.6539407,48.1000796,0],[36.6528904,48.1003611,0],[36.6508101,48.0996109,0],[36.650512,48.0985691,0],[36.6500017,48.0978037,0],[36.6504403,48.0959291,0],[36.6502577,48.095344,0],[36.6495468,48.0954198,0],[36.6485356,48.0954957,0],[36.6474407,48.0958103,0],[36.6462763,48.0961591,0],[36.6444197,48.0968854,0],[36.6437003,48.0966514,0],[36.6423801,48.0953569,0],[36.6406196,48.0951038,0],[36.6394389,48.0953786,0],[36.6387198,48.0956879,0],[36.6380865,48.0956533,0],[36.6372004,48.0952569,0],[36.636207,48.0944305,0],[36.6362372,48.093867,0],[36.6372116,48.0934612,0],[36.6389243,48.0923128,0],[36.6394222,48.0917552,0],[36.6398772,48.0916562,0],[36.6407345,48.0916862,0],[36.6414201,48.0914869,0],[36.6415966,48.0916165,0],[36.6417088,48.0919899,0],[36.6421906,48.0921345,0],[36.6421954,48.0927336,0],[36.6424983,48.0929758,0],[36.6428869,48.092874,0],[36.6435833,48.0930115,0],[36.6439578,48.0927333,0],[36.6444611,48.0929998,0],[36.6444386,48.093492,0],[36.644642,48.0938958,0],[36.6453015,48.0937823,0],[36.6457708,48.0938188,0],[36.6461971,48.0939412,0],[36.6473324,48.0937361,0],[36.6487876,48.0933257,0],[36.6502877,48.0924092,0],[36.6502334,48.0921881,0],[36.6512361,48.0896984,0],[36.65148,48.0885682,0],[36.6512089,48.0877247,0],[36.6493364,48.0880221,0],[36.6481449,48.0893338,0],[36.6469962,48.0894415,0],[36.6449582,48.0887138,0],[36.6439893,48.0871774,0],[36.6425565,48.0877268,0],[36.6415528,48.0889068,0],[36.6388897,48.0895849,0],[36.637762,48.0893076,0],[36.6369658,48.087979,0],[36.6358262,48.0876251,0],[36.634115,48.0880937,0],[36.6311136,48.0892883,0],[36.6291194,48.0891117,0],[36.6286373,48.0882493,0],[36.6280315,48.0870011,0],[36.6285654,48.0864487,0],[36.6304846,48.0868175,0],[36.6320665,48.0868443,0],[36.6328329,48.0865843,0],[36.6331013,48.0856008,0],[36.6319212,48.0840921,0],[36.6301617,48.0834255,0],[36.6294749,48.0837264,0],[36.628791,48.0847728,0],[36.6285791,48.0856759,0],[36.6276832,48.0860199,0],[36.6255052,48.0852458,0],[36.6240245,48.0826082,0],[36.6226941,48.0822354,0],[36.6214911,48.0827702,0],[36.6213955,48.0836807,0],[36.620902,48.083953,0],[36.6202819,48.0840123,0],[36.6184324,48.0849727,0],[36.6174021,48.0865265,0],[36.6118658,48.0871314,0],[36.6115454,48.0873653,0],[36.6112249,48.0882299,0],[36.6104123,48.0897297,0],[36.6064266,48.0901493,0],[36.6041789,48.0909129,0],[36.6023602,48.0911031,0],[36.6002358,48.0899147,0],[36.600131,48.0886116,0],[36.6043367,48.0869775,0],[36.6045513,48.0864329,0],[36.6044225,48.0857735,0],[36.6013326,48.0847414,0],[36.6004347,48.0846723,0],[36.5989172,48.0844182,0],[36.5983285,48.083996,0],[36.5946807,48.0825339,0],[36.5934791,48.0823619,0],[36.5913333,48.0823332,0],[36.592128,48.0805452,0],[36.6009658,48.0706034,0],[36.5986526,48.0576872,0],[36.594105,48.050713,0],[36.5963159,48.0487309,0],[36.5966385,48.0473226,0],[36.6001132,48.0390071,0],[36.6191494,48.0340973,0],[36.6214938,48.0280888,0],[36.6309666,47.9900151,0],[36.6148304,47.9876024,0],[36.6205738,47.9664286,0],[36.6083231,47.964632,0],[36.5847115,47.9632355,0],[36.5874125,47.9564459,0],[36.5920047,47.9569391,0],[36.5932496,47.9574322,0],[36.6286849,47.9616827,0],[36.639758,47.9201984,0],[36.6174421,47.9174086,0],[36.5934748,47.9216938,0],[36.5895767,47.9218563,0],[36.5917676,47.9110104,0],[36.5818347,47.9100742,0],[36.5814498,47.9093217,0],[36.5807217,47.9090294,0],[36.5723187,47.9089441,0],[36.553098,47.9066813,0],[36.560164,47.8851513,0],[36.5474017,47.8838801,0],[36.5493422,47.8775397,0],[36.5642846,47.8785253,0],[36.5773459,47.880266,0],[36.5796952,47.8686266,0],[36.5854036,47.8474403,0],[36.6043472,47.8507051,0],[36.6080008,47.8403866,0],[36.5985566,47.8172678,0],[36.5884797,47.815886,0],[36.5870313,47.7855307,0],[36.5940552,47.7835993,0],[36.6120831,47.7859225,0],[36.6163157,47.7857946,0],[36.6222135,47.7869585,0],[36.6222533,47.7876323,0],[36.6713203,47.7934369,0],[36.6800939,47.7598335,0],[36.6788655,47.7576147,0],[36.6792349,47.7569809,0],[36.6859763,47.7309517,0],[36.6887229,47.7309517,0],[36.7002243,47.7319908,0],[36.7139572,47.6788526,0],[36.7898316,47.6841689,0],[36.7918916,47.6810486,0],[36.7833085,47.679315,0],[36.7807336,47.6751541,0],[36.7848198,47.6731019,0],[36.7798753,47.6698369,0],[36.7793603,47.6663688,0],[36.7764304,47.6684854,0],[36.7755837,47.6644035,0],[36.768637,47.665272,0],[36.7683403,47.6666284,0],[36.7529245,47.6654439,0],[36.7548128,47.6610506,0],[36.7183872,47.6580731,0],[36.7254587,47.6299405,0],[36.7661089,47.6342494,0],[36.7661089,47.6233747,0],[36.7455318,47.6211839,0],[36.7456508,47.606255,0],[36.764298,47.608826,0],[36.7644143,47.6004688,0],[36.8329067,47.6237292,0],[36.8931034,47.5454152,0],[36.9454942,47.5764954,0],[36.9669518,47.5533297,0],[36.9810628,47.5605993,0],[37.0023488,47.5393966,0],[37.0220169,47.5526283,0],[37.0375394,47.5371948,0],[37.0370244,47.5355723,0],[37.0732452,47.4946458,0],[37.0780517,47.4917461,0],[37.0845394,47.4958344,0],[37.1369316,47.4645973,0],[37.169719,47.4679626,0],[37.1796596,47.4831988,0],[37.1951092,47.4784422,0],[37.1884301,47.469007,0],[37.2052529,47.468659,0],[37.2086861,47.4670344,0],[37.2121193,47.4665702,0],[37.2113452,47.4697375,0],[37.2235761,47.4696505,0],[37.2234474,47.4685771,0],[37.2405706,47.4685771,0],[37.2409997,47.4695054,0],[37.244905,47.4693604,0],[37.2442184,47.468345,0],[37.248982,47.4686932,0],[37.2651974,47.46655,0],[37.2545544,47.447515,0],[37.2590605,47.4420295,0],[37.2632233,47.4411877,0],[37.2896591,47.4344534,0],[37.2816769,47.4257438,0],[37.282621,47.4241179,0],[37.2844234,47.4220564,0],[37.2865263,47.4210982,0],[37.289187,47.4200819,0],[37.2918907,47.4206916,0],[37.2948519,47.4206045,0],[37.2972551,47.4203432,0],[37.3006454,47.4186009,0],[37.3037783,47.4177588,0],[37.3062674,47.4185138,0],[37.311031,47.4201109,0],[37.3124901,47.4169167,0],[37.3109451,47.4160746,0],[37.3111597,47.4155519,0],[37.3131338,47.4133157,0],[37.3153225,47.4136061,0],[37.3205582,47.412125,0],[37.3183266,47.4094822,0],[37.3220173,47.40803,0],[37.3336044,47.4065197,0],[37.3342911,47.4057936,0],[37.3338619,47.4045156,0],[37.3331753,47.4014366,0],[37.3351494,47.3969922,0],[37.3370377,47.3963821,0],[37.3396984,47.396324,0],[37.3375097,47.4008557,0],[37.3407713,47.4005652,0],[37.3435179,47.4022209,0],[37.3568608,47.4156172,0],[37.409683,47.4006617,0],[37.4082239,47.3958976,0],[37.4059917,47.3919851,0],[37.4111415,47.3886729,0],[37.4219197,47.3825013,0],[37.4208039,47.3814843,0],[37.4195164,47.3800314,0],[37.4178856,47.3782296,0],[37.4173398,47.3752078,0],[37.4173827,47.3733187,0],[37.4172539,47.3712552,0],[37.4156661,47.3702961,0],[37.4121899,47.3687847,0],[37.4098296,47.3676511,0],[37.4075121,47.3662268,0],[37.4065251,47.3648607,0],[37.4057526,47.3626224,0],[37.4054951,47.3606457,0],[37.4062238,47.3590327,0],[37.4073181,47.3561401,0],[37.4920461,47.3628258,0],[37.5749481,47.3694637,0],[37.5899685,47.3703065,0],[37.590183,47.3687951,0],[37.5888527,47.3688533,0],[37.5868356,47.3679232,0],[37.5850332,47.3667024,0],[37.5830591,47.3645805,0],[37.5829733,47.3630689,0],[37.5960624,47.3626038,0],[37.5956616,47.3581511,0],[37.6209816,47.3544008,0],[37.61978,47.3526563,0],[37.6193925,47.3508152,0],[37.6379748,47.3464828,0],[37.6369449,47.3431096,0],[37.6372024,47.3379332,0],[37.6995369,47.3327853,0],[37.7024818,47.3486485,0],[37.6995635,47.3490846,0],[37.6941562,47.3494917,0],[37.6990822,47.3711906,0],[37.7247241,47.368909,0],[37.8331414,47.3591104,0],[37.8355017,47.3581801,0],[37.8367892,47.3581801,0],[37.8394499,47.3588488,0],[37.8416815,47.3579476,0],[37.8435269,47.359372,0],[37.8493138,47.3609249,0],[37.8520175,47.3617098,0],[37.8540774,47.3629598,0],[37.8553649,47.364326,0],[37.8548499,47.3659828,0],[37.8499575,47.3675234,0],[37.8472539,47.3690929,0],[37.8428336,47.3732782,0],[37.841589,47.3767947,0],[37.8419324,47.3787127,0],[37.8495256,47.3830193,0],[37.8554144,47.3855583,0],[37.8581502,47.3873444,0],[37.8593303,47.3886228,0],[37.8595449,47.3911941,0],[37.8576366,47.3946702,0],[37.858102,47.400163,0],[37.8600332,47.4034163,0],[37.8611411,47.4068022,0],[37.861664,47.4093705,0],[37.8610227,47.4106327,0]]]},"properties":{"name":"Russian-controlled Volnovakha Raion, Donetsk Oblast.","styleUrl":"#poly-A52714-1200-120-nodesc","fill-opacity":0.47058823529411764,"fill":"#a52714","stroke-opacity":1,"stroke":"#a52714","stroke-width":1.2}},{"type":"Feature","geometry":{"type":"Polygon","coordinates":[[[37.8409018,47.101265,0],[37.8371896,47.1070634,0],[37.8278126,47.10645,0],[37.826824,47.1172241,0],[37.8220205,47.1180961,0],[37.8203897,47.1194687,0],[37.8191022,47.1242869,0],[37.8187586,47.1267104,0],[37.8174256,47.1286124,0],[37.8154944,47.1298387,0],[37.8149365,47.1312109,0],[37.8112382,47.1453879,0],[37.8048263,47.1592063,0],[37.8037963,47.1608404,0],[37.8005616,47.1712906,0],[37.8024215,47.1804342,0],[37.8130645,47.1994199,0],[37.8248827,47.2268616,0],[37.8275435,47.2370027,0],[37.8339403,47.2503612,0],[37.8350332,47.2639743,0],[37.8372829,47.2680795,0],[37.8382948,47.2744577,0],[37.8417997,47.2783273,0],[37.8427438,47.2844412,0],[37.8425281,47.2881006,0],[37.8427427,47.2912735,0],[37.8421879,47.2966671,0],[37.8381948,47.3004504,0],[37.8411579,47.3040593,0],[37.8420162,47.306591,0],[37.8430032,47.3085407,0],[37.8421879,47.3104612,0],[37.8386688,47.3138073,0],[37.8323583,47.3169784,0],[37.8290109,47.3185495,0],[37.8284101,47.320586,0],[37.8311093,47.3247674,0],[37.8322681,47.3272109,0],[37.8333839,47.3316321,0],[37.8334483,47.3343781,0],[37.8321985,47.3375646,0],[37.8330191,47.339264,0],[37.8343924,47.3412125,0],[37.8362754,47.3418687,0],[37.8428844,47.3416942,0],[37.8474334,47.3409672,0],[37.8555926,47.3401947,0],[37.8596513,47.3416555,0],[37.8620117,47.3430805,0],[37.8658311,47.3470933,0],[37.8657635,47.3509537,0],[37.8652485,47.353425,0],[37.8631028,47.3560997,0],[37.8603133,47.3562742,0],[37.8570088,47.3551694,0],[37.8551205,47.3532215,0],[37.8526561,47.3517455,0],[37.8478249,47.3506629,0],[37.844588,47.3513966,0],[37.8422277,47.3527922,0],[37.8407439,47.3541228,0],[37.8403576,47.3564777,0],[37.8413876,47.3579313,0],[37.8394499,47.3588488,0],[37.8367892,47.3581801,0],[37.8355017,47.3581801,0],[37.8331414,47.3591104,0],[37.6990822,47.3711906,0],[37.6941562,47.3494917,0],[37.6995635,47.3490846,0],[37.7024818,47.3486485,0],[37.6995369,47.3327853,0],[37.6372024,47.3379332,0],[37.6367039,47.343502,0],[37.6379748,47.3464828,0],[37.6193925,47.3508152,0],[37.61978,47.3526563,0],[37.6209816,47.3544008,0],[37.5956616,47.3581511,0],[37.5960624,47.3626038,0],[37.5829733,47.3630689,0],[37.5830591,47.3645805,0],[37.5857507,47.3666886,0],[37.5888527,47.3688533,0],[37.590183,47.3687951,0],[37.5899685,47.3703065,0],[37.5733911,47.3692464,0],[37.4073181,47.3561401,0],[37.4055098,47.3609188,0],[37.4058531,47.3628084,0],[37.4065251,47.3648607,0],[37.4075121,47.3662268,0],[37.4098296,47.3676511,0],[37.4153374,47.3701913,0],[37.4172539,47.3712552,0],[37.4174403,47.3748415,0],[37.4180411,47.3780382,0],[37.4209593,47.3816997,0],[37.4219197,47.3825013,0],[37.4103682,47.3890506,0],[37.4059917,47.3919851,0],[37.4082239,47.3958976,0],[37.409683,47.4006617,0],[37.3568608,47.4156172,0],[37.3433699,47.4019715,0],[37.3407713,47.4005652,0],[37.3375097,47.4008557,0],[37.3397651,47.3961327,0],[37.3370377,47.3963821,0],[37.3351494,47.3969922,0],[37.3331753,47.4014366,0],[37.3345723,47.4058637,0],[37.3336044,47.4065197,0],[37.3216119,47.408013,0],[37.3183266,47.4094822,0],[37.3205582,47.412125,0],[37.3153225,47.4136061,0],[37.3125567,47.4132406,0],[37.3107972,47.4157091,0],[37.3124901,47.4169167,0],[37.311031,47.4201109,0],[37.3037783,47.4177588,0],[37.3006454,47.4186009,0],[37.2972551,47.4203432,0],[37.2927508,47.4206478,0],[37.2914633,47.4206188,0],[37.2888884,47.4200381,0],[37.2848114,47.4218093,0],[37.2816769,47.4257438,0],[37.2896591,47.4344534,0],[37.2635072,47.4409202,0],[37.2598165,47.4415298,0],[37.2545544,47.447515,0],[37.2651974,47.46655,0],[37.248982,47.4686932,0],[37.2442184,47.468345,0],[37.244905,47.4693604,0],[37.2409997,47.4695054,0],[37.2405706,47.4685771,0],[37.2234474,47.4685771,0],[37.2235761,47.4696505,0],[37.2113452,47.4697375,0],[37.2121193,47.4665702,0],[37.2150015,47.4425719,0],[37.2318605,47.4374344,0],[37.2007899,47.384345,0],[37.1970133,47.3834152,0],[37.1946102,47.3731859,0],[37.2037083,47.3563266,0],[37.1614796,47.3419046,0],[37.1522098,47.3657452,0],[37.1448283,47.3783007,0],[37.1436299,47.3778378,0],[37.1420818,47.3802768,0],[37.1050029,47.3755107,0],[37.1211392,47.3401597,0],[37.0917852,47.329922,0],[37.0960766,47.3255006,0],[37.0941885,47.3238716,0],[37.0833737,47.3210789,0],[37.0811422,47.3171222,0],[37.0830305,47.3125834,0],[37.0385343,47.299809,0],[37.0358237,47.3017582,0],[37.0365359,47.3049182,0],[37.0344503,47.3093244,0],[37.0236356,47.3142126,0],[36.9472463,47.3110701,0],[36.9439847,47.3209623,0],[36.9263036,47.3193331,0],[36.9276769,47.3087423,0],[36.9335135,47.2971015,0],[36.9432983,47.2566883,0],[36.9424254,47.2542806,0],[36.9493065,47.2284856,0],[36.9563446,47.2288353,0],[36.9637687,47.2016767,0],[36.9404027,47.2018469,0],[36.9367754,47.1998013,0],[36.9316255,47.2006177,0],[36.9311106,47.2066823,0],[36.8821871,47.2056326,0],[36.8887101,47.1999178,0],[36.8551747,47.1989507,0],[36.8574677,47.1970019,0],[36.8545496,47.1967686,0],[36.8559229,47.1908196,0],[36.8596994,47.1919861,0],[36.8586695,47.190003,0],[36.8665303,47.1844337,0],[36.8737401,47.183967,0],[36.8761789,47.1762359,0],[36.8780672,47.1748356,0],[36.885277,47.175069,0],[36.89025,47.1707418,0],[36.8996914,47.1736009,0],[36.9062053,47.167757,0],[36.9054792,47.1648394,0],[36.9086049,47.1635251,0],[36.9103216,47.1657426,0],[36.9132397,47.1655092,0],[36.9140981,47.1688936,0],[36.9206211,47.1725113,0],[36.9238681,47.1708007,0],[36.9252561,47.1685436,0],[36.9230244,47.1650424,0],[36.9230244,47.1627082,0],[36.9221662,47.1597902,0],[36.9271658,47.1606593,0],[36.9341824,47.164809,0],[36.9367703,47.1639729,0],[36.9359978,47.1611134,0],[36.9371007,47.157339,0],[36.9410489,47.1559382,0],[36.9463704,47.1581561,0],[36.950662,47.1569888,0],[36.9499753,47.1553546,0],[36.9542881,47.1538307,0],[36.9551776,47.1492877,0],[36.9614766,47.1479999,0],[36.9628499,47.1458984,0],[36.974232,47.1400057,0],[36.9719481,47.1376083,0],[36.9700598,47.1360903,0],[36.9725154,47.134751,0],[36.9758963,47.1335212,0],[36.9767545,47.1317695,0],[36.9795535,47.1303132,0],[36.9792932,47.1258438,0],[36.9911742,47.1246452,0],[36.9983839,47.1309521,0],[37.0026888,47.1242154,0],[37.00359,47.1207405,0],[36.9998926,47.1162656,0],[37.0004439,47.1149501,0],[37.0069307,47.1132283,0],[37.0083403,47.1158846,0],[37.0121169,47.1129641,0],[37.0104002,47.1092255,0],[37.0124602,47.1079404,0],[37.0026756,47.1018645,0],[37.0055938,47.0976578,0],[37.0107436,47.0978915,0],[37.0090127,47.0929287,0],[37.0129753,47.0901783,0],[37.0102572,47.0874355,0],[37.0086837,47.0850356,0],[36.9868828,47.0793077,0],[37.08061,47.0470341,0],[37.0982543,47.0591113,0],[37.1245554,47.0395475,0],[37.0897081,47.0071325,0],[37.141035,46.9819594,0],[37.102567,46.9596675,0],[37.0929699,46.967904,0],[37.0835285,46.9627494,0],[37.0809536,46.9623979,0],[37.0215588,46.9280604,0],[37.0323364,46.9185953,0],[37.0630584,46.8834084,0],[37.0927569,46.8940817,0],[37.1133562,46.9027615,0],[37.1279475,46.9083909,0],[37.1379038,46.9102673,0],[37.1497484,46.9110882,0],[37.158221,46.9127541,0],[37.1639963,46.9143715,0],[37.1772143,46.9222274,0],[37.1828791,46.9251584,0],[37.1866556,46.9283237,0],[37.1907755,46.9324266,0],[37.1935972,46.933821,0],[37.2021802,46.9335866,0],[37.2066434,46.9335279,0],[37.2124799,46.9346415,0],[37.2189172,46.9405606,0],[37.2212347,46.9437836,0],[37.2254468,46.9468264,0],[37.2299894,46.9488228,0],[37.2328218,46.9503461,0],[37.2390016,46.950932,0],[37.2462972,46.9498774,0],[37.2561677,46.9471236,0],[37.2644075,46.9447797,0],[37.2711881,46.9423186,0],[37.2752222,46.9406192,0],[37.2810586,46.9376304,0],[37.2906717,46.9331763,0],[37.2958215,46.930363,0],[37.3001989,46.9270219,0],[37.3155083,46.9164652,0],[37.3210015,46.9096639,0],[37.3210015,46.9062629,0],[37.3230614,46.9019235,0],[37.3240055,46.8988739,0],[37.3244347,46.8945925,0],[37.324778,46.8900761,0],[37.3210873,46.8842101,0],[37.3180832,46.8815702,0],[37.3130192,46.8786955,0],[37.3082127,46.875938,0],[37.3039212,46.8743538,0],[37.2983422,46.8724762,0],[37.2943081,46.8707746,0],[37.2898449,46.8691903,0],[37.2876992,46.8696597,0],[37.2870125,46.8710093,0],[37.2864117,46.873415,0],[37.2849526,46.8743538,0],[37.2841801,46.8723002,0],[37.2852959,46.8694837,0],[37.2855534,46.8677233,0],[37.2887291,46.8674299,0],[37.292334,46.8673125,0],[37.2967114,46.867782,0],[37.3022904,46.8691903,0],[37.3081269,46.8707159,0],[37.3131909,46.8724176,0],[37.3187699,46.8755273,0],[37.3331036,46.8874952,0],[37.3400559,46.8929502,0],[37.3441758,46.8968799,0],[37.3483815,46.9020994,0],[37.3515572,46.9056179,0],[37.3549046,46.9097812,0],[37.372414,46.9281308,0],[37.3972125,46.9535375,0],[37.4132628,46.9661323,0],[37.4248499,46.9753861,0],[37.4427722,46.9909102,0],[37.4512695,47.000628,0],[37.4557327,47.0065398,0],[37.4728552,47.0272562,0],[37.47852,47.032112,0],[37.4832407,47.035505,0],[37.4870172,47.0389562,0],[37.4909654,47.0417639,0],[37.4933687,47.0428752,0],[37.4949995,47.0425827,0],[37.4973169,47.040711,0],[37.4986832,47.0415183,0],[37.4970739,47.0434192,0],[37.5014942,47.0479665,0],[37.4991124,47.0493262,0],[37.5047557,47.0548818,0],[37.5067298,47.0541801,0],[37.5110438,47.057806,0],[37.5152066,47.0610804,0],[37.5183824,47.0605834,0],[37.5189403,47.0698501,0],[37.5210765,47.072327,0],[37.5282863,47.0769888,0],[37.5331106,47.0792744,0],[37.53369,47.0790552,0],[37.5348701,47.0796397,0],[37.5347092,47.0799977,0],[37.5362649,47.0805895,0],[37.5379815,47.080984,0],[37.5402131,47.0814005,0],[37.5436628,47.0817349,0],[37.5473214,47.0826482,0],[37.5488771,47.082787,0],[37.5499285,47.082787,0],[37.5506259,47.0828893,0],[37.5555718,47.0835687,0],[37.5579107,47.0838098,0],[37.5591767,47.0839705,0],[37.560035,47.0841896,0],[37.5658179,47.0850736,0],[37.5673843,47.0852489,0],[37.5696803,47.0852928,0],[37.5716329,47.0851613,0],[37.5730062,47.0853658,0],[37.5744224,47.0858188,0],[37.5732916,47.0871605,0],[37.5767249,47.0879202,0],[37.5793427,47.0891475,0],[37.5824326,47.0894689,0],[37.5834197,47.0876865,0],[37.5823468,47.0848521,0],[37.5804585,47.0819006,0],[37.5804585,47.0814038,0],[37.5836557,47.0810166,0],[37.5844165,47.0800034,0],[37.5852104,47.0791778,0],[37.5857147,47.0789001,0],[37.5866695,47.0787321,0],[37.5873347,47.0787175,0],[37.5886544,47.0787905,0],[37.5913902,47.0797111,0],[37.592667,47.0800326,0],[37.5935789,47.0803687,0],[37.5942978,47.0806901,0],[37.5948449,47.0812965,0],[37.5951453,47.081786,0],[37.5952955,47.0823486,0],[37.595199,47.0827577,0],[37.5936169,47.0859789,0],[37.59587,47.0862857,0],[37.6018996,47.0863442,0],[37.604217,47.0863588,0],[37.6070065,47.0857744,0],[37.6071996,47.0846201,0],[37.60853,47.0839626,0],[37.6110835,47.0845471,0],[37.6203098,47.0876157,0],[37.6258888,47.092802,0],[37.6267256,47.0936347,0],[37.6268115,47.0943067,0],[37.6294273,47.0948471,0],[37.6304251,47.0948325,0],[37.633334,47.0943385,0],[37.6331301,47.0937688,0],[37.63357,47.0934255,0],[37.6349648,47.0930676,0],[37.6362308,47.0928923,0],[37.6367887,47.0933597,0],[37.6383336,47.0931406,0],[37.6415415,47.092359,0],[37.6443632,47.0917455,0],[37.6453288,47.0914241,0],[37.6509615,47.0902298,0],[37.6549741,47.0889734,0],[37.6579781,47.0881699,0],[37.6621195,47.0871326,0],[37.6769319,47.0825845,0],[37.6777043,47.07861,0],[37.6812663,47.0773533,0],[37.6845708,47.0781717,0],[37.6868024,47.0795452,0],[37.6938405,47.0808311,0],[37.702724,47.0803927,0],[37.7101483,47.0802758,0],[37.7159848,47.0804512,0],[37.7207484,47.0809772,0],[37.7243104,47.0813279,0],[37.7370534,47.0832635,0],[37.7368818,47.0840087,0],[37.7341137,47.0842133,0],[37.7328692,47.0850022,0],[37.7335558,47.0861127,0],[37.7361307,47.0865656,0],[37.7379117,47.087486,0],[37.7404866,47.087749,0],[37.7418814,47.0885233,0],[37.7432118,47.0888301,0],[37.7478252,47.0883772,0],[37.7489195,47.0879389,0],[37.7485333,47.0858497,0],[37.7491126,47.084973,0],[37.75349,47.0861419,0],[37.7585755,47.0869016,0],[37.7613006,47.0872669,0],[37.7650136,47.0880568,0],[37.7706355,47.0884074,0],[37.7741117,47.0884951,0],[37.7779311,47.0882029,0],[37.7822227,47.0879107,0],[37.7854842,47.0875016,0],[37.7879733,47.0866834,0],[37.7911061,47.0854854,0],[37.794196,47.0849302,0],[37.7979726,47.0860406,0],[37.8014058,47.0866834,0],[37.8063411,47.0878522,0],[37.8138513,47.0895762,0],[37.818057,47.0901606,0],[37.8237218,47.0924688,0],[37.8270692,47.0948062,0],[37.831232,47.0969681,0],[37.8335065,47.098312,0],[37.8367252,47.0995682,0],[37.8389568,47.1001817,0],[37.8409018,47.101265,0]]]},"properties":{"name":"Russian-controlled Mariupol Raion, Donetsk Oblast.","styleUrl":"#poly-A52714-1200-115-nodesc","fill-opacity":0.45098039215686275,"fill":"#a52714","stroke-opacity":1,"stroke":"#a52714","stroke-width":1.2}},{"type":"Feature","geometry":{"type":"Polygon","coordinates":[[[37.5496501,48.0038105,0],[37.554008,48.0053644,0],[37.5566453,48.0075001,0],[37.5576129,48.0085227,0],[37.5615103,48.0080021,0],[37.5736983,48.0078012,0],[37.5740416,48.0140599,0],[37.5891478,48.0159259,0],[37.6149584,48.0180966,0],[37.6204516,48.0194171,0],[37.6226832,48.0197615,0],[37.6148791,48.0564851,0],[37.5402922,48.0507478,0],[37.5423459,48.0357394,0],[37.5464657,48.0367724,0],[37.5470666,48.036715,0],[37.5492437,48.0064188,0],[37.5496501,48.0038105,0]]]},"properties":{"name":"Russian-controlled Donetsk Raion, Donetsk Oblast.","styleUrl":"#poly-A52714-1200-120-nodesc","fill-opacity":0.47058823529411764,"fill":"#a52714","stroke-opacity":1,"stroke":"#a52714","stroke-width":1.2}},{"type":"Feature","geometry":{"type":"Polygon","coordinates":[[[37.6980712,48.0720292,0],[37.7202155,48.0722873,0],[37.7244212,48.0721152,0],[37.7267359,48.0755449,0],[37.7279403,48.0766171,0],[37.7276861,48.0792395,0],[37.7300894,48.0793542,0],[37.7406036,48.0814759,0],[37.7421057,48.0848876,0],[37.7434448,48.0864124,0],[37.7499163,48.0864357,0],[37.7585081,48.0855811,0],[37.7633913,48.0869369,0],[37.7653654,48.0877396,0],[37.7664474,48.0891931,0],[37.7685411,48.0910362,0],[37.7716831,48.091859,0],[37.7744635,48.0935587,0],[37.7761463,48.0940662,0],[37.7838001,48.0966111,0],[37.7851806,48.0990461,0],[37.7900658,48.1026298,0],[37.7913962,48.1046072,0],[37.795001,48.1078741,0],[37.7954803,48.1085319,0],[37.7959953,48.1095922,0],[37.7965103,48.1111968,0],[37.7976261,48.1124576,0],[37.7962099,48.1127154,0],[37.7918403,48.1111164,0],[37.790982,48.1106866,0],[37.7858406,48.1081382,0],[37.7791029,48.1073358,0],[37.7750065,48.1071183,0],[37.7745968,48.1071782,0],[37.7741482,48.1079779,0],[37.7594005,48.1124174,0],[37.7574908,48.1126108,0],[37.7562041,48.1130753,0],[37.755775,48.1134048,0],[37.7550661,48.1141938,0],[37.7543365,48.1138715,0],[37.7531142,48.1137773,0],[37.7531571,48.1134908,0],[37.7199577,48.1088277,0],[37.7213023,48.1045926,0],[37.6927118,48.1025598,0],[37.6952356,48.0872688,0],[37.7031223,48.087782,0],[37.7048534,48.0773782,0],[37.6815718,48.076389,0],[37.682153,48.0725004,0],[37.6869057,48.0719268,0],[37.6963256,48.0718695,0],[37.6964009,48.0710953,0],[37.6980712,48.0720292,0]]]},"properties":{"name":"Russian-controlled Donetsk Raion, Donetsk Oblast.","styleUrl":"#poly-A52714-1200-112-nodesc","fill-opacity":0.4392156862745098,"fill":"#a52714","stroke-opacity":1,"stroke":"#a52714","stroke-width":1.2}},{"type":"Feature","geometry":{"type":"Polygon","coordinates":[[[37.8079016,48.1204792,0],[37.8122205,48.1243458,0],[37.8119415,48.125463,0],[37.8113836,48.1263797,0],[37.811684,48.126838,0],[37.81295,48.1276687,0],[37.8141517,48.1280554,0],[37.8153747,48.1276974,0],[37.8167914,48.1270095,0],[37.8190869,48.1274682,0],[37.8217715,48.1301986,0],[37.8211063,48.1322896,0],[37.8203982,48.1333207,0],[37.8200978,48.1346382,0],[37.8189177,48.1358984,0],[37.8196043,48.1370869,0],[37.8196901,48.1380463,0],[37.8168274,48.145023,0],[37.8157625,48.1488381,0],[37.8176937,48.1539345,0],[37.8193674,48.156139,0],[37.823144,48.1565398,0],[37.8251181,48.1579139,0],[37.8273926,48.1608912,0],[37.8300962,48.1630953,0],[37.8303537,48.1646983,0],[37.829791,48.1687966,0],[37.8291473,48.1705711,0],[37.8284393,48.1714985,0],[37.829083,48.1727005,0],[37.8302417,48.1735018,0],[37.828542,48.1822806,0],[37.8192908,48.1812913,0],[37.8170806,48.1825217,0],[37.8166007,48.1833371,0],[37.8155786,48.1842171,0],[37.8147124,48.1853114,0],[37.8141545,48.1855117,0],[37.8026143,48.1760888,0],[37.7956513,48.1749584,0],[37.7956942,48.1744146,0],[37.7939561,48.1739782,0],[37.7941493,48.1735417,0],[37.7917997,48.1730266,0],[37.7920464,48.1725472,0],[37.7892926,48.1720737,0],[37.7927431,48.1627739,0],[37.7912411,48.1623016,0],[37.7877221,48.160398,0],[37.7861127,48.1600831,0],[37.7856192,48.1597968,0],[37.7853516,48.1592356,0],[37.7850184,48.1575782,0],[37.7853402,48.1572203,0],[37.785137,48.1552563,0],[37.7846107,48.154701,0],[37.7826559,48.1547742,0],[37.7790939,48.1529992,0],[37.7770769,48.1514531,0],[37.7757894,48.1498497,0],[37.7755053,48.144704,0],[37.776707,48.1433009,0],[37.7821838,48.1416029,0],[37.7824413,48.1432065,0],[37.7835142,48.1431206,0],[37.7836593,48.1417831,0],[37.7890502,48.1418606,0],[37.7923711,48.1421268,0],[37.7936585,48.1420695,0],[37.7958787,48.1423603,0],[37.7976497,48.1425563,0],[37.8001488,48.1424175,0],[37.8079016,48.1204792,0]]]},"properties":{"name":"Russian-controlled Donetsk Raion, Donetsk Oblast.","styleUrl":"#poly-A52714-1200-117-nodesc","fill-opacity":0.4588235294117647,"fill":"#a52714","stroke-opacity":1,"stroke":"#a52714","stroke-width":1.2}},{"type":"Feature","geometry":{"type":"Polygon","coordinates":[[[37.8449253,49.5033599,0],[37.8439811,49.5029279,0],[37.8434447,49.5021337,0],[37.8433159,49.5012697,0],[37.8432945,49.5006286,0],[37.8426722,49.4998064,0],[37.8416852,49.4990957,0],[37.8411702,49.4984407,0],[37.840239,49.4977874,0],[37.8389945,49.4974808,0],[37.8379645,49.4970627,0],[37.8367843,49.4968537,0],[37.835411,49.4964635,0],[37.8345098,49.4962266,0],[37.8180947,49.4977178,0],[37.807177,49.4986791,0],[37.8067908,49.4975224,0],[37.8034863,49.4922402,0],[37.7882484,49.4957097,0],[37.7717064,49.4996378,0],[37.7723931,49.5065494,0],[37.7506391,49.5059359,0],[37.7324001,49.5114813,0],[37.7212833,49.5165435,0],[37.7160906,49.5176301,0],[37.7144421,49.5180125,0],[37.7138842,49.5159507,0],[37.7133693,49.5151984,0],[37.712511,49.5147526,0],[37.7105368,49.5145576,0],[37.7080048,49.5146969,0],[37.7057303,49.5146969,0],[37.7004118,49.5152945,0],[37.6996823,49.5137621,0],[37.7026006,49.5136506,0],[37.7103519,49.5132488,0],[37.7146469,49.5136903,0],[37.7210011,49.5125159,0],[37.7290208,49.5112804,0],[37.73704,49.5089299,0],[37.7252439,49.4898103,0],[37.7404359,49.4862418,0],[37.7429099,49.489525,0],[37.760077,49.485273,0],[37.7528883,49.4730267,0],[37.7534677,49.4721343,0],[37.759508,49.469234,0],[37.7600445,49.4686553,0],[37.7689387,49.4667239,0],[37.7704419,49.4611481,0],[37.7665379,49.4565573,0],[37.7457711,49.459334,0],[37.743282,49.4594177,0],[37.7416941,49.4605335,0],[37.7400204,49.4612587,0],[37.7363163,49.4623201,0],[37.7347713,49.4631011,0],[37.7312952,49.4642168,0],[37.7286344,49.4660855,0],[37.7260595,49.4646352,0],[37.721768,49.4590845,0],[37.7108246,49.4511618,0],[37.7029711,49.4569644,0],[37.6945167,49.4483718,0],[37.6898642,49.4456855,0],[37.6816244,49.4416674,0],[37.6718827,49.4385979,0],[37.6675642,49.430363,0],[37.6659014,49.423879,0],[37.6641386,49.4187389,0],[37.6740186,49.4161587,0],[37.6795976,49.4065536,0],[37.6915484,49.4027965,0],[37.6951091,49.4102586,0],[37.7140789,49.4108387,0],[37.7234332,49.4131624,0],[37.7353648,49.4088386,0],[37.7304942,49.4024997,0],[37.7321783,49.4021229,0],[37.7369685,49.4079663,0],[37.7465657,49.4047616,0],[37.7505568,49.4043427,0],[37.7522268,49.4056389,0],[37.7563922,49.406461,0],[37.7677218,49.4046179,0],[37.7867297,49.398247,0],[37.8005092,49.3940609,0],[37.8183583,49.389644,0],[37.8226928,49.390929,0],[37.8393869,49.3914318,0],[37.845802,49.3875063,0],[37.8464869,49.3791931,0],[37.8480328,49.3775524,0],[37.850122,49.3767284,0],[37.8594148,49.3768583,0],[37.8604227,49.3806371,0],[37.8708072,49.3784048,0],[37.8778463,49.3780107,0],[37.8834253,49.3794636,0],[37.8919748,49.3795546,0],[37.8952364,49.3940812,0],[37.8960089,49.4038563,0],[37.8810087,49.4145861,0],[37.8793577,49.4135177,0],[37.8786094,49.4136684,0],[37.8807755,49.4159887,0],[37.8809161,49.4166209,0],[37.8805513,49.416914,0],[37.8780046,49.4173501,0],[37.8770859,49.4174375,0],[37.8753049,49.4175143,0],[37.8759379,49.4187915,0],[37.8772146,49.4191196,0],[37.8773326,49.4203828,0],[37.8778154,49.4217158,0],[37.8795701,49.4353437,0],[37.8748495,49.4364042,0],[37.8760511,49.4467289,0],[37.8451672,49.4451285,0],[37.8439504,49.4453617,0],[37.8477706,49.469063,0],[37.8504735,49.4887307,0],[37.8434459,49.4912381,0],[37.8405172,49.4917972,0],[37.8380386,49.4917956,0],[37.8372985,49.4924383,0],[37.8390581,49.4940551,0],[37.8400451,49.4946683,0],[37.8454524,49.5025283,0],[37.8449253,49.5033599,0]]]},"properties":{"name":"Russian-controlled Izyum Raion, Kharkiv Oblast.","styleUrl":"#poly-A52714-1200-117-nodesc","fill-opacity":0.4588235294117647,"fill":"#a52714","stroke-opacity":1,"stroke":"#a52714","stroke-width":1.2}},{"type":"Feature","geometry":{"type":"Polygon","coordinates":[[[35.2837006,47.6031288,0],[35.2858905,47.6000601,0],[35.2964148,47.5847169,0],[35.2989332,47.5820978,0],[35.3010922,47.5805277,0],[35.3047697,47.5792175,0],[35.3087312,47.5779223,0],[35.3122502,47.5761273,0],[35.3174001,47.5743323,0],[35.3207475,47.5724215,0],[35.3228932,47.570858,0],[35.325554,47.5680783,0],[35.3278714,47.5639085,0],[35.3299321,47.5550547,0],[35.3316917,47.5476976,0],[35.3374481,47.5301882,0],[35.3373194,47.5281308,0],[35.3358602,47.5259575,0],[35.3331137,47.5236101,0],[35.3304529,47.5208569,0],[35.3279209,47.5190311,0],[35.3234148,47.5172051,0],[35.3172779,47.5138139,0],[35.3113647,47.5126042,0],[35.3053566,47.5118505,0],[35.2976318,47.5098794,0],[35.2917095,47.5075603,0],[35.284843,47.5050672,0],[35.2796932,47.5021101,0],[35.2765174,47.4977611,0],[35.2744575,47.4939917,0],[35.2749725,47.490744,0],[35.2781559,47.4827974,0],[35.2803875,47.4784468,0],[35.2830482,47.4725875,0],[35.2829624,47.4687583,0],[35.2784134,47.4636522,0],[35.2738643,47.4601124,0],[35.2715469,47.4577331,0],[35.2671696,47.4565725,0],[35.267427,47.459358,0],[35.2680279,47.4623756,0],[35.2680279,47.4651028,0],[35.2694012,47.4700347,0],[35.2695728,47.4724134,0],[35.2667404,47.4728776,0],[35.2616764,47.4721234,0],[35.2581573,47.4699187,0],[35.2530933,47.4674238,0],[35.2396691,47.4625925,0],[35.2360642,47.4598651,0],[35.2271378,47.4547581,0],[35.2220738,47.4519723,0],[35.2134049,47.448664,0],[35.2019894,47.4451813,0],[35.1940071,47.4450652,0],[35.1809609,47.4454715,0],[35.1739228,47.4447169,0],[35.1640522,47.4452974,0],[35.1458527,47.4467658,0],[35.1364113,47.4478106,0],[35.1247383,47.4495519,0],[35.1173569,47.4501323,0],[35.1024784,47.4503586,0],[35.0865437,47.451119,0],[35.0774456,47.4508288,0],[35.0695492,47.4502484,0],[35.0628544,47.4488554,0],[35.0596787,47.4462434,0],[35.0560738,47.4444439,0],[35.053413,47.4428766,0],[35.0466324,47.4378841,0],[35.0305994,47.4200509,0],[35.0285395,47.4174374,0],[35.023733,47.4140108,0],[35.0164374,47.4109324,0],[35.0114592,47.4079119,0],[35.0045927,47.4048331,0],[34.9843367,47.3954215,0],[34.9778135,47.3924001,0],[34.9742945,47.3906569,0],[34.9683722,47.3893204,0],[34.9632223,47.3892042,0],[34.9524077,47.3889718,0],[34.9433897,47.3895174,0],[34.9385832,47.39097,0],[34.9319742,47.3922484,0],[34.9222754,47.3943982,0],[34.9145506,47.3961413,0],[34.9089716,47.3974195,0],[34.9030493,47.3992205,0],[34.892063,47.4023577,0],[34.8869131,47.4043329,0],[34.8797892,47.4071793,0],[34.8757551,47.408922,0],[34.8731802,47.4108388,0],[34.869747,47.4142076,0],[34.8669146,47.4175181,0],[34.8647688,47.420538,0],[34.8633955,47.4241385,0],[34.864168,47.4261709,0],[34.8656271,47.4290162,0],[34.8680304,47.4314548,0],[34.8724687,47.4380573,0],[34.8739278,47.441018,0],[34.874872,47.4446751,0],[34.8731553,47.4471131,0],[34.8669755,47.4494348,0],[34.8636281,47.4493187,0],[34.8592508,47.4491446,0],[34.8561609,47.449667,0],[34.851526,47.4514663,0],[34.845432,47.4539619,0],[34.8412263,47.4558191,0],[34.8377073,47.4572119,0],[34.83024,47.4606938,0],[34.8250902,47.4628989,0],[34.8209703,47.463189,0],[34.8162496,47.4641755,0],[34.8095548,47.465336,0],[34.8008001,47.46551,0],[34.7920453,47.4675409,0],[34.781059,47.4714862,0],[34.7748792,47.474155,0],[34.7583997,47.4823925,0],[34.7520482,47.4895847,0],[34.7463834,47.4905126,0],[34.7357404,47.4916726,0],[34.7271573,47.4923685,0],[34.7182309,47.4893527,0],[34.7083437,47.4888832,0],[34.6988332,47.4912086,0],[34.6868169,47.4917886,0],[34.6761739,47.4944563,0],[34.6761739,47.5000233,0],[34.6787799,47.5078114,0],[34.6773208,47.5100145,0],[34.670626,47.517145,0],[34.6657336,47.5215503,0],[34.6553481,47.5265349,0],[34.6502841,47.5308235,0],[34.6477092,47.5365605,0],[34.6420444,47.5377194,0],[34.6363795,47.5301281,0],[34.6290839,47.5283895,0],[34.6171535,47.5271724,0],[34.6124328,47.5269406,0],[34.6048797,47.5259553,0],[34.6011889,47.5245643,0],[34.5953525,47.5238688,0],[34.5922626,47.5213764,0],[34.5902026,47.5206809,0],[34.5837653,47.5213764,0],[34.5769847,47.5198114,0],[34.5738948,47.5213764,0],[34.5724357,47.5229994,0],[34.565655,47.5250859,0],[34.5581019,47.5266508,0],[34.549948,47.5289111,0],[34.5455707,47.5309394,0],[34.53879,47.5308815,0],[34.5329536,47.5293747,0],[34.528662,47.5246223,0],[34.5260013,47.5217242,0],[34.5233405,47.5181304,0],[34.5200789,47.5127972,0],[34.51347,47.5083912,0],[34.5103801,47.5045066,0],[34.5074618,47.5006217,0],[34.5011962,47.4987081,0],[34.492184,47.4988241,0],[34.4812835,47.4987081,0],[34.4668639,47.4989401,0],[34.454161,47.4980122,0],[34.4321021,47.4964468,0],[34.4243773,47.4974326,0],[34.4162234,47.4985344,0],[34.4089278,47.5001,0],[34.4046363,47.5017236,0],[34.3983706,47.5035211,0],[34.3933066,47.5069419,0],[34.3908175,47.5101887,0],[34.3853244,47.5118119,0],[34.3812903,47.5103626,0],[34.3773421,47.5077536,0],[34.3739947,47.5048547,0],[34.3754538,47.5035791,0],[34.380947,47.5032892,0],[34.3816337,47.5005059,0],[34.3810328,47.4983604,0],[34.3765696,47.4936052,0],[34.3727931,47.4898354,0],[34.3722781,47.4875735,0],[34.3701323,47.4858915,0],[34.3661841,47.4839774,0],[34.3625792,47.4823532,0],[34.3593177,47.4829333,0],[34.354348,47.4815546,0],[34.351859,47.4799594,0],[34.3499707,47.4781611,0],[34.3470524,47.4755505,0],[34.3452929,47.4729109,0],[34.3425463,47.4695748,0],[34.3410443,47.4676891,0],[34.3397568,47.4641207,0],[34.34344,47.4521218,0],[34.342453,47.4499453,0],[34.3393201,47.4476236,0],[34.3359298,47.445621,0],[34.3346853,47.4445762,0],[34.3313808,47.4404256,0],[34.3288059,47.4380454,0],[34.325716,47.4363908,0],[34.3230981,47.4352878,0],[34.318592,47.4334008,0],[34.3121118,47.4317461,0],[34.3068207,47.4297423,0],[34.3026579,47.4280584,0],[34.2992676,47.4273616,0],[34.2958773,47.426839,0],[34.294032,47.4258809,0],[34.2914999,47.4252421,0],[34.2891825,47.4264906,0],[34.2862214,47.428581,0],[34.2825306,47.4315132,0],[34.2789258,47.4339808,0],[34.2728747,47.4355483,0],[34.2687548,47.4355774,0],[34.265622,47.4354612,0],[34.2621029,47.4344452,0],[34.2591847,47.4339517,0],[34.2562235,47.4333421,0],[34.2452372,47.4275648,0],[34.2473259,47.4241629,0],[34.2564668,47.3956137,0],[34.2515316,47.3915174,0],[34.261089,47.3596649,0],[34.2725903,47.3611185,0],[34.2929524,47.2758107,0],[34.3050545,47.2694046,0],[34.3090027,47.2727824,0],[34.3290871,47.2899013,0],[34.3577926,47.2934138,0],[34.3699805,47.2833127,0],[34.4017486,47.2868106,0],[34.3991736,47.2985119,0],[34.4194297,47.3008984,0],[34.4140026,47.3234549,0],[34.4744274,47.3301453,0],[34.4746511,47.328906,0],[34.4876976,47.2804821,0],[34.5185965,47.2828113,0],[34.5220298,47.2683693,0],[34.5288963,47.2683693,0],[34.5309562,47.2506608,0],[34.4911308,47.2464659,0],[34.5171809,47.118824,0],[34.5497107,47.1211601,0],[34.5448315,47.1434419,0],[34.5985236,47.1479985,0],[34.6014418,47.1344248,0],[34.7121449,47.1440374,0],[34.7156425,47.1447087,0],[34.7174879,47.1453363,0],[34.7184106,47.1467811,0],[34.7183247,47.1483426,0],[34.7181673,47.150245,0],[34.7183175,47.1509454,0],[34.7190685,47.1516313,0],[34.7210212,47.1524338,0],[34.7624589,47.1558647,0],[34.8127557,47.159527,0],[34.8147942,47.1601982,0],[34.8300523,47.1715561,0],[34.8569859,47.154415,0],[34.8505057,47.1427112,0],[34.8727179,47.1448867,0],[34.8747135,47.1332537,0],[34.9552434,47.1413707,0],[34.962539,47.086084,0],[34.9635261,47.0777262,0],[35.0239733,47.0823849,0],[35.0253037,47.0783812,0],[35.065215,47.0822973,0],[35.0620323,47.0945354,0],[35.1034608,47.098663,0],[35.1059499,47.0878819,0],[35.1399389,47.090424,0],[35.1472393,47.1157447,0],[35.1655686,47.1181326,0],[35.1741517,47.1188627,0],[35.1722407,47.127908,0],[35.1788497,47.128638,0],[35.1725548,47.151491,0],[35.2055138,47.1553433,0],[35.2077454,47.1462958,0],[35.2191281,47.1476837,0],[35.2223897,47.1335844,0],[35.2643291,47.1384727,0],[35.2829903,47.1759831,0],[35.2900238,47.176916,0],[35.3204937,47.1741739,0],[35.3224058,47.2028506,0],[35.3811021,47.1791051,0],[35.3917021,47.2021444,0],[35.4054351,47.1968666,0],[35.4464434,47.1852492,0],[35.4412936,47.1742231,0],[35.4904663,47.1614401,0],[35.5000275,47.1816059,0],[35.5071031,47.1974718,0],[35.4884778,47.2009709,0],[35.4999044,47.2186779,0],[35.5097999,47.2337656,0],[35.5018176,47.2369709,0],[35.512694,47.2502194,0],[35.5238949,47.2461118,0],[35.5542706,47.2754543,0],[35.5702351,47.2690773,0],[35.5780028,47.2670388,0],[35.5795907,47.2686696,0],[35.5812644,47.2715234,0],[35.5877446,47.2784824,0],[35.5753143,47.2833319,0],[35.5813869,47.2905222,0],[35.5967453,47.3071324,0],[35.5993202,47.3058811,0],[35.6065299,47.3123409,0],[35.6018951,47.3148723,0],[35.599528,47.3164524,0],[35.5788643,47.3340079,0],[35.6062737,47.3640203,0],[35.6292644,47.385895,0],[35.6517193,47.4065932,0],[35.6824939,47.4333914,0],[35.6756704,47.4367588,0],[35.6064921,47.4385592,0],[35.5995398,47.4385592,0],[35.587651,47.438095,0],[35.5792178,47.4751613,0],[35.5629212,47.54723,0],[35.5627588,47.5483581,0],[35.5586849,47.5490606,0],[35.5389868,47.5476413,0],[35.5190174,47.5451869,0],[35.5074936,47.5447801,0],[35.5073054,47.5478956,0],[35.5052287,47.5572677,0],[35.5095202,47.5619014,0],[35.5087477,47.568272,0],[35.506602,47.5718044,0],[35.5072723,47.576474,0],[35.5073745,47.5826319,0],[35.506087,47.5898683,0],[35.5041929,47.5922321,0],[35.5032917,47.5996408,0],[35.5089179,47.5998992,0],[35.5088965,47.6035018,0],[35.5025879,47.6036755,0],[35.4994705,47.611262,0],[35.4998995,47.6117249,0],[35.4892983,47.6127471,0],[35.476338,47.6180553,0],[35.4734406,47.6148689,0],[35.4633371,47.6026029,0],[35.4632776,47.6005214,0],[35.4368882,47.6001177,0],[35.4275801,47.6000321,0],[35.4273121,47.6038931,0],[35.4138905,47.604961,0],[35.4075285,47.6048285,0],[35.406057,47.602856,0],[35.4020582,47.5965883,0],[35.3829114,47.5927805,0],[35.3589225,47.5918839,0],[35.358192,47.599321,0],[35.3516528,47.5991972,0],[35.3493193,47.6073215,0],[35.3455097,47.6209079,0],[35.3384375,47.6233494,0],[35.3365906,47.6212654,0],[35.3159263,47.6295368,0],[35.3144007,47.6274527,0],[35.2799084,47.6412639,0],[35.2794675,47.6405424,0],[35.2788548,47.6388953,0],[35.2779015,47.6330522,0],[35.2779444,47.6311145,0],[35.2801331,47.6269787,0],[35.2802619,47.6227558,0],[35.282215,47.6162731,0],[35.2810198,47.6096962,0],[35.2800822,47.608385,0],[35.2837006,47.6031288,0]]]},"properties":{"name":"Russian-controlled Vasylivka Raion, Zaporizhzhia Oblast.","styleUrl":"#poly-A52714-1200-110-nodesc","fill-opacity":0.43137254901960786,"fill":"#a52714","stroke-opacity":1,"stroke":"#a52714","stroke-width":1.2}},{"type":"Feature","geometry":{"type":"Polygon","coordinates":[[[35.9170473,46.6585611,0],[35.9244095,46.6606468,0],[35.9285154,46.6611985,0],[35.93428,46.6615304,0],[35.9415756,46.6623551,0],[35.9511887,46.6626496,0],[35.9803711,46.663651,0],[35.9955631,46.6650647,0],[36.011871,46.6679508,0],[36.029372,46.6700424,0],[36.0455081,46.6695713,0],[36.0559795,46.6682755,0],[36.0648908,46.6670575,0],[36.0760639,46.6645058,0],[36.0976932,46.6588509,0],[36.1122844,46.6588509,0],[36.1232707,46.6616784,0],[36.1332271,46.6656839,0],[36.1452434,46.6686289,0],[36.1696193,46.6707492,0],[36.1929233,46.6699693,0],[36.2126643,46.6652573,0],[36.221419,46.6593668,0],[36.2298304,46.6531221,0],[36.2385852,46.6453447,0],[36.2471682,46.6399234,0],[36.2530047,46.6343838,0],[36.2576396,46.628372,0],[36.2609311,46.6197101,0],[36.2616177,46.6095695,0],[36.2607594,46.6036729,0],[36.2590428,46.5976577,0],[36.2537213,46.5922316,0],[36.2487431,46.5876309,0],[36.2429067,46.5801981,0],[36.2396451,46.5752423,0],[36.2362119,46.5724102,0],[36.2307187,46.5678077,0],[36.2279721,46.5639131,0],[36.2250539,46.5613165,0],[36.2132815,46.5488272,0],[36.2073592,46.5448721,0],[36.2030677,46.5421565,0],[36.1996345,46.536902,0],[36.1942271,46.5318242,0],[36.1871032,46.528045,0],[36.1822108,46.5269821,0],[36.1756019,46.5252105,0],[36.1695937,46.5243837,0],[36.1640147,46.524738,0],[36.161354,46.5262735,0],[36.1609248,46.5293441,0],[36.1616115,46.5324737,0],[36.1586074,46.5374924,0],[36.1556033,46.5414481,0],[36.1522559,46.5422155,0],[36.1528567,46.5367839,0],[36.1532001,46.5318242,0],[36.1524276,46.5273364,0],[36.1518268,46.5224348,0],[36.1513976,46.5184778,0],[36.1514834,46.5135164,0],[36.1465911,46.5066051,0],[36.1429004,46.5048328,0],[36.139553,46.5045965,0],[36.1352614,46.5036513,0],[36.1352614,46.5017608,0],[36.142557,46.5016426,0],[36.1479644,46.5025879,0],[36.1544017,46.5028242,0],[36.161354,46.4999883,0],[36.1656455,46.4981568,0],[36.1700229,46.4989839,0],[36.1766318,46.5045965,0],[36.1974029,46.5223758,0],[36.2323359,46.5589792,0],[36.2729069,46.6075147,0],[36.2953087,46.635398,0],[36.3248465,46.670214,0],[36.3492224,46.6915893,0],[36.3578913,46.6974763,0],[36.3639853,46.7013026,0],[36.3725684,46.7078359,0],[36.3821254,46.7129841,0],[36.3931117,46.7176919,0],[36.4072738,46.7225169,0],[36.416286,46.7261649,0],[36.4272723,46.7291066,0],[36.437057,46.7318128,0],[36.4448676,46.7354013,0],[36.4837292,46.7458476,0],[36.5085342,46.7511406,0],[36.5275887,46.7569035,0],[36.5434673,46.7593144,0],[36.5562561,46.7604903,0],[36.5680149,46.7619015,0],[36.5778854,46.7640769,0],[36.5866402,46.766605,0],[36.5936783,46.7701324,0],[36.5990856,46.7725426,0],[36.604493,46.7751879,0],[36.6091278,46.7774804,0],[36.6136768,46.7788911,0],[36.6184834,46.7795376,0],[36.6290399,46.7803283,0],[36.6389105,46.7810924,0],[36.6510126,46.781739,0],[36.6551325,46.7816214,0],[36.6584799,46.7816214,0],[36.6653463,46.7813275,0],[36.6717836,46.7802108,0],[36.6780493,46.7793291,0],[36.6849157,46.7791528,0],[36.6943571,46.7799757,0],[36.6994211,46.7808573,0],[36.7054292,46.7816214,0],[36.7118665,46.7808573,0],[36.7172739,46.7798581,0],[36.723282,46.7779772,0],[36.7265436,46.7769192,0],[36.7297193,46.7754497,0],[36.7319509,46.7749794,0],[36.7316934,46.7735686,0],[36.7436239,46.7688657,0],[36.7454263,46.7708057,0],[36.7547819,46.7669844,0],[36.7602751,46.763986,0],[36.7715214,46.758018,0],[36.7731522,46.7561951,0],[36.7720364,46.7542546,0],[36.7738388,46.7482561,0],[36.7766712,46.7495499,0],[36.7779587,46.7522552,0],[36.7796753,46.7524316,0],[36.7832802,46.7509614,0],[36.7886017,46.7497852,0],[36.793494,46.7468446,0],[36.7984722,46.7431393,0],[36.8030212,46.7389042,0],[36.8060253,46.7359043,0],[36.8100594,46.7326688,0],[36.8134926,46.7279623,0],[36.8187786,46.7221958,0],[36.8209507,46.7181793,0],[36.8239548,46.7134127,0],[36.8260147,46.7094697,0],[36.8278172,46.707292,0],[36.8291271,46.7045061,0],[36.8285038,46.7014061,0],[36.8276455,46.6985806,0],[36.8242123,46.695284,0],[36.8219807,46.691634,0],[36.8206932,46.6893379,0],[36.8183758,46.6869828,0],[36.8164875,46.6856285,0],[36.8109943,46.6820367,0],[36.8085052,46.6802113,0],[36.8062736,46.6796225,0],[36.8032696,46.6836855,0],[36.8041279,46.6957549,0],[36.8059303,46.7009352,0],[36.8086769,46.704408,0],[36.8088486,46.706468,0],[36.8063595,46.7067034,0],[36.8048145,46.7041725,0],[36.8033554,46.7008763,0],[36.8022396,46.6985217,0],[36.8019821,46.69705,0],[36.8018105,46.6928114,0],[36.8018963,46.6875127,0],[36.8014671,46.6835677,0],[36.8006947,46.6799169,0],[36.8011238,46.6783858,0],[36.8036129,46.6763247,0],[36.8036129,46.6728501,0],[36.8023254,46.6699642,0],[36.8012096,46.667785,0],[36.7976047,46.667785,0],[36.7967464,46.6701409,0],[36.7982056,46.6729679,0],[36.7946865,46.6744402,0],[36.7923917,46.6722416,0],[36.7908241,46.6697286,0],[36.7912533,46.667785,0],[36.7912533,46.6647221,0],[36.7796399,46.6570978,0],[36.7732885,46.653239,0],[36.7692115,46.6507056,0],[36.7658212,46.6496156,0],[36.7623021,46.650794,0],[36.7592552,46.6532979,0],[36.7596843,46.6554483,0],[36.7618301,46.65698,0],[36.7647483,46.6580993,0],[36.7671945,46.659572,0],[36.7678382,46.6608091,0],[36.7668512,46.6614571,0],[36.7650916,46.6602789,0],[36.7630317,46.6588946,0],[36.7617013,46.6580109,0],[36.7601135,46.6574218,0],[36.7579677,46.6565087,0],[36.7575815,46.6553305,0],[36.7580535,46.653239,0],[36.7593839,46.6482015,0],[36.757324,46.6461687,0],[36.7550065,46.6460804,0],[36.7516591,46.6456679,0],[36.7498567,46.644018,0],[36.7489126,46.6414547,0],[36.7485263,46.6390681,0],[36.7486551,46.6368876,0],[36.7487409,46.6352374,0],[36.7498567,46.6325558,0],[36.7546632,46.6312592,0],[36.7615297,46.6306403,0],[36.7686965,46.6328505,0],[36.7726877,46.635208,0],[36.7768504,46.6384788,0],[36.7839744,46.6439591,0],[36.8019393,46.6616966,0],[36.8197062,46.6826042,0],[36.8220236,46.6872558,0],[36.8233969,46.6901996,0],[36.8293193,46.6980883,0],[36.8343479,46.7081851,0],[36.8353779,46.7092445,0],[36.8388111,46.7170127,0],[36.8409568,46.7199549,0],[36.8446476,46.7253681,0],[36.8497974,46.7374871,0],[36.8598476,46.7567838,0],[36.8765846,46.7835323,0],[36.8914333,46.8028651,0],[36.8986213,46.8108248,0],[36.9166457,46.8235118,0],[36.9431674,46.8385445,0],[36.9674575,46.8539838,0],[36.9826021,46.8612468,0],[36.9961633,46.8664111,0],[37.0032015,46.8685823,0],[37.011527,46.8700493,0],[37.018136,46.8700493,0],[37.0257749,46.8698146,0],[37.0322122,46.8703427,0],[37.0362463,46.871927,0],[37.0398512,46.8743327,0],[37.0444002,46.8763862,0],[37.0491209,46.878381,0],[37.0564165,46.8816078,0],[37.0628538,46.8841303,0],[37.0308896,46.9200516,0],[37.0217916,46.9282876,0],[37.0809536,46.9623979,0],[37.0835285,46.9627494,0],[37.0929699,46.967904,0],[37.102567,46.9596675,0],[37.141035,46.9819594,0],[37.0897081,47.0071325,0],[37.1245554,47.0395475,0],[37.0982911,47.0593145,0],[37.08061,47.0470341,0],[36.9868828,47.0793077,0],[37.0086837,47.0850356,0],[37.0102572,47.0874355,0],[37.0129753,47.0901783,0],[37.009271,47.0927739,0],[37.0107436,47.0978915,0],[37.0055938,47.0976578,0],[37.0027503,47.1016313,0],[37.0125779,47.1077071,0],[37.0104002,47.1092255,0],[37.0121169,47.1129641,0],[37.0083403,47.1158846,0],[37.0069307,47.1132283,0],[37.0007762,47.1149505,0],[36.9998926,47.1162656,0],[37.0037054,47.1204404,0],[37.0026888,47.1242154,0],[36.9983839,47.1309521,0],[36.9915035,47.1246074,0],[36.9793295,47.1260468,0],[36.9795535,47.1303132,0],[36.9763973,47.1319653,0],[36.9758963,47.1335212,0],[36.9725154,47.134751,0],[36.9700598,47.1360903,0],[36.9725062,47.13758,0],[36.974232,47.1400057,0],[36.9632794,47.1458701,0],[36.9615199,47.1481759,0],[36.9551776,47.1492877,0],[36.9549967,47.1517658,0],[36.9537519,47.1544207,0],[36.9499753,47.1553546,0],[36.950662,47.1569888,0],[36.9467141,47.1582736,0],[36.9410489,47.1559382,0],[36.9371007,47.157339,0],[36.936133,47.1609684,0],[36.9369291,47.1643422,0],[36.9341824,47.164809,0],[36.926801,47.1604905,0],[36.9221662,47.1597902,0],[36.9231726,47.1625878,0],[36.9230244,47.1650424,0],[36.925254,47.1684233,0],[36.9238681,47.1708007,0],[36.9206211,47.1725113,0],[36.9140981,47.1688936,0],[36.9132397,47.1655092,0],[36.9106208,47.1657232,0],[36.9086049,47.1635251,0],[36.905515,47.1650423,0],[36.9068883,47.1662094,0],[36.9056855,47.1679698,0],[36.8996914,47.1736009,0],[36.8903218,47.1709457,0],[36.885277,47.175069,0],[36.8780672,47.1748356,0],[36.8758594,47.176226,0],[36.8737401,47.183967,0],[36.8665303,47.1844337,0],[36.8638193,47.1861532,0],[36.8586695,47.190003,0],[36.8596994,47.1919861,0],[36.8559229,47.1908196,0],[36.8545496,47.1967686,0],[36.8574677,47.1970019,0],[36.8548929,47.1988681,0],[36.8493178,47.1968768,0],[36.8451979,47.196731,0],[36.8413785,47.1968477,0],[36.834512,47.1969352,0],[36.8282035,47.1967894,0],[36.8236974,47.1964978,0],[36.8201354,47.1961187,0],[36.8154576,47.1948939,0],[36.8121531,47.1947189,0],[36.8111766,47.1937548,0],[36.8069709,47.1934632,0],[36.803366,47.1934632,0],[36.7985595,47.1938423,0],[36.796242,47.1939881,0],[36.7920793,47.1939006,0],[36.7895472,47.193259,0],[36.7874015,47.1928508,0],[36.7853415,47.1930549,0],[36.7842687,47.193784,0],[36.790663,47.2025026,0],[36.6774914,47.1980064,0],[36.6787788,47.1960818,0],[36.6794226,47.1947113,0],[36.6809246,47.1934865,0],[36.6831562,47.1919992,0],[36.6831562,47.1910076,0],[36.6784784,47.1905994,0],[36.6623423,47.1898411,0],[36.6688173,47.1448831,0],[36.4901534,47.116102,0],[36.4819054,47.1791288,0],[36.402291,47.1749333,0],[36.4474379,47.2212969,0],[36.4338749,47.2601156,0],[36.4337032,47.2643095,0],[36.4296692,47.2654744,0],[36.3703602,47.2955785,0],[36.3624638,47.2955203,0],[36.3465851,47.2631737,0],[36.3279169,47.2634358,0],[36.326372,47.2657656,0],[36.3229816,47.2664646,0],[36.3205784,47.2656491,0],[36.3181751,47.2659404,0],[36.3161581,47.2669596,0],[36.3154715,47.2680662,0],[36.314699,47.2701338,0],[36.3151281,47.2746763,0],[36.2713545,47.2835564,0],[36.2706289,47.2769808,0],[36.2630758,47.2784949,0],[36.2642774,47.2806785,0],[36.2644062,47.2828329,0],[36.2462803,47.2842161,0],[36.2379976,47.2832554,0],[36.2328478,47.281858,0],[36.2283846,47.280577,0],[36.2252517,47.2790339,0],[36.2222047,47.2778693,0],[36.219544,47.2778111,0],[36.1874927,47.2825408,0],[36.1787259,47.2933946,0],[36.1919438,47.2988664,0],[36.1698649,47.3283073,0],[36.1631702,47.3262711,0],[36.104462,47.3411626,0],[36.0156701,47.3375871,0],[36.0003064,47.3416003,0],[35.9755432,47.3175,0],[35.9788477,47.3124374,0],[35.968425,47.3018171,0],[35.9728666,47.285977,0],[35.9760853,47.2794265,0],[35.9783598,47.279805,0],[35.9957991,47.2482946,0],[35.9977732,47.2513534,0],[36.0032234,47.2489646,0],[36.0082445,47.2452939,0],[35.9974299,47.2153002,0],[35.9973815,47.1972511,0],[35.8332036,47.1940242,0],[35.8369034,47.1644669,0],[35.8512369,47.1553348,0],[35.8533978,47.1424374,0],[35.8653283,47.1433715,0],[35.8679902,47.1292766,0],[35.8568322,47.1282547,0],[35.8606716,47.0842479,0],[35.9172769,47.0875791,0],[35.9189599,47.067818,0],[35.9501164,47.0692795,0],[35.9506576,47.0602183,0],[35.9822433,47.0617969,0],[35.9818141,47.0659188,0],[36.0008256,47.0688419,0],[36.0020272,47.0574116,0],[35.9978645,47.0566222,0],[35.9930143,47.0553285,0],[35.9887235,47.0548679,0],[35.9864919,47.0541077,0],[35.9807412,47.0511546,0],[35.9810767,47.0494289,0],[35.9761843,47.0462708,0],[35.970777,47.0443992,0],[35.9727511,47.0438143,0],[35.985969,47.0436388,0],[35.9888944,47.0415265,0],[35.9904322,47.0406558,0],[35.9933505,47.0387256,0],[35.9932718,47.0359111,0],[35.9908614,47.0338704,0],[35.9892378,47.0313481,0],[35.9922347,47.0290147,0],[35.9940443,47.0267847,0],[35.992578,47.0251533,0],[35.9899172,47.0232224,0],[35.9851942,47.0214463,0],[35.9840808,47.0207064,0],[35.9819489,46.9756848,0],[36.067608,46.9851419,0],[36.0575676,46.9180662,0],[36.0424613,46.9055774,0],[35.9882297,46.9046741,0],[35.9834985,46.8691913,0],[36.0570554,46.8856778,0],[36.0577421,46.8878482,0],[36.0625486,46.8930099,0],[36.1036615,46.8786379,0],[36.1104421,46.8841525,0],[36.1443187,46.8722545,0],[36.1409225,46.8705343,0],[36.084323,46.8505399,0],[36.091447,46.8383289,0],[36.091968,46.8228074,0],[36.0257067,46.8097089,0],[36.0220704,46.7804577,0],[36.0296037,46.7799821,0],[36.0287454,46.7552901,0],[35.9618833,46.74641,0],[35.9671189,46.723762,0],[35.9016365,46.7209342,0],[35.9170473,46.6585611,0]]]},"properties":{"name":"Russian-controlled Berdyansk Raion, Zaporizhzhia Oblast.","styleUrl":"#poly-A52714-1200-117-nodesc","fill-opacity":0.4588235294117647,"fill":"#a52714","stroke-opacity":1,"stroke":"#a52714","stroke-width":1.2}},{"type":"Feature","geometry":{"type":"Polygon","coordinates":[[[36.1981428,47.6595359,0],[36.1956459,47.6574959,0],[36.1946595,47.6524078,0],[36.1851271,47.6491789,0],[36.1869846,47.6460194,0],[36.1803339,47.6443196,0],[36.1754244,47.6446612,0],[36.1732786,47.6445456,0],[36.1716907,47.645066,0],[36.1670558,47.6433022,0],[36.1722486,47.6390518,0],[36.1743086,47.6384445,0],[36.1780422,47.6347142,0],[36.1794155,47.6351768,0],[36.1805313,47.6345696,0],[36.181175,47.634425,0],[36.1857011,47.6358886,0],[36.1963064,47.6393546,0],[36.1979801,47.6390654,0],[36.1988814,47.6379666,0],[36.2145197,47.6421375,0],[36.2192346,47.6356461,0],[36.2395645,47.6384225,0],[36.2399721,47.6389286,0],[36.2494333,47.6397166,0],[36.2509354,47.6309544,0],[36.2467726,47.6301735,0],[36.2473305,47.6273102,0],[36.2440689,47.6246203,0],[36.2430941,47.6167939,0],[36.2308203,47.6150582,0],[36.2203919,47.6130331,0],[36.2197911,47.612657,0],[36.2196857,47.6028637,0],[36.2126814,47.6018735,0],[36.2107243,47.6016242,0],[36.2077373,47.6004778,0],[36.2081852,47.5943565,0],[36.2050095,47.5936908,0],[36.1977137,47.5937777,0],[36.1990652,47.5872655,0],[36.1857405,47.5863103,0],[36.185794,47.5842481,0],[36.1702266,47.5841248,0],[36.1713358,47.5803166,0],[36.1541482,47.5787969,0],[36.1546525,47.5754891,0],[36.1518953,47.5716595,0],[36.1389778,47.5718332,0],[36.1273048,47.5687937,0],[36.1032724,47.566795,0],[36.1033582,47.5644205,0],[36.0942601,47.5638993,0],[36.0795832,47.5625672,0],[36.0783021,47.5542116,0],[36.070056,47.5346437,0],[36.064096,47.5240114,0],[36.0584803,47.525202,0],[36.0547257,47.5254063,0],[36.0342418,47.528833,0],[36.0158662,47.5286749,0],[36.0126261,47.5338181,0],[36.0013179,47.5337312,0],[35.9987001,47.532297,0],[35.9981422,47.5295877,0],[35.9920053,47.5291675,0],[35.9820918,47.5277622,0],[35.9819842,47.5192623,0],[35.9814788,47.5187923,0],[35.9716708,47.5196177,0],[35.9610706,47.5208059,0],[35.9462786,47.5261018,0],[35.9456788,47.5275079,0],[35.9447561,47.5281599,0],[35.9426308,47.5314626,0],[35.9367514,47.5313177,0],[35.9275046,47.5336957,0],[35.9143022,47.53601,0],[35.9105686,47.5298673,0],[35.9085911,47.5298289,0],[35.9076485,47.5295729,0],[35.9029263,47.5293943,0],[35.9016388,47.5267863,0],[35.902583,47.5262067,0],[35.9139985,47.5238884,0],[35.915243,47.5246418,0],[35.9296338,47.5242646,0],[35.9303633,47.5212796,0],[35.9309825,47.5160088,0],[35.9316768,47.493335,0],[35.9157521,47.4946868,0],[35.9164013,47.4819216,0],[35.9065922,47.4817542,0],[35.8870985,47.4842685,0],[35.8710744,47.4891825,0],[35.8698572,47.4793252,0],[35.8574832,47.4802567,0],[35.8491,47.4845224,0],[35.8451746,47.4885357,0],[35.8467624,47.4956691,0],[35.8428605,47.5050565,0],[35.8389552,47.5059552,0],[35.8374397,47.5067171,0],[35.8354946,47.5150025,0],[35.8345644,47.5189202,0],[35.8273849,47.5187043,0],[35.8257604,47.5217177,0],[35.8227626,47.5211374,0],[35.8186428,47.5200795,0],[35.8157245,47.5181087,0],[35.8136275,47.5146966,0],[35.8122971,47.5137981,0],[35.8157733,47.5123488,0],[35.8088454,47.4977455,0],[35.8068713,47.4943821,0],[35.8056697,47.4907864,0],[35.8064421,47.4882925,0],[35.8097055,47.4836436,0],[35.8079812,47.4821792,0],[35.7812359,47.4806078,0],[35.7756141,47.4808978,0],[35.7754851,47.481594,0],[35.763212,47.4823476,0],[35.7660159,47.4874225,0],[35.7638131,47.4877415,0],[35.7562312,47.4878285,0],[35.7588426,47.4941985,0],[35.7588426,47.4955613,0],[35.7545511,47.4966922,0],[35.7473413,47.5003454,0],[35.7445194,47.5034138,0],[35.7224609,47.5197044,0],[35.714589,47.5190004,0],[35.7131299,47.5238693,0],[35.7127007,47.5287377,0],[35.7052335,47.5265354,0],[35.6991395,47.5284769,0],[35.680715,47.523049,0],[35.674709,47.5307259,0],[35.6304418,47.51683,0],[35.6287875,47.519687,0],[35.6144389,47.5146756,0],[35.6087741,47.5226748,0],[35.6025233,47.5211941,0],[35.5958284,47.5302935,0],[35.5978455,47.5318582,0],[35.5965762,47.5377843,0],[35.5960183,47.5404207,0],[35.5949024,47.5441288,0],[35.5938326,47.5490316,0],[35.5897127,47.5485682,0],[35.5851208,47.5488579,0],[35.5800568,47.5484813,0],[35.5635773,47.5482785,0],[35.5627588,47.5483581,0],[35.5629212,47.54723,0],[35.5881779,47.4383173,0],[35.5978768,47.4387817,0],[35.6756704,47.4367588,0],[35.6824939,47.4333914,0],[35.6517193,47.4065932,0],[35.5788643,47.3340079,0],[35.6000533,47.3161999,0],[35.6065299,47.3123409,0],[35.5993202,47.3058811,0],[35.5967453,47.3071324,0],[35.5753143,47.2833319,0],[35.5877446,47.2784824,0],[35.5812644,47.2715234,0],[35.5795907,47.2686696,0],[35.5780028,47.2670388,0],[35.5702351,47.2690773,0],[35.5542706,47.2754543,0],[35.5238949,47.2461118,0],[35.5132388,47.2499759,0],[35.5026817,47.2370985,0],[35.5097999,47.2337656,0],[35.4884778,47.2009709,0],[35.5071031,47.1974718,0],[35.4904663,47.1614401,0],[35.4569411,47.17004,0],[35.4502892,47.1594776,0],[35.5087924,47.1439542,0],[35.5082863,47.1434575,0],[35.5075568,47.1426402,0],[35.5075049,47.1405682,0],[35.508973,47.1370062,0],[35.5076561,47.1354185,0],[35.5076561,47.1323822,0],[35.5085144,47.1287618,0],[35.509658,47.1263252,0],[35.512705,47.1225,0],[35.5120612,47.1208355,0],[35.5093727,47.1188337,0],[35.5072118,47.1171267,0],[35.5016298,47.1130782,0],[35.5013723,47.1118515,0],[35.5055351,47.1096318,0],[35.5043497,47.1077073,0],[35.5076113,47.1052244,0],[35.508255,47.1042605,0],[35.5068817,47.102946,0],[35.5066261,47.1001405,0],[35.5243931,47.0993225,0],[35.5261389,47.1014674,0],[35.5597118,47.0990716,0],[35.5591545,47.0971606,0],[35.5839596,47.0952909,0],[35.5858901,47.0952445,0],[35.595149,47.0997375,0],[35.6040968,47.1046451,0],[35.6052009,47.1050139,0],[35.6171313,47.1034949,0],[35.6231842,47.1018348,0],[35.6685937,47.0635824,0],[35.6658808,47.0631478,0],[35.6717695,47.0424133,0],[35.6727136,47.0426765,0],[35.6735719,47.0443727,0],[35.6753743,47.043934,0],[35.6804384,47.0452792,0],[35.6890168,46.9873851,0],[35.7219329,46.9899612,0],[35.7211604,46.9955229,0],[35.7622007,46.9990693,0],[35.7643035,46.9959082,0],[35.8574298,47.0046008,0],[35.8614209,46.990405,0],[35.8863118,46.9923078,0],[35.8823198,47.0069431,0],[35.9217558,47.0105206,0],[35.9226139,47.023877,0],[35.9223564,47.0257493,0],[35.9142883,47.0280896,0],[35.9218877,47.0428092,0],[35.9172769,47.0875791,0],[35.8606716,47.0842479,0],[35.8568322,47.1282547,0],[35.8679902,47.1292766,0],[35.8653283,47.1433715,0],[35.8533978,47.1424374,0],[35.8512369,47.1553348,0],[35.8369034,47.1644669,0],[35.8332036,47.1940242,0],[35.9973815,47.1972511,0],[35.9974299,47.2153002,0],[36.0082445,47.2452939,0],[36.0032234,47.2489646,0],[35.9977732,47.2513534,0],[35.9957991,47.2482946,0],[35.9783598,47.279805,0],[35.9760853,47.2794265,0],[35.9728666,47.285977,0],[35.968425,47.3018171,0],[35.9788477,47.3124374,0],[35.9755432,47.3175,0],[35.9992158,47.3412096,0],[36.0156701,47.3375871,0],[36.104462,47.3411626,0],[36.1631702,47.3262711,0],[36.1698649,47.3283073,0],[36.1919438,47.2988664,0],[36.1787259,47.2933946,0],[36.1874927,47.2825408,0],[36.2204269,47.2779637,0],[36.2225727,47.2782549,0],[36.2289241,47.2807005,0],[36.2379976,47.2832554,0],[36.2462803,47.2842161,0],[36.2644062,47.2828329,0],[36.2642774,47.2806785,0],[36.2630758,47.2784949,0],[36.2706289,47.2769808,0],[36.2713545,47.2835564,0],[36.3151281,47.2746763,0],[36.314699,47.2701338,0],[36.3153334,47.2691262,0],[36.3167925,47.2668548,0],[36.3190241,47.2659229,0],[36.3205784,47.2656491,0],[36.3229816,47.2664646,0],[36.3269205,47.2653986,0],[36.3279169,47.2634358,0],[36.3465851,47.2631737,0],[36.3624638,47.2955203,0],[36.3703602,47.2955785,0],[36.4296692,47.2654744,0],[36.4337032,47.2643095,0],[36.4338749,47.2601156,0],[36.4474379,47.2212969,0],[36.402291,47.1749333,0],[36.4819054,47.1791288,0],[36.4901534,47.116102,0],[36.6688173,47.1448831,0],[36.6623423,47.1898411,0],[36.6784784,47.1905994,0],[36.6831562,47.1910076,0],[36.6831562,47.1919992,0],[36.6811526,47.1930105,0],[36.6794226,47.1947113,0],[36.6787788,47.1960818,0],[36.6774914,47.1980064,0],[36.790663,47.2025026,0],[36.784364,47.1939728,0],[36.7853415,47.1930549,0],[36.7874015,47.1928508,0],[36.7886126,47.1930688,0],[36.7916167,47.1939728,0],[36.7959511,47.1940895,0],[36.803366,47.1934632,0],[36.8069709,47.1934632,0],[36.8110454,47.1935234,0],[36.8121531,47.1947189,0],[36.8154576,47.1948939,0],[36.8201354,47.1961187,0],[36.8229329,47.1964686,0],[36.834048,47.1971685,0],[36.8443879,47.1965161,0],[36.8493178,47.1968768,0],[36.8548929,47.1988681,0],[36.8887101,47.1999178,0],[36.8827542,47.2055551,0],[36.9311106,47.2066823,0],[36.9316255,47.2006177,0],[36.9367754,47.1998013,0],[36.9398652,47.2016674,0],[36.9637687,47.2016767,0],[36.9563446,47.2288353,0],[36.9493065,47.2284856,0],[36.9422253,47.2538468,0],[36.9432983,47.2566883,0],[36.9335135,47.2971015,0],[36.9281096,47.3082855,0],[36.9263036,47.3193331,0],[36.9439883,47.3205638,0],[36.9472463,47.3110701,0],[37.0236356,47.3142126,0],[37.0281024,47.3120682,0],[37.0345397,47.3085183,0],[37.0372004,47.3047353,0],[37.0358237,47.3017582,0],[37.0385343,47.299809,0],[37.0835299,47.312127,0],[37.0810409,47.3174805,0],[37.0833737,47.3210789,0],[37.0941885,47.3238716,0],[37.0960766,47.3255006,0],[37.0917852,47.329922,0],[37.1211392,47.3401597,0],[37.1056131,47.3753456,0],[37.1420818,47.3802768,0],[37.1436299,47.3778378,0],[37.1448283,47.3783007,0],[37.1522098,47.3657452,0],[37.1625401,47.3419872,0],[37.2037083,47.3563266,0],[37.1946102,47.3731859,0],[37.1970133,47.3834152,0],[37.2011639,47.3834976,0],[37.2307828,47.4369859,0],[37.2150376,47.4427753,0],[37.2121193,47.4665702,0],[37.2086861,47.4670344,0],[37.2065786,47.4685589,0],[37.1884301,47.469007,0],[37.1946098,47.4788697,0],[37.1791602,47.4836262,0],[37.169719,47.4679626,0],[37.1358541,47.4646133,0],[37.0845748,47.4960376,0],[37.0779928,47.4910377,0],[37.0732452,47.4946458,0],[37.0371236,47.5350292,0],[37.0375394,47.5371948,0],[37.0220174,47.552121,0],[37.0023488,47.5393966,0],[36.9810628,47.5605993,0],[36.9669866,47.5535327,0],[36.9455289,47.5766984,0],[36.8936873,47.5454221,0],[36.8324039,47.624156,0],[36.763911,47.6008954,0],[36.7635677,47.6078399,0],[36.7456508,47.606255,0],[36.7450282,47.6216105,0],[36.7661426,47.6235774,0],[36.7654468,47.6345038,0],[36.7254587,47.6299405,0],[36.7184206,47.6582758,0],[36.7550613,47.6606399,0],[36.7529245,47.6654439,0],[36.768374,47.6668312,0],[36.7692324,47.6655596,0],[36.7755837,47.6644035,0],[36.7764304,47.6684854,0],[36.7793603,47.6663688,0],[36.7798753,47.6698369,0],[36.7848535,47.6733047,0],[36.7807336,47.6751541,0],[36.7833085,47.679315,0],[36.7918916,47.6810486,0],[36.7898316,47.6841689,0],[36.7139572,47.6788526,0],[36.7109537,47.6934436,0],[36.7059756,47.706614,0],[36.7060608,47.712359,0],[36.7002243,47.7319908,0],[36.6896523,47.7310927,0],[36.6859763,47.7309517,0],[36.6795243,47.7564303,0],[36.6788655,47.7576147,0],[36.6800417,47.7599786,0],[36.6713203,47.7934369,0],[36.6374291,47.7893896,0],[36.6222533,47.7876323,0],[36.6222135,47.7869585,0],[36.6163157,47.7857946,0],[36.6115512,47.7858142,0],[36.5940552,47.7835993,0],[36.5870313,47.7855307,0],[36.5884797,47.815886,0],[36.5985566,47.8172678,0],[36.6080008,47.8403866,0],[36.6043472,47.8507051,0],[36.5854036,47.8474403,0],[36.5208596,47.8366129,0],[36.521964,47.83474,0],[36.5211465,47.8340571,0],[36.5229663,47.8286868,0],[36.4906145,47.8257395,0],[36.4817739,47.8252785,0],[36.4678479,47.8241692,0],[36.4581276,47.8242845,0],[36.456132,47.8240251,0],[36.4542652,47.8240107,0],[36.4505745,47.8243709,0],[36.4410014,47.8259695,0],[36.4378773,47.8268929,0],[36.4338002,47.8270457,0],[36.4329419,47.8267576,0],[36.4314398,47.8266711,0],[36.4304957,47.8271033,0],[36.4296803,47.8274779,0],[36.4283928,47.82791,0],[36.4273199,47.8283998,0],[36.4261183,47.8288608,0],[36.4252171,47.8289761,0],[36.4235005,47.8290337,0],[36.4221701,47.8291201,0],[36.4210543,47.8289184,0],[36.419651,47.8284723,0],[36.4191761,47.828289,0],[36.4174111,47.828225,0],[36.4156041,47.8279677,0],[36.4139678,47.8278942,0],[36.4124986,47.8283846,0],[36.4108834,47.8285439,0],[36.408785,47.8288771,0],[36.4076891,47.8296577,0],[36.4049395,47.8304121,0],[36.4036888,47.8301922,0],[36.400231,47.830716,0],[36.3993069,47.8312162,0],[36.3976568,47.8313684,0],[36.3966032,47.8310721,0],[36.3949373,47.8314893,0],[36.3942,47.8310145,0],[36.393111,47.8311921,0],[36.3920944,47.8312639,0],[36.390638,47.8318212,0],[36.3896736,47.8319009,0],[36.3889229,47.8317992,0],[36.3889025,47.8314939,0],[36.3876041,47.8308302,0],[36.3863379,47.8308435,0],[36.385265,47.8307349,0],[36.3847928,47.830828,0],[36.3836662,47.83144,0],[36.3832317,47.8315401,0],[36.3821105,47.8310466,0],[36.3814236,47.8309482,0],[36.3804779,47.8305263,0],[36.3783081,47.8305799,0],[36.3761513,47.830026,0],[36.3745855,47.837537,0],[36.3275942,47.8395439,0],[36.3249071,47.8392232,0],[36.3233889,47.8386295,0],[36.3229231,47.8367449,0],[36.3231505,47.8358031,0],[36.3271998,47.83386,0],[36.3277633,47.8332838,0],[36.3278183,47.8328012,0],[36.3284313,47.832117,0],[36.3292874,47.8317699,0],[36.3305985,47.8306982,0],[36.3304764,47.8300319,0],[36.3300077,47.8293963,0],[36.3297304,47.8287616,0],[36.3300598,47.8277941,0],[36.3305523,47.8271475,0],[36.331569,47.8268448,0],[36.3322447,47.8262913,0],[36.3324913,47.8255072,0],[36.3320402,47.8244866,0],[36.3318194,47.8240196,0],[36.3308378,47.8234826,0],[36.3305324,47.822501,0],[36.3309549,47.8218743,0],[36.331427,47.8214132,0],[36.3323283,47.8208369,0],[36.3311736,47.8199,0],[36.3144265,47.8176352,0],[36.3078118,47.8167354,0],[36.3036919,47.8162167,0],[36.2994774,47.8154212,0],[36.2964733,47.8152482,0],[36.2908366,47.8145429,0],[36.2904359,47.8114167,0],[36.2795929,47.808795,0],[36.2663977,47.8038774,0],[36.2656158,47.8013885,0],[36.2442315,47.8003776,0],[36.2345197,47.8004611,0],[36.2346654,47.8033367,0],[36.2335504,47.8068022,0],[36.2333788,47.8092234,0],[36.2253766,47.8077876,0],[36.2187484,47.8040456,0],[36.2197405,47.7989827,0],[36.2214329,47.791663,0],[36.2446794,47.7927316,0],[36.2810201,47.7884226,0],[36.2825378,47.7777356,0],[36.2828572,47.7723927,0],[36.2431177,47.7698908,0],[36.2440647,47.7649627,0],[36.208986,47.7619809,0],[36.2111794,47.7324844,0],[36.1975473,47.7309731,0],[36.1862803,47.7279433,0],[36.1784463,47.7323024,0],[36.1747947,47.7313213,0],[36.1706593,47.7308086,0],[36.1685135,47.730289,0],[36.1655523,47.7288746,0],[36.1643507,47.7286148,0],[36.1626341,47.7287302,0],[36.1595442,47.7287014,0],[36.168365,47.7175253,0],[36.16785,47.7157929,0],[36.1681933,47.7145513,0],[36.157207,47.7107397,0],[36.1582798,47.7084873,0],[36.1584944,47.7077653,0],[36.1457137,47.7050656,0],[36.1457859,47.7040087,0],[36.1477393,47.7005171,0],[36.1531203,47.7008356,0],[36.1609843,47.6926984,0],[36.1530879,47.6898097,0],[36.1600494,47.6788627,0],[36.1616876,47.6773929,0],[36.1646061,47.6750233,0],[36.1691942,47.6698946,0],[36.1594095,47.6670624,0],[36.1587228,47.6657619,0],[36.1590662,47.6646781,0],[36.1619844,47.6620046,0],[36.1656751,47.6597934,0],[36.1673274,47.6572135,0],[36.1668124,47.6570003,0],[36.1632289,47.6559344,0],[36.1653211,47.6525595,0],[36.1684432,47.6533761,0],[36.1702027,47.6509188,0],[36.1723377,47.6515765,0],[36.1714312,47.6539722,0],[36.1703529,47.6590274,0],[36.1782064,47.6616288,0],[36.1728849,47.670068,0],[36.1787897,47.6715703,0],[36.1882722,47.6742464,0],[36.1981428,47.6595359,0]]]},"properties":{"name":"Russian-controlled Polohy Raion, Zaporizhzhia Oblast.","styleUrl":"#poly-A52714-1200-110-nodesc","fill-opacity":0.43137254901960786,"fill":"#a52714","stroke-opacity":1,"stroke":"#a52714","stroke-width":1.2}},{"type":"Feature","geometry":{"type":"Polygon","coordinates":[[[32.6314089,46.5730637,0],[32.645571,46.5593144,0],[32.6494418,46.5528335,0],[32.6519309,46.5489968,0],[32.6545487,46.5445695,0],[32.6980219,46.5356252,0],[32.6996527,46.5348576,0],[32.7012835,46.5229589,0],[32.7122698,46.5178503,0],[32.7323989,46.520006,0],[32.7410249,46.520449,0],[32.7582768,46.5219255,0],[32.7682332,46.5230476,0],[32.770336,46.5230771,0],[32.7790908,46.5197403,0],[32.781537,46.5187067,0],[32.7830978,46.4974225,0],[32.7903721,46.4576319,0],[32.7920887,46.4567154,0],[32.798054,46.4555033,0],[32.8018734,46.454498,0],[32.8094265,46.4533745,0],[32.8137181,46.4520736,0],[32.8374678,46.4303544,0],[32.8278547,46.428698,0],[32.857512,46.2826127,0],[32.8986803,46.2863012,0],[32.9012982,46.2734583,0],[32.9024615,46.2651686,0],[33.0277184,46.2794811,0],[33.0133443,46.357842,0],[33.2231145,46.3817682,0],[33.2342725,46.3826563,0],[33.2215695,46.3886953,0],[33.2140384,46.4189736,0],[33.2668719,46.4246298,0],[33.254088,46.4867695,0],[33.4168609,46.5070042,0],[33.4159597,46.5092785,0],[33.4357437,46.5116413,0],[33.4245294,46.5553637,0],[33.4295075,46.5560719,0],[33.4154023,46.6129471,0],[33.2937965,46.5985697,0],[33.277315,46.6622369,0],[33.2413763,46.6583819,0],[33.2236952,46.6562022,0],[33.2200044,46.6713405,0],[33.1906503,46.6681011,0],[33.1874746,46.6679833,0],[33.1770891,46.6673355,0],[33.1657594,46.6668642,0],[33.1683817,46.6459749,0],[33.1655922,46.6456803,0],[33.1635752,46.6424689,0],[33.1641549,46.6337174,0],[33.1576317,46.6330396,0],[33.1434697,46.6335701,0],[33.1221408,46.64624,0],[33.1077212,46.6553722,0],[33.1118411,46.657493,0],[33.1190343,46.6602723,0],[33.1279607,46.662982,0],[33.1347413,46.672936,0],[33.1351705,46.6746438,0],[33.1289411,46.6875712,0],[33.1447887,46.6910568,0],[33.1480502,46.6864056,0],[33.1811809,46.6969439,0],[33.1787679,46.7161294,0],[33.1567094,46.7135989,0],[33.1302493,46.749053,0],[33.129391,46.7547868,0],[33.1179924,46.7508341,0],[33.1123966,46.7498176,0],[33.1080192,46.7485531,0],[33.1032985,46.7471122,0],[33.1027406,46.7460536,0],[33.1019406,46.7449608,0],[33.099522,46.7442009,0],[33.097585,46.7434381,0],[33.0933793,46.7428205,0],[33.0911048,46.7417029,0],[33.0886587,46.7403795,0],[33.0865129,46.7394972,0],[33.0842813,46.738556,0],[33.0817064,46.7373796,0],[33.0794319,46.7366149,0],[33.0772432,46.7365561,0],[33.0750974,46.7368502,0],[33.073295,46.736909,0],[33.0716213,46.7363502,0],[33.0715783,46.7350266,0],[33.0708488,46.7326735,0],[33.0695184,46.7319676,0],[33.0673297,46.7316146,0],[33.0662998,46.7314087,0],[33.0647119,46.7313793,0],[33.0625661,46.7309086,0],[33.0607637,46.7302026,0],[33.0591329,46.7292613,0],[33.0568584,46.7284377,0],[33.0553993,46.7278199,0],[33.0532106,46.7271433,0],[33.0507644,46.7267903,0],[33.0479749,46.7264961,0],[33.0456374,46.7258168,0],[33.0446704,46.7245545,0],[33.0440267,46.7238191,0],[33.0417951,46.7229953,0],[33.0390056,46.7222892,0],[33.0377611,46.7219362,0],[33.0249453,46.7187012,0],[33.0192805,46.7171712,0],[33.0130149,46.7164062,0],[33.0089808,46.7163474,0],[33.0024577,46.7160531,0],[32.9910422,46.7139935,0],[32.987094,46.7125811,0],[32.9827166,46.7108155,0],[32.9700137,46.7099327,0],[32.9625464,46.7099327,0],[32.9488135,46.7121103,0],[32.9439212,46.7128753,0],[32.9392005,46.7144642,0],[32.9361964,46.7160531,0],[32.9325915,46.7171712,0],[32.9291583,46.7174654,0],[32.9210902,46.7171712,0],[32.918172,46.7157,0],[32.9127646,46.713405,0],[32.9058991,46.710836,0],[32.900921,46.7078933,0],[32.894312,46.7036555,0],[32.8871022,46.6994174,0],[32.8839265,46.6971805,0],[32.8810941,46.6948258,0],[32.877575,46.6919411,0],[32.8728543,46.6895861,0],[32.8667604,46.6865833,0],[32.8604947,46.6826383,0],[32.8591214,46.6805774,0],[32.853517,46.6751932,0],[32.8461355,46.672543,0],[32.8431315,46.6723663,0],[32.8382391,46.6711884,0],[32.8348059,46.669716,0],[32.8324026,46.6693626,0],[32.8277678,46.6695393,0],[32.8238195,46.6678312,0],[32.8209013,46.6664765,0],[32.8188414,46.6658286,0],[32.8174681,46.6648862,0],[32.8165239,46.6645328,0],[32.8146239,46.6660135,0],[32.8127474,46.6668888,0],[32.8109449,46.6657697,0],[32.8089416,46.6648239,0],[32.8074934,46.6641584,0],[32.8049368,46.6651218,0],[32.8030302,46.6656015,0],[32.8004736,46.6654163,0],[32.7978129,46.6646506,0],[32.7974695,46.6631191,0],[32.7948946,46.6617643,0],[32.793178,46.6605861,0],[32.7927488,46.6588189,0],[32.7909464,46.6559912,0],[32.7827137,46.6521623,0],[32.7797954,46.6508661,0],[32.7757614,46.6498645,0],[32.7726715,46.648804,0],[32.7688949,46.6473309,0],[32.7650326,46.6455043,0],[32.7613418,46.6440312,0],[32.7567928,46.6423224,0],[32.7525871,46.6420277,0],[32.7466648,46.6431473,0],[32.7431457,46.6427348,0],[32.7391975,46.6420277,0],[32.7351635,46.6422634,0],[32.7323311,46.6424991,0],[32.7306145,46.6436777,0],[32.7290695,46.6446794,0],[32.7271794,46.6477334,0],[32.7227567,46.6500244,0],[32.7191303,46.6496267,0],[32.7185295,46.6484778,0],[32.7172205,46.6477707,0],[32.7154653,46.6473899,0],[32.7139204,46.6467123,0],[32.7122424,46.6459883,0],[32.7128861,46.6448246,0],[32.7148216,46.643383,0],[32.7164481,46.6421877,0],[32.7178643,46.640906,0],[32.7115631,46.6359534,0],[32.7065256,46.6340002,0],[32.701993,46.6328003,0],[32.6939514,46.6332196,0],[32.6883888,46.6324467,0],[32.6838398,46.6312384,0],[32.6775312,46.6304427,0],[32.6696022,46.6274898,0],[32.6664264,46.6255741,0],[32.6638515,46.6247783,0],[32.6602895,46.6237763,0],[32.6571567,46.6230099,0],[32.6540239,46.621772,0],[32.6506336,46.6203572,0],[32.6486595,46.6196203,0],[32.6454837,46.6190603,0],[32.6429088,46.617557,0],[32.641278,46.6160241,0],[32.6404197,46.6146976,0],[32.6413209,46.6133711,0],[32.6421363,46.6121329,0],[32.6417072,46.6111306,0],[32.6411493,46.610541,0],[32.6398618,46.6102167,0],[32.636214,46.6118971,0],[32.635184,46.6121919,0],[32.6327808,46.6124572,0],[32.6302488,46.6120445,0],[32.6287467,46.6116612,0],[32.6274541,46.6072289,0],[32.6262739,46.6049217,0],[32.6249859,46.5998265,0],[32.6234409,46.5952854,0],[32.6219818,46.5923954,0],[32.6196644,46.5891513,0],[32.6176902,46.5869098,0],[32.6153728,46.5846683,0],[32.6136562,46.5830165,0],[32.6314089,46.5730637,0]]]},"properties":{"name":"Russian-controlled Kherson Raion, Kherson Oblast.","styleUrl":"#poly-A52714-1200-110-nodesc","fill-opacity":0.43137254901960786,"fill":"#a52714","stroke-opacity":1,"stroke":"#a52714","stroke-width":1.2}},{"type":"Feature","geometry":{"type":"Polygon","coordinates":[[[33.6342074,46.2275018,0],[33.6263109,46.2498825,0],[33.6102957,46.2939936,0],[33.5969919,46.3265723,0],[33.5347647,46.3190148,0],[33.5393995,46.3005168,0],[33.4764388,46.2924694,0],[33.4729627,46.2921136,0],[33.4709027,46.291995,0],[33.4700015,46.2919357,0],[33.468714,46.2920246,0],[33.4676412,46.2922915,0],[33.4669545,46.2928846,0],[33.4654525,46.2979551,0],[33.4498537,46.358123,0],[33.3657259,46.3485811,0],[33.3592605,46.3785722,0],[33.354918,46.3953221,0],[33.2342725,46.3826563,0],[33.2231145,46.3817682,0],[33.0133443,46.357842,0],[33.0277184,46.2794811,0],[32.9024615,46.2651686,0],[32.8986803,46.2863012,0],[32.857512,46.2826127,0],[32.8278547,46.428698,0],[32.8374678,46.4303544,0],[32.8137181,46.4520736,0],[32.8085516,46.4533827,0],[32.7983377,46.4550975,0],[32.7915571,46.456694,0],[32.7903721,46.4576319,0],[32.7832171,46.4967091,0],[32.781537,46.5187067,0],[32.7709004,46.52273,0],[32.7673813,46.5226119,0],[32.733049,46.5200133,0],[32.7122698,46.5178503,0],[32.7012835,46.5229589,0],[32.6996527,46.5348576,0],[32.6980219,46.5356252,0],[32.6545487,46.5445695,0],[32.6452552,46.5596693,0],[32.6323377,46.5725925,0],[32.6136562,46.5830165,0],[32.6120262,46.5824065,0],[32.6055585,46.5840379,0],[32.5866757,46.5860435,0],[32.582985,46.5892878,0],[32.58247,46.592001,0],[32.5813542,46.5933576,0],[32.5786076,46.5933576,0],[32.5768052,46.5931217,0],[32.5738011,46.5937115,0],[32.5692521,46.5945372,0],[32.5669347,46.595127,0],[32.5640164,46.5958347,0],[32.5629006,46.5934166,0],[32.5629006,46.5888159,0],[32.562729,46.5845688,0],[32.5619044,46.5821336,0],[32.554008,46.5760865,0],[32.5412391,46.5743236,0],[32.5331711,46.5738516,0],[32.5300812,46.5731436,0],[32.5264763,46.5716685,0],[32.5233864,46.5697803,0],[32.5227855,46.5687772,0],[32.5215839,46.567125,0],[32.5215839,46.5651777,0],[32.5183223,46.5640565,0],[32.5142025,46.5637024,0],[32.5097393,46.5641155,0],[32.5057052,46.5647056,0],[32.5009845,46.5659448,0],[32.4971222,46.5667119,0],[32.4927448,46.5691903,0],[32.4906849,46.5702524,0],[32.4876808,46.5712555,0],[32.48502,46.5716685,0],[32.4816726,46.5709015,0],[32.4778103,46.5697803,0],[32.4742912,46.5684232,0],[32.4706863,46.566948,0],[32.4636482,46.5649416,0],[32.4590992,46.5634073,0],[32.4509452,46.5587798,0],[32.4403022,46.5548845,0],[32.4367831,46.5532319,0],[32.4329208,46.5509889,0],[32.4275134,46.5565961,0],[32.4223636,46.5584257,0],[32.4197028,46.5584257,0],[32.4173854,46.5581897,0],[32.4131797,46.5575995,0],[32.4106906,46.5567732,0],[32.4092315,46.5555928,0],[32.4066566,46.5543533,0],[32.4050258,46.553468,0],[32.4033092,46.5528777,0],[32.4016784,46.5522875,0],[32.3969577,46.5499264,0],[32.3957561,46.5489229,0],[32.3929237,46.5476243,0],[32.3890613,46.5469159,0],[32.386143,46.5459714,0],[32.3824523,46.5454992,0],[32.3797916,46.5453811,0],[32.3731826,46.545204,0],[32.3673461,46.545204,0],[32.3635696,46.5453811,0],[32.3616813,46.5458534,0],[32.3591922,46.5473291,0],[32.3579047,46.5480375,0],[32.3564456,46.5481556,0],[32.3513816,46.547152,0],[32.3484634,46.5465617,0],[32.3453735,46.5460895,0],[32.3420501,46.5452692,0],[32.3402906,46.5442951,0],[32.3390889,46.5429668,0],[32.3379302,46.5417861,0],[32.3358274,46.5404283,0],[32.3341537,46.5396608,0],[32.3293901,46.5380076,0],[32.3278451,46.5372991,0],[32.3250556,46.5367087,0],[32.3221873,46.5364323,0],[32.3164725,46.5352622,0],[32.3134256,46.5344946,0],[32.3087049,46.5340813,0],[32.306602,46.533727,0],[32.3026967,46.5340223,0],[32.3003364,46.5342584,0],[32.2976327,46.5351146,0],[32.2959161,46.5360002,0],[32.2942424,46.5374172,0],[32.2927404,46.5380076,0],[32.2905517,46.5375944,0],[32.2889638,46.536384,0],[32.2887492,46.5352622,0],[32.2886205,46.5342289,0],[32.2865262,46.5300987,0],[32.2872129,46.5277366,0],[32.288672,46.5252269,0],[32.2896591,46.5236029,0],[32.2910323,46.5223331,0],[32.2951522,46.5215063,0],[32.2938648,46.5189372,0],[32.292234,46.5176674,0],[32.2887149,46.5156887,0],[32.2865262,46.5145665,0],[32.2870841,46.5121743,0],[32.2873845,46.5113178,0],[32.287003,46.5093632,0],[32.2893204,46.5073547,0],[32.288548,46.5060551,0],[32.2867455,46.5056711,0],[32.2851577,46.5045486,0],[32.2833981,46.5040465,0],[32.2827544,46.5022741,0],[32.2757657,46.5005628,0],[32.273062,46.4998243,0],[32.2694142,46.5002674,0],[32.2662385,46.500297,0],[32.2640069,46.5002084,0],[32.2611745,46.5002084,0],[32.2587283,46.4997357,0],[32.2570117,46.4987018,0],[32.256325,46.496427,0],[32.2552521,46.4944476,0],[32.2529347,46.4934135,0],[32.2514327,46.4915522,0],[32.2461299,46.4790715,0],[32.2168893,46.4793748,0],[32.2032146,46.4790715,0],[32.1823853,46.484694,0],[32.1752614,46.4869397,0],[32.1697682,46.4881216,0],[32.16582,46.488417,0],[32.1620435,46.4895989,0],[32.1563786,46.4916081,0],[32.1526879,46.4926126,0],[32.1501988,46.4934989,0],[32.1305898,46.4964018,0],[32.1254399,46.4966972,0],[32.1202043,46.4968154,0],[32.1135095,46.4968744,0],[32.1094754,46.4971108,0],[32.1032098,46.4975244,0],[32.0979741,46.4977016,0],[32.0941976,46.4977016,0],[32.0903352,46.4974062,0],[32.0863011,46.4974062,0],[32.0828679,46.4974062,0],[32.080293,46.4966381,0],[32.0793488,46.4963427,0],[32.0765164,46.4957518,0],[32.0721391,46.4946292,0],[32.0694783,46.4937428,0],[32.0677617,46.4929747,0],[32.0657876,46.4920883,0],[32.0626977,46.491202,0],[32.0583203,46.4901974,0],[32.0545438,46.4894883,0],[32.0515397,46.4883655,0],[32.0494798,46.4871836,0],[32.0444158,46.4873609,0],[32.0416692,46.4877745,0],[32.0369485,46.4877745,0],[32.0318845,46.4867699,0],[32.0287946,46.4862971,0],[32.0238164,46.4863562,0],[32.0208123,46.4864744,0],[32.0085385,46.4882473,0],[32.0059636,46.48807,0],[31.9969514,46.4883064,0],[31.9903424,46.4894883,0],[31.9774806,46.4920064,0],[31.9749915,46.4922723,0],[31.9740045,46.4924496,0],[31.9710862,46.4930109,0],[31.9676959,46.4929518,0],[31.9650781,46.4941632,0],[31.9628894,46.4946063,0],[31.9592416,46.4950495,0],[31.9556796,46.4956108,0],[31.9532334,46.4962903,0],[31.9510448,46.4977674,0],[31.9479549,46.4985651,0],[31.9435346,46.4990968,0],[31.9403159,46.4998058,0],[31.9370114,46.5009283,0],[31.934179,46.5025826,0],[31.9330203,46.5031438,0],[31.9300592,46.5042072,0],[31.9283855,46.5049457,0],[31.926068,46.5054479,0],[31.9247377,46.5060091,0],[31.9220769,46.5072792,0],[31.9148235,46.5083796,0],[31.9136539,46.5096791,0],[31.9132676,46.5105651,0],[31.9114652,46.5110672,0],[31.9098773,46.5110082,0],[31.9078603,46.5112149,0],[31.9063582,46.5117761,0],[31.9042554,46.5132823,0],[31.9036117,46.514316,0],[31.9037833,46.5156154,0],[31.9041696,46.5169739,0],[31.902925,46.5178008,0],[31.9011655,46.5178599,0],[31.8988481,46.5175645,0],[31.8971744,46.5173873,0],[31.894814,46.5173873,0],[31.891295,46.5178008,0],[31.8900075,46.5173873,0],[31.8881621,46.5163537,0],[31.8860593,46.5163242,0],[31.8844285,46.516147,0],[31.8838706,46.515202,0],[31.883184,46.5148771,0],[31.8806949,46.514316,0],[31.8783345,46.5136367,0],[31.8769183,46.5131051,0],[31.8743863,46.5133709,0],[31.8726697,46.5133709,0],[31.8706098,46.5138139,0],[31.8688502,46.5150248,0],[31.8674769,46.5160289,0],[31.8651166,46.5161765,0],[31.8621984,46.5161765,0],[31.8600526,46.5166195,0],[31.8573599,46.5178599,0],[31.8541793,46.5130109,0],[31.8600536,46.5125623,0],[31.860258,46.510927,0],[31.8541871,46.5063273,0],[31.8518013,46.5020709,0],[31.8509333,46.4984782,0],[31.8463016,46.4983632,0],[31.8458872,46.4981537,0],[31.8455075,46.4977587,0],[31.8451064,46.4974522,0],[31.843142,46.4975118,0],[31.8412329,46.4978808,0],[31.8410941,46.4975999,0],[31.8357444,46.4986881,0],[31.8289943,46.4989794,0],[31.8273861,46.4988971,0],[31.8229106,46.4973187,0],[31.8185634,46.4957785,0],[31.8162542,46.4946179,0],[31.8161684,46.493451,0],[31.8148451,46.4930515,0],[31.8138027,46.4921633,0],[31.8124154,46.4905863,0],[31.8060461,46.4892267,0],[31.8056998,46.4877633,0],[31.8056655,46.4854887,0],[31.8073909,46.4852234,0],[31.8088676,46.4848407,0],[31.8076586,46.4790814,0],[31.8169982,46.4767594,0],[31.8220622,46.4756659,0],[31.8248517,46.4746315,0],[31.8284137,46.4736562,0],[31.8321902,46.4728877,0],[31.8352801,46.4723557,0],[31.849381,46.4693528,0],[31.8536296,46.468466,0],[31.8601957,46.4669881,0],[31.8664184,46.4653919,0],[31.8730703,46.4641504,0],[31.8764177,46.463707,0],[31.8814388,46.4625836,0],[31.8871465,46.4609873,0],[31.8927255,46.4592135,0],[31.896545,46.4581197,0],[31.8998924,46.4569963,0],[31.9112388,46.4534796,0],[31.9226114,46.4499611,0],[31.926345,46.4483349,0],[31.9310228,46.446886,0],[31.9333402,46.4462354,0],[31.9368593,46.4450526,0],[31.9400779,46.4443725,0],[31.9424812,46.4433966,0],[31.9466869,46.441711,0],[31.9511245,46.4402062,0],[31.9538538,46.439493,0],[31.955742,46.439286,0],[31.957991,46.439733,0],[31.9602052,46.4401732,0],[31.9631664,46.4403802,0],[31.9673292,46.4399366,0],[31.9708656,46.4399696,0],[31.9739811,46.4407351,0],[31.9763843,46.4418589,0],[31.9796888,46.4426573,0],[31.9811908,46.4436923,0],[31.9834653,46.4451117,0],[31.9865553,46.446265,0],[31.9896881,46.4477139,0],[31.9911043,46.4487193,0],[31.9919197,46.450109,0],[31.9928919,46.4520267,0],[31.9950377,46.4527363,0],[31.9971834,46.4528545,0],[31.9990717,46.4533867,0],[32.0030628,46.4534754,0],[32.0082127,46.4531502,0],[32.0125042,46.4521154,0],[32.0189415,46.4493656,0],[32.0216881,46.4477688,0],[32.0238768,46.4459355,0],[32.0263659,46.4442795,0],[32.0278679,46.4424165,0],[32.0325445,46.4346018,0],[32.0342611,46.4325018,0],[32.0350765,46.4303722,0],[32.0361494,46.4282425,0],[32.0367502,46.4263493,0],[32.0367073,46.4248703,0],[32.0364069,46.4227995,0],[32.0365357,46.4206991,0],[32.0369219,46.4191015,0],[32.0372652,46.4174447,0],[32.0408773,46.4133775,0],[32.0443105,46.4099747,0],[32.0479583,46.4073116,0],[32.0492458,46.4057728,0],[32.0520353,46.4041452,0],[32.0575714,46.4009195,0],[32.0587301,46.398907,0],[32.0593309,46.3973384,0],[32.0596313,46.3954442,0],[32.0596113,46.3931826,0],[32.0595684,46.3909626,0],[32.058753,46.3895418,0],[32.0571651,46.3880321,0],[32.0547619,46.3863448,0],[32.0536032,46.3845686,0],[32.0528307,46.3832364,0],[32.0488396,46.3815489,0],[32.0464792,46.3805719,0],[32.0396128,46.3786771,0],[32.0372524,46.3781146,0],[32.0342054,46.3784403,0],[32.0330896,46.3798318,0],[32.0296993,46.3802759,0],[32.0281973,46.381016,0],[32.0265236,46.3827331,0],[32.0248499,46.3829996,0],[32.0227041,46.3809568,0],[32.0221462,46.3796838,0],[32.0196747,46.3775212,0],[32.0184945,46.3761296,0],[32.0168208,46.3742642,0],[32.0163702,46.3731687,0],[32.0156192,46.3713625,0],[32.0124849,46.3668602,0],[32.0111116,46.3641949,0],[32.0102104,46.3630103,0],[32.007893,46.3609372,0],[32.0060476,46.3593972,0],[32.0016703,46.3576793,0],[31.9987091,46.3566427,0],[31.9956192,46.3556949,0],[31.9928726,46.3547767,0],[31.9868031,46.3512787,0],[31.9824687,46.3501234,0],[31.9784346,46.3491459,0],[31.973671,46.3480202,0],[31.9702378,46.3469241,0],[31.967577,46.3460354,0],[31.9605389,46.3432803,0],[31.9586936,46.3426285,0],[31.9566765,46.3431618,0],[31.9542733,46.343221,0],[31.9517842,46.342984,0],[31.9490376,46.3424804,0],[31.9457331,46.3419767,0],[31.9262694,46.338301,0],[31.9208192,46.3370566,0],[31.9186734,46.3371158,0],[31.9154977,46.3377973,0],[31.913309,46.3383899,0],[31.9103907,46.3388047,0],[31.9076871,46.339101,0],[31.9056271,46.3390417,0],[31.903181,46.3383899,0],[31.8998765,46.3377084,0],[31.8974303,46.3371158,0],[31.8939971,46.3361084,0],[31.8912076,46.335338,0],[31.8863581,46.3343899,0],[31.8835686,46.3338861,0],[31.8801354,46.3334713,0],[31.877303,46.3332639,0],[31.8740414,46.3328194,0],[31.8593932,46.3327226,0],[31.8535138,46.3335819,0],[31.841755,46.3343227,0],[31.8381501,46.3345005,0],[31.8346311,46.3344709,0],[31.8309832,46.3335523,0],[31.8272067,46.333256,0],[31.8239451,46.3326041,0],[31.8170787,46.3314188,0],[31.8135167,46.3304706,0],[31.8076802,46.3288407,0],[31.8047191,46.3285148,0],[31.79184,46.3247173,0],[31.7886214,46.3237096,0],[31.7859177,46.3229687,0],[31.7834715,46.3223463,0],[31.7814974,46.3216054,0],[31.7765622,46.3217239,0],[31.7722277,46.3213683,0],[31.770039,46.3205681,0],[31.7656617,46.317367,0],[31.7630009,46.3149661,0],[31.7596106,46.312743,0],[31.7491904,46.3044636,0],[31.7459288,46.3011431,0],[31.7428389,46.2979409,0],[31.7383741,46.2943839,0],[31.73417,46.2914174,0],[31.7298785,46.2881553,0],[31.7251578,46.285249,0],[31.7212096,46.2826391,0],[31.7175189,46.2796731,0],[31.7147723,46.2773002,0],[31.7110816,46.2750459,0],[31.7085368,46.2725589,0],[31.7101461,46.271936,0],[31.7128498,46.2723958,0],[31.7143089,46.2732709,0],[31.7167122,46.2746206,0],[31.7181713,46.2752287,0],[31.7199738,46.2758071,0],[31.7290718,46.2716542,0],[31.7342217,46.2696963,0],[31.7388565,46.2697556,0],[31.7403156,46.2712982,0],[31.7370541,46.2736713,0],[31.7316467,46.2759851,0],[31.7295868,46.2796631,0],[31.7308743,46.282629,0],[31.7355091,46.2869591,0],[31.7409165,46.291526,0],[31.7447788,46.2938982,0],[31.7551643,46.3044536,0],[31.7575676,46.3071811,0],[31.7611725,46.3096712,0],[31.7627174,46.3111534,0],[31.7658932,46.313347,0],[31.7696697,46.3151848,0],[31.7719013,46.3166668,0],[31.7749054,46.3191566,0],[31.7761929,46.320105,0],[31.7804844,46.32052,0],[31.7817719,46.3195122,0],[31.7828018,46.316074,0],[31.7819435,46.3138213,0],[31.7773945,46.3113313,0],[31.7734463,46.311272,0],[31.7706139,46.3115684,0],[31.7682106,46.3095527,0],[31.7665798,46.3082483,0],[31.7628891,46.3073589,0],[31.7627174,46.3049873,0],[31.7628891,46.3025562,0],[31.7615158,46.3003029,0],[31.7581684,46.2976344,0],[31.7567093,46.295796,0],[31.7620308,46.2963297,0],[31.7662365,46.2975158,0],[31.7747337,46.2949657,0],[31.7743904,46.290577,0],[31.7734463,46.2899839,0],[31.7721588,46.2890943,0],[31.7753346,46.2868998,0],[31.7756779,46.2849424,0],[31.7752487,46.2831629,0],[31.781686,46.2791885,0],[31.7830593,46.2751545,0],[31.7819435,46.2724254,0],[31.7806561,46.2706456,0],[31.7770487,46.2658277,0],[31.7840868,46.2648783,0],[31.7873484,46.2679638,0],[31.7933565,46.2735408,0],[31.7974764,46.2765071,0],[31.8100077,46.2737782,0],[31.8132693,46.2725916,0],[31.8151575,46.2668958,0],[31.8199641,46.264641,0],[31.8228823,46.2697438,0],[31.8300921,46.2733035,0],[31.8362719,46.2737782,0],[31.8476015,46.2706931,0],[31.8575579,46.2722356,0],[31.8659693,46.2705744,0],[31.8719774,46.2667771,0],[31.8759257,46.2671331,0],[31.8797022,46.272117,0],[31.8865687,46.2769817,0],[31.8910319,46.2823206,0],[31.8948084,46.2865914,0],[31.8961817,46.2932341,0],[31.8987566,46.2979784,0],[31.9085413,46.2982156,0],[31.9234759,46.2961993,0],[31.9287974,46.2950132,0],[31.9370371,46.2928782,0],[31.9437319,46.2889638,0],[31.9471651,46.2841001,0],[31.9473368,46.2794733,0],[31.9500834,46.2746087,0],[31.9586664,46.264641,0],[31.9636446,46.2615554,0],[31.9777209,46.2555023,0],[31.9854456,46.254078,0],[31.993857,46.2532471,0],[31.9990927,46.2524162,0],[32.0040709,46.2512885,0],[32.007075,46.2505169,0],[32.010079,46.2502795,0],[32.0139414,46.2503389,0],[32.0189196,46.2497453,0],[32.0226961,46.248855,0],[32.0259577,46.2479647,0],[32.0286185,46.247846,0],[32.0322233,46.2481428,0],[32.0358282,46.2491518,0],[32.0392615,46.2500421,0],[32.042008,46.250695,0],[32.0475012,46.2538406,0],[32.0538527,46.2548495,0],[32.0611483,46.2526536,0],[32.0638949,46.2493299,0],[32.0659548,46.2451749,0],[32.0716196,46.2422663,0],[32.0741087,46.2428599,0],[32.0835501,46.2403073,0],[32.0839792,46.236686,0],[32.085586,46.2288611,0],[32.0938257,46.2220919,0],[32.1003488,46.2160344,0],[32.1108202,46.2097388,0],[32.1200899,46.2062937,0],[32.1302179,46.20368,0],[32.1401743,46.2030859,0],[32.1509889,46.2023731,0],[32.1631769,46.2008286,0],[32.1709017,46.1965511,0],[32.1796564,46.1866881,0],[32.1856645,46.1811021,0],[32.1939043,46.1765855,0],[32.1963075,46.1782496,0],[32.202659,46.1824095,0],[32.2062639,46.1851431,0],[32.2151903,46.1900156,0],[32.2247391,46.1858381,0],[32.2321206,46.1842931,0],[32.2383004,46.1815001,0],[32.2427636,46.1771618,0],[32.2443085,46.1747845,0],[32.2366696,46.1753788,0],[32.2340088,46.1731797,0],[32.2314339,46.1696729,0],[32.2310048,46.166998,0],[32.233408,46.1635502,0],[32.2358113,46.1592699,0],[32.2376996,46.1538596,0],[32.2381287,46.1461891,0],[32.2353821,46.1412533,0],[32.2314339,46.1382796,0],[32.2284298,46.1355438,0],[32.2259408,46.1342948,0],[32.2068005,46.1378039,0],[32.1972733,46.1402422,0],[32.185772,46.1426805,0],[32.163456,46.1472,0],[32.1351322,46.1536161,0],[32.1274075,46.155489,0],[32.1233305,46.1558754,0],[32.1220001,46.1567375,0],[32.1206698,46.1579563,0],[32.1187815,46.1582833,0],[32.1147045,46.1586103,0],[32.1104559,46.1592642,0],[32.1035895,46.1611369,0],[32.0995983,46.1622962,0],[32.0966372,46.1637526,0],[32.0929894,46.1657143,0],[32.0913157,46.1675868,0],[32.0904144,46.1696969,0],[32.0872387,46.1704102,0],[32.0831188,46.1704399,0],[32.0790419,46.1713909,0],[32.0771536,46.1719556,0],[32.0647409,46.1716057,0],[32.0604493,46.1706844,0],[32.0579602,46.1705655,0],[32.0552995,46.1716354,0],[32.0516946,46.1729727,0],[32.0471456,46.1735076,0],[32.0413949,46.1733888,0],[32.037318,46.1749341,0],[32.0315673,46.1768657,0],[32.0271899,46.1771331,0],[32.0196798,46.1775788,0],[32.0140149,46.1782029,0],[32.0087363,46.1784703,0],[32.0041015,46.1785594,0],[31.9975784,46.1795103,0],[31.9938447,46.1796886,0],[31.9870549,46.1797655,0],[31.9825058,46.1817266,0],[31.9767552,46.1816077,0],[31.9639664,46.1833311,0],[31.9511776,46.1839848,0],[31.9451695,46.1856486,0],[31.937788,46.1871342,0],[31.9314366,46.1874907,0],[31.9259434,46.1874907,0],[31.9195061,46.1887385,0],[31.9151287,46.1894515,0],[31.9057732,46.190937,0],[31.8988209,46.1922441,0],[31.8916111,46.193373,0],[31.8857746,46.1946801,0],[31.8807965,46.1958684,0],[31.8765049,46.1969378,0],[31.8720417,46.1975913,0],[31.8667202,46.1976507,0],[31.8595963,46.1975319,0],[31.8499304,46.1989931,0],[31.8441798,46.2000624,0],[31.8403174,46.2012506,0],[31.8361975,46.2024387,0],[31.8302752,46.2037456,0],[31.8236662,46.2036862,0],[31.8162848,46.2039238,0],[31.8113066,46.2043396,0],[31.802981,46.2051118,0],[31.7967154,46.2064186,0],[31.7932822,46.2087352,0],[31.7868449,46.2098637,0],[31.7798926,46.2099825,0],[31.770537,46.211408,0],[31.7628123,46.2128335,0],[31.7516543,46.2166939,0],[31.7344959,46.2173701,0],[31.7286594,46.2178452,0],[31.722308,46.2196268,0],[31.7156132,46.221052,0],[31.7086609,46.2214083,0],[31.6979321,46.2237836,0],[31.6862591,46.2261588,0],[31.6782768,46.2286527,0],[31.6628273,46.2310277,0],[31.6559608,46.2332245,0],[31.6538151,46.2347681,0],[31.6582783,46.2385676,0],[31.6634281,46.2421888,0],[31.6714104,46.2445632,0],[31.6763027,46.2446819,0],[31.6795643,46.2449193,0],[31.6811951,46.2470562,0],[31.6793068,46.249371,0],[31.6704662,46.249371,0],[31.6635998,46.248362,0],[31.6580208,46.2475311,0],[31.6520126,46.2461065,0],[31.6473778,46.2454536,0],[31.6407688,46.2452161,0],[31.6342457,46.2449787,0],[31.6267784,46.2453942,0],[31.613866,46.2467053,0],[31.6018497,46.2502666,0],[31.5940391,46.2526407,0],[31.5856277,46.256439,0],[31.5783321,46.2596436,0],[31.5722381,46.2629666,0],[31.5674316,46.2656368,0],[31.5621959,46.2698495,0],[31.5572178,46.2747738,0],[31.5472441,46.2849797,0],[31.5369444,46.3008738,0],[31.5343695,46.3068033,0],[31.5342837,46.311665,0],[31.533597,46.3150442,0],[31.5336828,46.3282626,0],[31.5358286,46.3336558,0],[31.5375452,46.3390484,0],[31.5369444,46.3442035,0],[31.5372877,46.3488249,0],[31.5368586,46.3535051,0],[31.5361719,46.3571187,0],[31.5352278,46.3605543,0],[31.535142,46.3629828,0],[31.5353995,46.3671288,0],[31.534112,46.3697939,0],[31.5297346,46.3701493,0],[31.5250139,46.3689648,0],[31.5190058,46.3648189,0],[31.5166884,46.3626274,0],[31.513856,46.3584811,0],[31.513341,46.3551046,0],[31.5134268,46.3497728,0],[31.5137701,46.3427814,0],[31.5124827,46.3379225,0],[31.5107661,46.3317593,0],[31.5109377,46.3249435,0],[31.5129977,46.3209721,0],[31.5193282,46.308246,0],[31.5277396,46.2979286,0],[31.5327177,46.2905748,0],[31.5373526,46.2846435,0],[31.5428458,46.2795422,0],[31.5500555,46.2738471,0],[31.5576086,46.2681513,0],[31.56808,46.2625144,0],[31.5728865,46.2600221,0],[31.5768347,46.2578857,0],[31.5798388,46.2559273,0],[31.5864477,46.2526631,0],[31.5925417,46.2501704,0],[31.5978632,46.2479743,0],[31.6020749,46.2464444,0],[31.6074763,46.2442941,0],[31.6222391,46.2385953,0],[31.6266165,46.2371112,0],[31.6300497,46.2359832,0],[31.638032,46.2344396,0],[31.6718493,46.2274335,0],[31.7056666,46.2208422,0],[31.7570792,46.2116962,0],[31.8613634,46.1949444,0],[32.0242158,46.1733094,0],[32.0770875,46.1655822,0],[32.0885888,46.1633233,0],[32.10421,46.1595185,0],[32.2325006,46.1308141,0],[32.2878614,46.1176075,0],[32.4815483,46.0770294,0],[32.5220604,46.0698841,0],[32.5423164,46.0655965,0],[32.5503845,46.0655965,0],[32.5543154,46.0661259,0],[32.5822962,46.06291,0],[32.6241816,46.0564776,0],[32.6674403,46.0488532,0],[32.708639,46.0395594,0],[32.739538,46.0343161,0],[32.7800501,46.0288339,0],[32.8238238,46.0228744,0],[32.8705485,46.0163422,0],[32.8977569,46.0143156,0],[32.9238494,46.011514,0],[32.9385264,46.011812,0],[32.9490836,46.0125273,0],[32.9577525,46.0124677,0],[32.9789527,46.010739,0],[33.0059893,46.0076391,0],[33.0153449,46.0074007,0],[33.0285628,46.0077584,0],[33.0374892,46.0088314,0],[33.0478747,46.008891,0],[33.0550845,46.0102621,0],[33.060406,46.0122293,0],[33.0677016,46.0126466,0],[33.0806523,46.0127157,0],[33.0833988,46.0143252,0],[33.0836563,46.0158749,0],[33.0793648,46.0174843,0],[33.076704,46.016471,0],[33.0749016,46.0152789,0],[33.0706959,46.0149212,0],[33.0649452,46.0168286,0],[33.0636578,46.0177227,0],[33.0577355,46.0194512,0],[33.0520706,46.0213584,0],[33.0411701,46.0250535,0],[33.0324154,46.0280928,0],[33.0271797,46.028212,0],[33.0214291,46.0260666,0],[33.0157643,46.025411,0],[33.009327,46.0275564,0],[33.0023747,46.0293442,0],[32.9963665,46.0301785,0],[32.9913025,46.0304169,0],[32.9861527,46.0301189,0],[32.9822517,46.0295084,0],[32.9756428,46.0303426,0],[32.9649998,46.0345734,0],[32.9590774,46.0370163,0],[32.9563309,46.0383867,0],[32.950666,46.0416636,0],[32.9440571,46.0449403,0],[32.9406903,46.046881,0],[32.9386497,46.0457148,0],[32.9371048,46.0433318,0],[32.9363323,46.0412466,0],[32.9348732,46.0392805,0],[32.9319549,46.0376717,0],[32.9228376,46.0359186,0],[32.9193378,46.0360034,0],[32.9130722,46.0366588,0],[32.9071499,46.0375526,0],[32.9001118,46.0393996,0],[32.8947044,46.0423786,0],[32.8882671,46.0455361,0],[32.8837181,46.0477403,0],[32.8813148,46.0492295,0],[32.8772808,46.0523866,0],[32.8732468,46.0551862,0],[32.8691269,46.0582239,0],[32.8633762,46.0613805,0],[32.8577972,46.0575687,0],[32.8556515,46.0558414,0],[32.852819,46.0548288,0],[32.8486992,46.052744,0],[32.8425518,46.0498983,0],[32.8374878,46.0484687,0],[32.8348271,46.0472772,0],[32.8315655,46.0451326,0],[32.8294198,46.0441794,0],[32.8253857,46.0441198,0],[32.8207509,46.0433453,0],[32.8174893,46.0412601,0],[32.8144852,46.0387578,0],[32.8070179,46.0341698,0],[32.8022973,46.0327993,0],[32.7937142,46.0328589,0],[32.7883069,46.0319651,0],[32.7835003,46.0316076,0],[32.7744023,46.0313692,0],[32.7470223,46.0346465,0],[32.7165524,46.0398302,0],[32.7033345,46.0429283,0],[32.6911465,46.0448347,0],[32.6857392,46.0460858,0],[32.6769844,46.0488857,0],[32.6595095,46.052113,0],[32.6503558,46.0547383,0],[32.6446051,46.054917,0],[32.6392836,46.0559296,0],[32.6331896,46.0567635,0],[32.6273531,46.0578356,0],[32.6207442,46.0586099,0],[32.6154227,46.059801,0],[32.6106161,46.0608135,0],[32.6062388,46.0614687,0],[32.6018614,46.061826,0],[32.5968832,46.0621833,0],[32.59242,46.0629576,0],[32.587871,46.0633744,0],[32.5812621,46.0642082,0],[32.5774855,46.0646846,0],[32.5727648,46.0653397,0],[32.5664992,46.0659948,0],[32.5620053,46.0661791,0],[32.5586886,46.0670667,0],[32.5557703,46.0675431,0],[32.5534529,46.0676622,0],[32.5506205,46.0673645,0],[32.5473589,46.0670667,0],[32.5432391,46.06796,0],[32.5411791,46.0694487,0],[32.5394781,46.0708875,0],[32.5401004,46.0737903,0],[32.5408943,46.0755766,0],[32.5418599,46.0766483,0],[32.5465558,46.0811841,0],[32.556488,46.0834059,0],[32.5697918,46.0866206,0],[32.5746841,46.0890612,0],[32.5828381,46.091978,0],[32.5959702,46.0956088,0],[32.6029224,46.0982871,0],[32.612278,46.0984657,0],[32.6199169,46.1007273,0],[32.6251526,46.1027507,0],[32.6419754,46.1051312,0],[32.649786,46.1062023,0],[32.65485,46.1056668,0],[32.6639481,46.1032863,0],[32.6663513,46.1028103,0],[32.6739212,46.0994594,0],[32.6812168,46.1012448,0],[32.6936623,46.1041014,0],[32.701902,46.1061248,0],[32.7101418,46.1073149,0],[32.7198406,46.1073744,0],[32.7286812,46.1071959,0],[32.7335735,46.1073149,0],[32.7380367,46.1099927,0],[32.7405258,46.1131463,0],[32.7473923,46.1161808,0],[32.7565762,46.1192151,0],[32.7676483,46.1205834,0],[32.7767464,46.1201075,0],[32.7813886,46.1185597,0],[32.788591,46.1148123,0],[32.7916809,46.1117183,0],[32.7951141,46.1129083,0],[32.7986623,46.114976,0],[32.8098203,46.115452,0],[32.8153775,46.1142759,0],[32.819605,46.1106919,0],[32.8249906,46.1095157,0],[32.8328229,46.112834,0],[32.8407194,46.113905,0],[32.8474142,46.114381,0],[32.8558256,46.1144405,0],[32.8611471,46.1140835,0],[32.8658678,46.1149165,0],[32.8785707,46.1125365,0],[32.8862096,46.1108109,0],[32.891102,46.1102754,0],[32.8975393,46.1098588,0],[32.9033758,46.1092638,0],[32.9083539,46.1079547,0],[32.9077531,46.1049198,0],[32.9104997,46.1046222,0],[32.9145338,46.1055148,0],[32.916937,46.1067645,0],[32.9226877,46.1067645,0],[32.9272367,46.1061694,0],[32.933674,46.1055148,0],[32.9388238,46.1055744,0],[32.9430936,46.1061833,0],[32.9575242,46.109623,0],[32.9646481,46.1112296,0],[32.9736603,46.1100395,0],[32.9806984,46.1095039,0],[32.9913414,46.1091469,0],[32.9965771,46.1093254,0],[33.0075634,46.1096825,0],[33.0164898,46.1102775,0],[33.0253304,46.1105155,0],[33.0351151,46.1112296,0],[33.0410374,46.1120626,0],[33.0418099,46.1127171,0],[33.0389775,46.1142046,0],[33.0340851,46.1147401,0],[33.028592,46.1155731,0],[33.0274762,46.1165846,0],[33.0244721,46.1185479,0],[33.0196656,46.1188454,0],[33.0158032,46.1201543,0],[33.0152024,46.1222365,0],[33.0175198,46.1247946,0],[33.0218972,46.1262818,0],[33.0257595,46.1265792,0],[33.0278195,46.129256,0],[33.0298794,46.1350256,0],[33.0310811,46.1411515,0],[33.0297078,46.1429356,0],[33.0256737,46.1437086,0],[33.0226696,46.1460278,0],[33.0217255,46.1492389,0],[33.0232705,46.1528065,0],[33.0271328,46.1545902,0],[33.0338276,46.156136,0],[33.0401791,46.156136,0],[33.0482472,46.1549469,0],[33.0569161,46.1538173,0],[33.0618943,46.15352,0],[33.0654992,46.1532227,0],[33.0670441,46.149893,0],[33.0749405,46.144006,0],[33.0794896,46.1387726,0],[33.0854977,46.1344309,0],[33.0900467,46.1328249,0],[33.09245,46.1328249,0],[33.0998382,46.1327595,0],[33.1058463,46.1325811,0],[33.1092796,46.1303803,0],[33.1191501,46.1266328,0],[33.1230983,46.1260974,0],[33.1285056,46.1258594,0],[33.1327972,46.1259189,0],[33.1387195,46.1272276,0],[33.1425819,46.1285363,0],[33.1439552,46.1304992,0],[33.1470273,46.1366432,0],[33.1525382,46.1392424,0],[33.1578597,46.1407887,0],[33.1638679,46.1428107,0],[33.1673011,46.1447731,0],[33.1667861,46.1470328,0],[33.1727084,46.1503033,0],[33.1780299,46.1534546,0],[33.1813773,46.1544654,0],[33.1837806,46.1572597,0],[33.186613,46.1610052,0],[33.1885871,46.1635614,0],[33.1907329,46.1683764,0],[33.1950244,46.172656,0],[33.1989726,46.1738447,0],[33.2048949,46.173072,0],[33.2097873,46.1708729,0],[33.2161388,46.1668309,0],[33.2197437,46.164037,0],[33.2248077,46.1599351,0],[33.2263526,46.1570219,0],[33.2222327,46.1535141,0],[33.2181987,46.1504222,0],[33.2151946,46.147568,0],[33.2114181,46.1447731,0],[33.2090148,46.1420376,0],[33.206636,46.1357721,0],[33.2067218,46.1309543,0],[33.207151,46.128337,0],[33.2062068,46.1235781,0],[33.2047477,46.1207225,0],[33.2012286,46.1188782,0],[33.1984821,46.1168553,0],[33.1984821,46.1135234,0],[33.2004562,46.1107268,0],[33.2017436,46.1090607,0],[33.206636,46.1066209,0],[33.2104984,46.1058473,0],[33.2118716,46.1065614,0],[33.2088676,46.1110838,0],[33.2074943,46.1147729,0],[33.2068935,46.1192352,0],[33.2080093,46.1217934,0],[33.2088676,46.1273853,0],[33.2141891,46.1299431,0],[33.2210555,46.1325603,0],[33.2264629,46.1337499,0],[33.2393375,46.13488,0],[33.2444873,46.1369616,0],[33.2489505,46.1388648,0],[33.253242,46.1393406,0],[33.2604518,46.138389,0],[33.265945,46.1358911,0],[33.2736697,46.1347015,0],[33.2772746,46.1345231,0],[33.2861152,46.1316086,0],[33.2924667,46.128575,0],[33.3003561,46.1258408,0],[33.3077375,46.1204272,0],[33.3104841,46.115013,0],[33.3106557,46.1082297,0],[33.3085958,46.1019217,0],[33.3079092,46.0975771,0],[33.30645,46.0951963,0],[33.3016435,46.0930536,0],[33.296837,46.091744,0],[33.2915662,46.090947,0],[33.2885973,46.0932916,0],[33.2843916,46.0960296,0],[33.2814733,46.0977556,0],[33.2789842,46.095732,0],[33.2796709,46.0908512,0],[33.28113,46.0888868,0],[33.2812996,46.0852702,0],[33.279068,46.0816983,0],[33.284132,46.0762208,0],[33.2879085,46.0755063,0],[33.2924576,46.0748513,0],[33.2980365,46.0749704,0],[33.3040447,46.07503,0],[33.3072204,46.0752681,0],[33.3073921,46.0827104,0],[33.3073921,46.0869371,0],[33.3102245,46.0921159,0],[33.3120269,46.0969371,0],[33.3123703,46.1024125,0],[33.3137436,46.1061022,0],[33.3201809,46.1105651,0],[33.326704,46.1134213,0],[33.3352012,46.1113387,0],[33.3369178,46.1059832,0],[33.3381195,46.1022935,0],[33.3425827,46.0982465,0],[33.3455009,46.0959848,0],[33.3529682,46.0927111,0],[33.3588575,46.0892803,0],[33.3638687,46.0895563,0],[33.3731384,46.0871752,0],[33.3707351,46.0830676,0],[33.3655853,46.0789001,0],[33.365242,46.0752681,0],[33.3714218,46.0709809,0],[33.4008641,46.0484748,0],[33.4048123,46.0440664,0],[33.4085888,46.0378106,0],[33.4116787,46.035606,0],[33.4157986,46.0317329,0],[33.4214634,46.0301836,0],[33.4263558,46.0296473,0],[33.4300465,46.0306603,0],[33.4291882,46.032448,0],[33.4253258,46.0351294,0],[33.4260983,46.0372148,0],[33.4315056,46.0391214,0],[33.4433502,46.0400151,0],[33.4499592,46.04216,0],[33.4531349,46.0452579,0],[33.4583706,46.0482365,0],[33.4678978,46.0447813,0],[33.4782833,46.0389427,0],[33.4851498,46.0345335,0],[33.4887547,46.0317329,0],[33.4943337,46.0297664,0],[33.4996552,46.0291705,0],[33.5066075,46.0278595,0],[33.5102982,46.0291705,0],[33.5089249,46.0342356,0],[33.5060925,46.0391214,0],[33.499741,46.0460324,0],[33.4954571,46.051293,0],[33.4918522,46.0570708,0],[33.4910797,46.0632053,0],[33.4944271,46.0729714,0],[33.4982037,46.0761272,0],[33.5057568,46.0794018,0],[33.5140823,46.0810093,0],[33.5327934,46.0782111,0],[33.5503029,46.0736859,0],[33.5580276,46.0725546,0],[33.563435,46.0733287,0],[33.5542511,46.0805926,0],[33.553307,46.0820214,0],[33.5478138,46.0868435,0],[33.5407757,46.0879745,0],[33.5269269,46.0937197,0],[33.5228071,46.0972314,0],[33.5178289,46.1002072,0],[33.5148248,46.1034804,0],[33.5143957,46.1067534,0],[33.5098466,46.1179993,0],[33.5102758,46.1224613,0],[33.5163698,46.1225208,0],[33.5201463,46.1192487,0],[33.5239229,46.1171068,0],[33.5313043,46.1175233,0],[33.5356817,46.1184158,0],[33.5408315,46.1200221,0],[33.5452947,46.1219259,0],[33.5482988,46.126685,0],[33.5434064,46.1290049,0],[33.5434064,46.1328117,0],[33.5475263,46.1364399,0],[33.5555944,46.137332,0],[33.5614309,46.1367967,0],[33.5676107,46.1387594,0],[33.5700684,46.1482112,0],[33.5771065,46.1559409,0],[33.5850029,46.1587946,0],[33.5927277,46.1565354,0],[33.6014824,46.1503519,0],[33.6061173,46.1455948,0],[33.6092072,46.1390532,0],[33.6142896,46.1340263,0],[33.6390088,46.1402117,0],[33.6142896,46.2262594,0],[33.6342074,46.2275018,0]]]},"properties":{"name":"Russian-controlled Skadovsk Raion, Kherson Oblast.","styleUrl":"#poly-A52714-1200-112-nodesc","fill-opacity":0.4392156862745098,"fill":"#a52714","stroke-opacity":1,"stroke":"#a52714","stroke-width":1.2}},{"type":"Feature","geometry":{"type":"Polygon","coordinates":[[[33.9743129,46.2093819,0],[33.971872,46.2529256,0],[33.969566,46.294318,0],[33.9694617,46.3112175,0],[33.9719852,46.371612,0],[33.9643034,46.3708125,0],[33.9623722,46.4157141,0],[34.1279396,46.4323393,0],[34.109431,46.5253559,0],[34.0786768,46.5442228,0],[34.0069224,46.5377877,0],[33.9904073,46.5360915,0],[33.9862874,46.552857,0],[34.0027669,46.5541556,0],[34.0004143,46.5734941,0],[33.9834198,46.5734941,0],[33.9811024,46.5734351,0],[33.972176,46.6182582,0],[33.981789,46.6190245,0],[33.9914021,46.6195551,0],[33.987368,46.6400076,0],[34.0647015,46.6497301,0],[34.0625557,46.6618071,0],[34.0583286,46.661797,0],[34.0558824,46.663682,0],[34.0508184,46.6647128,0],[34.0465698,46.6842061,0],[34.0425357,46.7004549,0],[34.030033,46.7674898,0],[34.0327796,46.7723692,0],[34.0316638,46.7765428,0],[34.0286597,46.7835373,0],[34.0253123,46.7914711,0],[34.0247973,46.7931164,0],[34.0368136,46.794703,0],[34.03331,46.8104706,0],[34.1081543,46.8183416,0],[34.1111584,46.8021283,0],[34.199049,46.8111755,0],[34.1817452,46.8887711,0],[34.3250475,47.0164271,0],[34.3156061,47.0213424,0],[34.3484793,47.0499476,0],[34.4074449,47.0788297,0],[34.4022951,47.1011529,0],[34.519177,47.1043858,0],[34.4911359,47.2464694,0],[34.5309613,47.2506644,0],[34.5292731,47.2679675,0],[34.5220349,47.2683728,0],[34.5186017,47.2828148,0],[34.4877027,47.2804857,0],[34.4744274,47.3301453,0],[34.4140026,47.3234549,0],[34.4194297,47.3008984,0],[34.3991736,47.2985119,0],[34.4017486,47.2868106,0],[34.3709729,47.2832806,0],[34.3579267,47.2930616,0],[34.3290871,47.2899013,0],[34.3050545,47.2694046,0],[34.2929812,47.2768778,0],[34.2725903,47.3611185,0],[34.261089,47.3596649,0],[34.2515316,47.3915174,0],[34.2564668,47.3956137,0],[34.2477608,47.4233968,0],[34.2452372,47.4275648,0],[34.2338562,47.4218869,0],[34.228363,47.4196801,0],[34.2218399,47.418054,0],[34.2185783,47.4172409,0],[34.2141151,47.4139884,0],[34.2106819,47.4109681,0],[34.2060471,47.4094579,0],[34.196949,47.4099226,0],[34.1806412,47.4137561,0],[34.1722298,47.4166601,0],[34.164505,47.4189832,0],[34.1546611,47.4221092,0],[34.1487122,47.4225838,0],[34.1418457,47.4225838,0],[34.1351509,47.4186347,0],[34.130516,47.4167763,0],[34.1250229,47.4163116,0],[34.1130066,47.4173571,0],[34.0962963,47.4197862,0],[34.0815926,47.4220031,0],[34.0730095,47.4221192,0],[34.0633373,47.4225737,0],[34.0563583,47.4210739,0],[34.0470886,47.4185186,0],[34.0446854,47.4153824,0],[34.0427971,47.4121298,0],[34.0446854,47.4089932,0],[34.0417671,47.4064373,0],[34.0410805,47.4034166,0],[34.0412521,47.3971422,0],[34.0409088,47.3917967,0],[34.0369606,47.3822665,0],[34.0298395,47.3690965,0],[34.0221147,47.3557247,0],[34.0181665,47.3488631,0],[34.0169649,47.3460717,0],[34.0176515,47.3411863,0],[34.0238552,47.3353939,0],[34.0276079,47.3345555,0],[34.0318994,47.3373475,0],[34.0382509,47.3417679,0],[34.0401392,47.3464206,0],[34.046834,47.3485142,0],[34.0507822,47.3493283,0],[34.0635709,47.3451412,0],[34.0664892,47.3424659,0],[34.0667467,47.3385108,0],[34.0638284,47.3360679,0],[34.0583353,47.3340901,0],[34.0534429,47.3326359,0],[34.0488081,47.3308325,0],[34.0455465,47.3288546,0],[34.0427999,47.3265857,0],[34.0405683,47.3250731,0],[34.0361051,47.323735,0],[34.0332727,47.3222222,0],[34.028037,47.318673,0],[34.0274362,47.3152399,0],[34.0253763,47.3130868,0],[34.0197973,47.3101189,0],[34.0164499,47.3076746,0],[34.0109567,47.3022619,0],[34.0089826,47.2973143,0],[34.0043078,47.2873224,0],[34.0014754,47.2828392,0],[34.0002737,47.2799279,0],[33.9978705,47.2759099,0],[33.9964972,47.2731729,0],[33.9944372,47.2689797,0],[33.9933214,47.2664753,0],[33.9931498,47.2637377,0],[33.9927206,47.2610583,0],[33.9929811,47.2586809,0],[33.9914362,47.2556517,0],[33.9899771,47.2532049,0],[33.9898912,47.2513406,0],[33.9903204,47.2493014,0],[33.9902346,47.2467378,0],[33.9889471,47.2423094,0],[33.9886038,47.2400951,0],[33.9872305,47.2378807,0],[33.9860897,47.2354834,0],[33.9868872,47.2332185,0],[33.9835398,47.227565,0],[33.9783899,47.221153,0],[33.9751284,47.2182383,0],[33.9687769,47.2129913,0],[33.9637129,47.2077438,0],[33.9559881,47.202904,0],[33.9467985,47.1968517,0],[33.9437944,47.1935273,0],[33.9418203,47.1913109,0],[33.9383871,47.1887445,0],[33.9365847,47.1866446,0],[33.9338381,47.1843696,0],[33.9315206,47.1815695,0],[33.9302332,47.1776024,0],[33.9278299,47.1739851,0],[33.9233667,47.1713012,0],[33.9183885,47.1680919,0],[33.915127,47.1658162,0],[33.9112646,47.1633652,0],[33.9030249,47.1596302,0],[33.8901503,47.1535603,0],[33.8858158,47.1520719,0],[33.8808805,47.1502624,0],[33.8787348,47.1494744,0],[33.8744432,47.1484529,0],[33.8712246,47.1474021,0],[33.8683922,47.1460887,0],[33.8654739,47.1446876,0],[33.8639719,47.1438995,0],[33.85629,47.1395501,0],[33.8538868,47.137244,0],[33.8526422,47.1356383,0],[33.8516123,47.1336239,0],[33.852277,47.1278337,0],[33.8516762,47.1244174,0],[33.8512042,47.121731,0],[33.8503888,47.1181391,0],[33.8495734,47.1158612,0],[33.8486292,47.1134371,0],[33.8474508,47.1076266,0],[33.8460776,47.1045887,0],[33.8444468,47.1015507,0],[33.8417002,47.0972855,0],[33.8391253,47.0932537,0],[33.8357779,47.0897476,0],[33.8337179,47.0875269,0],[33.8310572,47.0853645,0],[33.8285681,47.0833774,0],[33.8263365,47.0808058,0],[33.8164819,47.0694714,0],[33.8109888,47.0643266,0],[33.8049806,47.0588305,0],[33.7974275,47.0526322,0],[33.7914194,47.0481876,0],[33.7852396,47.0449124,0],[33.7742532,47.0414031,0],[33.77082,47.0396483,0],[33.7653268,47.0356706,0],[33.7610353,47.0318097,0],[33.7567438,47.0280654,0],[33.7466157,47.0226827,0],[33.7323678,47.016363,0],[33.7244714,47.0127348,0],[33.7184633,47.0095745,0],[33.7121118,47.0055946,0],[33.7079919,47.002785,0],[33.704387,46.9992729,0],[33.7012971,46.9961118,0],[33.6995805,46.9937701,0],[33.6988939,46.988501,0],[33.7000665,46.9729268,0],[33.6978349,46.9646098,0],[33.6986074,46.9584005,0],[33.700324,46.9542996,0],[33.6998091,46.9518975,0],[33.69732,46.9490265,0],[33.6956892,46.9463312,0],[33.6959467,46.9436358,0],[33.696805,46.9404714,0],[33.6980066,46.9361347,0],[33.6974058,46.9332629,0],[33.6942301,46.928105,0],[33.6890613,46.9206995,0],[33.6900054,46.9154818,0],[33.6914646,46.9126675,0],[33.691722,46.9094427,0],[33.6902629,46.9063349,0],[33.6878597,46.9032856,0],[33.6855422,46.9009399,0],[33.6824523,46.8991805,0],[33.6751567,46.8984767,0],[33.6695777,46.9004707,0],[33.666402,46.9017609,0],[33.6613063,46.9024924,0],[33.6563598,46.9023473,0],[33.6485492,46.9007639,0],[33.6404811,46.8978902,0],[33.6366187,46.8951924,0],[33.634988,46.8922597,0],[33.6352722,46.8774213,0],[33.6369888,46.8687374,0],[33.6400203,46.8581399,0],[33.6380188,46.8520697,0],[33.6344139,46.8447906,0],[33.6314957,46.8403287,0],[33.6289208,46.8375105,0],[33.6248009,46.834105,0],[33.622226,46.8309341,0],[33.6136429,46.8244744,0],[33.6078064,46.8235347,0],[33.5991649,46.8254974,0],[33.5937302,46.8250617,0],[33.5870354,46.8222427,0],[33.576564,46.8191886,0],[33.556308,46.8176615,0],[33.5358293,46.81836,0],[33.525873,46.8192998,0],[33.5160883,46.8210618,0],[33.5063036,46.8212967,0],[33.4944589,46.8200046,0],[33.4863908,46.8195347,0],[33.481241,46.8189474,0],[33.4752329,46.8181251,0],[33.4666498,46.816363,0],[33.4623583,46.813661,0],[33.459955,46.8095491,0],[33.4556635,46.8042618,0],[33.4496553,46.8000316,0],[33.439184,46.7945083,0],[33.4340341,46.7905124,0],[33.4199579,46.7811091,0],[33.4048517,46.773938,0],[33.3971269,46.7674714,0],[33.3868272,46.7654725,0],[33.3770559,46.7767179,0],[33.3714978,46.7764679,0],[33.3672279,46.772867,0],[33.3678047,46.7690132,0],[33.3536966,46.7618272,0],[33.331209,46.7545359,0],[33.3109529,46.7506546,0],[33.2932718,46.7506546,0],[33.2838304,46.7500665,0],[33.2757623,46.7504194,0],[33.2606561,46.7527717,0],[33.2534464,46.7546535,0],[33.2376343,46.7620266,0],[33.2287079,46.764496,0],[33.2158333,46.7656719,0],[33.1993538,46.7675532,0],[33.1878525,46.7695521,0],[33.1827027,46.7707278,0],[33.1748063,46.7730793,0],[33.1667382,46.7675532,0],[33.160215,46.7637905,0],[33.1542069,46.7621442,0],[33.1483821,46.7610938,0],[33.129391,46.7547868,0],[33.1302493,46.749053,0],[33.1567094,46.7135989,0],[33.1787679,46.7161294,0],[33.1811809,46.6969439,0],[33.1480502,46.6864056,0],[33.1447887,46.6910568,0],[33.1289411,46.6875712,0],[33.1351705,46.6746438,0],[33.1339508,46.6718749,0],[33.1279607,46.662982,0],[33.1190343,46.6602723,0],[33.1118411,46.657493,0],[33.1077212,46.6553722,0],[33.1434697,46.6335701,0],[33.1576317,46.6330396,0],[33.1641549,46.6337174,0],[33.1635752,46.6424689,0],[33.1655922,46.6456803,0],[33.1683817,46.6459749,0],[33.1657594,46.6668642,0],[33.1906503,46.6681011,0],[33.2200044,46.6713405,0],[33.2236952,46.6562022,0],[33.277315,46.6622369,0],[33.2937965,46.5985697,0],[33.4154023,46.6129471,0],[33.4295075,46.5560719,0],[33.4245294,46.5553637,0],[33.4357437,46.5116413,0],[33.4159597,46.5092785,0],[33.4168609,46.5070042,0],[33.254088,46.4867695,0],[33.2668719,46.4246298,0],[33.2140384,46.4189736,0],[33.2228599,46.3879965,0],[33.2342725,46.3826563,0],[33.354918,46.3953221,0],[33.3657259,46.3485811,0],[33.4510049,46.3579638,0],[33.4669545,46.2928846,0],[33.4676412,46.2922915,0],[33.4700015,46.2919357,0],[33.5394964,46.3009489,0],[33.5347647,46.3190148,0],[33.5969919,46.3265723,0],[33.6342074,46.2275018,0],[33.6467847,46.2287952,0],[33.6616681,46.221984,0],[33.6891339,46.2020275,0],[33.6973737,46.2034532,0],[33.7385724,46.1849162,0],[33.7639682,46.1944543,0],[33.7768428,46.2001576,0],[33.8271497,46.2039285,0],[33.8532422,46.199176,0],[33.9102338,46.1625685,0],[33.9757984,46.1379828,0],[33.9743129,46.2093819,0]]]},"properties":{"name":"Russian-controlled Kakhovka Raion, Kherson Oblast.","styleUrl":"#poly-A52714-1200-112-nodesc","fill-opacity":0.4392156862745098,"fill":"#a52714","stroke-opacity":1,"stroke":"#a52714","stroke-width":1.2}},{"type":"Feature","geometry":{"type":"Polygon","coordinates":[[[34.975221,45.7635462,0],[34.9482505,45.8073754,0],[34.8902409,45.9029719,0],[34.8747914,45.943333,0],[34.8569386,45.9805633,0],[34.8353635,46.0863681,0],[34.8270626,46.1316599,0],[34.8222561,46.1417707,0],[34.8164196,46.1481931,0],[34.8114414,46.1575875,0],[34.8181362,46.1642458,0],[34.8215694,46.1697145,0],[34.8215694,46.1793429,0],[34.8231144,46.1869494,0],[34.8262189,46.1963244,0],[34.8337574,46.2054857,0],[34.8533511,46.2160854,0],[34.8609042,46.2195299,0],[34.8703456,46.2245181,0],[34.8811603,46.2291496,0],[34.8945499,46.2356805,0],[34.9019313,46.2397174,0],[34.9182391,46.2432792,0],[34.9266505,46.2444664,0],[34.9475932,46.2485026,0],[35.0061298,46.2558621,0],[35.0408054,46.2627459,0],[35.0576282,46.2708155,0],[35.0792575,46.2810194,0],[35.1063703,46.3022116,0],[35.0734174,46.2999124,0],[35.0583051,46.3756899,0],[35.0648722,46.3758847,0],[35.0706647,46.3780585,0],[35.0545146,46.4828964,0],[35.0212262,46.4793393,0],[34.9544359,46.5028595,0],[34.9480845,46.5014508,0],[34.9443219,46.5133728,0],[34.8905194,46.5061016,0],[34.8845838,46.5365223,0],[34.8948835,46.5365223,0],[34.8900769,46.563911,0],[34.7581012,46.5502659,0],[34.7544963,46.5610668,0],[34.7527478,46.5610783,0],[34.7486598,46.583606,0],[34.7233596,46.5816715,0],[34.7129224,46.6200617,0],[34.7556626,46.6269533,0],[34.7468744,46.6829527,0],[34.6833597,46.6770052,0],[34.680699,46.6920199,0],[34.6318982,46.6879311,0],[34.6243451,46.7237167,0],[34.6610183,46.7257352,0],[34.6590442,46.7406775,0],[34.734895,46.7481879,0],[34.736452,46.7569112,0],[34.7500133,46.7590281,0],[34.7513745,46.7815826,0],[34.7671674,46.7815826,0],[34.7589276,46.8229445,0],[34.8179792,46.8285823,0],[34.8130485,46.8333205,0],[34.8049329,46.8825812,0],[34.7528444,46.8793349,0],[34.7365825,46.9614625,0],[34.686114,46.9556043,0],[34.6812775,46.9792951,0],[34.6543142,46.9768575,0],[34.6416112,46.9746907,0],[34.6238568,46.9730289,0],[34.6188786,46.9941084,0],[34.5998242,46.9924692,0],[34.597421,47.0048207,0],[34.5947602,47.0045281,0],[34.5910695,47.0269994,0],[34.5673535,47.0250646,0],[34.5530801,47.105671,0],[34.524443,47.1053534,0],[34.4022951,47.1011529,0],[34.4074449,47.0788297,0],[34.3484793,47.0499476,0],[34.3156061,47.0213424,0],[34.3250475,47.0164271,0],[34.1817452,46.8887711,0],[34.199049,46.8111755,0],[34.1111584,46.8021283,0],[34.1081543,46.8183416,0],[34.03331,46.8104706,0],[34.0368136,46.794703,0],[34.0247973,46.7931164,0],[34.0338868,46.7722301,0],[34.030033,46.7674898,0],[34.0508184,46.6647128,0],[34.0558824,46.663682,0],[34.0572825,46.6617591,0],[34.0625557,46.6618071,0],[34.0647015,46.6497301,0],[33.987368,46.6400076,0],[33.9914021,46.6195551,0],[33.972176,46.6182582,0],[33.9811024,46.5734351,0],[34.0004143,46.5734941,0],[34.0004151,46.5727092,0],[34.0027669,46.5541556,0],[33.9862874,46.552857,0],[33.9904073,46.5360915,0],[34.0786768,46.5442228,0],[34.109431,46.5253559,0],[34.1279396,46.4323393,0],[33.9623722,46.4157141,0],[33.9643034,46.3708125,0],[33.9719852,46.371612,0],[33.969129,46.3031359,0],[33.9757984,46.1379828,0],[33.9885114,46.1335504,0],[34.0070508,46.1211774,0],[34.0331433,46.1088016,0],[34.055116,46.1078495,0],[34.0769324,46.1171073,0],[34.0908216,46.1145139,0],[34.1205343,46.1068729,0],[34.1382001,46.0973754,0],[34.1457532,46.0830892,0],[34.2082379,46.0597472,0],[34.2542432,46.0521231,0],[34.3076452,46.0628196,0],[34.3443808,46.0563873,0],[34.3656668,46.0497159,0],[34.3840192,46.0354419,0],[34.4037756,46.0165854,0],[34.411485,45.9920471,0],[34.4361718,45.963691,0],[34.4705365,45.9443213,0],[34.5055554,45.9433664,0],[34.5378278,45.965803,0],[34.5589575,45.9915456,0],[34.5755933,45.9963405,0],[34.607366,45.9924997,0],[34.623626,45.988982,0],[34.6382651,45.9803336,0],[34.6573041,45.975825,0],[34.7554944,45.9085,0],[34.802873,45.9003773,0],[34.800813,45.8047266,0],[34.8665747,45.7946491,0],[34.898847,45.7824396,0],[34.9580548,45.7597139,0],[34.975221,45.7635462,0]]]},"properties":{"name":"Russian-controlled Henichesk Raion, Kherson Oblast.","styleUrl":"#poly-A52714-1200-107-nodesc","fill-opacity":0.4196078431372549,"fill":"#a52714","stroke-opacity":1,"stroke":"#a52714","stroke-width":1.2}},{"type":"Feature","geometry":{"type":"Polygon","coordinates":[[[34.5171809,47.118824,0],[34.519177,47.1043858,0],[34.5530801,47.105671,0],[34.5535951,47.1023409,0],[34.5523935,47.1020488,0],[34.5667794,47.0247761,0],[34.5910695,47.0269994,0],[34.5947602,47.0045281,0],[34.597421,47.0048207,0],[34.5998242,46.9924692,0],[34.6188786,46.9941084,0],[34.6238568,46.9730289,0],[34.6386197,46.974493,0],[34.6429112,46.9750786,0],[34.655185,46.9768941,0],[34.6812775,46.9792951,0],[34.686114,46.9556043,0],[34.7365825,46.9614625,0],[34.7528444,46.8793349,0],[34.8049291,46.8825781,0],[34.8130485,46.8333205,0],[34.8179755,46.8285792,0],[34.7579452,46.8222802,0],[34.7671639,46.7815794,0],[34.7506506,46.7810262,0],[34.7504789,46.7582751,0],[34.7348327,46.7571446,0],[34.7354336,46.747559,0],[34.6590442,46.7406775,0],[34.6610183,46.7257352,0],[34.6251852,46.7238596,0],[34.631895,46.6879278,0],[34.680699,46.6920199,0],[34.6833597,46.6770052,0],[34.7468744,46.6829527,0],[34.7556626,46.6269533,0],[34.7134891,46.6198856,0],[34.7233596,46.5816715,0],[34.7486598,46.583606,0],[34.752745,46.5610751,0],[34.7544963,46.5610668,0],[34.7581012,46.5502659,0],[34.8421294,46.5591192,0],[34.890074,46.5639081,0],[34.894968,46.5377642,0],[34.884581,46.5365194,0],[34.8893876,46.5072265,0],[34.9448229,46.5127248,0],[34.9492861,46.5016188,0],[34.9544359,46.5028595,0],[34.990914,46.490097,0],[35.0199897,46.4795762,0],[35.0260837,46.4801673,0],[35.053292,46.4827087,0],[35.0548692,46.4821735,0],[35.0586994,46.4536825,0],[35.0706624,46.3780558,0],[35.0668591,46.3765065,0],[35.0583028,46.3756872,0],[35.0636834,46.3505045,0],[35.0734174,46.2999124,0],[35.1013124,46.3020471,0],[35.1073206,46.3021064,0],[35.1210587,46.3290818,0],[35.1244061,46.3367267,0],[35.1278393,46.3430078,0],[35.1329892,46.3469776,0],[35.1420872,46.3518357,0],[35.1722343,46.362523,0],[35.181504,46.3673797,0],[35.1904304,46.3749601,0],[35.1938636,46.3794604,0],[35.20279,46.3823026,0],[35.2170379,46.3814736,0],[35.2419288,46.3773287,0],[35.2518852,46.3764997,0],[35.25652,46.3738942,0],[35.2628715,46.3656029,0],[35.2663047,46.3574288,0],[35.2680213,46.3520973,0],[35.2795227,46.3545854,0],[35.3063018,46.3484241,0],[35.31231,46.3419066,0],[35.3148849,46.3328993,0],[35.3162477,46.3136461,0],[35.3056906,46.3148318,0],[35.3001116,46.3137647,0],[35.298395,46.3099111,0],[35.2960775,46.3072431,0],[35.2945326,46.3041599,0],[35.2988241,46.2981115,0],[35.2987383,46.2961545,0],[35.295173,46.2921468,0],[35.2925122,46.2894186,0],[35.2917398,46.2865716,0],[35.2901948,46.285148,0],[35.2859033,46.2814704,0],[35.2835812,46.2795865,0],[35.2822126,46.2770213,0],[35.2803243,46.2743516,0],[35.2771486,46.2710292,0],[35.2753461,46.2683593,0],[35.2750028,46.26563,0],[35.2747128,46.2649214,0],[35.2781395,46.2642027,0],[35.2812179,46.2685587,0],[35.2884442,46.2796969,0],[35.2936799,46.2847983,0],[35.296684,46.2879419,0],[35.301233,46.2941693,0],[35.3034646,46.2963635,0],[35.3072411,46.2989135,0],[35.3111035,46.3017005,0],[35.3137643,46.3043095,0],[35.3176267,46.3094086,0],[35.338997,46.3324778,0],[35.3451339,46.3409518,0],[35.3571658,46.3543061,0],[35.3769068,46.3732596,0],[35.3957896,46.3916738,0],[35.4217963,46.4157035,0],[35.4445788,46.435906,0],[35.460715,46.4454877,0],[35.471873,46.449864,0],[35.4850909,46.4522294,0],[35.4919573,46.4531755,0],[35.5019137,46.4549495,0],[35.5108401,46.4576694,0],[35.5172153,46.4591257,0],[35.5286929,46.4641731,0],[35.5386492,46.4685479,0],[35.5484339,46.4711489,0],[35.5589053,46.4746956,0],[35.5673167,46.4782421,0],[35.5855128,46.4843887,0],[35.5939242,46.4878163,0],[35.600619,46.492071,0],[35.647592,46.521893,0],[35.6549734,46.5274442,0],[35.6638998,46.5351204,0],[35.6741995,46.5432678,0],[35.6947988,46.5630999,0],[35.7030386,46.569119,0],[35.7087034,46.5731313,0],[35.7169432,46.5779693,0],[35.721063,46.5823349,0],[35.7241529,46.5861103,0],[35.7301611,46.5892955,0],[35.7447523,46.5947219,0],[35.7536787,46.5992041,0],[35.7807303,46.6080076,0],[35.8001281,46.6140217,0],[35.813861,46.618856,0],[35.8241607,46.6239257,0],[35.8330718,46.625843,0],[35.8439017,46.6301737,0],[35.8480216,46.6330028,0],[35.8531714,46.6378354,0],[35.8583213,46.6412534,0],[35.8651877,46.6443176,0],[35.8694793,46.6454961,0],[35.877204,46.6469102,0],[35.8802939,46.6484422,0],[35.8877362,46.651462,0],[35.8955038,46.6533768,0],[35.8997525,46.6546729,0],[35.9044731,46.6559101,0],[35.9116829,46.6572061,0],[35.915202,46.6577069,0],[35.9170473,46.6585611,0],[35.9105725,46.6838907,0],[35.9040827,46.7104594,0],[35.9016365,46.7209342,0],[35.9671189,46.723762,0],[35.9618833,46.74641,0],[36.0287454,46.7552901,0],[36.0296037,46.7799821,0],[36.0220704,46.7804577,0],[36.0257067,46.8097089,0],[36.091968,46.8228074,0],[36.091447,46.8383289,0],[36.084323,46.8505399,0],[36.1420013,46.8708462,0],[36.1443187,46.8722545,0],[36.1104421,46.8841525,0],[36.1036615,46.8786379,0],[36.0625486,46.8930099,0],[36.0596303,46.8900185,0],[36.0577421,46.8878482,0],[36.0570554,46.8856778,0],[35.9834985,46.8691913,0],[35.9875325,46.9046807,0],[36.0424613,46.9055774,0],[36.0519027,46.9130241,0],[36.0575676,46.9180662,0],[36.0649606,46.9556868,0],[36.0657759,46.9627458,0],[36.067608,46.9851419,0],[35.9819489,46.9756848,0],[35.9840808,47.0207064,0],[35.9899172,47.0232224,0],[35.992578,47.0251533,0],[35.9939513,47.0271425,0],[35.9922347,47.0290147,0],[35.9904322,47.0304773,0],[35.9889731,47.0317058,0],[35.9908614,47.0338704,0],[35.993093,47.0362688,0],[35.9933505,47.0387256,0],[35.9904322,47.0406558,0],[35.9882865,47.0415332,0],[35.985969,47.0436388,0],[35.9783301,47.0436973,0],[35.9727511,47.0438143,0],[35.970777,47.0443992,0],[35.9761843,47.0462708,0],[35.9810767,47.0494289,0],[35.9807412,47.0511546,0],[35.9840886,47.0528212,0],[35.9864919,47.0541077,0],[35.9887235,47.0548679,0],[35.9921567,47.0553065,0],[35.9978645,47.0566222,0],[36.0020272,47.0574116,0],[36.0008256,47.0688419,0],[35.9818141,47.0659188,0],[35.9822433,47.0617969,0],[35.9506576,47.0602183,0],[35.9501164,47.0692795,0],[35.9189599,47.067818,0],[35.9219496,47.0422703,0],[35.9142883,47.0280896,0],[35.9223564,47.0257493,0],[35.9226139,47.023877,0],[35.9217558,47.0105206,0],[35.8829174,47.0068334,0],[35.8863118,46.9923078,0],[35.8614209,46.990405,0],[35.8574298,47.0046008,0],[35.7643035,46.9959082,0],[35.7622007,46.9990693,0],[35.7211604,46.9955229,0],[35.7219329,46.9899612,0],[35.6890168,46.9873851,0],[35.6806367,47.0436416,0],[35.6804384,47.0452792,0],[35.6772197,47.0445189,0],[35.6753743,47.043934,0],[35.6735719,47.0443727,0],[35.6727136,47.0426765,0],[35.6717695,47.0424133,0],[35.6655896,47.0636701,0],[35.6685937,47.0635824,0],[35.6234399,47.1014793,0],[35.6171313,47.1034949,0],[35.6052009,47.1050139,0],[35.6040968,47.1046451,0],[35.595149,47.0997375,0],[35.5858901,47.0952445,0],[35.5847314,47.095186,0],[35.5586389,47.0971727,0],[35.5597118,47.0990716,0],[35.5268295,47.1013399,0],[35.5261389,47.1014674,0],[35.5244652,47.0989113,0],[35.5059376,47.1000539,0],[35.5065384,47.1015438,0],[35.5068817,47.102946,0],[35.508255,47.1042605,0],[35.5076113,47.1052244,0],[35.505208,47.1069478,0],[35.5043497,47.1077073,0],[35.5055351,47.1096318,0],[35.5013723,47.1118515,0],[35.5016298,47.1130782,0],[35.5044193,47.115181,0],[35.5072118,47.1171267,0],[35.5086709,47.1185577,0],[35.5103446,47.1194922,0],[35.5120612,47.1208355,0],[35.512705,47.1225,0],[35.51116,47.1241644,0],[35.509658,47.1263252,0],[35.5085851,47.1283982,0],[35.5079843,47.1305588,0],[35.507943,47.1349042,0],[35.508973,47.1370062,0],[35.5082005,47.1385534,0],[35.5073422,47.1410639,0],[35.5075568,47.1426402,0],[35.5082863,47.1434575,0],[35.5109042,47.1431656,0],[35.5044239,47.1450921,0],[35.4904765,47.1490324,0],[35.4502892,47.1594776,0],[35.4569411,47.17004,0],[35.4412936,47.1742231,0],[35.4464434,47.1852492,0],[35.4054351,47.1968666,0],[35.3917021,47.2021444,0],[35.3811021,47.1791051,0],[35.3224058,47.2028506,0],[35.3204937,47.1741739,0],[35.2900238,47.176916,0],[35.2829903,47.1759831,0],[35.2643291,47.1384727,0],[35.2223897,47.1335844,0],[35.2191281,47.1476837,0],[35.2077454,47.1462958,0],[35.2055138,47.1553433,0],[35.1725548,47.151491,0],[35.1788497,47.128638,0],[35.1722407,47.127908,0],[35.1741517,47.1188627,0],[35.1655686,47.1181326,0],[35.1472393,47.1157447,0],[35.1399389,47.090424,0],[35.1059499,47.0878819,0],[35.1034608,47.098663,0],[35.0620323,47.0945354,0],[35.065215,47.0822973,0],[35.0253037,47.0783812,0],[35.0239733,47.0823849,0],[34.9635261,47.0777262,0],[34.9552434,47.1413707,0],[34.8747135,47.1332537,0],[34.8727179,47.1448867,0],[34.8505057,47.1427112,0],[34.8569859,47.154415,0],[34.8300523,47.1715561,0],[34.8147942,47.1601982,0],[34.8111456,47.1593189,0],[34.7225684,47.1528988,0],[34.7202634,47.1522166,0],[34.7183175,47.1509454,0],[34.718418,47.149911,0],[34.7184106,47.1467811,0],[34.7171734,47.1454162,0],[34.7152423,47.1445405,0],[34.7115945,47.1439567,0],[34.6014418,47.1344248,0],[34.5982819,47.1476221,0],[34.5448315,47.1434419,0],[34.5497107,47.1211601,0],[34.5171809,47.118824,0]]]},"properties":{"name":"Russian-controlled Melitopol Raion, Zaporizhzhia Oblast.","styleUrl":"#poly-A52714-1200-107-nodesc","fill-opacity":0.4196078431372549,"fill":"#a52714","stroke-opacity":1,"stroke":"#a52714","stroke-width":1.2}},{"type":"Feature","geometry":{"type":"Polygon","coordinates":[[[37.6284402,49.7179609,0],[37.6305216,49.7178707,0],[37.6308649,49.7184118,0],[37.6324528,49.7253896,0],[37.6337687,49.7275725,0],[37.6387397,49.7263058,0],[37.6386285,49.7257279,0],[37.6388733,49.7251061,0],[37.6404119,49.7246981,0],[37.6416747,49.7242028,0],[37.6409649,49.7215553,0],[37.6448586,49.7206061,0],[37.644568,49.7176732,0],[37.6491171,49.7139411,0],[37.6515203,49.7126646,0],[37.6524215,49.7094455,0],[37.6517155,49.7073453,0],[37.6526049,49.7029278,0],[37.6536038,49.7027658,0],[37.6567795,49.7030156,0],[37.6589253,49.7029879,0],[37.6617577,49.7023772,0],[37.6651051,49.705458,0],[37.6663925,49.7084831,0],[37.6651051,49.7098985,0],[37.6616289,49.7105923,0],[37.6607277,49.7128123,0],[37.6566702,49.716272,0],[37.6547819,49.7218212,0],[37.6585157,49.7280357,0],[37.6588589,49.7339997,0],[37.6617094,49.7387397,0],[37.6624822,49.7399163,0],[37.6665596,49.7448368,0],[37.6700628,49.7445834,0],[37.6741237,49.7433316,0],[37.676468,49.7434246,0],[37.6806147,49.7425192,0],[37.6825514,49.7422624,0],[37.6856254,49.7409656,0],[37.6863658,49.7369851,0],[37.6879322,49.7364016,0],[37.6911299,49.732702,0],[37.6961509,49.730788,0],[37.6995842,49.7304829,0],[37.703232,49.7312318,0],[37.7094976,49.7238388,0],[37.707671,49.7219287,0],[37.7047768,49.7208595,0],[37.6992098,49.7198256,0],[37.6962928,49.7181501,0],[37.7019307,49.7145239,0],[37.707358,49.7129651,0],[37.712475,49.7118803,0],[37.7142448,49.7135429,0],[37.7134502,49.7147718,0],[37.7117973,49.7161672,0],[37.7130404,49.7185695,0],[37.714649,49.7205822,0],[37.7208068,49.7217624,0],[37.7173295,49.7250662,0],[37.7175606,49.7338303,0],[37.7207425,49.7338574,0],[37.7204417,49.7374632,0],[37.7212324,49.7447728,0],[37.7448153,49.7437879,0],[37.7466817,49.7419154,0],[37.7605109,49.7367981,0],[37.7598688,49.7251717,0],[37.7580777,49.725289,0],[37.7559434,49.7245739,0],[37.750988,49.7253075,0],[37.7489342,49.7241639,0],[37.7467013,49.7213008,0],[37.7444687,49.7173279,0],[37.7592184,49.7134943,0],[37.7568009,49.7098268,0],[37.7739667,49.7064694,0],[37.78071,49.704882,0],[37.7774484,49.6977208,0],[37.7771051,49.6958054,0],[37.7804954,49.6953058,0],[37.7868469,49.6936957,0],[37.7883918,49.6928906,0],[37.7896593,49.6910863,0],[37.7882002,49.6889764,0],[37.7854107,49.6867552,0],[37.783222,49.6846451,0],[37.785239,49.6838954,0],[37.7865265,49.6831457,0],[37.7882431,49.6828958,0],[37.7888439,49.6846728,0],[37.7980623,49.6820612,0],[37.8001961,49.6777306,0],[37.7997217,49.6739038,0],[37.7940367,49.6670105,0],[37.779703,49.6698158,0],[37.7804222,49.6749538,0],[37.7758627,49.6770644,0],[37.7731695,49.677717,0],[37.7726382,49.6793485,0],[37.7699612,49.6793137,0],[37.7661417,49.6663716,0],[37.7495917,49.6676256,0],[37.7473761,49.6618517,0],[37.7416577,49.6623862,0],[37.7407358,49.6605104,0],[37.7554987,49.6552876,0],[37.7676438,49.6544644,0],[37.7676437,49.6476397,0],[37.7685448,49.6476083,0],[37.7772997,49.6478064,0],[37.7787187,49.6461694,0],[37.7805235,49.6460598,0],[37.781001,49.6498423,0],[37.7794671,49.6526836,0],[37.7824712,49.6553369,0],[37.7852607,49.6557259,0],[37.7882648,49.6551424,0],[37.795217,49.6589763,0],[37.802448,49.6576767,0],[37.8045725,49.6608506,0],[37.7977974,49.6634149,0],[37.8006456,49.6676771,0],[37.8073404,49.6744261,0],[37.8118176,49.6737676,0],[37.8190248,49.6804156,0],[37.833783,49.6824908,0],[37.842869,49.6819205,0],[37.8480968,49.6806706,0],[37.8492126,49.6734503,0],[37.8574328,49.6693177,0],[37.8575516,49.6635036,0],[37.8583125,49.6593271,0],[37.8601037,49.6556929,0],[37.8603827,49.6546812,0],[37.8599751,49.6542808,0],[37.8577189,49.6492872,0],[37.8575329,49.648211,0],[37.8583286,49.6454474,0],[37.8563873,49.6417646,0],[37.8495863,49.6361217,0],[37.8473991,49.6275609,0],[37.8440837,49.6247287,0],[37.8394572,49.6226966,0],[37.8174845,49.6157457,0],[37.8066699,49.6142442,0],[37.7880446,49.6094057,0],[37.7882521,49.6088549,0],[37.7888533,49.6045713,0],[37.785923,49.5980975,0],[37.7708076,49.5932359,0],[37.7699259,49.5923029,0],[37.770164,49.5746034,0],[37.7620765,49.5732091,0],[37.7618088,49.5716504,0],[37.7632376,49.5602924,0],[37.7653257,49.5507846,0],[37.7640664,49.5504086,0],[37.7448922,49.5470436,0],[37.7331424,49.548996,0],[37.7328523,49.5499728,0],[37.7237642,49.5534835,0],[37.721509,49.5598352,0],[37.7203686,49.5665802,0],[37.7189096,49.5701149,0],[37.7100904,49.5689739,0],[37.7047046,49.5710891,0],[37.6978357,49.5718487,0],[37.6916825,49.5695319,0],[37.6885498,49.5672775,0],[37.6885497,49.5645497,0],[37.6904939,49.5613066,0],[37.6944395,49.5590442,0],[37.6987279,49.5561692,0],[37.7010025,49.5525778,0],[37.7019271,49.5505948,0],[37.7003172,49.5480511,0],[37.6967124,49.5418137,0],[37.6964382,49.5391455,0],[37.6972799,49.5334695,0],[37.6994108,49.5267446,0],[37.699653,49.5183483,0],[37.7004118,49.5152945,0],[37.7057303,49.5146969,0],[37.7105368,49.5145576,0],[37.7133693,49.5151984,0],[37.7138842,49.5159507,0],[37.7144421,49.5180125,0],[37.7212833,49.5165435,0],[37.7324001,49.5114813,0],[37.7506391,49.5059359,0],[37.7723931,49.5065494,0],[37.7717064,49.4996378,0],[37.8034863,49.4922402,0],[37.807177,49.4986791,0],[37.8345098,49.4962266,0],[37.8367843,49.4968537,0],[37.8379645,49.4970627,0],[37.8389945,49.4974808,0],[37.840239,49.4977874,0],[37.8411702,49.4984407,0],[37.8416852,49.4990957,0],[37.8426722,49.4998064,0],[37.8432945,49.5006286,0],[37.8433481,49.5020291,0],[37.8439811,49.5029279,0],[37.8449253,49.5033599,0],[37.842148,49.5081298,0],[37.845667,49.5149009,0],[37.847212,49.5204453,0],[37.8728324,49.5194145,0],[37.8842908,49.5188851,0],[37.8916294,49.5230083,0],[37.8961355,49.5253483,0],[37.9179365,49.5337882,0],[37.9259187,49.5419204,0],[37.9270774,49.5425608,0],[37.9276353,49.5433127,0],[37.9277641,49.5482691,0],[37.9047615,49.5484641,0],[37.8863508,49.5491323,0],[37.8851062,49.5490209,0],[37.8853637,49.550079,0],[37.8919727,49.5602127,0],[37.8916294,49.5609364,0],[37.8925735,49.5617715,0],[37.8969509,49.5673663,0],[37.9011566,49.5729882,0],[37.9042465,49.5705391,0],[37.9079372,49.5707061,0],[37.9224426,49.5676167,0],[37.9233009,49.5704278,0],[37.92579,49.5701495,0],[37.9439002,49.569565,0],[37.951625,49.5687857,0],[37.9518825,49.5723481,0],[37.944544,49.5779973,0],[37.9385358,49.5822546,0],[37.9362613,49.5839797,0],[37.9333431,49.5892102,0],[37.9333002,49.5941342,0],[37.9366905,49.5943289,0],[37.9417974,49.5943567,0],[37.9442865,49.6108497,0],[37.9442865,49.611378,0],[37.9645425,49.6119342,0],[37.9736835,49.6122401,0],[37.9754859,49.615549,0],[37.9767305,49.6168837,0],[37.9770309,49.6180793,0],[37.976988,49.6187187,0],[37.9763013,49.6195528,0],[37.9757863,49.6200811,0],[37.9779321,49.6229169,0],[37.9795629,49.6242236,0],[37.9816657,49.6255302,0],[37.9835111,49.6259471,0],[37.9844123,49.6264475,0],[37.9869873,49.6264197,0],[37.9919654,49.6268089,0],[37.9953557,49.6273093,0],[37.9964715,49.6278653,0],[37.997244,49.6289494,0],[37.9964715,49.6295054,0],[37.9966861,49.6316179,0],[37.9950124,49.6330633,0],[37.9922229,49.6338694,0],[37.9894763,49.63487,0],[37.9890043,49.635815,0],[37.9884464,49.6371213,0],[37.9889184,49.6398171,0],[37.9877597,49.6400395,0],[37.9856998,49.6420404,0],[37.9857856,49.6435688,0],[37.9895193,49.6453195,0],[37.9979307,49.648265,0],[38.0129081,49.6507102,0],[38.0465649,49.6571654,0],[38.0469083,49.6575554,0],[38.0398273,49.6606668,0],[38.0363726,49.6627224,0],[38.0354285,49.6603195,0],[38.0343127,49.6596389,0],[38.0325746,49.6593889,0],[38.031609,49.6594028,0],[38.0301284,49.6606668,0],[38.0287766,49.6616807,0],[38.0276179,49.6627641,0],[38.0274462,49.663278,0],[38.0291199,49.6637086,0],[38.029592,49.6639863,0],[38.0310726,49.6657919,0],[38.0320167,49.6672223,0],[38.0315446,49.6678751,0],[38.0302357,49.6685695,0],[38.0291199,49.6690833,0],[38.0266094,49.6696388,0],[38.024485,49.6709025,0],[38.021717,49.6738742,0],[38.0213737,49.6749851,0],[38.0197858,49.6750268,0],[38.0187988,49.6766652,0],[38.0153441,49.6775678,0],[38.0130052,49.6775261,0],[38.0118679,49.6778316,0],[38.0117392,49.6781232,0],[38.0127477,49.6783176,0],[38.0140352,49.6782759,0],[38.015151,49.6784842,0],[38.0155372,49.6790535,0],[38.015151,49.6824828,0],[38.0121254,49.6832048,0],[38.011353,49.684482,0],[38.0116748,49.6853566,0],[38.0132198,49.6856482,0],[38.0144643,49.6857176,0],[38.0136489,49.6866061,0],[38.0134842,49.6949781,0],[38.0070665,49.6952762,0],[38.0004146,49.6999119,0],[38.0002985,49.7006614,0],[38.0177049,49.7052883,0],[38.0173616,49.7131421,0],[38.0093364,49.7140023,0],[38.00777,49.7138497,0],[37.9984788,49.7130172,0],[37.9925994,49.7153481,0],[37.9913549,49.7160418,0],[37.9746571,49.7087257,0],[37.9659238,49.7144285,0],[37.9603234,49.7183271,0],[37.9518476,49.731186,0],[37.951118,49.7314218,0],[37.965087,49.7546755,0],[37.9679194,49.7593056,0],[37.9765454,49.7677604,0],[37.9790344,49.766125,0],[37.9811802,49.7629926,0],[37.984313,49.7571708,0],[37.985858,49.7556459,0],[37.9861155,49.7548142,0],[37.9866734,49.7547033,0],[37.9881325,49.755036,0],[37.9892297,49.7547757,0],[37.9895838,49.7542143,0],[37.9892727,49.7536667,0],[37.9895838,49.75262,0],[37.9934998,49.75262,0],[37.9983063,49.7532438,0],[38.0041131,49.7552192,0],[38.0098208,49.7572709,0],[38.0110653,49.7650331,0],[38.0246266,49.772711,0],[38.0238541,49.7746233,0],[38.033553,49.7776441,0],[38.0351409,49.7809141,0],[38.0367287,49.7834634,0],[38.0536803,49.7834357,0],[38.0560835,49.792108,0],[38.0415782,49.7948507,0],[38.039604,49.795294,0],[38.0352267,49.7996708,0],[38.0293044,49.8034656,0],[38.0270728,49.8045735,0],[38.0101212,49.8126604,0],[38.0132111,49.8201369,0],[38.0197772,49.8345605,0],[38.0176314,49.8372177,0],[38.0198201,49.8375222,0],[38.0336388,49.838574,0],[38.0427798,49.8391829,0],[38.0488738,49.8389891,0],[38.0523928,49.8380481,0],[38.0546244,49.8372454,0],[38.0696877,49.8359998,0],[38.0757817,49.836415,0],[38.0813178,49.8389338,0],[38.0927332,49.8446074,0],[38.0950936,49.8460188,0],[38.0694302,49.8644183,0],[38.0559977,49.8772523,0],[38.0544098,49.8782479,0],[38.0549248,49.8787733,0],[38.0435093,49.8904699,0],[38.0342825,49.9006987,0],[38.0280188,49.9043149,0],[38.021839,49.9103401,0],[38.0238131,49.9153697,0],[38.022354,49.9176909,0],[38.0244139,49.9180778,0],[38.0241565,49.9199567,0],[38.023899,49.9227198,0],[38.0221823,49.9239907,0],[38.0209807,49.9259247,0],[38.0433825,49.9329417,0],[38.011711,49.9626007,0],[38.0045976,49.9671955,0],[37.9993514,49.9636497,0],[37.9802218,49.9764696,0],[37.9658024,49.9795607,0],[37.9433898,50.0095095,0],[37.9404715,50.0151355,0],[37.9356416,50.0187691,0],[37.9271036,50.0323837,0],[37.9228555,50.0367122,0],[37.9179841,50.0390418,0],[37.9082094,50.0440927,0],[37.9030563,50.0468153,0],[37.895531,50.0493434,0],[37.8898934,50.05132,0],[37.8764607,50.0530937,0],[37.8701526,50.0538269,0],[37.8628137,50.0546943,0],[37.8597884,50.0560097,0],[37.8245887,50.0682647,0],[37.7980547,50.0842953,0],[37.79033,50.0834692,0],[37.7559119,50.0785673,0],[37.7539812,50.0802749,0],[37.7495611,50.0853418,0],[37.7485313,50.087875,0],[37.7438283,50.0941609,0],[37.7333832,50.1029337,0],[37.7260228,50.1069663,0],[37.7068597,50.1280868,0],[37.7088445,50.1338502,0],[37.7010939,50.134132,0],[37.6997286,50.1350705,0],[37.6947973,50.1401333,0],[37.6946288,50.140438,0],[37.6917738,50.1415847,0],[37.6911288,50.1425525,0],[37.6872528,50.1433982,0],[37.6859965,50.144088,0],[37.684561,50.1457686,0],[37.6780319,50.1487452,0],[37.6741861,50.1500218,0],[37.674035,50.1503423,0],[37.6740771,50.1507315,0],[37.6738567,50.150903,0],[37.673486,50.1509988,0],[37.6722834,50.1510256,0],[37.6717352,50.1511073,0],[37.6711763,50.1512853,0],[37.6707537,50.1517771,0],[37.6692113,50.1524789,0],[37.6684008,50.1527277,0],[37.6681531,50.1531976,0],[37.6683659,50.1537663,0],[37.6678258,50.1542775,0],[37.6679402,50.1547818,0],[37.6668261,50.1551556,0],[37.6667519,50.1553802,0],[37.6670635,50.1556507,0],[37.6670961,50.1557974,0],[37.6657211,50.1569744,0],[37.6656705,50.1578662,0],[37.6653707,50.1582167,0],[37.6648935,50.1585603,0],[37.6648052,50.158739,0],[37.6638585,50.1593473,0],[37.6633701,50.1593324,0],[37.662581,50.1597312,0],[37.6624729,50.1599879,0],[37.6622352,50.160199,0],[37.6616955,50.1604148,0],[37.6614744,50.1609015,0],[37.6611824,50.1610776,0],[37.6562532,50.1646789,0],[37.6547002,50.1660573,0],[37.6542912,50.1662228,0],[37.6542469,50.166409,0],[37.6543647,50.166696,0],[37.6548257,50.1672192,0],[37.6540746,50.168186,0],[37.6527656,50.1689605,0],[37.6527653,50.170301,0],[37.6520785,50.1704374,0],[37.6514884,50.1708148,0],[37.6500238,50.170708,0],[37.6496671,50.1711769,0],[37.6497784,50.1721535,0],[37.6490722,50.1727723,0],[37.6484295,50.1730817,0],[37.6473464,50.173044,0],[37.6465798,50.1733516,0],[37.6467515,50.174506,0],[37.6442195,50.1741762,0],[37.6416446,50.1751931,0],[37.6401425,50.17621,0],[37.6402283,50.1775842,0],[37.6394559,50.1782713,0],[37.6391555,50.1790408,0],[37.6389088,50.1817986,0],[37.6399709,50.1843996,0],[37.6414143,50.1868913,0],[37.642417,50.1896204,0],[37.6441336,50.191269,0],[37.636838,50.1972034,0],[37.6345744,50.1999327,0],[37.6330294,50.1987789,0],[37.6332869,50.1962515,0],[37.6264634,50.1929546,0],[37.6171937,50.1893828,0],[37.612265,50.1867532,0],[37.6125104,50.1806438,0],[37.6182486,50.1804701,0],[37.6307978,50.1810841,0],[37.6341462,50.1778723,0],[37.6330488,50.1770614,0],[37.6257211,50.1677323,0],[37.6155345,50.1656102,0],[37.6142748,50.1644776,0],[37.608489,50.16092,0],[37.6051928,50.1591767,0],[37.6033045,50.1523302,0],[37.5938519,50.148674,0],[37.5829514,50.146859,0],[37.5894746,50.1403958,0],[37.5951089,50.137009,0],[37.5909032,50.1341482,0],[37.5940789,50.1302969,0],[37.5908174,50.1293065,0],[37.5915898,50.1275457,0],[37.5951947,50.1234737,0],[37.5963105,50.1202819,0],[37.5954522,50.1190162,0],[37.5969113,50.1176403,0],[37.6003446,50.1168698,0],[37.602662,50.1157691,0],[37.6036061,50.1147784,0],[37.6058377,50.1138977,0],[37.6105584,50.1138427,0],[37.6147057,50.1146007,0],[37.619914,50.1146132,0],[37.625493,50.1136776,0],[37.6303169,50.1144451,0],[37.6451258,50.1134138,0],[37.6502144,50.1000076,0],[37.6527034,50.0906472,0],[37.6513302,50.0893806,0],[37.6511585,50.0877285,0],[37.6533043,50.0866271,0],[37.6577508,50.0871025,0],[37.6604115,50.0844039,0],[37.6620423,50.0800529,0],[37.6639306,50.0781251,0],[37.6654755,50.0749303,0],[37.6647889,50.0717903,0],[37.664594,50.0675321,0],[37.667662,50.0630631,0],[37.6714385,50.0616306,0],[37.678305,50.0616857,0],[37.6870796,50.0574662,0],[37.6940243,50.0554551,0],[37.7148887,50.0521758,0],[37.7168094,50.0472496,0],[37.723122,50.0379017,0],[37.7234224,50.033133,0],[37.7246669,50.0330503,0],[37.7239802,50.0265166,0],[37.7390865,50.0265993,0],[37.753156,50.0239657,0],[37.7526839,50.0179546,0],[37.7517398,50.0172377,0],[37.7513535,50.0163001,0],[37.7522977,50.0156107,0],[37.7545722,50.0156107,0],[37.7630993,50.0111285,0],[37.7601811,50.0058882,0],[37.7619835,50.0020817,0],[37.7665325,49.9981646,0],[37.7609448,49.9944263,0],[37.7540783,49.9934607,0],[37.7475981,49.9942332,0],[37.7469544,49.9929641,0],[37.7465681,49.991088,0],[37.7470402,49.9892118,0],[37.7521594,49.9858128,0],[37.7520736,49.9825015,0],[37.7508719,49.9810113,0],[37.7452929,49.97781,0],[37.7434905,49.9765405,0],[37.7358111,49.9743071,0],[37.7098687,49.9737439,0],[37.7093323,49.9677654,0],[37.7106627,49.9665232,0],[37.718308,49.9613787,0],[37.7206303,49.9548534,0],[37.7301625,49.9498321,0],[37.732887,49.9374679,0],[37.7491949,49.9323853,0],[37.7417754,49.9176876,0],[37.7423319,49.9075204,0],[37.7353129,49.9017168,0],[37.7025489,49.9056969,0],[37.6976153,49.9056067,0],[37.6958128,49.8944943,0],[37.691038,49.8935111,0],[37.6829566,49.8931726,0],[37.6798667,49.8918456,0],[37.6738585,49.8923985,0],[37.6696528,49.8923432,0],[37.6663912,49.8919562,0],[37.6570735,49.893687,0],[37.6505504,49.8965345,0],[37.6460228,49.8908116,0],[37.6450862,49.8906784,0],[37.6383328,49.8899137,0],[37.6352429,49.8867893,0],[37.6355003,49.8813972,0],[37.6420549,49.8791891,0],[37.6424305,49.8756216,0],[37.6361619,49.8683718,0],[37.6293583,49.8560322,0],[37.6339414,49.8517089,0],[37.6332717,49.8499066,0],[37.6358108,49.8406146,0],[37.6353773,49.8364879,0],[37.6349011,49.8349908,0],[37.6436637,49.8290558,0],[37.632365,49.8243516,0],[37.612459,49.8262233,0],[37.6097553,49.8224026,0],[37.5996273,49.8224303,0],[37.5985974,49.8191354,0],[37.6020129,49.8112361,0],[37.6009686,49.8101391,0],[37.6009542,49.8087651,0],[37.6041584,49.8083547,0],[37.6192477,49.8093039,0],[37.6259256,49.8078157,0],[37.6261956,49.8055892,0],[37.6275323,49.8031465,0],[37.6293836,49.7981555,0],[37.6265641,49.7916631,0],[37.6230948,49.7906885,0],[37.614347,49.7915421,0],[37.6117975,49.7913,0],[37.6105356,49.7908916,0],[37.6091277,49.787609,0],[37.6083891,49.7813489,0],[37.6064916,49.7802426,0],[37.605667,49.7775569,0],[37.604606,49.7756055,0],[37.5887909,49.7760352,0],[37.5848133,49.7748783,0],[37.5812216,49.7741646,0],[37.5830509,49.7710742,0],[37.5839629,49.7681638,0],[37.5918228,49.7667502,0],[37.6001205,49.7669997,0],[37.6001295,49.7574296,0],[37.602447,49.7525221,0],[37.6030933,49.7510517,0],[37.600699,49.7434823,0],[37.6006561,49.7425117,0],[37.6023727,49.7405981,0],[37.6000997,49.7387622,0],[37.598941,49.7375003,0],[37.6003357,49.7360164,0],[37.6039719,49.7345491,0],[37.6054412,49.7338166,0],[37.6087042,49.7340054,0],[37.6106532,49.7324323,0],[37.611018,49.7313921,0],[37.6108464,49.7305461,0],[37.614301,49.7299219,0],[37.6214819,49.7305195,0],[37.6223406,49.7302728,0],[37.626115,49.7303123,0],[37.6258123,49.7284793,0],[37.6226107,49.7273653,0],[37.6214283,49.7265274,0],[37.6218983,49.7255092,0],[37.621542,49.7245048,0],[37.6217007,49.7232784,0],[37.6217311,49.7210355,0],[37.6174915,49.7208178,0],[37.6153824,49.7226026,0],[37.6133591,49.7228891,0],[37.613175,49.7207155,0],[37.613279,49.7203565,0],[37.6113938,49.7202478,0],[37.6108605,49.7194939,0],[37.6108024,49.7194428,0],[37.6108579,49.7192503,0],[37.611198,49.7184872,0],[37.6112849,49.7175489,0],[37.6117343,49.7165516,0],[37.6134914,49.7168331,0],[37.6150581,49.7138071,0],[37.6170002,49.7142504,0],[37.6166678,49.717746,0],[37.6195827,49.7177403,0],[37.6218228,49.7174126,0],[37.6264661,49.717954,0],[37.6284402,49.7179609,0]]]},"properties":{"name":"Russian-controlled Kupyansk Raion, Kharkiv Oblast.","styleUrl":"#poly-A52714-1200-110-nodesc","fill-opacity":0.43137254901960786,"fill":"#a52714","stroke-opacity":1,"stroke":"#a52714","stroke-width":1.2}},{"type":"Feature","geometry":{"type":"Polygon","coordinates":[[[35.4622599,50.6858492,0],[35.4614755,50.6866646,0],[35.4597853,50.6883013,0],[35.4600595,50.6896435,0],[35.4612267,50.6911302,0],[35.4620935,50.6915837,0],[35.4633208,50.6931352,0],[35.4635632,50.6941934,0],[35.4631073,50.6949274,0],[35.4614111,50.6959217,0],[35.4607245,50.6962615,0],[35.4606715,50.6966303,0],[35.4601972,50.6971395,0],[35.4604998,50.6982613,0],[35.4604998,50.6991855,0],[35.4612723,50.7002456,0],[35.4619539,50.7014377,0],[35.4617873,50.7028822,0],[35.4598404,50.7040878,0],[35.4596415,50.7047304,0],[35.459996,50.7060447,0],[35.461321,50.7063708,0],[35.4619111,50.7077331,0],[35.4624582,50.7077909,0],[35.4626192,50.7083243,0],[35.46587,50.7082597,0],[35.4672432,50.7113237,0],[35.4671788,50.7165784,0],[35.4680694,50.717684,0],[35.4691316,50.7182462,0],[35.4695498,50.7187012,0],[35.469716,50.7195808,0],[35.4706574,50.7204825,0],[35.4719583,50.7222194,0],[35.4722158,50.7228986,0],[35.472334,50.7234932,0],[35.4732944,50.7255002,0],[35.4638101,50.735062,0],[35.4665995,50.7363523,0],[35.4717064,50.737235,0],[35.4714919,50.7377782,0],[35.4736269,50.7406705,0],[35.4723047,50.7423412,0],[35.4709367,50.7436408,0],[35.4696412,50.744296,0],[35.4696144,50.7462512,0],[35.4702876,50.7471202,0],[35.4709607,50.7472288,0],[35.4717627,50.7479077,0],[35.4722644,50.7488581,0],[35.4741418,50.7504194,0],[35.47544,50.7507995,0],[35.47647,50.7522317,0],[35.4765129,50.7531515,0],[35.4765213,50.7547008,0],[35.481199,50.759289,0],[35.4849756,50.7684096,0],[35.4912412,50.7762802,0],[35.4905546,50.7779084,0],[35.4873788,50.7782883,0],[35.4851472,50.7799164,0],[35.4839456,50.7817616,0],[35.4807699,50.7842036,0],[35.4781091,50.7853975,0],[35.4742467,50.7855603,0],[35.4719293,50.7850176,0],[35.4703851,50.7818865,0],[35.4688401,50.779987,0],[35.4681534,50.7790374,0],[35.4753205,50.7739897,0],[35.4733891,50.7683446,0],[35.4716296,50.7612871,0],[35.4668231,50.760717,0],[35.4624457,50.7601198,0],[35.4625315,50.7595497,0],[35.462832,50.7584095,0],[35.4617652,50.7547079,0],[35.4615291,50.7538391,0],[35.4616579,50.7527938,0],[35.4652666,50.7476909,0],[35.463507,50.7442693,0],[35.4592038,50.7439045,0],[35.4549122,50.7430084,0],[35.4508008,50.7312762,0],[35.4397784,50.7225675,0],[35.4354439,50.7199593,0],[35.4322834,50.7192992,0],[35.4312687,50.7191825,0],[35.4306194,50.7143277,0],[35.4306141,50.7121897,0],[35.4291448,50.7079133,0],[35.4268274,50.702926,0],[35.4306362,50.6950973,0],[35.4357967,50.6920392,0],[35.4408777,50.6907749,0],[35.4435858,50.6894972,0],[35.4445299,50.6886679,0],[35.4443328,50.6857913,0],[35.4431312,50.6822564,0],[35.4385392,50.6788845,0],[35.4359643,50.6746149,0],[35.4348485,50.6690392,0],[35.4254501,50.6671624,0],[35.4226606,50.6671352,0],[35.4213302,50.6663192,0],[35.4178111,50.6652311,0],[35.4156654,50.6645239,0],[35.4160516,50.6634086,0],[35.4197423,50.6580493,0],[35.4200427,50.6559816,0],[35.4168774,50.6516913,0],[35.4367043,50.650494,0],[35.4460599,50.6543577,0],[35.4560162,50.6601255,0],[35.4673459,50.661649,0],[35.479963,50.6548475,0],[35.4888894,50.651528,0],[35.49464,50.6550652,0],[35.4954983,50.6587109,0],[35.4924084,50.6624651,0],[35.4930951,50.6657294,0],[35.497215,50.673998,0],[35.5003907,50.6766632,0],[35.5010773,50.6791107,0],[35.4989316,50.6820475,0],[35.4970433,50.682537,0],[35.4899518,50.6830994,0],[35.4864861,50.6830808,0],[35.4827954,50.6836246,0],[35.4797913,50.6836246,0],[35.4761864,50.6838966,0],[35.473354,50.6835159,0],[35.4699208,50.6836246,0],[35.4622599,50.6858492,0]]]},"properties":{"name":"Russian-controlled Sumy Raion, Sumy Oblast.","styleUrl":"#poly-A52714-1200-112-nodesc","fill-opacity":0.4392156862745098,"fill":"#a52714","stroke-opacity":1,"stroke":"#a52714","stroke-width":1.2}},{"type":"Feature","geometry":{"type":"Polygon","coordinates":[[[36.5913333,48.0823332,0],[36.5934791,48.0823619,0],[36.5946807,48.0825339,0],[36.5958394,48.0829926,0],[36.5972127,48.0835373,0],[36.5983285,48.083996,0],[36.5991868,48.0843974,0],[36.6001739,48.0847128,0],[36.6013326,48.0847414,0],[36.6038217,48.0855155,0],[36.6044225,48.0857735,0],[36.6045513,48.0864329,0],[36.6043367,48.0869775,0],[36.6015472,48.0880956,0],[36.600131,48.0886116,0],[36.5997877,48.0892422,0],[36.6003885,48.0901022,0],[36.6023602,48.0911031,0],[36.6041789,48.0909129,0],[36.6060962,48.0903889,0],[36.6104123,48.0897297,0],[36.6115454,48.0873653,0],[36.6118658,48.0871314,0],[36.6174021,48.0865265,0],[36.6180267,48.0855155,0],[36.6184324,48.0849727,0],[36.6199579,48.0841394,0],[36.620902,48.083953,0],[36.6213955,48.0836807,0],[36.6212668,48.0826342,0],[36.6228332,48.0822759,0],[36.6240245,48.0826082,0],[36.6252364,48.0848131,0],[36.6255052,48.0852458,0],[36.6274895,48.0859598,0],[36.6285624,48.0855728,0],[36.6286697,48.0851715,0],[36.6294749,48.0837264,0],[36.6301617,48.0834255,0],[36.6319212,48.0840921,0],[36.6331013,48.0856008,0],[36.6328329,48.0865843,0],[36.6320665,48.0868443,0],[36.6304846,48.0868175,0],[36.6285654,48.0864487,0],[36.6280315,48.0870011,0],[36.6291194,48.0891117,0],[36.6312661,48.0892996,0],[36.6331329,48.0885542,0],[36.6344847,48.0879522,0],[36.6358262,48.0876251,0],[36.6369658,48.087979,0],[36.637762,48.0893076,0],[36.6388897,48.0895849,0],[36.6415528,48.0889068,0],[36.6425565,48.0877268,0],[36.6439893,48.0871774,0],[36.6449582,48.0887138,0],[36.6469962,48.0894415,0],[36.6481449,48.0893338,0],[36.6493364,48.0880221,0],[36.6512089,48.0877247,0],[36.65148,48.0885682,0],[36.6502334,48.0921881,0],[36.6502877,48.0924092,0],[36.6487876,48.0933257,0],[36.6473324,48.0937361,0],[36.6461971,48.0939412,0],[36.6457708,48.0938188,0],[36.6453015,48.0937823,0],[36.644642,48.0938958,0],[36.6444386,48.093492,0],[36.6444611,48.0929998,0],[36.6439578,48.0927333,0],[36.6435833,48.0930115,0],[36.6428869,48.092874,0],[36.6424983,48.0929758,0],[36.6421954,48.0927336,0],[36.6421906,48.0921345,0],[36.6417088,48.0919899,0],[36.6415966,48.0916165,0],[36.6414201,48.0914869,0],[36.6407345,48.0916862,0],[36.6398772,48.0916562,0],[36.6394222,48.0917552,0],[36.6389243,48.0923128,0],[36.6381431,48.0928834,0],[36.6372116,48.0934612,0],[36.6362372,48.093867,0],[36.636207,48.0944305,0],[36.6372004,48.0952569,0],[36.6380865,48.0956533,0],[36.6387198,48.0956879,0],[36.6394389,48.0953786,0],[36.6406196,48.0951038,0],[36.6416501,48.095216,0],[36.6423801,48.0953569,0],[36.6428471,48.0957175,0],[36.6437003,48.0966514,0],[36.6444197,48.0968854,0],[36.6462763,48.0961591,0],[36.6474407,48.0958103,0],[36.6485356,48.0954957,0],[36.6502577,48.095344,0],[36.6504403,48.0959291,0],[36.6500017,48.0978037,0],[36.6473338,48.0982193,0],[36.6447302,48.0991794,0],[36.6430255,48.0996022,0],[36.6295071,48.0966215,0],[36.6251298,48.0948444,0],[36.6224261,48.0943284,0],[36.6157301,48.0956312,0],[36.6138466,48.0962157,0],[36.6152628,48.1018046,0],[36.6137607,48.1022918,0],[36.6107996,48.1022631,0],[36.6084392,48.1011168,0],[36.6054781,48.1004003,0],[36.6039331,48.0996838,0],[36.602598,48.0976377,0],[36.595474,48.0937395,0],[36.5843163,48.0926642,0],[36.5913333,48.0823332,0]]]},"properties":{"name":"Russian-controlled Synelnykove Raion, Dnipropetrovsk Oblast.","styleUrl":"#poly-A52714-1200-120-nodesc","fill-opacity":0.47058823529411764,"fill":"#a52714","stroke-opacity":1,"stroke":"#a52714","stroke-width":1.2}},{"type":"Feature","geometry":{"type":"Polygon","coordinates":[[[36.5292789,51.1377908,0],[36.5153421,51.1973277,0],[36.3807595,51.3914038,0],[36.0923684,51.5607614,0],[35.7710183,51.659689,0],[35.4167092,51.8925074,0],[34.872294,52.2013228,0],[34.8091226,52.187433,0],[34.7596841,52.1895378,0],[34.7596841,52.197956,0],[34.7699838,52.2013228,0],[34.7569375,52.2126839,0],[34.728785,52.2143668,0],[34.6951394,52.1996394,0],[34.6841531,52.1840651,0],[34.6910195,52.1579554,0],[34.7239785,52.1524788,0],[34.7315316,52.1360451,0],[34.7212319,52.1255075,0],[34.7500711,52.1132807,0],[34.7445779,52.0871295,0],[34.6923928,52.0601186,0],[34.6573739,52.0664507,0],[34.6271615,52.0525188,0],[34.6189218,52.0394273,0],[34.577723,52.0377378,0],[34.5852761,52.051252,0],[34.5413308,52.0770023,0],[34.4651132,52.0237969,0],[34.4259744,52.0115423,0],[34.4040017,51.9937882,0],[34.3998818,51.9667208,0],[34.3682962,51.9430234,0],[34.3422036,51.9459863,0],[34.3339639,51.9341337,0],[34.4156747,51.9091483,0],[34.4520669,51.9193136,0],[34.4424539,51.8955911,0],[34.384725,51.877689,0],[34.3909555,51.8540468,0],[34.4022344,51.8369766,0],[34.4162756,51.8284864,0],[34.4197439,51.811725,0],[34.4175635,51.8001822,0],[34.4096671,51.7886096,0],[34.4162539,51.7813371,0],[34.4295798,51.7778838,0],[34.4398795,51.7637558,0],[34.4454352,51.7497052,0],[34.4419162,51.7351432,0],[34.4343863,51.728576,0],[34.428054,51.7275682,0],[34.4261465,51.7223024,0],[34.412242,51.7191121,0],[34.4013185,51.71449,0],[34.3939372,51.7157256,0],[34.3859778,51.7152834,0],[34.3789397,51.7140071,0],[34.3726298,51.7118593,0],[34.3653784,51.7103907,0],[34.3545638,51.7110289,0],[34.3490706,51.712199,0],[34.3491887,51.715001,0],[34.348089,51.7154181,0],[34.3465521,51.7149088,0],[34.3446719,51.7146654,0],[34.3405306,51.7136749,0],[34.3376551,51.7140337,0],[34.3351717,51.7136084,0],[34.3339728,51.7146588,0],[34.3315722,51.7152305,0],[34.3280584,51.7154431,0],[34.3272872,51.7156093,0],[34.326044,51.7155627,0],[34.3233858,51.7157886,0],[34.3226134,51.7158725,0],[34.3218409,51.7155576,0],[34.320532,51.7162041,0],[34.3193733,51.716008,0],[34.3180858,51.7164135,0],[34.3166266,51.7164799,0],[34.3153659,51.7166321,0],[34.3148776,51.7175021,0],[34.3136435,51.7181787,0],[34.3132492,51.7186669,0],[34.3125973,51.7191551,0],[34.3123236,51.7198124,0],[34.3105744,51.7197978,0],[34.3094794,51.7203799,0],[34.307526,51.719739,0],[34.3070245,51.7192203,0],[34.3060079,51.7188346,0],[34.303374,51.7162019,0],[34.3027411,51.7154033,0],[34.3032778,51.7150291,0],[34.302978,51.7143339,0],[34.3016051,51.7141059,0],[34.3016913,51.7130271,0],[34.3004046,51.7120926,0],[34.2996198,51.7121608,0],[34.298835,51.71191,0],[34.2990678,51.7114083,0],[34.2974737,51.7096603,0],[34.2977281,51.7090389,0],[34.2975978,51.7081432,0],[34.2971243,51.707992,0],[34.2960024,51.7073343,0],[34.2944038,51.7071551,0],[34.2905307,51.7050609,0],[34.2868616,51.7050476,0],[34.2857462,51.7046752,0],[34.2860477,51.7028667,0],[34.2714796,51.7019869,0],[34.2578073,51.6994645,0],[34.2498685,51.6998893,0],[34.2366092,51.6959511,0],[34.2313742,51.6956855,0],[34.2269969,51.6988244,0],[34.2210112,51.6996463,0],[34.2132864,51.7003911,0],[34.2107115,51.6973056,0],[34.2042511,51.6930261,0],[34.1997252,51.6919854,0],[34.1899405,51.6934751,0],[34.1842524,51.6916948,0],[34.1789542,51.690602,0],[34.174491,51.688048,0],[34.1698329,51.6864804,0],[34.1605864,51.6840039,0],[34.1497717,51.6836846,0],[34.1411887,51.6840039,0],[34.1353522,51.6842167,0],[34.1228209,51.6817688,0],[34.1145811,51.6790014,0],[34.1068564,51.6767661,0],[34.1032515,51.6730403,0],[34.1051398,51.6698465,0],[34.1068564,51.6664396,0],[34.1077147,51.6627129,0],[34.108573,51.658773,0],[34.1113196,51.6547262,0],[34.1157596,51.6532639,0],[34.1340418,51.6516673,0],[34.1339557,51.6463408,0],[34.1508017,51.6455664,0],[34.1657362,51.6470577,0],[34.1722594,51.6446077,0],[34.1758301,51.6343159,0],[34.1796067,51.6299473,0],[34.1866448,51.6246191,0],[34.1869881,51.6158796,0],[34.1914623,51.6023274,0],[34.2178872,51.6041532,0],[34.2364266,51.5897043,0],[34.2503312,51.5820247,0],[34.2535069,51.5793579,0],[34.259515,51.5735437,0],[34.2631199,51.5642075,0],[34.266124,51.5572173,0],[34.2693856,51.5508666,0],[34.2663815,51.5455292,0],[34.2642357,51.5429136,0],[34.2630341,51.5391768,0],[34.2654374,51.5381091,0],[34.2705872,51.5374151,0],[34.2753937,51.5366143,0],[34.2802002,51.5370414,0],[34.2848351,51.5377354,0],[34.2968514,51.5366677,0],[34.3014004,51.5281782,0],[34.303632,51.5265228,0],[34.3093827,51.5251344,0],[34.311271,51.5221972,0],[34.3128159,51.5184588,0],[34.3129876,51.5157348,0],[34.3080952,51.5124231,0],[34.2999413,51.5052113,0],[34.3023446,51.4966091,0],[34.3028256,51.4944847,0],[34.3001988,51.4908913,0],[34.2955639,51.4871502,0],[34.2956476,51.4845427,0],[34.2949609,51.4814426,0],[34.2930727,51.4789837,0],[34.288352,51.4759366,0],[34.2850904,51.473424,0],[34.2819147,51.4723547,0],[34.2786531,51.4728893,0],[34.2744474,51.4736913,0],[34.2701559,51.4718201,0],[34.2673235,51.4681309,0],[34.2623453,51.4649227,0],[34.2606287,51.4621955,0],[34.2581396,51.4595217,0],[34.2529039,51.4564733,0],[34.2488699,51.4541736,0],[34.249299,51.4512853,0],[34.2547064,51.4484504,0],[34.2562513,51.4456687,0],[34.2600279,51.442138,0],[34.2581396,51.4389279,0],[34.2523031,51.4360387,0],[34.2517881,51.4335774,0],[34.2517881,51.4295105,0],[34.2480116,51.4283332,0],[34.2399435,51.4283332,0],[34.2337637,51.4282262,0],[34.2296438,51.4261926,0],[34.2299871,51.4224462,0],[34.2296438,51.4180572,0],[34.2306738,51.4128113,0],[34.2305021,51.4055302,0],[34.2305381,51.4009007,0],[34.2359953,51.4016751,0],[34.2416601,51.4030672,0],[34.2474966,51.4037098,0],[34.2547064,51.4014609,0],[34.2584993,51.3990802,0],[34.2641477,51.3961059,0],[34.2682676,51.3929998,0],[34.2742758,51.3916073,0],[34.287837,51.3909646,0],[34.2952184,51.390429,0],[34.3060331,51.3897863,0],[34.3328123,51.3832515,0],[34.3400221,51.3772515,0],[34.3456869,51.3729654,0],[34.3462019,51.3692146,0],[34.3479185,51.3673927,0],[34.3534116,51.3649277,0],[34.3570165,51.3610691,0],[34.3556432,51.3567814,0],[34.3499784,51.3550663,0],[34.3436269,51.3524934,0],[34.3396787,51.3489554,0],[34.331954,51.3427365,0],[34.3280058,51.3397339,0],[34.3245725,51.3332992,0],[34.3211393,51.3268637,0],[34.3183927,51.3188179,0],[34.3173628,51.3086246,0],[34.3017416,51.2945112,0],[34.2948751,51.292901,0],[34.2866291,51.2883104,0],[34.277194,51.2871039,0],[34.2730461,51.2837403,0],[34.2715652,51.2790763,0],[34.2694204,51.2768885,0],[34.260457,51.2734135,0],[34.2566986,51.2735147,0],[34.25568,51.2709312,0],[34.2491998,51.2686624,0],[34.246818,51.2689309,0],[34.2459596,51.2687027,0],[34.2445864,51.268743,0],[34.2431702,51.2682059,0],[34.2430414,51.2674004,0],[34.2437066,51.2644198,0],[34.2495565,51.263962,0],[34.2552888,51.2633989,0],[34.2561497,51.2623501,0],[34.2560906,51.2603459,0],[34.2607086,51.2574536,0],[34.2704352,51.2589561,0],[34.2728599,51.2596007,0],[34.2751341,51.2594504,0],[34.2857872,51.2634894,0],[34.2897354,51.2644293,0],[34.2962156,51.2650738,0],[34.3096057,51.2624438,0],[34.3439703,51.2491364,0],[34.3634538,51.2615451,0],[34.3666309,51.2640256,0],[34.3755044,51.2689984,0],[34.3791092,51.2706059,0],[34.3808775,51.2719905,0],[34.3837228,51.2737856,0],[34.4007283,51.2710441,0],[34.4037472,51.2695196,0],[34.4080749,51.2680353,0],[34.4108579,51.2672419,0],[34.4115742,51.266774,0],[34.412552,51.2660593,0],[34.4133879,51.265709,0],[34.4146128,51.2655405,0],[34.4128766,51.2630088,0],[34.4222825,51.2618834,0],[34.4317741,51.2621268,0],[34.4412092,51.2625901,0],[34.4476049,51.2634097,0],[34.4685934,51.2544132,0],[34.4691074,51.2527479,0],[34.4774323,51.2498469,0],[34.482581,51.2493093,0],[34.4862596,51.250157,0],[34.5147444,51.2521843,0],[34.5178573,51.2579312,0],[34.5285849,51.2575412,0],[34.538683,51.2606975,0],[34.5479826,51.2620531,0],[34.55133,51.2561446,0],[34.570237,51.2594258,0],[34.5775084,51.2431972,0],[34.5964769,51.2484089,0],[34.5979361,51.2521157,0],[34.6003393,51.255124,0],[34.60403,51.2557149,0],[34.6102229,51.2570718,0],[34.6197371,51.2575412,0],[34.6296076,51.2551777,0],[34.6435122,51.2524381,0],[34.6475462,51.2514174,0],[34.6529535,51.2517397,0],[34.6589617,51.2522232,0],[34.664369,51.251686,0],[34.6711496,51.2495908,0],[34.6739821,51.247603,0],[34.6763853,51.2430897,0],[34.6743886,51.2328865,0],[34.6735303,51.2303067,0],[34.6725862,51.2270281,0],[34.6741311,51.2129971,0],[34.6785085,51.2047701,0],[34.6822851,51.199177,0],[34.6935289,51.1855679,0],[34.7087638,51.1763674,0],[34.7225826,51.1873702,0],[34.7306507,51.1824475,0],[34.7314418,51.1829003,0],[34.73677,51.1792269,0],[34.7392882,51.1797997,0],[34.7417228,51.1791789,0],[34.7470014,51.1800936,0],[34.7492759,51.1798515,0],[34.7534139,51.1805898,0],[34.7553477,51.1801508,0],[34.7557138,51.1794469,0],[34.7567861,51.1792865,0],[34.7572971,51.1785692,0],[34.7581904,51.1783063,0],[34.7585941,51.1775829,0],[34.7593967,51.1771135,0],[34.7604417,51.1771479,0],[34.762408,51.1763271,0],[34.7686923,51.1752329,0],[34.7698041,51.1747423,0],[34.7722116,51.1747243,0],[34.7737588,51.1752264,0],[34.7745325,51.175908,0],[34.7762498,51.1762219,0],[34.7775809,51.1768319,0],[34.7788466,51.1770604,0],[34.7793616,51.1773159,0],[34.7795741,51.1782104,0],[34.7807456,51.1813513,0],[34.7844045,51.1848756,0],[34.7860115,51.1837253,0],[34.7896626,51.1824411,0],[34.7901024,51.1803631,0],[34.7937549,51.1785421,0],[34.7946805,51.1784817,0],[34.7983139,51.1758858,0],[34.8005216,51.1756325,0],[34.802355,51.1756403,0],[34.8032873,51.1760248,0],[34.8085596,51.1763582,0],[34.8093834,51.175399,0],[34.8087653,51.1738969,0],[34.8091427,51.1724462,0],[34.8137944,51.1715593,0],[34.8144639,51.1706379,0],[34.8160775,51.1692321,0],[34.8349002,51.1693329,0],[34.8349143,51.1780738,0],[34.8335974,51.1802502,0],[34.8335748,51.1830663,0],[34.8363643,51.1830932,0],[34.8460095,51.1888295,0],[34.8474662,51.1886209,0],[34.8458873,51.1912737,0],[34.8621093,51.199046,0],[34.8637401,51.1982393,0],[34.8724519,51.1919461,0],[34.8766189,51.1911761,0],[34.8770552,51.1919733,0],[34.883043,51.1950946,0],[34.8985639,51.1933635,0],[34.9000188,51.194941,0],[34.9007034,51.1960256,0],[34.9016141,51.1969303,0],[34.9032664,51.1975084,0],[34.9043822,51.1982076,0],[34.9050045,51.1988665,0],[34.9050586,51.2002123,0],[34.9053263,51.2016094,0],[34.9041676,51.2019724,0],[34.9040817,51.2025369,0],[34.9038458,51.2030479,0],[34.9049401,51.2041235,0],[34.907279,51.2048764,0],[34.9081158,51.2054813,0],[34.9089741,51.2052394,0],[34.9100899,51.2056023,0],[34.9106049,51.2060594,0],[34.9121499,51.2067719,0],[34.913845,51.2062208,0],[34.9193168,51.2059453,0],[34.9217527,51.2056708,0],[34.9250572,51.2052137,0],[34.9301314,51.2057637,0],[34.9332969,51.2070421,0],[34.93497,51.2078945,0],[34.9380063,51.2098503,0],[34.9379849,51.2103612,0],[34.939348,51.2112093,0],[34.9395728,51.2124851,0],[34.9391571,51.214671,0],[34.9397583,51.2173995,0],[34.9402944,51.2181251,0],[34.9413564,51.2182258,0],[34.9424883,51.2187868,0],[34.9451572,51.2189867,0],[34.9460626,51.2187641,0],[34.9470733,51.219056,0],[34.951441,51.2189601,0],[34.9520372,51.2195035,0],[34.9528074,51.2198021,0],[34.9527204,51.2211877,0],[34.9521619,51.221827,0],[34.9523976,51.2221198,0],[34.9518025,51.2234405,0],[34.9508577,51.2240326,0],[34.9505866,51.2247546,0],[34.9501078,51.2250349,0],[34.9498683,51.2257395,0],[34.9501419,51.2265905,0],[34.9509159,51.2274786,0],[34.9525896,51.2275793,0],[34.9531261,51.2281672,0],[34.9541431,51.2284669,0],[34.9553877,51.2283325,0],[34.956718,51.2280638,0],[34.9582803,51.2289451,0],[34.9590803,51.2290658,0],[34.9637562,51.2306168,0],[34.9656542,51.2316745,0],[34.9685295,51.2319163,0],[34.9716623,51.2327225,0],[34.9720486,51.2330718,0],[34.9737652,51.2333136,0],[34.9776607,51.2341639,0],[34.9801167,51.2355977,0],[34.9805458,51.234496,0],[34.9826487,51.2336898,0],[34.9824341,51.2330449,0],[34.981962,51.2323731,0],[34.9823054,51.2318894,0],[34.9844082,51.2315132,0],[34.9871021,51.2310468,0],[34.991146,51.2292827,0],[34.9946651,51.228799,0],[34.9972829,51.2293365,0],[35.0001907,51.2294541,0],[35.0056976,51.2321488,0],[35.0096219,51.2317749,0],[35.0125938,51.2308855,0],[35.0137506,51.2280384,0],[35.0172287,51.2261557,0],[35.0221093,51.2225625,0],[35.0226438,51.2209061,0],[35.028366,51.2193143,0],[35.0310745,51.2197871,0],[35.0380696,51.2177441,0],[35.0387639,51.2042875,0],[35.043163,51.2055837,0],[35.0450084,51.2072776,0],[35.0469395,51.2079229,0],[35.047712,51.2086219,0],[35.050759,51.209079,0],[35.0526768,51.2093284,0],[35.0526044,51.2103695,0],[35.0544068,51.2107727,0],[35.0554233,51.2113179,0],[35.0575826,51.21373,0],[35.0599425,51.2145387,0],[35.0614315,51.2156192,0],[35.0628611,51.2165795,0],[35.0628182,51.217574,0],[35.0641781,51.2185223,0],[35.0611445,51.2219016,0],[35.0626895,51.2242131,0],[35.0653931,51.2262288,0],[35.0660798,51.2279488,0],[35.0690839,51.2303137,0],[35.0747059,51.231953,0],[35.0848339,51.2303137,0],[35.1053903,51.2327323,0],[35.1140592,51.2310931,0],[35.1174925,51.2297225,0],[35.1198099,51.231523,0],[35.1507219,51.2233305,0],[35.1503552,51.2211652,0],[35.1455383,51.2201239,0],[35.1445465,51.2193883,0],[35.1414329,51.218456,0],[35.1403483,51.2183394,0],[35.139377,51.2176897,0],[35.1389772,51.2170693,0],[35.1386915,51.2161408,0],[35.1374757,51.2155153,0],[35.1376868,51.215117,0],[35.1382412,51.2149338,0],[35.1377297,51.2131516,0],[35.1367908,51.2106458,0],[35.1371776,51.2095297,0],[35.1382886,51.2082659,0],[35.1406918,51.2073517,0],[35.1428437,51.2064977,0],[35.1437266,51.2054269,0],[35.1435055,51.2030653,0],[35.1421155,51.2023016,0],[35.1389241,51.2005802,0],[35.1367394,51.1986457,0],[35.1357446,51.1981852,0],[35.1343907,51.1957401,0],[35.1319251,51.1953883,0],[35.1302514,51.1944739,0],[35.1308274,51.175495,0],[35.1306557,51.1738806,0],[35.1343247,51.1709611,0],[35.1232623,51.165317,0],[35.1246827,51.16245,0],[35.1266568,51.1590589,0],[35.127733,51.1582018,0],[35.1297524,51.1571174,0],[35.131747,51.1562588,0],[35.1326568,51.1555172,0],[35.1342107,51.1552356,0],[35.137502,51.1537644,0],[35.1411622,51.151253,0],[35.1399606,51.1501223,0],[35.1375878,51.1495919,0],[35.1374285,51.1489647,0],[35.1357119,51.1486686,0],[35.1353638,51.1477212,0],[35.1362269,51.1472956,0],[35.1364808,51.1451649,0],[35.1364069,51.1444392,0],[35.1373856,51.1444418,0],[35.1384156,51.1443072,0],[35.1379435,51.1433111,0],[35.1389314,51.1426637,0],[35.1406563,51.1424171,0],[35.1416541,51.1413401,0],[35.143081,51.1407477,0],[35.1436604,51.1396976,0],[35.1430385,51.1393341,0],[35.1437147,51.1388292,0],[35.143924,51.137015,0],[35.1423548,51.1357309,0],[35.1416989,51.133931,0],[35.1533164,51.1314306,0],[35.1635731,51.1274715,0],[35.1685422,51.1256994,0],[35.1744736,51.1215728,0],[35.1691541,51.1198242,0],[35.1681589,51.1187399,0],[35.1655425,51.1155923,0],[35.1637357,51.1108832,0],[35.1631885,51.1087459,0],[35.1645138,51.1072417,0],[35.1671003,51.1057048,0],[35.164319,51.1052111,0],[35.1645807,51.1008144,0],[35.1683602,51.1004676,0],[35.1693146,51.1014522,0],[35.1694005,51.1022068,0],[35.1698796,51.103326,0],[35.1715757,51.1015865,0],[35.1736151,51.1001299,0],[35.1777142,51.1004249,0],[35.1736017,51.0875845,0],[35.155698,51.0908001,0],[35.1477742,51.0826223,0],[35.1506003,51.0827509,0],[35.1530335,51.0816978,0],[35.1540411,51.080967,0],[35.1543732,51.0802511,0],[35.157967,51.0819617,0],[35.1593368,51.0807909,0],[35.1639041,51.0831553,0],[35.1662269,51.0806857,0],[35.1658521,51.0787755,0],[35.1661311,51.0780745,0],[35.1660452,51.0774274,0],[35.1678906,51.0757692,0],[35.1708089,51.0748659,0],[35.1717531,51.0735446,0],[35.1726937,51.0723316,0],[35.174539,51.0713338,0],[35.1769423,51.0706058,0],[35.1777577,51.0695001,0],[35.1779723,51.0681517,0],[35.1786159,51.0674506,0],[35.1800751,51.0665067,0],[35.1814519,51.0652503,0],[35.1826071,51.0636209,0],[35.1828297,51.0628263,0],[35.1824515,51.0621397,0],[35.1830825,51.0620321,0],[35.1845846,51.0604677,0],[35.1887393,51.056886,0],[35.1904986,51.0563802,0],[35.1903352,51.0554236,0],[35.1902842,51.0536693,0],[35.1922664,51.0529418,0],[35.1947984,51.0520516,0],[35.1969092,51.0511975,0],[35.1962923,51.0504388,0],[35.1973114,51.0498655,0],[35.1996908,51.0520246,0],[35.2007637,51.052699,0],[35.203639,51.0509455,0],[35.2061094,51.0503647,0],[35.2142526,51.0491683,0],[35.2185127,51.0505661,0],[35.221238,51.0507208,0],[35.2214194,51.0503659,0],[35.2220067,51.050271,0],[35.2221977,51.0507092,0],[35.2223536,51.0514821,0],[35.2224735,51.0523028,0],[35.2227518,51.0524322,0],[35.2243498,51.0523592,0],[35.224919,51.0523954,0],[35.2262071,51.0524922,0],[35.2263431,51.053007,0],[35.2258916,51.0533224,0],[35.2257145,51.0536301,0],[35.2268727,51.0547599,0],[35.2422579,51.0602285,0],[35.2437172,51.0635324,0],[35.2441081,51.0637852,0],[35.2480651,51.064509,0],[35.2540645,51.0616275,0],[35.2559909,51.0621624,0],[35.2576158,51.0613895,0],[35.2575271,51.0588182,0],[35.2615582,51.0615875,0],[35.2657375,51.0626254,0],[35.2661237,51.0620051,0],[35.264675,51.0596253,0],[35.2667169,51.0578708,0],[35.2733213,51.0580661,0],[35.2725444,51.0589626,0],[35.2725354,51.0595688,0],[35.2739345,51.059379,0],[35.2750947,51.0588032,0],[35.2756809,51.0589355,0],[35.2757521,51.0596072,0],[35.275644,51.0607579,0],[35.2762597,51.0624038,0],[35.2750114,51.0630814,0],[35.2739991,51.0637725,0],[35.2737603,51.0642489,0],[35.2739695,51.065957,0],[35.2753525,51.0663861,0],[35.2760474,51.066271,0],[35.2764039,51.0654962,0],[35.2768413,51.0642685,0],[35.2768252,51.0640544,0],[35.2771068,51.0640351,0],[35.2773563,51.0641236,0],[35.2776781,51.0647338,0],[35.2792669,51.0662588,0],[35.2811972,51.0676734,0],[35.2822766,51.0673958,0],[35.282481,51.0669838,0],[35.2833224,51.0670274,0],[35.2838012,51.0673,0],[35.2848967,51.0676088,0],[35.2859053,51.0673224,0],[35.2866306,51.0674862,0],[35.2880812,51.0686229,0],[35.2882705,51.0693566,0],[35.2942972,51.0694187,0],[35.2961664,51.0699863,0],[35.2983311,51.0708209,0],[35.2979878,51.0720076,0],[35.2986126,51.0724403,0],[35.3012983,51.0721269,0],[35.3013897,51.072455,0],[35.3010983,51.0729811,0],[35.3011136,51.0736216,0],[35.3016841,51.073946,0],[35.3032295,51.0740009,0],[35.3038969,51.0741273,0],[35.3049525,51.0756248,0],[35.3049826,51.0765322,0],[35.3038432,51.0772316,0],[35.3036701,51.0778685,0],[35.3041836,51.0782897,0],[35.3048353,51.0788576,0],[35.3117279,51.0786868,0],[35.3126173,51.077176,0],[35.328042,51.0770975,0],[35.3258027,51.0741095,0],[35.3280181,51.070991,0],[35.3304455,51.0696025,0],[35.3366785,51.0707144,0],[35.341485,51.0689886,0],[35.3432875,51.0672626,0],[35.3439741,51.0666693,0],[35.3450041,51.0658602,0],[35.3469782,51.0651051,0],[35.3497248,51.0644039,0],[35.353158,51.0644039,0],[35.3542738,51.065213,0],[35.3565054,51.0661299,0],[35.3595953,51.0665075,0],[35.3620844,51.0667772,0],[35.3641443,51.0668311,0],[35.3669768,51.066939,0],[35.3705816,51.0672087,0],[35.3727274,51.0675323,0],[35.3777056,51.0665614,0],[35.3830271,51.0646736,0],[35.3868895,51.0628935,0],[35.3980475,51.0551253,0],[35.4010515,51.0533449,0],[35.4035406,51.05205,0],[35.4022532,51.050863,0],[35.4062014,51.048327,0],[35.4054506,51.0447653,0],[35.4061051,51.0426607,0],[35.4079612,51.042175,0],[35.4088621,51.0398007,0],[35.4090767,51.0390182,0],[35.4070597,51.0389912,0],[35.403841,51.0388562,0],[35.4038839,51.0343496,0],[35.4005365,51.0336479,0],[35.4003006,51.0319071,0],[35.4029828,51.0315698,0],[35.4037123,51.0290057,0],[35.4077463,51.0291137,0],[35.4092055,51.0267385,0],[35.4043131,51.024525,0],[35.4038839,51.0226895,0],[35.3944426,51.0226895,0],[35.3935843,51.01972,0],[35.3837996,51.019936,0],[35.3825121,51.0132946,0],[35.3823404,51.0127545,0],[35.3757314,51.0117825,0],[35.3759889,51.0097844,0],[35.3747015,51.0089744,0],[35.3722983,51.0087584,0],[35.3689509,51.0086503,0],[35.3638011,51.0064361,0],[35.3591661,51.005842,0],[35.3539305,51.0057339,0],[35.3439742,51.0069222,0],[35.3382235,51.0080563,0],[35.3370218,51.006166,0],[35.3347903,51.0053019,0],[35.3359061,51.0024934,0],[35.3381376,51.0000628,0],[35.3385668,50.9980642,0],[35.3367644,50.994823,0],[35.3390818,50.9915816,0],[35.3438025,50.9886102,0],[35.3549412,50.975757,0],[35.3593378,50.9745067,0],[35.3650027,50.9720205,0],[35.3716974,50.9686695,0],[35.3833704,50.964237,0],[35.3976183,50.9607773,0],[35.4128962,50.9578579,0],[35.4202776,50.949315,0],[35.4381304,50.9579661,0],[35.4551249,50.9558034,0],[35.4595881,50.9475846,0],[35.4772692,50.9362273,0],[35.5090265,50.9429339,0],[35.5417088,50.9456993,0],[35.538209,50.930818,0],[35.5447987,50.9238465,0],[35.5291109,50.9201059,0],[35.5368357,50.9135043,0],[35.5747729,50.9038707,0],[35.5898791,50.9090666,0],[35.6070452,50.9146948,0],[35.6070452,50.9240015,0],[35.6022387,50.9374172,0],[35.6149416,50.9402297,0],[35.6474522,50.9303385,0],[35.6458407,50.9175086,0],[35.6625584,50.9147563,0],[35.6625584,50.909561,0],[35.679143,50.9079841,0],[35.6833256,50.9184376,0],[35.6969958,50.9326572,0],[35.7265215,50.9315754,0],[35.7342463,50.9416359,0],[35.7210283,50.9514779,0],[35.7340746,50.9765603,0],[35.7888346,50.9657506,0],[35.7805948,50.9547221,0],[35.785573,50.9447726,0],[35.7995441,50.9372623,0],[35.8181887,50.9405542,0],[35.8363848,50.9405542,0],[35.8343249,50.9460705,0],[35.8386829,50.9580275,0],[35.8437662,50.9590473,0],[35.8523493,50.9581823,0],[35.861104,50.9576417,0],[35.8638506,50.9590473,0],[35.8612757,50.9620747,0],[35.8653956,50.9626153,0],[35.8671122,50.9665074,0],[35.8714037,50.9697505,0],[35.8756953,50.9772088,0],[35.8818751,50.9841256,0],[35.8791285,50.9887723,0],[35.8813601,50.992446,0],[35.878181,50.9998698,0],[35.8919139,51.0096995,0],[35.9001537,51.0113196,0],[35.9119983,51.020391,0],[35.9260745,51.0176914,0],[35.9353442,51.0166115,0],[35.9403224,51.0183393,0],[35.9322543,51.0231985,0],[35.9389491,51.0277332,0],[35.9473605,51.0374491,0],[35.9458156,51.0491055,0],[35.9485622,51.0547167,0],[35.9937091,51.0524507,0],[36.0048671,51.0512637,0],[36.0105319,51.0528823,0],[36.0065837,51.0581695,0],[36.0022922,51.0649663,0],[36.0010905,51.0686341,0],[35.9914775,51.0735958,0],[35.9756847,51.0789884,0],[35.9667583,51.0814688,0],[35.955257,51.0858901,0],[35.9478755,51.0916047,0],[35.9401508,51.0907422,0],[35.9288211,51.0933297,0],[35.922813,51.0977498,0],[35.9274478,51.0979654,0],[35.9362025,51.1002292,0],[35.9356876,51.1030318,0],[35.9348293,51.107451,0],[35.932941,51.1119775,0],[35.931911,51.1138096,0],[35.9277911,51.1166114,0],[35.9267612,51.1195208,0],[35.9214397,51.1250158,0],[35.9198947,51.129756,0],[35.921941,51.1315432,0],[35.9265895,51.1319105,0],[35.9300227,51.132126,0],[35.9355159,51.1319105,0],[35.9416957,51.1319105,0],[35.944614,51.1347112,0],[35.955257,51.1391274,0],[35.9605785,51.1364346,0],[35.9665866,51.1372963,0],[35.9677882,51.1454816,0],[35.9791179,51.1329877,0],[35.9875293,51.1257699,0],[35.9913058,51.1257699,0],[35.9885593,51.129756,0],[35.9918208,51.132126,0],[35.9952541,51.1312642,0],[35.9981723,51.1288942,0],[36.0041804,51.1276014,0],[36.0067554,51.129756,0],[36.0034938,51.1329877,0],[36.0004039,51.1355729,0],[35.9966273,51.1385888,0],[35.9921642,51.1418199,0],[35.986156,51.1495736,0],[35.9895892,51.1525886,0],[36.0134502,51.1590486,0],[36.0179134,51.1563571,0],[36.0239215,51.1565724,0],[36.028728,51.1553881,0],[36.0333629,51.1565724,0],[36.0330196,51.1599099,0],[36.0366245,51.158618,0],[36.0395427,51.1525886,0],[36.0452075,51.1549574,0],[36.0527606,51.1658307,0],[36.0651202,51.1553881,0],[36.0853763,51.1548497,0],[36.0853763,51.1520502,0],[36.073875,51.1521579,0],[36.0711284,51.1490352,0],[36.0754199,51.1453739,0],[36.1282916,51.1205983,0],[36.138248,51.1094988,0],[36.1746402,51.1200595,0],[36.1844249,51.1204905,0],[36.1878581,51.1237229,0],[36.1955829,51.121568,0],[36.2057109,51.1212448,0],[36.2112041,51.1170424,0],[36.213264,51.1184432,0],[36.2168689,51.1179045,0],[36.2223621,51.1172579,0],[36.2269969,51.1304024,0],[36.2268116,51.1431759,0],[36.2367816,51.1391274,0],[36.2453647,51.1351421,0],[36.2494846,51.125339,0],[36.2596126,51.1147795,0],[36.2606425,51.1108998,0],[36.2657924,51.1045409,0],[36.278667,51.101415,0],[36.2857051,51.1013072,0],[36.3068195,51.0947313,0],[36.3104243,51.096025,0],[36.3147022,51.0944715,0],[36.3181491,51.0953781,0],[36.3195224,51.0993668,0],[36.3260455,51.0963484,0],[36.3478465,51.0905265,0],[36.3603641,51.0946871,0],[36.3620807,51.1033111,0],[36.3725658,51.1037864,0],[36.3792606,51.1031396,0],[36.3826938,51.1042175,0],[36.3869853,51.1071277,0],[36.3957401,51.1123008,0],[36.3996883,51.1145639,0],[36.4043231,51.1167191,0],[36.4146228,51.1186587,0],[36.4220042,51.1179045,0],[36.4279987,51.1173215,0],[36.4317889,51.1069121,0],[36.4352222,51.1031396,0],[36.4388271,51.0990434,0],[36.4462085,51.0928985,0],[36.4585681,51.0864292,0],[36.4808841,51.0666924,0],[36.4882655,51.0621614,0],[36.4927287,51.0633481,0],[36.4904971,51.0669081,0],[36.5035434,51.0780178,0],[36.5035434,51.0872918,0],[36.4956333,51.0933934,0],[36.510324,51.1155877,0],[36.5236278,51.1191975,0],[36.521997,51.1265779,0],[36.5248294,51.1342804,0],[36.5292789,51.1377908,0]]]},"properties":{"name":"Russian-controlled Kursk Oblast - frontline area","styleUrl":"#poly-A52714-1200-112-nodesc","fill-opacity":0.4392156862745098,"fill":"#a52714","stroke-opacity":1,"stroke":"#a52714","stroke-width":1.2}},{"type":"Feature","geometry":{"type":"Polygon","coordinates":[[[34.872294,52.2013228,0],[35.4167092,51.8925074,0],[35.7801095,51.6579772,0],[36.0923684,51.5607614,0],[36.3807595,51.3914038,0],[36.5153421,51.1973277,0],[36.5292789,51.1377908,0],[36.5450326,51.1262688,0],[36.5567055,51.1176491,0],[36.5649453,51.1090279,0],[36.5886737,51.1076224,0],[36.6048099,51.0998617,0],[36.6041233,51.0791599,0],[36.5828373,51.0670797,0],[36.5941669,51.0647064,0],[36.6239968,51.077978,0],[36.6432229,51.0822917,0],[36.660389,51.0922118,0],[36.6686288,51.0831544,0],[36.6775943,51.0946871,0],[36.6947213,51.1055789,0],[36.7372933,51.124976,0],[36.752776,51.1507442,0],[36.7675057,51.1443649,0],[36.8107644,51.169343,0],[36.867756,51.1801053,0],[36.8979684,51.1719262,0],[36.9192544,51.177953,0],[36.9480935,51.1671902,0],[36.9618656,51.1804238,0],[36.9783059,51.1809661,0],[36.9947854,51.1887133,0],[37.0112649,51.2016223,0],[37.0249978,51.2119469,0],[37.0352975,51.2351687,0],[37.0607034,51.2424769,0],[37.0840493,51.2424769,0],[37.0813027,51.2510732,0],[37.1067086,51.2510732,0],[37.1115151,51.2433366,0],[37.1012154,51.2411873,0],[37.100568,51.2303275,0],[37.1431008,51.2287194,0],[37.1362344,51.2373183,0],[37.1362344,51.2605274,0],[37.1232273,51.2874781,0],[37.1307412,51.2940309,0],[37.1492806,51.3043348,0],[37.1596195,51.3149539,0],[37.1602669,51.3257937,0],[37.1527138,51.3425248,0],[37.1431008,51.3536754,0],[37.1486332,51.3565655,0],[37.1602669,51.3515312,0],[37.1705666,51.3485293,0],[37.1822396,51.3472427,0],[37.202839,51.3446693,0],[37.2179452,51.3420958,0],[37.2419778,51.3300843,0],[37.2543374,51.3300843,0],[37.2625771,51.3356615,0],[37.2824898,51.3399511,0],[37.2975961,51.3313714,0],[37.3106423,51.3348035,0],[37.3175088,51.341238,0],[37.3241066,51.3606989,0],[37.3628274,51.3772543,0],[37.3861733,51.387111,0],[37.4019662,51.3853969,0],[37.4053994,51.3725395,0],[37.417759,51.3708249,0],[37.4191323,51.3858254,0],[37.4678841,51.3699676,0],[37.481617,51.3798258,0],[37.5118294,51.3798258,0],[37.5324288,51.3841113,0],[37.5564614,51.3922527,0],[37.5811806,51.3905389,0],[37.592167,51.3678242,0],[37.6381722,51.3648233,0],[37.6828042,51.3631084,0],[37.6828042,51.3553906,0],[37.6976418,51.3504077,0],[37.7047768,51.3622509,0],[37.7429604,51.3812744,0],[37.7665749,51.3961087,0],[37.7892342,51.3922527,0],[37.8084603,51.4033912,0],[37.8173867,51.4153835,0],[37.849659,51.4316538,0],[37.8963509,51.4248039,0],[37.9306832,51.422663,0],[37.9341164,51.4282289,0],[37.979435,51.4209503,0],[38.0069009,51.4248039,0],[38.0364266,51.3832543,0],[38.0343667,51.3708249,0],[38.0474129,51.3661094,0],[38.0776253,51.3596784,0],[38.0762521,51.3708249,0],[38.1140176,51.3541042,0],[38.1359902,51.3446693,0],[38.175129,51.3339455,0],[38.2139992,51.3418299,0],[38.2263588,51.3006343,0],[38.2895302,51.3040687,0],[38.2963911,51.2986491,0],[38.3365599,51.3044447,0],[38.347477,51.2957484,0],[38.3660856,51.3106688,0],[38.3619658,51.3235436,0],[38.3358732,51.3229,0],[38.3289376,51.340809,0],[38.3338133,51.360217,0],[38.3719221,51.3612889,0],[38.3777586,51.3670766,0],[38.3736387,51.3741495,0],[38.3776894,51.3862539,0],[38.337864,51.3815401,0],[38.3193937,51.3741495,0],[38.2946053,51.3901104,0],[38.2987252,51.3965371,0],[38.2966653,51.4072463,0],[38.2994118,51.4192375,0],[38.2794991,51.4350783,0],[38.3193937,51.446744,0],[38.3062783,51.4547646,0],[38.3152047,51.4598988,0],[38.3021584,51.472304,0],[38.311154,51.4831049,0],[38.2781258,51.4915467,0],[38.2781258,51.4992415,0],[38.2980386,51.5210365,0],[38.2829324,51.5347064,0],[38.2417336,51.5556306,0],[38.2245675,51.5654488,0],[38.2135812,51.5859321,0],[38.1848112,51.6163227,0],[38.1374327,51.6333737,0],[38.1675759,51.6707543,0],[38.2342497,51.6627716,0],[38.2238808,51.7009791,0],[38.2403603,51.6984256,0],[38.2437936,51.7039579,0],[38.2891122,51.6954465,0],[38.2939187,51.7026813,0],[38.3316842,51.6962977,0],[38.3337441,51.6894875,0],[38.3461037,51.6873591,0],[38.3728829,51.6852306,0],[38.3886758,51.6848049,0],[38.4188882,51.6877848,0],[38.4401742,51.6877848,0],[38.4471098,51.6883195,0],[38.4566537,51.7018302,0],[38.4655801,51.707362,0],[38.4779397,51.7175728,0],[38.4813729,51.7324595,0],[38.4971658,51.7443653,0],[38.5191384,51.7477664,0],[38.5157052,51.7575431,0],[38.4930459,51.7507421,0],[38.479313,51.7413891,0],[38.4745065,51.7405388,0],[38.4566537,51.7447904,0],[38.4319344,51.763493,0],[38.4188882,51.7698672,0],[38.401722,51.7787894,0],[38.4044686,51.7945053,0],[38.4106484,51.8029981,0],[38.4209481,51.8093666,0],[38.4264413,51.8174321,0],[38.4422341,51.8339831,0],[38.4470406,51.8420442,0],[38.4188882,51.853497,0],[38.4072152,51.8687629,0],[38.4416166,51.8938792,0],[38.4326211,51.9060576,0],[38.4154549,51.9085993,0],[38.4257546,51.9204586,0],[38.4470406,51.9217291,0],[38.4312478,51.9437447,0],[38.3873025,51.9352784,0],[38.3406106,51.9382418,0],[38.3399239,51.922576,0],[38.3186379,51.9229995,0],[38.316578,51.956441,0],[38.2822457,51.9691338,0],[38.241047,51.9424748,0],[38.241047,51.9251168,0],[38.1929818,51.9301979,0],[38.1826821,51.9208821,0],[38.1710091,51.9331616,0],[38.1401101,51.933585,0],[38.1263772,51.9373951,0],[38.1105843,51.9255403,0],[38.120884,51.9111408,0],[38.0851784,51.9060576,0],[38.0494729,51.9026685,0],[38.0477563,51.887626,0],[38.03368,51.8865665,0],[38.0254403,51.8914401,0],[37.9966012,51.8944063,0],[37.9210702,51.8914401,0],[37.9193536,51.8961012,0],[37.9190102,51.9130469,0],[37.9004708,51.9126234,0],[37.8987542,51.9013975,0],[37.8881112,51.9005501,0],[37.8671685,51.9003383,0],[37.8685418,51.9045749,0],[37.8558388,51.9081757,0],[37.8565255,51.9236347,0],[37.8318063,51.9460726,0],[37.8256264,51.9727294,0],[37.81876,51.9759018,0],[37.8012505,51.9814001,0],[37.7950707,51.9871091,0],[37.7899209,51.9934516,0],[37.784771,51.999159,0],[37.7703515,52.0078246,0],[37.7590218,52.0107831,0],[37.754902,52.014798,0],[37.7415124,52.016911,0],[37.7418557,52.0109945,0],[37.7346459,52.0042318,0],[37.7246896,52.00085,0],[37.7161065,51.9970453,0],[37.7164498,51.9892233,0],[37.7229729,51.9828802,0],[37.7123299,51.9735754,0],[37.7068368,51.9682877,0],[37.7010003,51.9695568,0],[37.6821175,51.9746329,0],[37.6690713,51.9778051,0],[37.6529351,51.9835146,0],[37.6381722,51.9885891,0],[37.6299325,51.9968339,0],[37.6282159,52.0035977,0],[37.5063363,52.016911,0],[37.4840203,51.966384,0],[37.4795571,51.9581336,0],[37.4527779,51.9481888,0],[37.4332085,51.9371835,0],[37.4259988,51.9371835,0],[37.4150124,51.9386651,0],[37.3937264,51.9477656,0],[37.3851434,51.9558063,0],[37.3696938,51.9657494,0],[37.3617974,51.9680762,0],[37.3439446,51.9807657,0],[37.3350182,51.9976794,0],[37.3274651,52.0086699,0],[37.3137322,52.0103605,0],[37.3058358,52.0145867,0],[37.2907296,52.0065565,0],[37.27734,52.003809,0],[37.2766534,52.0086699,0],[37.2649804,52.0133189,0],[37.2567406,52.0177561,0],[37.2426644,52.019869,0],[37.2224084,52.0224042,0],[37.212452,52.0270518,0],[37.1970025,52.0325438,0],[37.180523,52.0420475,0],[37.1846429,52.0458485,0],[37.1925393,52.0500713,0],[37.1997491,52.054716,0],[37.2073022,52.0716018,0],[37.2062722,52.0800423,0],[37.1983758,52.084051,0],[37.1798363,52.0853168,0],[37.16782,52.0808863,0],[37.1575204,52.0754002,0],[37.1437875,52.0745562,0],[37.1283379,52.0772993,0],[37.1118584,52.0832071,0],[37.1001855,52.0910126,0],[37.08892,52.0920286,0],[37.082676,52.0804643,0],[37.0768395,52.0743452,0],[37.06036,52.0745562,0],[37.0486871,52.0796203,0],[37.0370141,52.0863716,0],[37.0339242,52.0916454,0],[37.0449105,52.0964967,0],[37.0442239,52.1019801,0],[37.0208779,52.1089389,0],[37.0112649,52.1074629,0],[36.9971886,52.1064086,0],[36.9927254,52.0996603,0],[36.9855157,52.0937547,0],[36.9807091,52.0880593,0],[36.9618264,52.089325,0],[36.9566766,52.0880593,0],[36.9419137,52.0922782,0],[36.9463769,52.0998712,0],[36.9384804,52.1028237,0],[36.9230309,52.1083064,0],[36.9165078,52.1078846,0],[36.9079247,52.1068303,0],[36.8972817,52.1112583,0],[36.8808022,52.1131558,0],[36.8766824,52.1180048,0],[36.8584862,52.117794,0],[36.857113,52.1131558,0],[36.8399468,52.1165291,0],[36.8234673,52.1205345,0],[36.811451,52.1243287,0],[36.800808,52.1270688,0],[36.7953149,52.1306518,0],[36.7806161,52.1379889,0],[36.7774621,52.1439273,0],[36.7716256,52.1479302,0],[36.7716256,52.1548818,0],[36.7729989,52.1605687,0],[36.767849,52.1641489,0],[36.7637292,52.1683606,0],[36.7530862,52.1732036,0],[36.7424432,52.1727825,0],[36.7352334,52.1736247,0],[36.7221871,52.1795197,0],[36.715664,52.174888,0],[36.7129174,52.1744669,0],[36.6978112,52.1776249,0],[36.6878548,52.1790986,0],[36.6778985,52.1757301,0],[36.6689721,52.1746774,0],[36.6569558,52.178046,0],[36.6521493,52.1816249,0],[36.6435662,52.1864664,0],[36.6363564,52.1925701,0],[36.6370431,52.1999356,0],[36.6428796,52.2047751,0],[36.6375581,52.2076155,0],[36.6276017,52.2103505,0],[36.6198769,52.213506,0],[36.6150704,52.2129801,0],[36.6087189,52.2141371,0],[36.6059724,52.2150837,0],[36.6013375,52.213506,0],[36.5953294,52.2134008,0],[36.5906945,52.2145578,0],[36.5881196,52.2168716,0],[36.5767899,52.2216041,0],[36.56248,52.2117205,0],[36.5242615,52.220868,0],[36.5240899,52.2230764,0],[36.5201417,52.2261258,0],[36.5158501,52.2284391,0],[36.509842,52.230542,0],[36.5026322,52.2325396,0],[36.498684,52.234432,0],[36.4969674,52.2375858,0],[36.4933625,52.2410547,0],[36.4892426,52.2444183,0],[36.486496,52.247151,0],[36.486949,52.250832,0],[36.4969674,52.2580801,0],[36.4930634,52.2657235,0],[36.4872269,52.2690852,0],[36.4813904,52.2745474,0],[36.4717774,52.2776984,0],[36.4422517,52.3154925,0],[36.4398484,52.3245163,0],[36.4155379,52.3465725,0],[36.4092927,52.3465435,0],[36.4082627,52.3509476,0],[36.3952164,52.3557706,0],[36.3567643,52.3738,0],[36.326274,52.366702,0],[36.3265519,52.3750576,0],[36.3179688,52.3792493,0],[36.3076691,52.374848,0],[36.2973694,52.379878,0],[36.2891297,52.3752672,0],[36.2784867,52.3750576,0],[36.2366013,52.3612222,0],[36.2201218,52.3563997,0],[36.216002,52.3536737,0],[36.2135987,52.3436071,0],[36.2036423,52.3362655,0],[36.1878495,52.3276637,0],[36.1816697,52.3291324,0],[36.1744599,52.3306011,0],[36.1724,52.3354264,0],[36.1555772,52.3316501,0],[36.1542039,52.3276637,0],[36.1504273,52.322208,0],[36.1415009,52.3203194,0],[36.1363511,52.3180109,0],[36.1346345,52.3142332,0],[36.1298279,52.3121343,0],[36.1209016,52.3136035,0],[36.1092286,52.3157023,0],[36.1020188,52.3178011,0],[36.0900679,52.320978,0],[36.0855393,52.3201095,0],[36.0769562,52.3178011,0],[36.0694031,52.3167517,0],[36.0608201,52.3171715,0],[36.0525803,52.3192701,0],[36.0402207,52.3169616,0],[36.0371308,52.3108749,0],[36.0278611,52.3096155,0],[36.0082917,52.3119244,0],[35.9997086,52.3104551,0],[36.0003953,52.3047874,0],[35.9942155,52.3010085,0],[35.9722428,52.2938698,0],[35.9698395,52.28883,0],[35.9643464,52.2848397,0],[35.9523301,52.2779084,0],[35.9464936,52.2770682,0],[35.9344773,52.2783285,0],[35.9221177,52.2785386,0],[35.9052949,52.2812692,0],[35.9008317,52.2856798,0],[35.8888154,52.2928199,0],[35.8754258,52.2995389,0],[35.8664994,52.3001687,0],[35.84693,52.299119,0],[35.8283906,52.2997488,0],[35.815001,52.2972293,0],[35.8036713,52.2940798,0],[35.7923417,52.2921899,0],[35.7841019,52.28883,0],[35.7645325,52.2814792,0],[35.7559495,52.2768581,0],[35.7326035,52.2663538,0],[35.7223038,52.2594196,0],[35.7099442,52.2556369,0],[35.6979279,52.2501724,0],[35.6845383,52.2495418,0],[35.6646256,52.2468092,0],[35.6498627,52.2447072,0],[35.6447129,52.2526945,0],[35.6443696,52.2629919,0],[35.6481461,52.2711861,0],[35.6526093,52.2783285,0],[35.6502061,52.2873599,0],[35.6557476,52.2916797,0],[35.6635956,52.2995389,0],[35.6681072,52.312254,0],[35.6708538,52.3332383,0],[35.6481945,52.3458241,0],[35.6340699,52.3610125,0],[35.6227886,52.3768538,0],[35.5966961,52.3856556,0],[35.6015026,52.4371735,0],[35.5994426,52.4421964,0],[35.5685436,52.4413593,0],[35.5417644,52.4447077,0],[35.5266582,52.424195,0],[35.4971325,52.424195,0],[35.4827129,52.41917,0],[35.4538738,52.4292194,0],[35.4312145,52.4279633,0],[35.4305278,52.41917,0],[35.4167949,52.4162385,0],[35.4085552,52.4053484,0],[35.414735,52.3986454,0],[35.393449,52.3927795,0],[35.3961956,52.3890082,0],[35.4140484,52.3902653,0],[35.4140484,52.3843983,0],[35.4044353,52.3802071,0],[35.4010021,52.3743387,0],[35.36049,52.3722427,0],[35.3343975,52.3768538,0],[35.3144364,52.3761056,0],[35.3021251,52.3810453,0],[35.2838807,52.3939171,0],[35.2465069,52.3843983,0],[35.2300274,52.3755963,0],[35.2080547,52.3802071,0],[35.1902019,52.3625996,0],[35.1970684,52.3458241,0],[35.1730358,52.3487603,0],[35.1709758,52.3575676,0],[35.1572429,52.3491797,0],[35.1544964,52.337434,0],[35.1146709,52.3370144,0],[35.0666057,52.3307207,0],[35.0652324,52.3206489,0],[35.0411998,52.31897,0],[35.0294785,52.3337481,0],[35.0322251,52.351367,0],[35.0016694,52.3478018,0],[34.9779801,52.3543028,0],[34.9594979,52.3552921,0],[34.9643045,52.3672428,0],[34.9231057,52.3705968,0],[34.9107461,52.3469038,0],[34.939528,52.3469629,0],[34.9594407,52.3404609,0],[34.9364953,52.3236178,0],[34.9395852,52.3139641,0],[34.9354081,52.305837,0],[34.9196725,52.3009493,0],[34.9182992,52.2921307,0],[34.9011331,52.2831003,0],[34.9204735,52.2801139,0],[34.9162393,52.2749083,0],[34.8926644,52.2737071,0],[34.8766456,52.2601576,0],[34.8591904,52.25322,0],[34.9066262,52.2450683,0],[34.9011331,52.2337154,0],[34.8777871,52.2282482,0],[34.872294,52.2013228,0]]]},"properties":{"name":"Russian-controlled Kursk Oblast - rear area","styleUrl":"#poly-A52714-1200-99-nodesc","fill-opacity":0.38823529411764707,"fill":"#a52714","stroke-opacity":1,"stroke":"#a52714","stroke-width":1.2}},{"type":"Feature","geometry":{"type":"Polygon","coordinates":[[[36.5941669,51.0647064,0],[36.5828373,51.0670797,0],[36.6041233,51.0791599,0],[36.6048099,51.0998617,0],[36.5886737,51.1076224,0],[36.5649453,51.1090279,0],[36.5567055,51.1176491,0],[36.5292789,51.1377908,0],[36.5244764,51.1329474,0],[36.521997,51.1265779,0],[36.5236278,51.1191975,0],[36.510324,51.1155877,0],[36.4956333,51.0933934,0],[36.5035434,51.0872918,0],[36.5035434,51.0780178,0],[36.4904971,51.0669081,0],[36.4927287,51.0633481,0],[36.4882655,51.0621614,0],[36.4813893,51.0660048,0],[36.4601033,51.0864967,0],[36.4498037,51.0913487,0],[36.4462085,51.0928985,0],[36.4396756,51.0980329,0],[36.4316075,51.1061173,0],[36.4279987,51.1173215,0],[36.4146228,51.1186587,0],[36.4043231,51.1167191,0],[36.4010518,51.1154935,0],[36.3826938,51.1042175,0],[36.3792606,51.1031396,0],[36.3725658,51.1037864,0],[36.3620807,51.1033111,0],[36.3603641,51.0946871,0],[36.3478465,51.0905265,0],[36.3256925,51.0970627,0],[36.3195127,51.0983563,0],[36.3181491,51.0953781,0],[36.3147022,51.0944715,0],[36.3104243,51.096025,0],[36.3068195,51.0947313,0],[36.2857051,51.1013072,0],[36.278667,51.101415,0],[36.2657924,51.1045409,0],[36.259399,51.1110887,0],[36.2585407,51.115076,0],[36.2506443,51.1245581,0],[36.2453647,51.1351421,0],[36.2268116,51.1431759,0],[36.2269969,51.1304024,0],[36.2223621,51.1172579,0],[36.213264,51.1184432,0],[36.2112041,51.1170424,0],[36.2057109,51.1212448,0],[36.1955829,51.121568,0],[36.1878581,51.1237229,0],[36.1844249,51.1204905,0],[36.1746402,51.1200595,0],[36.138248,51.1094988,0],[36.1282916,51.1205983,0],[36.0754199,51.1453739,0],[36.0711284,51.1490352,0],[36.073875,51.1521579,0],[36.0853763,51.1520502,0],[36.0853763,51.1548497,0],[36.0651202,51.1553881,0],[36.0527606,51.1658307,0],[36.0452075,51.1549574,0],[36.0395427,51.1525886,0],[36.0366245,51.158618,0],[36.0330196,51.1599099,0],[36.0326343,51.1558997,0],[36.028728,51.1553881,0],[36.0239215,51.1565724,0],[36.0179134,51.1563571,0],[36.0134502,51.1590486,0],[36.0058551,51.1566534,0],[35.9895892,51.1525886,0],[35.986156,51.1495736,0],[35.9921642,51.1418199,0],[35.9984737,51.1379159,0],[36.0067554,51.129756,0],[36.0041804,51.1276014,0],[35.9981723,51.1288942,0],[35.9952541,51.1312642,0],[35.9918208,51.132126,0],[35.9885593,51.129756,0],[35.9913058,51.1257699,0],[35.9875293,51.1257699,0],[35.9791179,51.1329877,0],[35.9677882,51.1454816,0],[35.9665866,51.1372963,0],[35.9605785,51.1364346,0],[35.955257,51.1391274,0],[35.944614,51.1347112,0],[35.9416957,51.1319105,0],[35.921941,51.1315432,0],[35.9198947,51.129756,0],[35.9214397,51.1250158,0],[35.9270626,51.1206793,0],[35.9277911,51.1166114,0],[35.9311824,51.1152915,0],[35.934959,51.1086099,0],[35.9362025,51.1002292,0],[35.9274478,51.0979654,0],[35.922813,51.0977498,0],[35.9288211,51.0933297,0],[35.9401508,51.0907422,0],[35.9478755,51.0916047,0],[35.955257,51.0858901,0],[35.9680896,51.0814421,0],[35.9756847,51.0789884,0],[35.9888607,51.0747555,0],[36.0013919,51.0693624,0],[36.0019069,51.0656947,0],[36.0105319,51.0528823,0],[36.0048671,51.0512637,0],[35.9937091,51.0524507,0],[35.9485622,51.0547167,0],[35.9458156,51.0491055,0],[35.9473605,51.0374491,0],[35.9389491,51.0277332,0],[35.9322543,51.0231985,0],[35.9403224,51.0183393,0],[35.9366963,51.0169046,0],[35.9275982,51.0164726,0],[35.9119983,51.020391,0],[35.9001537,51.0113196,0],[35.8919139,51.0096995,0],[35.878181,50.9998698,0],[35.8812496,50.9932486,0],[35.8791285,50.9887723,0],[35.8833096,50.9836315,0],[35.8769581,50.9792005,0],[35.8714037,50.9697505,0],[35.8671122,50.9665074,0],[35.8653956,50.9626153,0],[35.8612757,50.9620747,0],[35.8638506,50.9590473,0],[35.861104,50.9576417,0],[35.8463765,50.9586589,0],[35.8386829,50.9580275,0],[35.8343249,50.9460705,0],[35.8363848,50.9405542,0],[35.8181887,50.9405542,0],[35.7995441,50.9372623,0],[35.785573,50.9447726,0],[35.7805948,50.9547221,0],[35.7888346,50.9657506,0],[35.7340746,50.9765603,0],[35.7210283,50.9514779,0],[35.7342463,50.9416359,0],[35.7265215,50.9315754,0],[35.6968595,50.9333505,0],[35.6833256,50.9184376,0],[35.68038,50.9071623,0],[35.6625584,50.909561,0],[35.6625584,50.9147563,0],[35.6458407,50.9175086,0],[35.6474522,50.9303385,0],[35.6149416,50.9402297,0],[35.6022387,50.9374172,0],[35.6070452,50.9240015,0],[35.6070452,50.9146948,0],[35.5747729,50.9038707,0],[35.5368357,50.9135043,0],[35.5291109,50.9201059,0],[35.5447987,50.9238465,0],[35.5375577,50.9315113,0],[35.5417088,50.9456993,0],[35.5090265,50.9429339,0],[35.4772692,50.9362273,0],[35.4595881,50.9475846,0],[35.4551249,50.9558034,0],[35.4381304,50.9579661,0],[35.4202776,50.949315,0],[35.4128962,50.9578579,0],[35.3847791,50.9635244,0],[35.3716974,50.9686695,0],[35.3549412,50.975757,0],[35.3514768,50.9720647,0],[35.3489019,50.9696865,0],[35.3455545,50.966065,0],[35.3460241,50.9607383,0],[35.3429342,50.9591705,0],[35.3394151,50.9543047,0],[35.3352094,50.9520878,0],[35.3331495,50.9503575,0],[35.3322912,50.9479783,0],[35.3308321,50.9444091,0],[35.3312612,50.9422459,0],[35.333407,50.9404611,0],[35.3355528,50.9377028,0],[35.3373552,50.9362965,0],[35.3395868,50.9365669,0],[35.3441358,50.9366751,0],[35.3496129,50.9372806,0],[35.3542477,50.9371184,0],[35.3594834,50.935658,0],[35.3631741,50.935658,0],[35.3678948,50.9354416,0],[35.3714997,50.9349548,0],[35.3759629,50.9340352,0],[35.3732592,50.9237026,0],[35.3738035,50.9233429,0],[35.3876437,50.9234782,0],[35.392932,50.9247656,0],[35.3927077,50.9189873,0],[35.395013,50.9183032,0],[35.3967534,50.9169686,0],[35.4021842,50.914991,0],[35.4067332,50.9114194,0],[35.4063899,50.9087134,0],[35.4072482,50.9063861,0],[35.4090506,50.9034633,0],[35.4060466,50.9015147,0],[35.4020125,50.8992412,0],[35.3976352,50.8977796,0],[35.3929145,50.895939,0],[35.3900821,50.8933946,0],[35.392142,50.8896588,0],[35.3948886,50.8878179,0],[35.3981501,50.885273,0],[35.4007251,50.8842983,0],[35.4049308,50.8826738,0],[35.408364,50.8801286,0],[35.4070563,50.8784545,0],[35.4037089,50.8771006,0],[35.3987307,50.8761799,0],[35.3941817,50.8753675,0],[35.3907485,50.8726052,0],[35.3902335,50.870872,0],[35.3925509,50.8681636,0],[35.3970999,50.8672428,0],[35.402164,50.8671886,0],[35.4066271,50.8665927,0],[35.4096312,50.8646426,0],[35.4118628,50.8623131,0],[35.4159827,50.8584123,0],[35.4197592,50.8499595,0],[35.4204459,50.8481712,0],[35.4231925,50.8453532,0],[35.4253382,50.8429144,0],[35.4255957,50.8400418,0],[35.4239649,50.8370606,0],[35.4222483,50.8336998,0],[35.42345,50.8306641,0],[35.4235358,50.8273028,0],[35.4237075,50.8236702,0],[35.4244799,50.8201458,0],[35.4179106,50.8135841,0],[35.4183398,50.8101674,0],[35.4200564,50.8060995,0],[35.4211722,50.8025195,0],[35.4224597,50.7988307,0],[35.4265795,50.7973117,0],[35.4307852,50.7968777,0],[35.4350768,50.7966607,0],[35.4393683,50.7952502,0],[35.4431449,50.7937853,0],[35.4454623,50.7923204,0],[35.4576814,50.7877308,0],[35.4611146,50.7870254,0],[35.4646337,50.7866455,0],[35.4719293,50.7850176,0],[35.4742467,50.7855603,0],[35.4781091,50.7853975,0],[35.4807699,50.7842036,0],[35.4839456,50.7817616,0],[35.4851472,50.7799164,0],[35.4873788,50.7782883,0],[35.4905546,50.7779084,0],[35.4912412,50.7762802,0],[35.4896963,50.7743805,0],[35.4881513,50.7727521,0],[35.4849756,50.7684096,0],[35.481199,50.759289,0],[35.4765213,50.7547008,0],[35.4765642,50.7533162,0],[35.47647,50.7522317,0],[35.47544,50.7507995,0],[35.4741418,50.7504194,0],[35.4722644,50.7488581,0],[35.4717627,50.7479077,0],[35.4709607,50.7472288,0],[35.470556,50.7471254,0],[35.4695261,50.7464465,0],[35.4696412,50.744296,0],[35.4708993,50.7438667,0],[35.4719722,50.743052,0],[35.4736269,50.7406705,0],[35.4714919,50.7377782,0],[35.4717064,50.737235,0],[35.4665995,50.7363523,0],[35.4638101,50.735062,0],[35.4732944,50.7255002,0],[35.472334,50.7234932,0],[35.4722297,50.7223268,0],[35.4706574,50.7204825,0],[35.469716,50.7195808,0],[35.4695498,50.7187012,0],[35.4691316,50.7182462,0],[35.4680694,50.717684,0],[35.4671788,50.7165784,0],[35.4673907,50.7115895,0],[35.46587,50.7082597,0],[35.4626192,50.7083243,0],[35.4624582,50.7077909,0],[35.4619111,50.7077331,0],[35.461321,50.7063708,0],[35.459996,50.7060447,0],[35.4596415,50.7047304,0],[35.4598404,50.7040878,0],[35.4617873,50.7028822,0],[35.4619539,50.7014377,0],[35.4604998,50.6991855,0],[35.4604998,50.6982613,0],[35.4601972,50.6971395,0],[35.4607245,50.6962615,0],[35.4631073,50.6949274,0],[35.4633208,50.6931352,0],[35.4626252,50.6916726,0],[35.4613377,50.6916182,0],[35.4600595,50.6896435,0],[35.4597853,50.6883013,0],[35.4622599,50.6858492,0],[35.4664876,50.6847667,0],[35.4699208,50.6836246,0],[35.473354,50.6835159,0],[35.4761864,50.6838966,0],[35.4797913,50.6836246,0],[35.4827954,50.6836246,0],[35.4864861,50.6830808,0],[35.4886319,50.6830808,0],[35.4929234,50.6828633,0],[35.4970433,50.682537,0],[35.4989316,50.6820475,0],[35.5010773,50.6791107,0],[35.5003907,50.6766632,0],[35.497215,50.673998,0],[35.4930951,50.6657294,0],[35.4924084,50.6624651,0],[35.4941251,50.6605064,0],[35.4954983,50.6587109,0],[35.49464,50.6550652,0],[35.4888894,50.651528,0],[35.479963,50.6548475,0],[35.4673459,50.661649,0],[35.4633118,50.6609417,0],[35.4560162,50.6601255,0],[35.4460599,50.6543577,0],[35.4428841,50.6531606,0],[35.4367043,50.650494,0],[35.4306103,50.6508205,0],[35.4215981,50.6515824,0],[35.4168774,50.6516913,0],[35.4151608,50.6506029,0],[35.4143883,50.6477729,0],[35.4111268,50.6445618,0],[35.4076936,50.6427112,0],[35.4052903,50.6360703,0],[35.4059049,50.6304888,0],[35.4086515,50.6256975,0],[35.4104539,50.622866,0],[35.412943,50.6198165,0],[35.4149171,50.6179105,0],[35.4173204,50.6175293,0],[35.4192086,50.6179105,0],[35.4236718,50.6167124,0],[35.425131,50.6151875,0],[35.4253885,50.6112661,0],[35.4268476,50.6060915,0],[35.4280148,50.6028508,0],[35.4280148,50.6015978,0],[35.4261265,50.5977843,0],[35.4230366,50.5952235,0],[35.415741,50.5938614,0],[35.404068,50.5849793,0],[35.4054413,50.5811098,0],[35.4078446,50.5781667,0],[35.4126511,50.5744602,0],[35.416256,50.5718982,0],[35.4214058,50.5698813,0],[35.4329072,50.5612127,0],[35.4336796,50.5584319,0],[35.4349671,50.5548329,0],[35.4423485,50.5469252,0],[35.4424344,50.542889,0],[35.4415761,50.5395616,0],[35.443121,50.5368886,0],[35.4464684,50.5344337,0],[35.4480134,50.5249947,0],[35.4520474,50.521666,0],[35.4541073,50.5196469,0],[35.4581414,50.5172457,0],[35.4605446,50.5152809,0],[35.4640637,50.511897,0],[35.4655228,50.5087312,0],[35.4675828,50.5055106,0],[35.4686986,50.5020168,0],[35.4709302,50.4997784,0],[35.4747067,50.4973215,0],[35.4783116,50.4945916,0],[35.5046616,50.4884212,0],[35.5119572,50.4806116,0],[35.5114422,50.477389,0],[35.5269776,50.4702877,0],[35.5307541,50.4695776,0],[35.535389,50.4674469,0],[35.5371056,50.4651523,0],[35.5389939,50.4622019,0],[35.5427704,50.4603442,0],[35.5463753,50.4597977,0],[35.5514393,50.4603442,0],[35.5560742,50.4601802,0],[35.5607949,50.4607813,0],[35.5613099,50.4618194,0],[35.5634556,50.4637864,0],[35.5655156,50.4651523,0],[35.5698929,50.4661904,0],[35.5731545,50.4641689,0],[35.5745278,50.4618741,0],[35.5746995,50.4596338,0],[35.5777035,50.457612,0],[35.5797635,50.4561913,0],[35.5808793,50.4542786,0],[35.583025,50.4528031,0],[35.5860291,50.4504531,0],[35.5865393,50.4475929,0],[35.5873404,50.4326766,0],[35.5871449,50.4290793,0],[35.5892048,50.4051794,0],[35.5968042,50.3925073,0],[35.6113954,50.3815622,0],[35.6179185,50.3766361,0],[35.6184335,50.371819,0],[35.6199785,50.3634973,0],[35.62427,50.3610881,0],[35.6368013,50.3567075,0],[35.6549974,50.3540789,0],[35.6754251,50.3578027,0],[35.7436605,50.3620737,0],[35.7639384,50.3770315,0],[35.7799029,50.3880871,0],[35.8029914,50.4051033,0],[35.8044505,50.4064709,0],[35.8049655,50.4087137,0],[35.8028197,50.4096983,0],[35.7999015,50.4107922,0],[35.7952666,50.4102452,0],[35.7937217,50.4118315,0],[35.7916618,50.4135817,0],[35.7913184,50.4162617,0],[35.7921767,50.4184493,0],[35.800674,50.4224962,0],[35.8313155,50.43704,0],[35.8375812,50.429878,0],[35.8392978,50.427855,0],[35.842731,50.4276909,0],[35.8463359,50.4287845,0],[35.8506274,50.4302607,0],[35.8539748,50.4310262,0],[35.8586955,50.4299327,0],[35.8665919,50.4284017,0],[35.8826423,50.4395547,0],[35.8894659,50.4389261,0],[35.8908821,50.4381881,0],[35.8925986,50.4376961,0],[35.8944868,50.4378054,0],[35.8953022,50.4385707,0],[35.8983922,50.4389807,0],[35.9003878,50.4389397,0],[35.9012246,50.4384887,0],[35.9014607,50.4382017,0],[35.9029949,50.4382495,0],[35.9033329,50.4384648,0],[35.9047008,50.4387073,0],[35.9057308,50.438352,0],[35.9069753,50.4381607,0],[35.9074473,50.4376687,0],[35.9089065,50.4369717,0],[35.909121,50.4362132,0],[35.9087992,50.4358066,0],[35.9089815,50.4354667,0],[35.9105748,50.435324,0],[35.9114814,50.4347166,0],[35.9122431,50.4344843,0],[35.9130316,50.4346278,0],[35.9141206,50.4351267,0],[35.9168779,50.4355094,0],[35.9193349,50.436138,0],[35.9203434,50.436917,0],[35.9210516,50.4373954,0],[35.9220601,50.4369854,0],[35.923326,50.435974,0],[35.9244311,50.4359398,0],[35.9275532,50.4349216,0],[35.9279394,50.4344842,0],[35.9281273,50.4338999,0],[35.92986,50.433179,0],[35.930662,50.4324973,0],[35.9316356,50.4321983,0],[35.932223,50.4314756,0],[35.9319158,50.4311962,0],[35.9324918,50.4307832,0],[35.9335613,50.4305068,0],[35.9343445,50.4301378,0],[35.9348649,50.4299532,0],[35.9359002,50.4303428,0],[35.9373271,50.4313201,0],[35.937767,50.4320787,0],[35.937134,50.4333567,0],[35.9376168,50.4337052,0],[35.9392691,50.4336916,0],[35.9409428,50.4335002,0],[35.9419727,50.4333089,0],[35.9450674,50.4339448,0],[35.9448266,50.4349079,0],[35.9465003,50.435236,0],[35.9484315,50.435564,0],[35.9498477,50.4355093,0],[35.9516931,50.4352086,0],[35.9532809,50.4350993,0],[35.955298,50.4349626,0],[35.9586454,50.435482,0],[35.9632373,50.4361927,0],[35.9649539,50.4362473,0],[35.9683013,50.4372587,0],[35.9694475,50.4408506,0],[35.9725374,50.4428184,0],[35.9783739,50.446098,0],[35.99554,50.4493773,0],[36.018371,50.4518366,0],[36.0237783,50.4518366,0],[36.0293573,50.4520006,0],[36.0336489,50.4523831,0],[36.0385412,50.4527657,0],[36.0428328,50.4537494,0],[36.0476393,50.4540773,0],[36.0541624,50.4543505,0],[36.0623163,50.4548423,0],[36.0708136,50.4552795,0],[36.0781092,50.4559899,0],[36.1140722,50.4416705,0],[36.1169905,50.4406866,0],[36.1264318,50.4411239,0],[36.1348433,50.4408506,0],[36.1422247,50.438992,0],[36.1479753,50.4382266,0],[36.1520094,50.4372973,0],[36.155271,50.4360399,0],[36.15776,50.4356026,0],[36.1625666,50.4352199,0],[36.1658281,50.4332517,0],[36.1678881,50.429862,0],[36.1693472,50.4281123,0],[36.1702055,50.4249408,0],[36.1698622,50.4219879,0],[36.170463,50.4193083,0],[36.1710638,50.4168473,0],[36.1728662,50.41548,0],[36.1762995,50.413511,0],[36.180076,50.411159,0],[36.1859983,50.4097369,0],[36.1945583,50.407641,0],[36.1985924,50.4053982,0],[36.2012531,50.4033741,0],[36.2047722,50.4014046,0],[36.2070038,50.3991615,0],[36.2126686,50.3902426,0],[36.2152435,50.3867403,0],[36.2240841,50.3855911,0],[36.228204,50.3802275,0],[36.2324955,50.3744254,0],[36.2346413,50.3714146,0],[36.2357571,50.3683489,0],[36.2361004,50.3659399,0],[36.2391045,50.3637499,0],[36.2461426,50.3629834,0],[36.2680294,50.3529624,0],[36.2722351,50.3509361,0],[36.2858822,50.34157,0],[36.2806565,50.3374375,0],[36.2836942,50.3356893,0],[36.2769565,50.3283202,0],[36.2821985,50.3231951,0],[36.2828852,50.3183725,0],[36.2811685,50.3137687,0],[36.2828852,50.3106993,0],[36.2859751,50.306314,0],[36.2894083,50.3022572,0],[36.2950731,50.3002835,0],[36.3041712,50.2997353,0],[36.3076044,50.296007,0],[36.3110376,50.2951297,0],[36.3206507,50.292388,0],[36.3256288,50.292388,0],[36.3371302,50.2915106,0],[36.3488031,50.2899752,0],[36.3532663,50.2896462,0],[36.3577295,50.2896462,0],[36.3632227,50.2915106,0],[36.3680292,50.2957876,0],[36.3734714,50.3007191,0],[36.4005939,50.3071881,0],[36.4110653,50.313985,0],[36.4251415,50.3282334,0],[36.4332096,50.3308634,0],[36.4404194,50.3111348,0],[36.4726917,50.3129984,0],[36.4888279,50.311354,0],[36.4905445,50.3062013,0],[36.4969469,50.3034633,0],[36.5003992,50.2992427,0],[36.512343,50.295542,0],[36.5258672,50.2929236,0],[36.5229115,50.2911823,0],[36.5261939,50.2850946,0],[36.556346,50.2814172,0],[36.5587492,50.281856,0],[36.5589209,50.2840498,0],[36.5695597,50.2859171,0],[36.5853568,50.2863532,0],[36.5889616,50.283282,0],[36.5874167,50.2820754,0],[36.58982,50.279333,0],[36.5929099,50.2776874,0],[36.5929099,50.2757127,0],[36.5729929,50.2757154,0],[36.5803786,50.262546,0],[36.5747138,50.2605707,0],[36.5778037,50.2585953,0],[36.5748854,50.256071,0],[36.5687056,50.2581563,0],[36.5599461,50.2508288,0],[36.5614004,50.2496486,0],[36.5739637,50.2532504,0],[36.5762277,50.2513637,0],[36.5799989,50.2498474,0],[36.5803797,50.2473433,0],[36.5830612,50.2428561,0],[36.5899015,50.2388119,0],[36.5953089,50.2354356,0],[36.5997721,50.2332395,0],[36.6030336,50.231263,0],[36.6128183,50.2315924,0],[36.6232897,50.228298,0],[36.6308428,50.2273097,0],[36.6390825,50.2261016,0],[36.6476656,50.2256623,0],[36.6528154,50.2289569,0],[36.6629435,50.2321415,0],[36.6680933,50.234118,0],[36.6698099,50.2367532,0],[36.6715265,50.2449873,0],[36.6723848,50.2521223,0],[36.6747881,50.2584881,0],[36.6801096,50.2629876,0],[36.6814829,50.2650725,0],[36.6828562,50.2674866,0],[36.688006,50.2697908,0],[36.6936708,50.2711074,0],[36.700709,50.2705588,0],[36.7048288,50.2727532,0],[36.7115236,50.2772512,0],[36.7187334,50.2785677,0],[36.7290405,50.2772312,0],[36.7395578,50.2830422,0],[36.7461055,50.2806817,0],[36.7491218,50.2802139,0],[36.7506624,50.2831749,0],[36.7502258,50.2862249,0],[36.7480806,50.2873832,0],[36.7478664,50.2884011,0],[36.7531454,50.2894189,0],[36.7545202,50.2906387,0],[36.76036,50.2900072,0],[36.7629416,50.2907182,0],[36.7720531,50.2891782,0],[36.771878,50.2911576,0],[36.76347,50.2929619,0],[36.7665565,50.2960926,0],[36.7682731,50.3017946,0],[36.7734229,50.3030007,0],[36.7802894,50.3030007,0],[36.7844093,50.3048646,0],[36.8000305,50.3060707,0],[36.8036354,50.3101271,0],[36.808169,50.311357,0],[36.8202896,50.3134779,0],[36.8224169,50.3133302,0],[36.8316189,50.3132043,0],[36.8530766,50.3276722,0],[36.8717877,50.3358905,0],[36.8807666,50.3360853,0],[36.9157855,50.3468766,0],[36.9360567,50.34982,0],[36.9521929,50.3493819,0],[37.0370572,50.3486664,0],[37.0586229,50.3501486,0],[37.0670343,50.3482865,0],[37.0723558,50.3489437,0],[37.0790506,50.3505868,0],[37.0946718,50.3543108,0],[37.0993067,50.3582536,0],[37.1132112,50.3607725,0],[37.1245409,50.3620866,0],[37.1303774,50.3635102,0],[37.1391321,50.3632912,0],[37.1470285,50.360882,0],[37.1552683,50.360882,0],[37.164538,50.3625246,0],[37.1734644,50.3637292,0],[37.1813608,50.3654812,0],[37.1887422,50.3681092,0],[37.1966387,50.3720508,0],[37.2031618,50.3746784,0],[37.2114016,50.3780721,0],[37.219813,50.3829981,0],[37.2247911,50.3865007,0],[37.2426439,50.3929579,0],[37.2484804,50.3950372,0],[37.2565485,50.3967881,0],[37.2639299,50.3984295,0],[37.2690798,50.4008368,0],[37.2769762,50.401931,0],[37.2859026,50.4044475,0],[37.2919107,50.4069639,0],[37.2960306,50.4102459,0],[37.2968889,50.414731,0],[37.2984339,50.4212937,0],[37.2999788,50.4271995,0],[37.3020388,50.4317923,0],[37.3087336,50.4350726,0],[37.3168016,50.4354006,0],[37.3210932,50.4372594,0],[37.3283029,50.439118,0],[37.3386026,50.4396647,0],[37.3535372,50.4393367,0],[37.3590303,50.4396647,0],[37.3727632,50.4380247,0],[37.3811747,50.43551,0],[37.3878694,50.4352913,0],[37.3967958,50.4338698,0],[37.4021173,50.4343072,0],[37.4132753,50.4359473,0],[37.4239183,50.4385714,0],[37.4304415,50.4410859,0],[37.4321561,50.44349,0],[37.4421021,50.4467543,0],[37.4690105,50.4535688,0],[37.4738595,50.4560996,0],[37.4770909,50.4595505,0],[37.4908453,50.4574194,0],[37.4845566,50.4452851,0],[37.4838716,50.4311556,0],[37.4652014,50.4308826,0],[37.4616838,50.4192156,0],[37.4640442,50.4149412,0],[37.4668337,50.4128714,0],[37.4704386,50.4088237,0],[37.4714685,50.4048851,0],[37.4706102,50.4003991,0],[37.4690653,50.3955844,0],[37.4685503,50.3906597,0],[37.4745385,50.3776208,0],[37.4755685,50.3732417,0],[37.4760835,50.3689717,0],[37.4805467,50.3642632,0],[37.4855249,50.3601019,0],[37.4941079,50.3604305,0],[37.5047509,50.3567069,0],[37.5105874,50.3522163,0],[37.5135057,50.3463013,0],[37.5189988,50.3418097,0],[37.5260369,50.3386325,0],[37.53565,50.3358933,0],[37.5456063,50.3353455,0],[37.5560777,50.3326062,0],[37.5639741,50.3248256,0],[37.5720426,50.3193826,0],[37.5859473,50.3215199,0],[37.594187,50.320095,0],[37.6064608,50.3190537,0],[37.6262876,50.3173548,0],[37.6381323,50.3118739,0],[37.6381323,50.3031031,0],[37.6307509,50.2963595,0],[37.6281759,50.2935083,0],[37.6298925,50.2851729,0],[37.6332399,50.2723927,0],[37.6339266,50.256646,0],[37.6380397,50.2412484,0],[37.6281692,50.2306527,0],[37.6232768,50.2238439,0],[37.62671,50.2177481,0],[37.6263667,50.2100037,0],[37.636838,50.1972034,0],[37.6441336,50.191269,0],[37.642417,50.1896204,0],[37.6416875,50.1869002,0],[37.6399709,50.1843996,0],[37.6390267,50.1814317,0],[37.6391555,50.1790408,0],[37.6402283,50.1775842,0],[37.6401425,50.17621,0],[37.6416446,50.1751931,0],[37.6442195,50.1741762,0],[37.6467515,50.174506,0],[37.6465798,50.1733516,0],[37.6473464,50.173044,0],[37.6481677,50.1732416,0],[37.6488972,50.1729668,0],[37.6497784,50.1721535,0],[37.6496671,50.1711769,0],[37.6500238,50.170708,0],[37.6511718,50.1708503,0],[37.6520785,50.1704374,0],[37.6527653,50.170301,0],[37.6527656,50.1689605,0],[37.6540746,50.168186,0],[37.6548257,50.1672192,0],[37.6545192,50.1669195,0],[37.6542912,50.1662228,0],[37.6547002,50.1660573,0],[37.657137,50.164088,0],[37.6611824,50.1610776,0],[37.6616955,50.1604148,0],[37.662581,50.1597312,0],[37.6638585,50.1593473,0],[37.6648935,50.1585603,0],[37.6656705,50.1578662,0],[37.6657211,50.1569744,0],[37.6670635,50.1556507,0],[37.6668261,50.1551556,0],[37.6679402,50.1547818,0],[37.6678258,50.1542775,0],[37.6683659,50.1537663,0],[37.6684008,50.1527277,0],[37.6692113,50.1524789,0],[37.6707537,50.1517771,0],[37.6717352,50.1511073,0],[37.6738567,50.150903,0],[37.6741861,50.1500218,0],[37.684561,50.1457686,0],[37.6859965,50.144088,0],[37.6911288,50.1425525,0],[37.6917738,50.1415847,0],[37.6946288,50.140438,0],[37.7010939,50.134132,0],[37.7088445,50.1338502,0],[37.7068597,50.1280868,0],[37.7229185,50.1088942,0],[37.7315016,50.1044903,0],[37.7411146,50.0967826,0],[37.7495611,50.0853418,0],[37.7559119,50.0785673,0],[37.7980547,50.0842953,0],[37.8245887,50.0682647,0],[37.8628137,50.0546943,0],[37.89252,50.050951,0],[37.9030563,50.0468153,0],[37.9228555,50.0367122,0],[37.9261656,50.0344144,0],[37.9356416,50.0187691,0],[37.9404715,50.0151355,0],[37.9658024,49.9795607,0],[37.9802218,49.9764696,0],[37.9993514,49.9636497,0],[38.0045976,49.9671955,0],[38.0113097,49.9642361,0],[38.0433825,49.9329417,0],[38.0209807,49.9259247,0],[38.023899,49.9227198,0],[38.0244139,49.9180778,0],[38.022354,49.9176909,0],[38.0238131,49.9153697,0],[38.021839,49.9103401,0],[38.0342825,49.9006987,0],[38.0456505,49.9152605,0],[38.0568085,49.9239921,0],[38.1253014,49.9428865,0],[38.1303304,49.9310199,0],[38.1270178,49.9221132,0],[38.1589694,49.9361695,0],[38.1709632,49.9417818,0],[38.1646118,49.947968,0],[38.160686,49.9507518,0],[38.1990674,49.9622003,0],[38.1944807,49.9693927,0],[38.2154853,49.9776665,0],[38.2223517,49.9781081,0],[38.2175452,49.9880424,0],[38.1835562,50.023127,0],[38.1880195,50.0242299,0],[38.1866462,50.0423134,0],[38.1802554,50.0491767,0],[38.183002,50.0606391,0],[38.1773765,50.0795616,0],[38.2480697,50.0717612,0],[38.2722659,50.0727599,0],[38.2839389,50.078048,0],[38.3050613,50.0893863,0],[38.3174522,50.0885939,0],[38.3274084,50.08551,0],[38.3330341,50.0654878,0],[38.3412738,50.0454288,0],[38.3521277,50.0321698,0],[38.3490379,50.0056982,0],[38.3977898,49.9917948,0],[38.4180457,49.9814198,0],[38.4331467,50.0022095,0],[38.4685143,49.9957676,0],[38.4640511,49.9842897,0],[38.4784706,49.9838481,0],[38.4788139,49.979212,0],[38.4839636,49.9776666,0],[38.4825904,49.9712633,0],[38.4887702,49.9648593,0],[38.5114295,49.9628717,0],[38.5292824,49.9569083,0],[38.5800628,49.9764738,0],[38.6133966,49.9767835,0],[38.6473855,49.9555828,0],[38.6636539,49.9717336,0],[38.6775979,49.9736922,0],[38.6756702,49.9902784,0],[38.6820609,50.009008,0],[38.6993594,49.9999894,0],[38.7136153,49.9930303,0],[38.7225732,49.9816405,0],[38.6999138,49.9741338,0],[38.6854942,49.9617673,0],[38.6896141,49.941223,0],[38.7220187,49.9295398,0],[38.7317783,49.906876,0],[38.747464,49.8971227,0],[38.7694368,49.8966803,0],[38.7770969,49.8825477,0],[38.7896927,49.8787633,0],[38.795186,49.8839621,0],[38.8317498,49.8772146,0],[38.8337451,49.8699364,0],[38.8415344,49.8653765,0],[38.8505679,49.8679448,0],[38.8568124,49.8684746,0],[38.8645372,49.8658191,0],[38.8789172,49.8702736,0],[38.8905902,49.8702736,0],[38.9034989,49.8671889,0],[38.9124253,49.8625415,0],[38.9160356,49.858737,0],[38.9041856,49.8468257,0],[38.9144906,49.8343844,0],[38.9063831,49.8286553,0],[38.9089974,49.8196562,0],[38.9182673,49.8140074,0],[38.9222154,49.8069177,0],[38.9433298,49.7997162,0],[38.9489946,49.7960596,0],[38.9755601,49.8068485,0],[38.9808841,49.8067249,0],[39.0176196,49.8211247,0],[39.0392884,49.8230895,0],[39.067441,49.8155581,0],[39.0735812,49.8233397,0],[39.1089831,49.8377059,0],[39.1334885,49.862209,0],[39.1680346,49.8835197,0],[39.1810413,49.8877514,0],[39.177608,49.9003581,0],[39.1923709,49.9231302,0],[39.2136569,49.9271087,0],[39.2081638,49.9368325,0],[39.190311,49.9370534,0],[39.189281,49.9425774,0],[39.2085071,49.9483217,0],[39.2064471,49.9695254,0],[39.2181201,49.9761497,0],[39.2620654,49.9916027,0],[39.2795749,50.0352859,0],[39.2569156,50.0430035,0],[39.254169,50.0335216,0],[39.2315097,50.0410191,0],[39.2349429,50.0485153,0],[39.2229266,50.0452083,0],[39.2177768,50.0485153,0],[39.2267032,50.0643859,0],[39.2198367,50.0683527,0],[39.2074771,50.075404,0],[39.2078204,50.078709,0],[39.2428394,50.084437,0],[39.2464442,50.0936885,0],[39.2345996,50.0955606,0],[39.2388911,50.0991945,0],[39.2237849,50.0980934,0],[39.2107387,50.0921467,0],[39.2047305,50.0942392,0],[39.1954608,50.0903846,0],[39.1703983,50.1157088,0],[39.1515155,50.1223129,0],[39.1597553,50.1437699,0],[39.1381259,50.153505,0],[39.11478,50.1556497,0],[39.1173549,50.1608737,0],[39.1043062,50.1631424,0],[38.6978121,50.2756159,0],[38.258359,50.5067556,0],[38.0496187,50.6288727,0],[37.8628511,50.7054701,0],[37.6101656,50.7089488,0],[37.2091646,50.6985118,0],[36.7752047,50.7993052,0],[36.5941669,51.0647064,0]]]},"properties":{"name":"Russian-controlled Belgorod Oblast - frontline area","styleUrl":"#poly-A52714-1200-115-nodesc","fill-opacity":0.45098039215686275,"fill":"#a52714","stroke-opacity":1,"stroke":"#a52714","stroke-width":1.2}},{"type":"Feature","geometry":{"type":"Polygon","coordinates":[[[39.1173549,50.1608737,0],[39.1252171,50.1739056,0],[39.1200672,50.1726962,0],[39.1190373,50.1754447,0],[39.1301952,50.1770938,0],[39.1300236,50.1798421,0],[39.1293369,50.1852283,0],[39.1401516,50.1888554,0],[39.1403233,50.2102826,0],[39.13895,50.2255505,0],[39.126762,50.2265389,0],[39.1231571,50.2254406,0],[39.1198956,50.2260996,0],[39.1190373,50.2309315,0],[39.1109692,50.2321394,0],[39.105991,50.2437776,0],[39.1029011,50.2562911,0],[39.107021,50.2576081,0],[39.1114842,50.2650705,0],[39.1133724,50.2663872,0],[39.1039311,50.2709956,0],[39.0895115,50.2754939,0],[39.0550076,50.2763715,0],[39.0447079,50.2768104,0],[39.0345799,50.2881087,0],[39.0386069,50.3031923,0],[39.0435851,50.3163479,0],[39.0636695,50.3207322,0],[39.0701926,50.320513,0],[39.1021217,50.3393612,0],[39.0909637,50.346044,0],[39.0901054,50.3516305,0],[39.0751708,50.3528353,0],[39.0653861,50.3541497,0],[39.036547,50.3808667,0],[39.0353454,50.3885287,0],[39.0394653,50.398925,0],[39.0351737,50.4043959,0],[39.0334571,50.4112883,0],[39.026934,50.4146794,0],[39.0089095,50.4135855,0],[39.0047897,50.4211328,0],[38.9927734,50.4218984,0],[38.9943183,50.4241951,0],[38.9862502,50.4351304,0],[38.9970649,50.4433302,0],[39.015776,50.4555726,0],[39.0228141,50.4568841,0],[39.0119994,50.4643152,0],[39.0341438,50.4770983,0],[39.0413535,50.4717451,0],[39.0456451,50.4765521,0],[39.0525115,50.4767706,0],[39.0511382,50.4857277,0],[39.0451301,50.4859462,0],[39.0454734,50.4920623,0],[39.0617812,50.4918438,0],[39.0825523,50.4997062,0],[39.0763725,50.504292,0],[39.1021217,50.5023267,0],[39.1266692,50.5076765,0],[39.1256393,50.5341979,0],[39.1028083,50.524486,0],[39.0964568,50.5167369,0],[39.0926803,50.5159728,0],[39.0835822,50.5293968,0],[39.0842689,50.5497982,0],[39.0921653,50.5796752,0],[39.0760262,50.592205,0],[39.0820344,50.5932948,0],[39.0840943,50.5969998,0],[39.0835793,50.6060431,0],[39.0454705,50.6183522,0],[39.0545685,50.6254312,0],[39.0918191,50.6111632,0],[39.0969689,50.61454,0],[39.1153367,50.6202037,0],[39.1210015,50.6235799,0],[39.0559418,50.6430697,0],[39.0514786,50.6521041,0],[39.0288193,50.6464442,0],[39.0236695,50.6544985,0],[38.997577,50.6497096,0],[38.996032,50.6526483,0],[38.9665063,50.6529748,0],[38.9625581,50.654825,0],[38.9673646,50.6694062,0],[38.9608414,50.6821338,0],[38.9732011,50.6830039,0],[38.9797242,50.6862668,0],[38.9807542,50.6932269,0],[38.9893372,50.6951842,0],[38.9872773,50.6986637,0],[38.963588,50.6993161,0],[38.953975,50.6982288,0],[38.9217026,50.7014906,0],[38.8962968,50.7047522,0],[38.8904603,50.6932269,0],[38.8647111,50.701708,0],[38.8805039,50.7012731,0],[38.8808472,50.706709,0],[38.8732941,50.7121443,0],[38.8681443,50.7145356,0],[38.8629945,50.7132313,0],[38.8568146,50.716492,0],[38.8300355,50.7138834,0],[38.8248856,50.7217088,0],[38.8200384,50.7230132,0],[38.8169055,50.7243716,0],[38.8140731,50.7231762,0],[38.805533,50.7155141,0],[38.7842899,50.7181498,0],[38.7948471,50.747404,0],[38.7996536,50.7618479,0],[38.8022285,50.7658653,0],[38.7986236,50.7673853,0],[38.7946754,50.7653224,0],[38.7922721,50.7674939,0],[38.7883239,50.7667339,0],[38.7943321,50.777807,0],[38.7999969,50.7820401,0],[38.8211113,50.7772642,0],[38.8372474,50.7754189,0],[38.8425689,50.7750932,0],[38.8530403,50.7743333,0],[38.8454872,50.7814974,0],[38.8492637,50.7844278,0],[38.8411956,50.7881177,0],[38.8427406,50.7900711,0],[38.8238578,50.7928925,0],[38.8223129,50.7895285,0],[38.8135582,50.7913733,0],[38.8101249,50.7941946,0],[38.8109832,50.7969072,0],[38.8034301,50.7960392,0],[38.7948471,50.8020066,0],[38.7845474,50.7960392,0],[38.774591,50.7905052,0],[38.7690979,50.7868155,0],[38.7660079,50.7839937,0],[38.7608581,50.7844278,0],[38.7551933,50.7859472,0],[38.7509017,50.7865984,0],[38.7414604,50.785079,0],[38.7318473,50.787141,0],[38.732019,50.7900711,0],[38.7263215,50.7922032,0],[38.7077821,50.8020768,0],[38.7105286,50.820625,0],[38.708812,50.8284325,0],[38.7266648,50.8373228,0],[38.7342179,50.8403582,0],[38.740741,50.8507635,0],[38.731128,50.8574824,0],[38.7259782,50.8579159,0],[38.7218583,50.8756836,0],[38.7489808,50.8663672,0],[38.7506974,50.8739505,0],[38.7421143,50.8802328,0],[38.747032,50.8895113,0],[38.7435988,50.8940592,0],[38.7463454,50.8981735,0],[38.7341574,50.89839,0],[38.7269476,50.900014,0],[38.7401656,50.9042361,0],[38.7712363,50.9079165,0],[38.7765578,50.9181986,0],[38.7959555,50.9171164,0],[38.8186148,50.9034783,0],[38.8174132,50.8982818,0],[38.8205031,50.8946006,0],[38.8366393,50.8938426,0],[38.8390425,50.8997975,0],[38.845909,50.8997975,0],[38.8562087,50.9030453,0],[38.8680533,50.9026122,0],[38.8707999,50.9041278,0],[38.8742331,50.9040196,0],[38.8785246,50.8966577,0],[38.8838461,50.8921102,0],[38.8883093,50.8901611,0],[38.8912276,50.891677,0],[38.8840178,50.8964412,0],[38.8817862,50.9019627,0],[38.8805846,50.9057516,0],[38.8795546,50.9084577,0],[38.8754347,50.9130037,0],[38.8725165,50.9153848,0],[38.8709715,50.9176575,0],[38.8754347,50.9198219,0],[38.8774947,50.9225272,0],[38.8754347,50.9263144,0],[38.8757781,50.9296685,0],[38.8828162,50.9317242,0],[38.8896826,50.9321569,0],[38.8913992,50.9364842,0],[38.8615302,50.9362679,0],[38.8503722,50.9388641,0],[38.8476256,50.9516267,0],[38.8441924,50.9595204,0],[38.8053969,50.9845984,0],[38.8644484,51.0068547,0],[38.8582686,51.0377364,0],[38.8431624,51.0332026,0],[38.8386992,51.0409746,0],[38.8304594,51.0396793,0],[38.8294295,51.0506876,0],[38.8180998,51.0461551,0],[38.8105467,51.048961,0],[38.8016203,51.076795,0],[38.7806777,51.0733436,0],[38.7590483,51.073775,0],[38.7425688,51.0711864,0],[38.7298659,51.0644983,0],[38.7226561,51.0595356,0],[38.7192229,51.0537091,0],[38.7168196,51.0506876,0],[38.70343,51.0560829,0],[38.6955336,51.0625564,0],[38.6869505,51.0573777,0],[38.6999968,51.0217582,0],[38.6800841,51.015279,0],[38.6728743,51.0066386,0],[38.6594847,51.0120391,0],[38.6313323,51.0008055,0],[38.6145094,51.0172229,0],[38.586357,51.0122551,0],[38.5458449,51.0269409,0],[38.531082,51.0496085,0],[38.5176924,51.0532775,0],[38.5018996,51.0459393,0],[38.5029295,51.0668716,0],[38.5091094,51.0711864,0],[38.4881667,51.0759322,0],[38.4648207,51.0765793,0],[38.4476546,51.0675189,0],[38.4404448,51.0640668,0],[38.4287718,51.0651456,0],[38.4092024,51.0701077,0],[38.3865431,51.0765793,0],[38.3923796,51.0938323,0],[38.4064558,51.0992226,0],[38.4081725,51.1309046,0],[38.3796767,51.1289655,0],[38.3834532,51.1494295,0],[38.3958128,51.1513678,0],[38.3971861,51.161273,0],[38.4081725,51.1617036,0],[38.4112624,51.1660095,0],[38.4864501,51.1625648,0],[38.4881667,51.1679471,0],[38.5224989,51.1642872,0],[38.5163191,51.1711761,0],[38.5053328,51.1774183,0],[38.5077361,51.1836596,0],[38.5273055,51.1890394,0],[38.5207823,51.2103371,0],[38.5032729,51.209907,0],[38.4919432,51.2172192,0],[38.4785536,51.2120577,0],[38.4538344,51.2180793,0],[38.4579543,51.2249602,0],[38.4713438,51.2243152,0],[38.4510878,51.251184,0],[38.4476546,51.2657941,0],[38.4363249,51.2677274,0],[38.4366683,51.2846944,0],[38.3958128,51.285768,0],[38.3796767,51.2700903,0],[38.3590773,51.2645052,0],[38.3384779,51.2559113,0],[38.3178786,51.2776077,0],[38.3110121,51.2855533,0],[38.3110121,51.2926388,0],[38.2989958,51.2919947,0],[38.2897261,51.2969324,0],[38.2963911,51.2986491,0],[38.2895302,51.3040687,0],[38.2263588,51.3006343,0],[38.2139992,51.3418299,0],[38.175129,51.3339455,0],[38.0762521,51.3708249,0],[38.0776253,51.3596784,0],[38.0474129,51.3661094,0],[38.0343667,51.3708249,0],[38.0364266,51.3832543,0],[38.0069009,51.4248039,0],[37.9766344,51.4211231,0],[37.9341164,51.4282289,0],[37.9306832,51.422663,0],[37.8963509,51.4248039,0],[37.849659,51.4316538,0],[37.839992,51.4266892,0],[37.8173867,51.4153835,0],[37.8084603,51.4033912,0],[37.7892342,51.3922527,0],[37.7689242,51.3960673,0],[37.7407717,51.3799987,0],[37.7023195,51.3607089,0],[37.6976418,51.3504077,0],[37.6803469,51.3559924,0],[37.6828042,51.3631084,0],[37.592167,51.3678242,0],[37.5811806,51.3905389,0],[37.5564614,51.3922527,0],[37.5324288,51.3841113,0],[37.5066256,51.3784987,0],[37.481617,51.3798258,0],[37.4678841,51.3699676,0],[37.4191323,51.3858254,0],[37.417759,51.3708249,0],[37.4053994,51.3725395,0],[37.4019662,51.3853969,0],[37.3861733,51.387111,0],[37.3241066,51.3606989,0],[37.3191714,51.3454857,0],[37.3106423,51.3348035,0],[37.2975961,51.3313714,0],[37.2824898,51.3399511,0],[37.2625771,51.3356615,0],[37.2543374,51.3300843,0],[37.2419778,51.3300843,0],[37.2179452,51.3420958,0],[37.1602669,51.3515312,0],[37.1486332,51.3565655,0],[37.1431008,51.3536754,0],[37.1527138,51.3425248,0],[37.1633028,51.3223196,0],[37.1596195,51.3149539,0],[37.1447634,51.3025762,0],[37.1232273,51.2874781,0],[37.1362344,51.2605274,0],[37.1362344,51.2373183,0],[37.1431008,51.2287194,0],[37.100568,51.2303275,0],[37.1012154,51.2411873,0],[37.1115151,51.2433366,0],[37.1067086,51.2510732,0],[37.0813027,51.2510732,0],[37.0840493,51.2424769,0],[37.0607034,51.2424769,0],[37.0352975,51.2351687,0],[37.0249978,51.2119469,0],[36.9947854,51.1887133,0],[36.9761919,51.1802789,0],[36.9618656,51.1804238,0],[36.9480935,51.1671902,0],[36.9192544,51.177953,0],[36.8979684,51.1719262,0],[36.867756,51.1801053,0],[36.8107644,51.169343,0],[36.7660784,51.1430309,0],[36.752776,51.1507442,0],[36.7372933,51.124976,0],[36.6947213,51.1055789,0],[36.6775943,51.0946871,0],[36.6658282,51.0828971,0],[36.660389,51.0922118,0],[36.6459154,51.0826814,0],[36.6249727,51.0764264,0],[36.5941669,51.0647064,0],[36.7752047,50.7993052,0],[37.2091646,50.6985118,0],[37.6391482,50.7087102,0],[37.8628511,50.7054701,0],[38.0496187,50.6288727,0],[38.2121904,50.5326339,0],[38.6978121,50.2756159,0],[39.1173549,50.1608737,0]]]},"properties":{"name":"Russian-controlled Belgorod Oblast - rear area","styleUrl":"#poly-A52714-1200-115-nodesc","fill-opacity":0.45098039215686275,"fill":"#a52714","stroke-opacity":1,"stroke":"#a52714","stroke-width":1.2}},{"type":"Feature","geometry":{"type":"Polygon","coordinates":[[[35.8870244,50.4366236,0],[35.8894491,50.4350109,0],[35.8994913,50.4339722,0],[35.9031821,50.4331247,0],[35.907259,50.4317579,0],[35.9140826,50.4306918,0],[35.9162712,50.4293249,0],[35.9185457,50.4279579,0],[35.9216786,50.4271104,0],[35.9256697,50.4279033,0],[35.9324932,50.428122,0],[35.9363556,50.428204,0],[35.9424496,50.4308285,0],[35.9450674,50.4339448,0],[35.9419727,50.4333089,0],[35.9409428,50.4335002,0],[35.9392691,50.4336916,0],[35.9376168,50.4337052,0],[35.937134,50.4333567,0],[35.937767,50.4320787,0],[35.9373271,50.4313201,0],[35.9359002,50.4303428,0],[35.9348649,50.4299532,0],[35.9343445,50.4301378,0],[35.9335613,50.4305068,0],[35.9324918,50.4307832,0],[35.9319158,50.4311962,0],[35.932223,50.4314756,0],[35.9316356,50.4321983,0],[35.930662,50.4324973,0],[35.92986,50.433179,0],[35.9281273,50.4338999,0],[35.9279394,50.4344842,0],[35.9275532,50.4349216,0],[35.9244311,50.4359398,0],[35.923326,50.435974,0],[35.9220601,50.4369854,0],[35.9210516,50.4373954,0],[35.9203434,50.436917,0],[35.9193349,50.436138,0],[35.9168779,50.4355094,0],[35.9141206,50.4351267,0],[35.9131711,50.4346346,0],[35.9122431,50.4344843,0],[35.9114814,50.4347166,0],[35.9105748,50.435324,0],[35.9089815,50.4354667,0],[35.9087992,50.4358066,0],[35.909121,50.4362132,0],[35.9089065,50.4369717,0],[35.9074473,50.4376687,0],[35.9069753,50.4381607,0],[35.9054566,50.438455,0],[35.9047008,50.4387073,0],[35.9033329,50.4384648,0],[35.9031391,50.4380723,0],[35.9014607,50.4382017,0],[35.9012246,50.4384887,0],[35.9003878,50.4389397,0],[35.8983922,50.4389807,0],[35.8953022,50.4385707,0],[35.8944868,50.4378054,0],[35.8922386,50.4376077,0],[35.8904791,50.4383183,0],[35.8894659,50.4389261,0],[35.8870244,50.4366236,0]]]},"properties":{"name":"Russian-controlled Bohodukhiv Raion, Kharkiv Oblast.","styleUrl":"#poly-A52714-1200-117-nodesc","fill-opacity":0.4588235294117647,"fill":"#a52714","stroke-opacity":1,"stroke":"#a52714","stroke-width":1.2}},{"type":"Feature","geometry":{"type":"Polygon","coordinates":[[[37.8933372,48.2885172,0],[37.9021191,48.2898639,0],[37.9014325,48.2980869,0],[37.9036758,48.3075276,0],[37.9063794,48.3136357,0],[37.9048156,48.3207053,0],[37.902584,48.3229882,0],[37.9024251,48.3265645,0],[37.9040343,48.3303022,0],[37.9058154,48.332328,0],[37.9032598,48.3397263,0],[37.9055772,48.341666,0],[37.9106413,48.3431493,0],[37.917379,48.3459732,0],[37.9197393,48.3476275,0],[37.9213272,48.3501659,0],[37.9221426,48.3530178,0],[37.9240646,48.3541488,0],[37.9257045,48.3567822,0],[37.9286228,48.3589494,0],[37.931069,48.3605178,0],[37.9318414,48.3622286,0],[37.936605,48.3661349,0],[37.9377208,48.3675604,0],[37.9395233,48.3686723,0],[37.9435144,48.3689289,0],[37.9453877,48.3650117,0],[37.9451302,48.3631584,0],[37.9474047,48.3619608,0],[37.9506721,48.3605365,0],[37.9558094,48.359731,0],[37.9590281,48.3603013,0],[37.9604872,48.3621833,0],[37.96259,48.3682563,0],[37.9624184,48.3726182,0],[37.9676541,48.3805428,0],[37.9720314,48.3808279,0],[37.9785546,48.3806569,0],[37.9787262,48.3893782,0],[37.9799278,48.39143,0],[37.9885109,48.391943,0],[38.001128,48.3940517,0],[38.0040449,48.3933141,0],[38.0098814,48.3952519,0],[38.0156334,48.3969582,0],[38.0271918,48.3981846,0],[38.0343157,48.3981846,0],[38.0384356,48.400863,0],[38.043527,48.4048254,0],[38.0505455,48.4100622,0],[38.0642981,48.4086999,0],[38.0804926,48.4084413,0],[38.0922789,48.405965,0],[38.1018919,48.4076743,0],[38.117829,48.4075297,0],[38.1170565,48.4129422,0],[38.119573,48.4159922,0],[38.1203258,48.4202596,0],[38.1351745,48.4190064,0],[38.142919,48.4165619,0],[38.1499458,48.4134423,0],[38.1547636,48.4104091,0],[38.1576705,48.4070612,0],[38.1638504,48.4027308,0],[38.1700303,48.4014202,0],[38.1707168,48.4041553,0],[38.1743139,48.405953,0],[38.1783557,48.407631,0],[38.1821324,48.4101949,0],[38.1881404,48.4125308,0],[38.1947495,48.412018,0],[38.1995373,48.405895,0],[38.2015972,48.4031599,0],[38.2064224,48.40199,0],[38.2120873,48.3966333,0],[38.2159496,48.3947526,0],[38.2258015,48.3840105,0],[38.230608,48.3842385,0],[38.2350503,48.3829616,0],[38.2387332,48.3807697,0],[38.2420026,48.37823,0],[38.2454359,48.3765767,0],[38.2496624,48.3739769,0],[38.257023,48.3699629,0],[38.2608854,48.3669979,0],[38.2609634,48.3634367,0],[38.2613146,48.3609532,0],[38.266207,48.3602688,0],[38.2737521,48.3601861,0],[38.2837164,48.3608961,0],[38.2891238,48.3619797,0],[38.2977669,48.3657795,0],[38.3049688,48.3656398,0],[38.3132944,48.3650125,0],[38.3196458,48.3673505,0],[38.3198175,48.3694602,0],[38.3255682,48.3710567,0],[38.3292589,48.3712848,0],[38.3345804,48.375675,0],[38.3341512,48.3792096,0],[38.335782,48.382915,0],[38.3392152,48.3853092,0],[38.353748,48.3905902,0],[38.3564517,48.396318,0],[38.3601853,48.3981131,0],[38.3634739,48.4024761,0],[38.3719878,48.4083101,0],[38.3736186,48.4118425,0],[38.3780818,48.4136655,0],[38.3836608,48.414577,0],[38.3888323,48.4162571,0],[38.3904631,48.4200738,0],[38.3893473,48.4233775,0],[38.3891836,48.4309782,0],[38.3821707,48.4290895,0],[38.3768491,48.4403648,0],[38.363288,48.4433256,0],[38.3572799,48.4409342,0],[38.3516151,48.4412758,0],[38.3457786,48.4370622,0],[38.3119615,48.4552808,0],[38.3200295,48.4642739,0],[38.3128357,48.4668989,0],[38.2985878,48.4931846,0],[38.3092001,48.4981757,0],[38.3117897,48.5007989,0],[38.3124763,48.5064857,0],[38.3208878,48.5087603,0],[38.2906716,48.5324443,0],[38.2759125,48.5418438,0],[38.2785106,48.5466452,0],[38.2625458,48.6422977,0],[38.2328255,48.6398304,0],[38.2305938,48.6526465,0],[38.2381469,48.6519661,0],[38.2383185,48.6558217,0],[38.2476027,48.6577683,0],[38.2597759,48.6572957,0],[38.2591086,48.6667935,0],[38.2892762,48.6726944,0],[38.2855397,48.6815749,0],[38.2917048,48.6833693,0],[38.3006059,48.6815356,0],[38.3147221,48.6855416,0],[38.3099009,48.6890357,0],[38.314879,48.7037653,0],[38.3044075,48.7104488,0],[38.3256936,48.7136203,0],[38.3260117,48.7295681,0],[38.3196853,48.735023,0],[38.3063478,48.7383227,0],[38.2984715,48.7381669,0],[38.2818577,48.7380521,0],[38.2642248,48.751543,0],[38.2663223,48.7533899,0],[38.2764267,48.7721446,0],[38.2823727,48.7738141,0],[38.2820293,48.7827506,0],[38.2789395,48.8033325,0],[38.2814285,48.8025411,0],[38.2887389,48.8122828,0],[38.3167669,48.8139867,0],[38.3132717,48.8284264,0],[38.2919969,48.8274342,0],[38.2728453,48.824019,0],[38.2719635,48.8326346,0],[38.2581446,48.842069,0],[38.245692,48.8417591,0],[38.2430912,48.8416165,0],[38.2430211,48.8404475,0],[38.2214794,48.8389082,0],[38.2261965,48.8564119,0],[38.2254222,48.8588165,0],[38.2288112,48.8592283,0],[38.2294134,48.8673621,0],[38.2277259,48.8684018,0],[38.2272246,48.8983208,0],[38.2277449,48.8996742,0],[38.2262972,48.9233408,0],[38.2249239,48.929544,0],[38.2235964,48.9327677,0],[38.2236204,48.934527,0],[38.2181461,48.9333598,0],[38.2162416,48.9320155,0],[38.2055248,48.9293573,0],[38.1974133,48.927694,0],[38.1950826,48.9279077,0],[38.1920965,48.9278619,0],[38.1876762,48.9287642,0],[38.1850832,48.9292892,0],[38.1803626,48.9290782,0],[38.167829,48.9311539,0],[38.1670769,48.9309633,0],[38.1642874,48.9305122,0],[38.157378,48.9307942,0],[38.1529402,48.9309116,0],[38.1470548,48.932607,0],[38.1456192,48.9327113,0],[38.1426497,48.9328835,0],[38.1413074,48.932376,0],[38.1409091,48.9318544,0],[38.1401768,48.9314033,0],[38.1394754,48.930583,0],[38.1393105,48.9298614,0],[38.1380661,48.9278337,0],[38.1373081,48.9264347,0],[38.1365719,48.9255316,0],[38.1322038,48.9236057,0],[38.1309675,48.9252161,0],[38.1278661,48.9263996,0],[38.1252446,48.9266559,0],[38.1195547,48.9267168,0],[38.1177595,48.9272121,0],[38.1165077,48.9286059,0],[38.116074,48.9308244,0],[38.1150516,48.9319725,0],[38.1101757,48.9332053,0],[38.1083758,48.9331046,0],[38.0952057,48.9349947,0],[38.0939274,48.9379592,0],[38.0919747,48.9397846,0],[38.0810742,48.9398549,0],[38.0761953,48.9386018,0],[38.0708002,48.938467,0],[38.0633356,48.9368665,0],[38.0579105,48.9390521,0],[38.0549501,48.9397103,0],[38.04944,48.9378946,0],[38.0458235,48.9362682,0],[38.044318,48.9348498,0],[38.0422661,48.9314976,0],[38.0422824,48.9295866,0],[38.0419176,48.9287689,0],[38.0388063,48.9263582,0],[38.0383921,48.9255422,0],[38.0364496,48.9243742,0],[38.0362136,48.9233732,0],[38.0338318,48.9201726,0],[38.0324444,48.9184231,0],[38.0305132,48.9146441,0],[38.0294081,48.9137698,0],[38.0290733,48.9129131,0],[38.0287386,48.9122821,0],[38.02842,48.9118283,0],[38.027858,48.9106536,0],[38.0270815,48.9102263,0],[38.0263867,48.9097102,0],[38.0250054,48.9090813,0],[38.024418,48.9085229,0],[38.0241015,48.9076176,0],[38.0231413,48.9067406,0],[38.0214572,48.905593,0],[38.019317,48.9032067,0],[38.0159325,48.9046146,0],[38.014831,48.9049091,0],[38.0135793,48.9048369,0],[38.0127711,48.9046078,0],[38.0117555,48.9030213,0],[38.0112228,48.902006,0],[38.0110423,48.901188,0],[38.0109048,48.9007085,0],[38.0105313,48.9003415,0],[38.0097716,48.900059,0],[38.0061065,48.8991555,0],[38.0055356,48.8989707,0],[38.0097374,48.8948271,0],[38.0204645,48.8859994,0],[38.0300793,48.8932193,0],[38.0317156,48.889694,0],[38.0411622,48.8915582,0],[38.0342015,48.881611,0],[38.0371167,48.8702159,0],[38.017248,48.8640385,0],[38.0147919,48.8633122,0],[38.0010926,48.8603832,0],[38.0033483,48.8482259,0],[38.0034631,48.8475261,0],[38.0012533,48.8470711,0],[38.0014462,48.845415,0],[37.9984529,48.8454362,0],[37.9970045,48.8456551,0],[37.9958995,48.8462376,0],[37.9946657,48.8471872,0],[37.9942901,48.8475085,0],[37.9939629,48.8476338,0],[37.9899664,48.845994,0],[37.9891195,48.8450189,0],[37.9905595,48.8440086,0],[37.9888429,48.8409018,0],[37.9878987,48.8379924,0],[37.9861392,48.8376535,0],[37.9795457,48.8388866,0],[37.9786015,48.837206,0],[37.9848495,48.8356808,0],[37.9980647,48.8339902,0],[38.0083044,48.8320685,0],[38.0133684,48.8256554,0],[38.0109297,48.8233621,0],[38.0053507,48.8212147,0],[37.9818874,48.8142662,0],[37.9812437,48.8135597,0],[37.9818874,48.8127684,0],[37.9752637,48.7982771,0],[37.9721309,48.7983054,0],[37.9711009,48.7975987,0],[37.9698135,48.7971463,0],[37.9666807,48.7971746,0],[37.9662515,48.7882689,0],[37.9665948,48.7836034,0],[37.960178,48.7827903,0],[37.9580104,48.7819807,0],[37.9556092,48.7809203,0],[37.9531651,48.7805385,0],[37.9496187,48.7806226,0],[37.9469043,48.7800711,0],[37.9431011,48.7782399,0],[37.9318647,48.7742026,0],[37.9234522,48.7755313,0],[37.9113501,48.7709212,0],[37.9061553,48.772023,0],[37.9045675,48.7725887,0],[37.9033658,48.7759543,0],[37.9019496,48.7776228,0],[37.8988597,48.7798004,0],[37.8970144,48.7813557,0],[37.8957269,48.7813274,0],[37.8946111,48.7807053,0],[37.8915641,48.780168,0],[37.8910062,48.7790651,0],[37.890105,48.7779339,0],[37.8899333,48.7757846,0],[37.8896329,48.774625,0],[37.8897617,48.773522,0],[37.8910062,48.7720795,0],[37.8912208,48.7692511,0],[37.8916929,48.7680065,0],[37.8802215,48.7579481,0],[37.8805648,48.7564203,0],[37.8803716,48.7532017,0],[37.8792298,48.7521611,0],[37.878419,48.7513908,0],[37.8791915,48.7505419,0],[37.880341,48.7484885,0],[37.8827443,48.7426874,0],[37.8846755,48.7422346,0],[37.885963,48.7415837,0],[37.8868213,48.7402535,0],[37.8875509,48.7396026,0],[37.8955833,48.7313196,0],[37.8939096,48.730895,0],[37.88155,48.7288852,0],[37.8762285,48.7273565,0],[37.8738252,48.7271584,0],[37.8709928,48.7267337,0],[37.866022,48.7296773,0],[37.8643912,48.7294225,0],[37.8629321,48.7286582,0],[37.8612584,48.7282902,0],[37.85451,48.7308167,0],[37.8540271,48.7298047,0],[37.8564626,48.7281557,0],[37.8568381,48.7269597,0],[37.8578251,48.7257424,0],[37.8612155,48.7232228,0],[37.8609184,48.7219196,0],[37.8604678,48.7212613,0],[37.8624848,48.7212047,0],[37.8656176,48.7172974,0],[37.866245,48.716946,0],[37.8702468,48.7121039,0],[37.8630058,48.708846,0],[37.857764,48.706317,0],[37.8536548,48.7034742,0],[37.8522976,48.703977,0],[37.845576,48.7047912,0],[37.843516,48.701081,0],[37.8405549,48.6977103,0],[37.8374221,48.696294,0],[37.835828,48.6965422,0],[37.8349053,48.6967546,0],[37.8340899,48.6946726,0],[37.8371396,48.692988,0],[37.8380007,48.6925074,0],[37.8365684,48.6878135,0],[37.8343878,48.6835959,0],[37.8274457,48.6844636,0],[37.8217484,48.6862712,0],[37.8173552,48.6908369,0],[37.8115187,48.6934148,0],[37.8094588,48.6904403,0],[37.8058539,48.6881739,0],[37.8096734,48.6852274,0],[37.8119469,48.6839392,0],[37.8149618,48.6822364,0],[37.8194555,48.6788003,0],[37.821337,48.6776085,0],[37.8239843,48.6770384,0],[37.8296219,48.6768047,0],[37.8363167,48.6763798,0],[37.8396969,48.675687,0],[37.8408127,48.6746951,0],[37.8412847,48.6737033,0],[37.8414673,48.6721924,0],[37.8409523,48.6705203,0],[37.8343494,48.6593555,0],[37.8215899,48.6517166,0],[37.8162469,48.6486687,0],[37.8127073,48.646248,0],[37.8121494,48.6455675,0],[37.8123845,48.6440469,0],[37.8142599,48.6401343,0],[37.81544,48.6355401,0],[37.8168777,48.6342213,0],[37.8187445,48.6334698,0],[37.8229019,48.6321612,0],[37.8307563,48.600428,0],[37.8302628,48.6003713,0],[37.8289109,48.6003287,0],[37.8284818,48.6001868,0],[37.8274303,48.5999739,0],[37.8261,48.5999597,0],[37.8241259,48.6000023,0],[37.822774,48.6001442,0],[37.8216582,48.601095,0],[37.8212076,48.6014497,0],[37.8203064,48.6021734,0],[37.819491,48.602443,0],[37.8188044,48.601847,0],[37.8190189,48.6011375,0],[37.81977,48.5997895,0],[37.8102859,48.5987877,0],[37.809256,48.5978512,0],[37.8034624,48.5976241,0],[37.8033766,48.5966875,0],[37.803162,48.5962618,0],[37.8002437,48.5960063,0],[37.7996,48.5926003,0],[37.7999862,48.5908404,0],[37.8084486,48.5913463,0],[37.8086739,48.5884581,0],[37.8084742,48.5879605,0],[37.8090214,48.5864284,0],[37.8093331,48.5810605,0],[37.8135947,48.5793713,0],[37.814303,48.5772402,0],[37.8145605,48.5760477,0],[37.8156763,48.5739181,0],[37.8165344,48.573038,0],[37.8240444,48.5755793,0],[37.8267484,48.5776094,0],[37.8282934,48.5777229,0],[37.8330141,48.5726119,0],[37.8255299,48.5690984,0],[37.8217962,48.5658893,0],[37.8242897,48.5631784,0],[37.8260809,48.5615764,0],[37.821725,48.5594604,0],[37.8216177,48.558722,0],[37.8207165,48.557955,0],[37.8195792,48.5557111,0],[37.8211225,48.5523658,0],[37.8196634,48.5513999,0],[37.8184832,48.5502636,0],[37.8168095,48.5492125,0],[37.8149642,48.5493261,0],[37.813033,48.5491699,0],[37.8108228,48.5479625,0],[37.810583,48.5476718,0],[37.8148726,48.5463972,0],[37.8152249,48.5461383,0],[37.8167232,48.5462028,0],[37.8182179,48.5461189,0],[37.8191902,48.5461642,0],[37.8192036,48.5460701,0],[37.8208398,48.5461091,0],[37.822081,48.5460774,0],[37.8235149,48.5460501,0],[37.8242131,48.5458606,0],[37.8248147,48.5454225,0],[37.8252148,48.5453323,0],[37.8257146,48.5453649,0],[37.8266928,48.5450182,0],[37.82719,48.5449498,0],[37.8279696,48.5420996,0],[37.829915,48.54211,0],[37.8300294,48.5428838,0],[37.8297862,48.5439767,0],[37.8319176,48.5438752,0],[37.8324037,48.541655,0],[37.8336331,48.5411924,0],[37.8343409,48.5416749,0],[37.8354029,48.541632,0],[37.8355422,48.5411204,0],[37.837902,48.5415953,0],[37.8388778,48.5427912,0],[37.8395639,48.5431773,0],[37.8421699,48.542678,0],[37.8431345,48.5424273,0],[37.8439692,48.5422882,0],[37.8451473,48.5419927,0],[37.8471122,48.5447231,0],[37.844174,48.5469919,0],[37.84275,48.5462308,0],[37.8400641,48.5441497,0],[37.8378025,48.544293,0],[37.8321613,48.5453383,0],[37.8316764,48.5454,0],[37.8308996,48.5452393,0],[37.8298101,48.5453635,0],[37.8268967,48.5458145,0],[37.8268587,48.5461234,0],[37.8285864,48.5467529,0],[37.8387412,48.5495549,0],[37.8416863,48.5503539,0],[37.8420939,48.5499348,0],[37.8438642,48.5503893,0],[37.8472331,48.5513979,0],[37.8483274,48.5520796,0],[37.8519752,48.5542385,0],[37.8658268,48.5433333,0],[37.8660843,48.5435926,0],[37.8664276,48.5435393,0],[37.8684017,48.5431131,0],[37.8703758,48.5430847,0],[37.8723499,48.5433972,0],[37.8764268,48.5434824,0],[37.8772563,48.5431307,0],[37.8779428,48.5420937,0],[37.8827512,48.530345,0],[37.8832232,48.5296772,0],[37.8852617,48.5287677,0],[37.8888881,48.5272188,0],[37.8910124,48.5265367,0],[37.8933512,48.5268209,0],[37.8956043,48.5276308,0],[37.897278,48.5274178,0],[37.8984152,48.5260108,0],[37.8998099,48.5232965,0],[37.9030039,48.5191931,0],[37.9063085,48.5157818,0],[37.9130573,48.5101793,0],[37.9184315,48.5051451,0],[37.9202769,48.5036452,0],[37.9209206,48.5028846,0],[37.920427,48.5024012,0],[37.9171011,48.5002117,0],[37.913291,48.4979585,0],[37.9118856,48.4966504,0],[37.9108342,48.4957617,0],[37.9107483,48.4949369,0],[37.911156,48.4940767,0],[37.912583,48.4926475,0],[37.9169359,48.4894846,0],[37.9312456,48.4800116,0],[37.9408163,48.4742792,0],[37.9458797,48.4711636,0],[37.9493549,48.4653451,0],[37.9518439,48.4608774,0],[37.9519512,48.4602513,0],[37.9516007,48.4595393,0],[37.9414941,48.4550425,0],[37.9381038,48.4536194,0],[37.9369881,48.4526089,0],[37.936709,48.4516982,0],[37.9369451,48.4506734,0],[37.9377176,48.4485671,0],[37.9450781,48.4362225,0],[37.9489405,48.4310686,0],[37.949713,48.4295879,0],[37.9492838,48.4291608,0],[37.946666,48.4279648,0],[37.9411941,48.425772,0],[37.9383404,48.42506,0],[37.9367955,48.42375,0],[37.9365808,48.4226678,0],[37.9376108,48.4198767,0],[37.9304011,48.4192216,0],[37.922848,48.4217849,0],[37.918299,48.4229811,0],[37.9119475,48.4237215,0],[37.9018195,48.4240063,0],[37.8973563,48.4273668,0],[37.8861124,48.4272528,0],[37.8815634,48.4281072,0],[37.8755553,48.4326063,0],[37.8722079,48.4347703,0],[37.867058,48.4379592,0],[37.8629382,48.4379592,0],[37.8577883,48.4383578,0],[37.8511794,48.4382439,0],[37.8520377,48.4351689,0],[37.8566725,48.4310687,0],[37.8643973,48.4254303,0],[37.8704054,48.420133,0],[37.8681525,48.4172927,0],[37.8613719,48.4179763,0],[37.8556212,48.4175206,0],[37.8480681,48.4172358,0],[37.8296145,48.4216789,0],[37.8278979,48.4208245,0],[37.8225764,48.4194004,0],[37.8184565,48.4165522,0],[37.8133179,48.4116576,0],[37.8103997,48.4092077,0],[37.8057219,48.4067863,0],[37.7974392,48.4030256,0],[37.7905299,48.3988657,0],[37.7877404,48.4001764,0],[37.7846505,48.4023703,0],[37.7836205,48.4055897,0],[37.7844788,48.4071851,0],[37.7860667,48.4082961,0],[37.787912,48.4099769,0],[37.7890278,48.4123982,0],[37.7898861,48.4140504,0],[37.7899291,48.4168418,0],[37.7884998,48.4196709,0],[37.7875986,48.4206677,0],[37.785882,48.4223481,0],[37.7845945,48.4234303,0],[37.7831783,48.4247973,0],[37.7818479,48.4263351,0],[37.7816763,48.4287842,0],[37.7835009,48.4302789,0],[37.7819989,48.4309624,0],[37.7801106,48.4309908,0],[37.778909,48.4294247,0],[37.7787802,48.4268333,0],[37.7807488,48.4222392,0],[37.7818646,48.4209861,0],[37.7836671,48.4185082,0],[37.7845683,48.417141,0],[37.7850404,48.415375,0],[37.7843966,48.4142356,0],[37.7829375,48.4128399,0],[37.7807488,48.4117004,0],[37.7777018,48.4108174,0],[37.7720399,48.4094697,0],[37.7705808,48.4083872,0],[37.7683921,48.4069913,0],[37.7663751,48.4058517,0],[37.7632852,48.4039429,0],[37.7616115,48.4019485,0],[37.7603241,48.3990708,0],[37.7611394,48.3912916,0],[37.7727691,48.3791509,0],[37.7749578,48.3765284,0],[37.7786056,48.3759583,0],[37.7826396,48.3746755,0],[37.7862874,48.3739628,0],[37.7926389,48.3698576,0],[37.7956859,48.3678049,0],[37.7977555,48.3691725,0],[37.7996438,48.3683172,0],[37.8034203,48.3667776,0],[37.8061669,48.3669202,0],[37.8078406,48.3663214,0],[37.8110593,48.3644966,0],[37.8135913,48.3621586,0],[37.8153508,48.3592216,0],[37.8166812,48.3563699,0],[37.8193848,48.3521492,0],[37.813036,48.3500852,0],[37.8138943,48.3452079,0],[37.8159543,48.3392177,0],[37.8114482,48.337449,0],[37.8031655,48.336422,0],[37.7771573,48.3343123,0],[37.7508931,48.3312881,0],[37.7522664,48.3287202,0],[37.7564721,48.3238695,0],[37.7454,48.322728,0],[37.7469836,48.3216186,0],[37.7483569,48.3198493,0],[37.7499019,48.3176804,0],[37.7512752,48.3152831,0],[37.752391,48.3127715,0],[37.7538501,48.3116298,0],[37.7556525,48.309746,0],[37.75797,48.3093464,0],[37.7616607,48.3068345,0],[37.7628623,48.3067774,0],[37.7662955,48.3076338,0],[37.7661239,48.309746,0],[37.7671946,48.3129269,0],[37.7686537,48.3153243,0],[37.7732027,48.3173221,0],[37.7757776,48.3185778,0],[37.7747477,48.3215457,0],[37.7717436,48.3246846,0],[37.7995527,48.3274809,0],[37.8074492,48.3297636,0],[37.8105391,48.3218311,0],[37.8121698,48.3200618,0],[37.8353441,48.3226871,0],[37.8418673,48.321774,0],[37.8438414,48.3170367,0],[37.8440989,48.3158951,0],[37.8448713,48.3127557,0],[37.8446997,48.3086455,0],[37.845558,48.3056198,0],[37.8461588,48.3025368,0],[37.8470171,48.299682,0],[37.8472746,48.2965416,0],[37.8488195,48.2904885,0],[37.8503447,48.2872035,0],[37.8827028,48.2890881,0],[37.8933372,48.2885172,0]]]},"properties":{"name":"Russian-controlled Bakhmut Raion, Donetsk Oblast.","styleUrl":"#poly-A52714-1200-112-nodesc","fill-opacity":0.4392156862745098,"fill":"#a52714","stroke-opacity":1,"stroke":"#a52714","stroke-width":1.2}},{"type":"Feature","geometry":{"type":"Polygon","coordinates":[[[34.2857462,51.7046752,0],[34.2868616,51.7050476,0],[34.2905307,51.7050609,0],[34.2936285,51.7067316,0],[34.2944038,51.7071551,0],[34.2960024,51.7073343,0],[34.2968257,51.7078618,0],[34.2975978,51.7081432,0],[34.2977281,51.7090389,0],[34.2974737,51.7096603,0],[34.2990144,51.7113188,0],[34.298835,51.71191,0],[34.2996198,51.7121608,0],[34.3004046,51.7120926,0],[34.3016913,51.7130271,0],[34.3016051,51.7141059,0],[34.302978,51.7143339,0],[34.3032778,51.7150291,0],[34.3027411,51.7154033,0],[34.3060079,51.7188346,0],[34.3070245,51.7192203,0],[34.307526,51.719739,0],[34.3094794,51.7203799,0],[34.3105744,51.7197978,0],[34.3123236,51.7198124,0],[34.3125973,51.7191551,0],[34.3136435,51.7181787,0],[34.3148776,51.7175021,0],[34.3153659,51.7166321,0],[34.3180858,51.7164135,0],[34.3193733,51.716008,0],[34.320532,51.7162041,0],[34.3218409,51.7155576,0],[34.3226134,51.7158725,0],[34.3249567,51.7156397,0],[34.3268879,51.7155599,0],[34.3285187,51.7154004,0],[34.3311795,51.7152941,0],[34.3339728,51.7146588,0],[34.3351717,51.7136084,0],[34.3376551,51.7140337,0],[34.3405306,51.7136749,0],[34.3446719,51.7146654,0],[34.3465521,51.7149088,0],[34.348089,51.7154181,0],[34.3491887,51.715001,0],[34.3489042,51.7166028,0],[34.3485634,51.7179272,0],[34.3477077,51.7186136,0],[34.3442219,51.7187774,0],[34.3416803,51.7187816,0],[34.3378846,51.7191089,0],[34.3334969,51.7203723,0],[34.3306198,51.7210695,0],[34.3284575,51.7218971,0],[34.3272313,51.7230308,0],[34.3258493,51.7246687,0],[34.3239998,51.7258926,0],[34.3217682,51.7270889,0],[34.3186911,51.7267525,0],[34.3135713,51.7268097,0],[34.3115242,51.727736,0],[34.3099793,51.7284006,0],[34.3082284,51.7289496,0],[34.307413,51.728604,0],[34.306898,51.7266104,0],[34.3065547,51.724404,0],[34.3028425,51.7236463,0],[34.3011044,51.7236065,0],[34.2996668,51.7233007,0],[34.2988299,51.7227425,0],[34.2980059,51.7217016,0],[34.29677,51.7205093,0],[34.2957314,51.7201596,0],[34.2947443,51.7190961,0],[34.2941629,51.7173654,0],[34.2936908,51.7169134,0],[34.2930358,51.7150721,0],[34.2918986,51.7145669,0],[34.2918986,51.7140284,0],[34.2908793,51.7132174,0],[34.2892915,51.7126657,0],[34.2876714,51.710565,0],[34.2854827,51.7062104,0],[34.2857462,51.7046752,0]]]},"properties":{"name":"Russian-controlled Shostka Raion, Sumy Oblast.","styleUrl":"#poly-A52714-1200-99-nodesc","fill-opacity":0.38823529411764707,"fill":"#a52714","stroke-opacity":1,"stroke":"#a52714","stroke-width":1.2}},{"type":"Feature","geometry":{"type":"Polygon","coordinates":[[[35.3382235,51.0080563,0],[35.3404938,51.007323,0],[35.3539305,51.0057339,0],[35.3585183,51.0058108,0],[35.3630673,51.0062968,0],[35.3689509,51.0086503,0],[35.3731953,51.0089431,0],[35.3759889,51.0097844,0],[35.3757314,51.0117825,0],[35.3823404,51.0127545,0],[35.3837996,51.019936,0],[35.3935843,51.01972,0],[35.3944426,51.0226895,0],[35.4038839,51.0226895,0],[35.403751,51.0246558,0],[35.4092055,51.0267385,0],[35.4077463,51.0291137,0],[35.4037123,51.0290057,0],[35.4029828,51.0315698,0],[35.4003006,51.0319071,0],[35.4005365,51.0336479,0],[35.4038839,51.0343496,0],[35.403841,51.0388562,0],[35.4090767,51.0390182,0],[35.4079612,51.042175,0],[35.4061051,51.0426607,0],[35.4054676,51.0451661,0],[35.4062014,51.048327,0],[35.4022532,51.050863,0],[35.4035406,51.05205,0],[35.3996621,51.0540351,0],[35.3868895,51.0628935,0],[35.3830271,51.0646736,0],[35.3777056,51.0665614,0],[35.3727274,51.0675323,0],[35.3705816,51.0672087,0],[35.3620844,51.0667772,0],[35.3565054,51.0661299,0],[35.3542738,51.065213,0],[35.353158,51.0644039,0],[35.3497248,51.0644039,0],[35.3450041,51.0658602,0],[35.341485,51.0689886,0],[35.3366785,51.0707144,0],[35.3282139,51.0688609,0],[35.3304455,51.0696025,0],[35.3280181,51.070991,0],[35.3258027,51.0741095,0],[35.328042,51.0770975,0],[35.3126173,51.077176,0],[35.3117279,51.0786868,0],[35.3042664,51.0787277,0],[35.3036701,51.0778685,0],[35.3049826,51.0765322,0],[35.3050426,51.0761243,0],[35.3038969,51.0741273,0],[35.3021459,51.0740077,0],[35.3016841,51.073946,0],[35.3010983,51.0729811,0],[35.3012983,51.0721269,0],[35.3002626,51.0718992,0],[35.2983312,51.0724389,0],[35.2979878,51.0720076,0],[35.298262,51.071237,0],[35.2960566,51.0697963,0],[35.2945284,51.0694774,0],[35.2882705,51.0693566,0],[35.2880812,51.0686229,0],[35.2866306,51.0674862,0],[35.2859053,51.0673224,0],[35.2848967,51.0676088,0],[35.2838012,51.0673,0],[35.2831626,51.0670206,0],[35.282481,51.0669838,0],[35.2822766,51.0673958,0],[35.2817595,51.0675872,0],[35.2811972,51.0676734,0],[35.2791372,51.0661631,0],[35.2776781,51.0647338,0],[35.2773563,51.0641236,0],[35.2768252,51.0640544,0],[35.2760474,51.066271,0],[35.2751919,51.0664246,0],[35.2739695,51.065957,0],[35.2737603,51.0642489,0],[35.2739991,51.0637725,0],[35.2746971,51.063364,0],[35.2762597,51.0624038,0],[35.275644,51.0607579,0],[35.2756809,51.0589355,0],[35.2750947,51.0588032,0],[35.273579,51.0595637,0],[35.2725354,51.0595688,0],[35.2725444,51.0589626,0],[35.2733213,51.0580661,0],[35.2667169,51.0578708,0],[35.264675,51.0596253,0],[35.2659984,51.0618395,0],[35.2657523,51.0629003,0],[35.2608435,51.0612717,0],[35.2575271,51.0588182,0],[35.2576158,51.0613895,0],[35.2559909,51.0621624,0],[35.2537636,51.0615775,0],[35.2480651,51.064509,0],[35.2441745,51.0639668,0],[35.2437172,51.0635324,0],[35.2422579,51.0602285,0],[35.2268727,51.0547599,0],[35.2259985,51.0539235,0],[35.2258916,51.0533224,0],[35.2263431,51.053007,0],[35.2264348,51.0527312,0],[35.2262071,51.0524922,0],[35.2243498,51.0523592,0],[35.2233423,51.0524119,0],[35.2227518,51.0524322,0],[35.2221977,51.0507092,0],[35.2220096,51.0504658,0],[35.2214194,51.0503659,0],[35.221238,51.0507208,0],[35.2185127,51.0505661,0],[35.2142526,51.0491683,0],[35.2202662,51.0466041,0],[35.2289494,51.0410661,0],[35.242454,51.0467082,0],[35.2593951,51.0486254,0],[35.2626137,51.0537511,0],[35.2716809,51.0564349,0],[35.2760582,51.058431,0],[35.2815514,51.0657132,0],[35.2864375,51.0668718,0],[35.295061,51.0628742,0],[35.2997842,51.0617744,0],[35.3037359,51.0614568,0],[35.3083243,51.0625027,0],[35.3118434,51.06493,0],[35.3222643,51.0612102,0],[35.3304182,51.0572182,0],[35.3358684,51.0577307,0],[35.3363834,51.0538193,0],[35.3468118,51.054197,0],[35.3506313,51.0546017,0],[35.3565322,51.0525514,0],[35.3591071,51.0482079,0],[35.3634845,51.0437021,0],[35.3681193,51.0415435,0],[35.3702771,51.0391759,0],[35.3707062,51.0375028,0],[35.3709964,51.0364744,0],[35.370792,51.0345343,0],[35.3702771,51.032861,0],[35.3689365,51.0313063,0],[35.3698479,51.0305399,0],[35.3712324,51.0297949,0],[35.3737103,51.0288126,0],[35.3755025,51.0273252,0],[35.3767144,51.0262754,0],[35.3800618,51.0227663,0],[35.378807,51.0217916,0],[35.3765427,51.0209846,0],[35.3729378,51.0200668,0],[35.3715645,51.0196888,0],[35.3681313,51.0187169,0],[35.3663186,51.0182551,0],[35.3642587,51.0170942,0],[35.3614692,51.0167703,0],[35.3598915,51.0170431,0],[35.3578316,51.0173131,0],[35.3554181,51.0177422,0],[35.352929,51.0186331,0],[35.3491525,51.0186601,0],[35.3429298,51.0170402,0],[35.3413521,51.0142353,0],[35.3382235,51.0080563,0]]]},"properties":{"name":"Russian-controlled Sumy Raion, Sumy Oblast.","styleUrl":"#poly-A52714-1200-87-nodesc","fill-opacity":0.3411764705882353,"fill":"#a52714","stroke-opacity":1,"stroke":"#a52714","stroke-width":1.2}},{"type":"Feature","geometry":{"type":"Polygon","coordinates":[[[35.4228956,50.7988022,0],[35.4224597,50.7988307,0],[35.4203207,50.8052845,0],[35.4183398,50.8101674,0],[35.4179106,50.8135841,0],[35.4189316,50.8146891,0],[35.4139918,50.8143468,0],[35.4120562,50.8136789,0],[35.4073179,50.8136917,0],[35.3968031,50.813908,0],[35.3873186,50.8143828,0],[35.3822767,50.8144694,0],[35.3754742,50.810868,0],[35.3744011,50.8064304,0],[35.3682215,50.8028164,0],[35.369037,50.798558,0],[35.3859026,50.7941908,0],[35.4030258,50.7960083,0],[35.4100639,50.7961168,0],[35.4168874,50.7965508,0],[35.4228956,50.7988022,0]]]},"properties":{"name":"Polygon 33","styleUrl":"#poly-A52714-1200-97-nodesc","fill-opacity":0.3803921568627451,"fill":"#a52714","stroke-opacity":1,"stroke":"#a52714","stroke-width":1.2}},{"type":"Feature","geometry":{"type":"Polygon","coordinates":[[[36.5828106,50.2154492,0],[36.5875312,50.2184698,0],[36.5934106,50.2220669,0],[36.6045686,50.2273935,0],[36.6128183,50.2315924,0],[36.6030336,50.231263,0],[36.5944835,50.2357115,0],[36.5919944,50.2325547,0],[36.5880033,50.2298918,0],[36.5859434,50.2284642,0],[36.5817377,50.2257736,0],[36.5772316,50.2234398,0],[36.5757295,50.22171,0],[36.577532,50.2202822,0],[36.5802356,50.2180579,0],[36.581051,50.216273,0],[36.5828106,50.2154492,0]]]},"properties":{"name":"Polygon 27","styleUrl":"#poly-A52714-1200-102-nodesc","fill-opacity":0.4,"fill":"#a52714","stroke-opacity":1,"stroke":"#a52714","stroke-width":1.2}},{"type":"Feature","geometry":{"type":"GeometryCollection","geometries":[{"type":"Polygon","coordinates":[[[36.5415109,47.9059909,0],[36.5723187,47.9089441,0],[36.5763471,47.9090777,0],[36.5807217,47.9090294,0],[36.5814498,47.9093217,0],[36.5818347,47.9100742,0],[36.5917676,47.9110104,0],[36.5895767,47.9218563,0],[36.5934748,47.9216938,0],[36.6174421,47.9174086,0],[36.639758,47.9201984,0],[36.6286849,47.9616827,0],[36.6093169,47.959614,0],[36.5932496,47.9574322,0],[36.5920047,47.9569391,0],[36.5874125,47.9564459,0],[36.5850081,47.9625868,0],[36.5838039,47.965672,0],[36.5798503,47.9654055,0],[36.5537491,47.9629116,0],[36.5485588,47.9723853,0],[36.5459409,47.9723278,0],[36.5353084,47.9722921,0],[36.533002,47.969038,0],[36.5321663,47.96519,0],[36.5316513,47.9609083,0],[36.5322521,47.9573734,0],[36.5314922,47.9562455,0],[36.5308055,47.954636,0],[36.5291748,47.9529978,0],[36.5248403,47.9504109,0],[36.5220315,47.9504731,0],[36.5181927,47.9503053,0],[36.5149782,47.9508894,0],[36.513275,47.9441208,0],[36.5272836,47.9419964,0],[36.5412902,47.9379726,0],[36.5376829,47.9337488,0],[36.5344203,47.9317806,0],[36.5342479,47.9284897,0],[36.5324412,47.9269714,0],[36.535776,47.9192436,0],[36.5415109,47.9059909,0]]]},{"type":"Polygon","coordinates":[[[36.4093325,47.8286231,0],[36.4093055,47.8287933,0],[36.4093031,47.8287937,0],[36.4093325,47.8286231,0]]]},{"type":"Polygon","coordinates":[[[36.4261183,47.8288608,0],[36.4273199,47.8283998,0],[36.4283928,47.82791,0],[36.4272717,47.8284287,0],[36.4261183,47.8288608,0]]]},{"type":"Polygon","coordinates":[[[36.4345726,47.8270169,0],[36.4378773,47.8268929,0],[36.4413288,47.8258945,0],[36.4502917,47.8243768,0],[36.4538014,47.8240887,0],[36.4559378,47.8240887,0],[36.4578667,47.8243192,0],[36.4674297,47.8241459,0],[36.4831702,47.8249359,0],[36.4910393,47.8259614,0],[36.5218749,47.8286127,0],[36.5229663,47.8286868,0],[36.5211465,47.8340571,0],[36.521964,47.83474,0],[36.5208596,47.8366129,0],[36.5854036,47.8474403,0],[36.5799206,47.8675254,0],[36.5773459,47.880266,0],[36.5642846,47.8785253,0],[36.5493422,47.8775397,0],[36.5474017,47.8838801,0],[36.5385206,47.8815714,0],[36.5201813,47.8795921,0],[36.5179959,47.8927847,0],[36.515572,47.8925598,0],[36.5180509,47.8790936,0],[36.5033654,47.8782909,0],[36.4989364,47.8822843,0],[36.4860061,47.8848968,0],[36.4730332,47.886339,0],[36.4709143,47.8971135,0],[36.4606403,47.8958023,0],[36.4635169,47.8817174,0],[36.4505578,47.8797479,0],[36.4406924,47.8790359,0],[36.4408683,47.8767792,0],[36.4588091,47.8753054,0],[36.4599895,47.8724181,0],[36.4672746,47.8690457,0],[36.4636212,47.8575126,0],[36.4624576,47.8567192,0],[36.4558496,47.8560193,0],[36.4480401,47.8550311,0],[36.4487079,47.8507204,0],[36.4518643,47.840765,0],[36.4473178,47.840213,0],[36.4399393,47.840698,0],[36.4345986,47.8400058,0],[36.4373317,47.8305586,0],[36.4351367,47.8290761,0],[36.4338002,47.8270457,0],[36.4345726,47.8270169,0]]]},{"type":"Polygon","coordinates":[[[36.4093031,47.8287937,0],[36.4075201,47.8391479,0],[36.4068988,47.8412413,0],[36.4045385,47.8476462,0],[36.3953331,47.8467021,0],[36.3940238,47.8515179,0],[36.3930828,47.8574389,0],[36.3783707,47.8563979,0],[36.3788711,47.8502455,0],[36.3731063,47.8495659,0],[36.3706463,47.84984,0],[36.3630699,47.8506753,0],[36.350551,47.8524919,0],[36.3493614,47.8544232,0],[36.3337644,47.8597815,0],[36.3246349,47.8716053,0],[36.3179678,47.8759905,0],[36.3154197,47.8797997,0],[36.3014433,47.8779515,0],[36.2921445,47.8783649,0],[36.2859356,47.8773962,0],[36.2815006,47.8774009,0],[36.2802486,47.8824833,0],[36.2789964,47.8846876,0],[36.2753331,47.8860884,0],[36.2701246,47.8877768,0],[36.2674037,47.8861291,0],[36.238974,47.8965653,0],[36.231911,47.8927832,0],[36.2242466,47.8989564,0],[36.2227006,47.8982975,0],[36.2198234,47.8972342,0],[36.2163223,47.8995485,0],[36.2125191,47.9056905,0],[36.2102442,47.9060646,0],[36.1954276,47.9055544,0],[36.1894515,47.9065967,0],[36.1851764,47.9042917,0],[36.1879393,47.9026482,0],[36.1887519,47.9021864,0],[36.192376,47.9022707,0],[36.1932705,47.901644,0],[36.1931728,47.9009945,0],[36.1938363,47.8994267,0],[36.1934218,47.8981239,0],[36.1924047,47.8977579,0],[36.1894304,47.8972318,0],[36.1853108,47.8896352,0],[36.1857399,47.8804832,0],[36.1867478,47.8764537,0],[36.1859545,47.8728842,0],[36.1835512,47.870466,0],[36.1814484,47.8685659,0],[36.1827359,47.8649384,0],[36.1870703,47.8617425,0],[36.1899456,47.861944,0],[36.1922631,47.8610802,0],[36.1937222,47.8600149,0],[36.1960396,47.8588343,0],[36.1966404,47.8579417,0],[36.1961141,47.8539409,0],[36.2123765,47.8529492,0],[36.2362312,47.8509031,0],[36.2492863,47.8517972,0],[36.2499851,47.846751,0],[36.2640895,47.8473257,0],[36.2736167,47.8451656,0],[36.2850394,47.8436487,0],[36.2929355,47.8433518,0],[36.293207,47.8370804,0],[36.2951936,47.8215892,0],[36.2964733,47.8152482,0],[36.2994774,47.8154212,0],[36.3036919,47.8162167,0],[36.3078118,47.8167354,0],[36.3144265,47.8176352,0],[36.3311736,47.8199,0],[36.3323283,47.8208369,0],[36.331427,47.8214132,0],[36.3309549,47.8218743,0],[36.3305324,47.822501,0],[36.3305786,47.8230017,0],[36.3308378,47.8234826,0],[36.3320402,47.8244866,0],[36.3324913,47.8255072,0],[36.3323068,47.8259082,0],[36.3322447,47.8262913,0],[36.3316762,47.8267439,0],[36.3305523,47.8271475,0],[36.3297633,47.8278392,0],[36.3297304,47.8287616,0],[36.3300077,47.8293963,0],[36.3304764,47.8300319,0],[36.3305985,47.8306982,0],[36.3305422,47.8309935,0],[36.329712,47.8314544,0],[36.3284313,47.832117,0],[36.3278183,47.8328012,0],[36.3277633,47.8332838,0],[36.3271998,47.83386,0],[36.3238026,47.835197,0],[36.3231089,47.8356121,0],[36.3229231,47.8367449,0],[36.3233889,47.8386295,0],[36.3243614,47.8391647,0],[36.3275942,47.8395439,0],[36.3506711,47.8387465,0],[36.3745855,47.837537,0],[36.376286,47.8300612,0],[36.3783081,47.8305799,0],[36.3804779,47.8305263,0],[36.3810478,47.8308019,0],[36.3814236,47.8309482,0],[36.3821105,47.8310466,0],[36.3829044,47.8314817,0],[36.3832317,47.8315401,0],[36.3835026,47.831526,0],[36.3844065,47.8310958,0],[36.3847928,47.830828,0],[36.385265,47.8307349,0],[36.3863379,47.8308435,0],[36.3876041,47.8308302,0],[36.3889025,47.8314939,0],[36.3890306,47.8316974,0],[36.3889229,47.8317992,0],[36.3896736,47.8319009,0],[36.390359,47.8318903,0],[36.3920944,47.8312639,0],[36.393111,47.8311921,0],[36.3935697,47.8310915,0],[36.394274,47.8312078,0],[36.3949373,47.8314893,0],[36.3962872,47.8312233,0],[36.3976568,47.8313684,0],[36.3989807,47.8311424,0],[36.4002029,47.8307394,0],[36.4036888,47.8301922,0],[36.4049395,47.8304121,0],[36.4076891,47.8296577,0],[36.408785,47.8288771,0],[36.4093031,47.8287937,0]]]}]},"properties":{"name":"Russian-controlled Synelnykove Raion, Dnipropetrovsk Oblast.","styleUrl":"#poly-A52714-1200-115-nodesc","fill-opacity":0.45098039215686275,"fill":"#a52714","stroke-opacity":1,"stroke":"#a52714","stroke-width":1.2}},{"type":"Feature","geometry":{"type":"Polygon","coordinates":[[[37.688458,49.500277,0],[37.680053,49.498512,0],[37.677564,49.495892,0],[37.673788,49.494888,0],[37.671556,49.491543,0],[37.668037,49.487919,0],[37.665966,49.487958,0],[37.65086,49.487066,0],[37.64365,49.48517,0],[37.641303,49.478999,0],[37.636783,49.467435,0],[37.635225,49.461953,0],[37.62986,49.459526,0],[37.626655,49.452819,0],[37.620475,49.44869,0],[37.612895,49.445886,0],[37.603138,49.442216,0],[37.598476,49.439691,0],[37.596067,49.435661,0],[37.56903,49.431028,0],[37.565854,49.444089,0],[37.554696,49.445819,0],[37.541221,49.447493,0],[37.532809,49.447102,0],[37.5256,49.449278,0],[37.519241,49.452546,0],[37.520142,49.460859,0],[37.518554,49.467776,0],[37.514005,49.467581,0],[37.497299,49.468152,0],[37.486742,49.469714,0],[37.484682,49.471164,0],[37.472754,49.478377,0],[37.474342,49.481639,0],[37.477689,49.485375,0],[37.477987,49.487225,0],[37.473524,49.487225,0],[37.472342,49.490115,0],[37.469853,49.489655,0],[37.4664,49.48756,0],[37.468522,49.485111,0],[37.466228,49.483601,0],[37.465284,49.481984,0],[37.458565,49.486442,0],[37.454126,49.485441,0],[37.425591,49.507693,0],[37.42293,49.510591,0],[37.419153,49.514269,0],[37.414518,49.515773,0],[37.411172,49.520574,0],[37.40688,49.523137,0],[37.401387,49.521243,0],[37.401079,49.517141,0],[37.390401,49.516228,0],[37.38651,49.516625,0],[37.385833,49.513409,0],[37.382078,49.513395,0],[37.379758,49.518568,0],[37.383534,49.533722,0],[37.389124,49.544088,0],[37.36963,49.550654,0],[37.339074,49.535505,0],[37.296297,49.525438,0],[37.285138,49.526329,0],[37.274667,49.528669,0],[37.270032,49.531009,0],[37.261278,49.53346,0],[37.246858,49.539475,0],[37.236386,49.542817,0],[37.223394,49.542791,0],[37.218288,49.543097,0],[37.197817,49.54488,0],[37.172289,49.543079,0],[37.162548,49.557345,0],[37.162548,49.560018,0],[37.172991,49.563367,0],[37.173191,49.576049,0],[37.16375,49.594857,0],[37.156196,49.597528,0],[37.148987,49.598752,0],[37.141382,49.600148,0],[37.130447,49.594969,0],[37.119804,49.591074,0],[37.111564,49.588292,0],[37.104183,49.581614,0],[37.091823,49.583173,0],[37.083258,49.586882,0],[37.084794,49.594717,0],[37.077079,49.597231,0],[37.068581,49.606354,0],[37.06841,49.608801,0],[37.06729,49.61312,0],[37.06008,49.612842,0],[37.058086,49.626893,0],[37.048216,49.633454,0],[37.03475,49.621146,0],[37.030324,49.622253,0],[37.025995,49.623093,0],[37.019638,49.62356,0],[37.013378,49.622036,0],[37.011146,49.620312,0],[37.00797,49.619645,0],[37.003479,49.623025,0],[37.005567,49.624705,0],[37.003765,49.630876,0],[37.000797,49.635145,0],[36.996033,49.637786,0],[36.982072,49.649009,0],[36.976579,49.647231,0],[36.974777,49.645341,0],[36.975995,49.643046,0],[36.963793,49.638648,0],[36.942934,49.631111,0],[36.942247,49.626886,0],[36.939598,49.628322,0],[36.934116,49.632999,0],[36.92018,49.600659,0],[36.900879,49.59913,0],[36.89487,49.597182,0],[36.891628,49.592636,0],[36.89427,49.592509,0],[36.894074,49.590577,0],[36.88706,49.590172,0],[36.88088,49.602578,0],[36.869293,49.602412,0],[36.857764,49.602019,0],[36.85403,49.607707,0],[36.854772,49.62199,0],[36.857089,49.625548,0],[36.85624,49.637503,0],[36.80002,49.637309,0],[36.799653,49.619707,0],[36.782192,49.616523,0],[36.758998,49.609991,0],[36.761431,49.602817,0],[36.758179,49.601354,0],[36.756509,49.60009,0],[36.755307,49.596863,0],[36.730686,49.591588,0],[36.71697,49.586557,0],[36.717039,49.584521,0],[36.701417,49.585356,0],[36.699958,49.570273,0],[36.620963,49.589713,0],[36.604665,49.564615,0],[36.601821,49.565551,0],[36.594954,49.564883,0],[36.593109,49.564131,0],[36.590534,49.560333,0],[36.58517,49.555739,0],[36.580749,49.557744,0],[36.565271,49.543966,0],[36.560333,49.545249,0],[36.557329,49.545472,0],[36.554497,49.545862,0],[36.553724,49.545082,0],[36.552179,49.545249,0],[36.550291,49.546085,0],[36.544536,49.547848,0],[36.540116,49.548405,0],[36.536983,49.547598,0],[36.528486,49.550716,0],[36.515208,49.536562,0],[36.507953,49.527045,0],[36.501564,49.524892,0],[36.494437,49.524895,0],[36.489805,49.527009,0],[36.485943,49.530017,0],[36.478562,49.535866,0],[36.470236,49.535532,0],[36.462597,49.536089,0],[36.454443,49.537259,0],[36.435131,49.538707,0],[36.435217,49.535254,0],[36.440796,49.535142,0],[36.444572,49.534362,0],[36.44586,49.535532,0],[36.450924,49.530686,0],[36.447569,49.528191,0],[36.432837,49.52832,0],[36.428772,49.525238,0],[36.428858,49.519722,0],[36.435553,49.511921,0],[36.442848,49.510082,0],[36.454092,49.50841,0],[36.47761,49.50763,0],[36.481901,49.510193,0],[36.481987,49.516268,0],[36.485506,49.521896,0],[36.498724,49.509747,0],[36.514514,49.504533,0],[36.526752,49.48406,0],[36.515588,49.483798,0],[36.509609,49.482859,0],[36.510787,49.474635,0],[36.511045,49.466659,0],[36.509623,49.465626,0],[36.5031,49.466407,0],[36.497521,49.470032,0],[36.491971,49.473744,0],[36.486621,49.473714,0],[36.483187,49.475554,0],[36.481367,49.478502,0],[36.475034,49.477896,0],[36.464219,49.470646,0],[36.472006,49.46104,0],[36.481552,49.455842,0],[36.477499,49.447203,0],[36.475759,49.446719,0],[36.475801,49.443705,0],[36.448433,49.388489,0],[36.453083,49.386998,0],[36.46002,49.386534,0],[36.470249,49.383924,0],[36.474896,49.384265,0],[36.483725,49.381187,0],[36.52149,49.368556,0],[36.520551,49.355397,0],[36.534299,49.353708,0],[36.545714,49.355581,0],[36.551965,49.355034,0],[36.552351,49.35112,0],[36.550466,49.32754,0],[36.563083,49.327428,0],[36.5617,49.314542,0],[36.568935,49.310305,0],[36.582067,49.307507,0],[36.616046,49.297337,0],[36.61433,49.294874,0],[36.613386,49.288324,0],[36.612429,49.28086,0],[36.609952,49.276006,0],[36.605847,49.276452,0],[36.59107,49.282894,0],[36.578624,49.28267,0],[36.570642,49.27763,0],[36.559398,49.26867,0],[36.559999,49.26783,0],[36.564634,49.26699,0],[36.570392,49.268385,0],[36.574933,49.266206,0],[36.589025,49.257436,0],[36.589182,49.252314,0],[36.588108,49.246208,0],[36.592056,49.242174,0],[36.609566,49.237691,0],[36.619694,49.234664,0],[36.627762,49.229508,0],[36.647443,49.228232,0],[36.63068,49.197998,0],[36.656311,49.195,0],[36.64613,49.17466,0],[36.639201,49.15105,0],[36.634538,49.152098,0],[36.626883,49.149086,0],[36.613062,49.136374,0],[36.619929,49.132274,0],[36.594121,49.106299,0],[36.591748,49.095865,0],[36.596726,49.09637,0],[36.602306,49.093616,0],[36.605052,49.087378,0],[36.610116,49.084736,0],[36.617291,49.082981,0],[36.619386,49.090638,0],[36.622825,49.091996,0],[36.628254,49.090984,0],[36.63354,49.091332,0],[36.635554,49.088055,0],[36.635951,49.086085,0],[36.631647,49.086264,0],[36.631316,49.080463,0],[36.637622,49.051206,0],[36.644519,49.018308,0],[36.676954,49.023195,0],[36.676697,49.029836,0],[36.678413,49.032256,0],[36.682877,49.032931,0],[36.696092,49.026101,0],[36.70442,49.02629,0],[36.719183,49.031637,0],[36.725141,49.02921,0],[36.727701,49.018598,0],[36.745862,49.020343,0],[36.760316,49.01363,0],[36.753192,49.01256,0],[36.751221,49.010796,0],[36.749501,49.006818,0],[36.738,48.999723,0],[36.738514,48.993866,0],[36.751855,48.995306,0],[36.753615,48.990321,0],[36.757348,48.988209,0],[36.765717,48.987562,0],[36.767283,48.986348,0],[36.775385,48.957323,0],[36.783656,48.941772,0],[36.792171,48.94246,0],[36.795887,48.931285,0],[36.807132,48.916897,0],[36.80696,48.913794,0],[36.808591,48.9079,0],[36.80338,48.898203,0],[36.80574,48.894056,0],[36.801148,48.889852,0],[36.79029,48.891065,0],[36.790103,48.897584,0],[36.781177,48.895552,0],[36.77114,48.89025,0],[36.762122,48.890643,0],[36.751565,48.882459,0],[36.73345,48.864081,0],[36.7283,48.857023,0],[36.713194,48.866791,0],[36.703667,48.864815,0],[36.698259,48.859733,0],[36.69268,48.859056,0],[36.688217,48.854933,0],[36.679892,48.854425,0],[36.681608,48.847422,0],[36.687309,48.815845,0],[36.699926,48.810419,0],[36.716491,48.80471,0],[36.727735,48.803635,0],[36.733714,48.804249,0],[36.765446,48.797292,0],[36.786298,48.800762,0],[36.789522,48.800063,0],[36.781985,48.791205,0],[36.786577,48.786986,0],[36.792027,48.786341,0],[36.789109,48.779951,0],[36.791512,48.779724,0],[36.817319,48.777233,0],[36.821723,48.772205,0],[36.840773,48.77278,0],[36.840214,48.777847,0],[36.85472,48.800636,0],[36.880126,48.799901,0],[36.89034,48.79894,0],[36.919931,48.798044,0],[36.924991,48.792462,0],[36.944541,48.791189,0],[36.947826,48.795274,0],[36.969456,48.791938,0],[36.97246,48.789393,0],[36.980574,48.784751,0],[36.987726,48.775613,0],[36.998421,48.76755,0],[37.00297,48.764947,0],[37.007724,48.765091,0],[37.01739,48.759968,0],[37.020808,48.755959,0],[37.033011,48.749783,0],[37.037732,48.752782,0],[37.043198,48.766721,0],[37.031396,48.766608,0],[37.022298,48.767343,0],[37.023941,48.77467,0],[36.99596,48.788583,0],[37.005833,48.798388,0],[37.00748,48.802761,0],[37.013144,48.802704,0],[37.01815,48.80161,0],[37.023224,48.816504,0],[37.036667,48.814295,0],[37.046173,48.814776,0],[37.066054,48.813794,0],[37.067256,48.817239,0],[37.076955,48.81673,0],[37.07953,48.819669,0],[37.097371,48.850313,0],[37.100546,48.850426,0],[37.130931,48.843422,0],[37.136203,48.843244,0],[37.14432,48.844947,0],[37.14741,48.841897,0],[37.144674,48.838757,0],[37.140029,48.833027,0],[37.143891,48.833084,0],[37.150414,48.832236,0],[37.155822,48.825399,0],[37.19207,48.813166,0],[37.194248,48.849894,0],[37.190674,48.871351,0],[37.19346,48.882146,0],[37.197286,48.881694,0],[37.205991,48.886322,0],[37.211484,48.887564,0],[37.214489,48.890612,0],[37.22496,48.903138,0],[37.223522,48.905761,0],[37.224509,48.908243,0],[37.243478,48.906438,0],[37.24423,48.90969,0],[37.266814,48.907079,0],[37.266557,48.922145,0],[37.296878,48.923092,0],[37.301666,48.918564,0],[37.311126,48.922133,0],[37.328177,48.921684,0],[37.33216,48.929752,0],[37.331302,48.933756,0],[37.329156,48.935955,0],[37.331646,48.939845,0],[37.325294,48.938154,0],[37.319286,48.938548,0],[37.312677,48.941029,0],[37.308385,48.94599,0],[37.310188,48.950048,0],[37.319028,48.953487,0],[37.320912,48.957566,0],[37.311123,48.958067,0],[37.304478,48.963457,0],[37.309877,48.966415,0],[37.3104,48.969825,0],[37.299843,48.96712,0],[37.295637,48.969543,0],[37.298899,48.97467,0],[37.307568,48.980867,0],[37.312889,48.976754,0],[37.316151,48.977092,0],[37.318125,48.981881,0],[37.324562,48.981599,0],[37.324305,48.984359,0],[37.309456,48.988584,0],[37.321301,48.988865,0],[37.329026,48.992752,0],[37.33718,48.995229,0],[37.34602,49.002662,0],[37.355547,49.000016,0],[37.357865,48.996694,0],[37.35838,48.992414,0],[37.362856,48.991542,0],[37.373918,48.994037,0],[37.370703,49.006392,0],[37.375823,49.026283,0],[37.382548,49.024856,0],[37.391402,49.024679,0],[37.390616,49.028683,0],[37.385093,49.034415,0],[37.389456,49.039212,0],[37.385063,49.044052,0],[37.384462,49.048384,0],[37.393561,49.050747,0],[37.405834,49.050972,0],[37.408924,49.053672,0],[37.414589,49.056878,0],[37.417644,49.062673,0],[37.421043,49.06157,0],[37.427464,49.06014,0],[37.433618,49.060558,0],[37.438123,49.060955,0],[37.44117,49.058691,0],[37.443488,49.057904,0],[37.449737,49.061569,0],[37.449823,49.058588,0],[37.448278,49.05572,0],[37.45054,49.052926,0],[37.457907,49.056481,0],[37.460372,49.056242,0],[37.464297,49.060954,0],[37.466528,49.06104,0],[37.468964,49.054651,0],[37.472085,49.056344,0],[37.478458,49.059873,0],[37.479864,49.063425,0],[37.494075,49.063624,0],[37.496975,49.068202,0],[37.504755,49.072029,0],[37.507845,49.075515,0],[37.507587,49.081087,0],[37.503762,49.083966,0],[37.488009,49.100034,0],[37.495396,49.105497,0],[37.498842,49.103989,0],[37.546469,49.111876,0],[37.549651,49.11369,0],[37.584991,49.126871,0],[37.578897,49.130803,0],[37.573361,49.13566,0],[37.568855,49.13639,0],[37.563404,49.134425,0],[37.561516,49.134622,0],[37.559885,49.137289,0],[37.558168,49.138322,0],[37.548211,49.141692,0],[37.541921,49.145518,0],[37.550443,49.147531,0],[37.56204,49.144485,0],[37.56354,49.147585,0],[37.554558,49.167117,0],[37.534357,49.173797,0],[37.520882,49.176434,0],[37.511355,49.180362,0],[37.504569,49.180034,0],[37.499767,49.182382,0],[37.5026,49.187655,0],[37.512228,49.198346,0],[37.546989,49.214047,0],[37.565804,49.230126,0],[37.582603,49.231469,0],[37.598759,49.230244,0],[37.614703,49.233651,0],[37.710029,49.220578,0],[37.7460527,49.2125285,0],[37.769819,49.207594,0],[37.7979584,49.2017306,0],[37.798656,49.2061233,0],[37.8029474,49.2086467,0],[37.8143375,49.2084555,0],[37.8212063,49.2108041,0],[37.8440865,49.2078466,0],[37.844411,49.2056668,0],[37.8449071,49.2047208,0],[37.8468067,49.2046094,0],[37.8475596,49.2093639,0],[37.8492798,49.2160533,0],[37.8501958,49.2213491,0],[37.8515177,49.221611,0],[37.8531227,49.2244678,0],[37.864062,49.2354237,0],[37.870971,49.2367777,0],[37.867395,49.2443439,0],[37.867164,49.244666,0],[37.8665089,49.2461719,0],[37.8662054,49.2483453,0],[37.8811804,49.2498458,0],[37.8860701,49.2514723,0],[37.8910031,49.2524264,0],[37.8922193,49.252546,0],[37.8936282,49.2524092,0],[37.8946331,49.2524668,0],[37.8954574,49.2528878,0],[37.8959769,49.2533224,0],[37.895638,49.253757,0],[37.895016,49.255159,0],[37.910916,49.259527,0],[37.899501,49.270001,0],[37.912268,49.27605,0],[37.929713,49.279633,0],[37.942824,49.280306,0],[37.9515763,49.2818748,0],[37.945999,49.28934,0],[37.946236,49.292591,0],[37.951212,49.293653,0],[37.951048,49.296441,0],[37.94828,49.299223,0],[37.948558,49.303941,0],[37.942358,49.304205,0],[37.937526,49.305907,0],[37.901073,49.310864,0],[37.883327,49.313119,0],[37.883327,49.318322,0],[37.883079,49.321392,0],[37.876718,49.329343,0],[37.879872,49.331638,0],[37.87955,49.332867,0],[37.881696,49.33365,0],[37.883842,49.341704,0],[37.885988,49.34148,0],[37.886245,49.342151,0],[37.887361,49.342207,0],[37.884872,49.349868,0],[37.884931,49.351614,0],[37.88536,49.354801,0],[37.888536,49.366485,0],[37.889678,49.371725,0],[37.887163,49.370174,0],[37.881498,49.371683,0],[37.877979,49.37118,0],[37.878473,49.366533,0],[37.870664,49.366254,0],[37.868475,49.367903,0],[37.859293,49.369218,0],[37.859594,49.373522,0],[37.842642,49.372989,0],[37.838219,49.381596,0],[37.826808,49.381987,0],[37.815653,49.387408,0],[37.793117,49.392049,0],[37.780037,49.393958,0],[37.775264,49.397077,0],[37.7667746,49.3999657,0],[37.7655439,49.4002828,0],[37.7600997,49.4022815,0],[37.7553135,49.3977586,0],[37.7445399,49.4015728,0],[37.7416348,49.3982206,0],[37.7380426,49.3943679,0],[37.7325065,49.3955968,0],[37.7213485,49.4018529,0],[37.7188165,49.4041429,0],[37.7222069,49.4048969,0],[37.7249964,49.4057067,0],[37.7260263,49.4066561,0],[37.7249534,49.4081082,0],[37.7165849,49.4060418,0],[37.7076586,49.4024394,0],[37.7017791,49.3991439,0],[37.6995476,49.3982502,0],[37.6884865,49.3995564,0],[37.6751073,49.3998561,0],[37.6692055,49.4007687,0],[37.6704275,49.4029985,0],[37.6603961,49.4052575,0],[37.6592046,49.4066229,0],[37.6451338,49.4090919,0],[37.6517479,49.4198257,0],[37.6508127,49.4238705,0],[37.6589836,49.4345844,0],[37.6629747,49.4372914,0],[37.6636613,49.438324,0],[37.6629747,49.4398169,0],[37.6712165,49.450152,0],[37.6744224,49.4536005,0],[37.6787998,49.4602118,0],[37.6802588,49.4623596,0],[37.6831771,49.4677705,0],[37.685516,49.4669058,0],[37.688123,49.4683004,0],[37.6897861,49.4700296,0],[37.6907096,49.4706851,0],[37.6972653,49.4676104,0],[37.7082826,49.4616344,0],[37.7145396,49.4649525,0],[37.7135444,49.4658719,0],[37.7208312,49.4710311,0],[37.7193253,49.4731086,0],[37.7246861,49.4771939,0],[37.7356271,49.4752875,0],[37.7357649,49.4755656,0],[37.739082,49.482157,0],[37.726894,49.485168,0],[37.7220019,49.4842012,0],[37.7159785,49.4899072,0],[37.716751,49.4973776,0],[37.7198054,49.5016421,0],[37.7223803,49.5030356,0],[37.7264143,49.5035094,0],[37.7283455,49.5044848,0],[37.7310922,49.5085116,0],[37.7249123,49.5089715,0],[37.7177454,49.5109499,0],[37.7154709,49.5112843,0],[37.713926,49.5113122,0],[37.7113511,49.5111729,0],[37.7092911,49.5103369,0],[37.6979186,49.511563,0],[37.6956549,49.5040117,0],[37.6926266,49.5007234,0],[37.688458,49.500277,0]]]},"properties":{"name":"Ukrainian-controlled Izyum Raion, Kharkiv Oblast.","styleUrl":"#poly-1A237E-2000-74-nodesc","fill-opacity":0.2901960784313726,"fill":"#1a237e","stroke-opacity":1,"stroke":"#1a237e","stroke-width":2}},{"type":"Feature","geometry":{"type":"Polygon","coordinates":[[[35.976186,49.745364,0],[35.980543,49.740616,0],[35.992559,49.734431,0],[35.999168,49.732628,0],[36.009596,49.732046,0],[36.019596,49.730548,0],[36.024344,49.728236,0],[36.030223,49.724907,0],[36.034818,49.723119,0],[36.03411,49.722107,0],[36.016595,49.720543,0],[36.009385,49.718046,0],[36.005589,49.714834,0],[36.000842,49.711836,0],[36.005764,49.70979,0],[36.003833,49.707819,0],[36.01044,49.702422,0],[36.012972,49.70109,0],[36.018036,49.70492,0],[36.022102,49.70411,0],[36.025063,49.706053,0],[36.025492,49.705748,0],[36.026136,49.7035,0],[36.031844,49.704194,0],[36.03978,49.705684,0],[36.051624,49.70549,0],[36.053298,49.703464,0],[36.056216,49.703381,0],[36.059821,49.704047,0],[36.061795,49.703186,0],[36.063425,49.702687,0],[36.065872,49.702881,0],[36.069648,49.70066,0],[36.072566,49.69683,0],[36.07454,49.693332,0],[36.073468,49.691666,0],[36.072652,49.690806,0],[36.073747,49.67215,0],[36.055802,49.672976,0],[36.047005,49.673254,0],[36.043743,49.673198,0],[36.043056,49.669699,0],[36.03855,49.672532,0],[36.036619,49.670699,0],[36.039795,49.663199,0],[36.041968,49.659867,0],[36.04789,49.6562,0],[36.050004,49.655315,0],[36.055184,49.65255,0],[36.056836,49.651258,0],[36.059063,49.640589,0],[36.06211,49.638116,0],[36.063921,49.629348,0],[36.064737,49.627291,0],[36.06596,49.624164,0],[36.065229,49.615856,0],[36.07437,49.615883,0],[36.074327,49.610822,0],[36.077803,49.606039,0],[36.078747,49.602591,0],[36.086987,49.604065,0],[36.094583,49.599086,0],[36.096667,49.597644,0],[36.100014,49.592831,0],[36.103748,49.591468,0],[36.116848,49.585914,0],[36.078814,49.569579,0],[36.069042,49.542777,0],[36.081986,49.517507,0],[36.131768,49.51656,0],[36.13418,49.53904,0],[36.174317,49.536579,0],[36.17818,49.535995,0],[36.176788,49.531178,0],[36.177947,49.529339,0],[36.178805,49.527027,0],[36.181873,49.52179,0],[36.182646,49.519729,0],[36.185907,49.517528,0],[36.191919,49.513296,0],[36.194237,49.510482,0],[36.19458,49.509841,0],[36.197369,49.509005,0],[36.201704,49.508336,0],[36.203335,49.510649,0],[36.205738,49.510203,0],[36.206897,49.512014,0],[36.213034,49.511318,0],[36.225962,49.508961,0],[36.228966,49.506342,0],[36.235446,49.504196,0],[36.23888,49.503834,0],[36.239817,49.50783,0],[36.247571,49.5265,0],[36.250919,49.529676,0],[36.255639,49.53558,0],[36.257227,49.539563,0],[36.262506,49.542654,0],[36.267825,49.54398,0],[36.2813,49.541335,0],[36.338905,49.527022,0],[36.340364,49.524682,0],[36.335729,49.520392,0],[36.340879,49.519834,0],[36.340965,49.522397,0],[36.34457,49.524682,0],[36.350807,49.522118,0],[36.354669,49.521895,0],[36.356875,49.51935,0],[36.366917,49.511326,0],[36.382968,49.507313,0],[36.384422,49.497762,0],[36.384206,49.471914,0],[36.383176,49.468511,0],[36.411979,49.462564,0],[36.41361,49.464963,0],[36.420648,49.463847,0],[36.435636,49.458639,0],[36.43658,49.460285,0],[36.451552,49.464697,0],[36.463654,49.471084,0],[36.474777,49.477784,0],[36.48111,49.478389,0],[36.482931,49.475441,0],[36.486364,49.473601,0],[36.491714,49.473631,0],[36.502843,49.466294,0],[36.509366,49.465513,0],[36.510788,49.466547,0],[36.51053,49.474523,0],[36.509352,49.482746,0],[36.515331,49.483685,0],[36.526495,49.483947,0],[36.514257,49.50442,0],[36.498467,49.509635,0],[36.485249,49.521783,0],[36.481745,49.516671,0],[36.481644,49.510081,0],[36.477353,49.507517,0],[36.453835,49.508297,0],[36.442592,49.509969,0],[36.435296,49.511808,0],[36.428601,49.51961,0],[36.428515,49.525126,0],[36.43258,49.528207,0],[36.447312,49.528078,0],[36.450667,49.530573,0],[36.445603,49.53542,0],[36.444316,49.53425,0],[36.440539,49.53503,0],[36.43496,49.535141,0],[36.434867,49.5388,0],[36.454186,49.537146,0],[36.462676,49.535959,0],[36.469979,49.53542,0],[36.478598,49.53568,0],[36.489139,49.527271,0],[36.49418,49.524782,0],[36.501393,49.524779,0],[36.507782,49.526932,0],[36.514942,49.537079,0],[36.528315,49.550603,0],[36.536898,49.547485,0],[36.540031,49.548292,0],[36.544451,49.547735,0],[36.550206,49.545972,0],[36.552094,49.545137,0],[36.553639,49.54497,0],[36.554411,49.545749,0],[36.557244,49.545359,0],[36.560775,49.545155,0],[36.564638,49.54432,0],[36.580664,49.557631,0],[36.585065,49.55529,0],[36.590449,49.56022,0],[36.593165,49.564372,0],[36.59574,49.564762,0],[36.60089,49.565374,0],[36.604665,49.564502,0],[36.620963,49.5896,0],[36.699958,49.57016,0],[36.701417,49.585243,0],[36.717039,49.584408,0],[36.71697,49.586444,0],[36.732063,49.592221,0],[36.755308,49.59675,0],[36.756509,49.599977,0],[36.761431,49.602704,0],[36.758998,49.609878,0],[36.782697,49.616772,0],[36.800207,49.619608,0],[36.80002,49.637196,0],[36.856239,49.63739,0],[36.857088,49.625435,0],[36.854771,49.621877,0],[36.854029,49.607594,0],[36.857763,49.601906,0],[36.878828,49.603424,0],[36.88706,49.59006,0],[36.894073,49.590464,0],[36.894269,49.592396,0],[36.891627,49.592523,0],[36.89487,49.59707,0],[36.901289,49.599401,0],[36.92018,49.600546,0],[36.934116,49.632886,0],[36.939598,49.628209,0],[36.942247,49.626773,0],[36.942399,49.631202,0],[36.975995,49.642933,0],[36.974206,49.645516,0],[36.977038,49.647572,0],[36.982072,49.648896,0],[36.968369,49.660242,0],[36.985188,49.671515,0],[37.023367,49.712192,0],[36.998105,49.714647,0],[36.99995,49.726078,0],[36.990852,49.726383,0],[36.974534,49.766317,0],[36.967839,49.764265,0],[36.96432,49.772858,0],[37.003233,49.784886,0],[37.017301,49.791162,0],[37.016451,49.797742,0],[37.024511,49.802852,0],[37.028459,49.803516,0],[37.04323,49.794639,0],[37.04511,49.788058,0],[37.039961,49.784401,0],[37.057649,49.773802,0],[37.067434,49.771252,0],[37.074987,49.769589,0],[37.069662,49.781987,0],[37.076515,49.79893,0],[37.083896,49.793223,0],[37.10501,49.789289,0],[37.120803,49.791616,0],[37.124923,49.800703,0],[37.14354,49.82556,0],[37.15753,49.827387,0],[37.158904,49.830654,0],[37.168173,49.831484,0],[37.175211,49.839456,0],[37.189116,49.838349,0],[37.186219,49.884332,0],[37.182339,49.884632,0],[37.184227,49.906085,0],[37.182852,49.917135,0],[37.175644,49.917913,0],[37.176357,49.936966,0],[37.147078,49.944131,0],[37.134558,49.948262,0],[37.139278,49.95326,0],[37.151037,49.960963,0],[37.1644,49.968858,0],[37.171699,49.981875,0],[37.157781,49.987642,0],[37.169283,50.000829,0],[37.148868,50.007698,0],[37.15821,50.013241,0],[37.161815,50.013296,0],[37.165231,50.030199,0],[37.160602,50.03695,0],[37.156906,50.042603,0],[37.168327,50.066988,0],[37.182403,50.06754,0],[37.187124,50.07718,0],[37.171181,50.083456,0],[37.152112,50.094358,0],[37.156575,50.098598,0],[37.147563,50.101461,0],[37.152755,50.10643,0],[37.168805,50.113916,0],[37.175929,50.11942,0],[37.183826,50.122391,0],[37.189319,50.122061,0],[37.191121,50.118759,0],[37.194125,50.11931,0],[37.196478,50.124364,0],[37.199618,50.127014,0],[37.203309,50.127124,0],[37.207172,50.121731,0],[37.216699,50.117658,0],[37.228114,50.114521,0],[37.241282,50.109064,0],[37.24509,50.108248,0],[37.250927,50.112156,0],[37.261096,50.106243,0],[37.279251,50.117385,0],[37.266892,50.1263,0],[37.304556,50.136884,0],[37.302821,50.142682,0],[37.293375,50.148974,0],[37.28771,50.150129,0],[37.291916,50.152934,0],[37.307451,50.153429,0],[37.317755,50.166769,0],[37.320762,50.171084,0],[37.316554,50.181501,0],[37.348597,50.189563,0],[37.359326,50.180715,0],[37.369126,50.179474,0],[37.375977,50.183793,0],[37.373589,50.193323,0],[37.37881,50.193025,0],[37.369641,50.214199,0],[37.368468,50.225694,0],[37.382974,50.23426,0],[37.385434,50.238689,0],[37.402353,50.236425,0],[37.412022,50.252008,0],[37.425584,50.254533,0],[37.418439,50.279529,0],[37.42213,50.279803,0],[37.419211,50.28973,0],[37.455968,50.299183,0],[37.462147,50.300389,0],[37.463046,50.298113,0],[37.509549,50.314426,0],[37.512381,50.311466,0],[37.530211,50.317474,0],[37.513606,50.3182,0],[37.497399,50.335929,0],[37.478173,50.350609,0],[37.462724,50.364737,0],[37.458604,50.380284,0],[37.461694,50.396592,0],[37.448304,50.407971,0],[37.437169,50.416034,0],[37.4321051,50.4247297,0],[37.4253566,50.4236516,0],[37.4180073,50.4227373,0],[37.4098418,50.4214074,0],[37.3927724,50.4167309,0],[37.3918168,50.4195212,0],[37.3909531,50.4201577,0],[37.3863779,50.4183595,0],[37.3799113,50.4192515,0],[37.3758479,50.4211279,0],[37.3712186,50.4217909,0],[37.3606508,50.4223782,0],[37.3625392,50.427327,0],[37.3644279,50.428667,0],[37.3650822,50.429952,0],[37.3652645,50.430991,0],[37.3636498,50.431449,0],[37.3613483,50.4319617,0],[37.3606818,50.4321701,0],[37.3604444,50.4326246,0],[37.3605704,50.4335609,0],[37.3600312,50.4340393,0],[37.3587624,50.4343811,0],[37.355938,50.4346955,0],[37.3540577,50.4349962,0],[37.3526494,50.4358299,0],[37.3507475,50.4363765,0],[37.348733,50.4357375,0],[37.3473623,50.4356451,0],[37.3454791,50.4349957,0],[37.3323697,50.4330405,0],[37.3144735,50.4264516,0],[37.3140871,50.4190971,0],[37.3119426,50.4103931,0],[37.30074,50.4002727,0],[37.291257,50.397154,0],[37.266516,50.385585,0],[37.252805,50.37811,0],[37.222592,50.367599,0],[37.188088,50.359167,0],[37.153585,50.35172,0],[37.129209,50.346352,0],[37.112717,50.342174,0],[37.073393,50.341051,0],[37.0661833,50.3403935,0],[37.0613772,50.3379828,0],[37.0632653,50.3322856,0],[37.0739376,50.3288423,0],[37.0787701,50.3124664,0],[37.06503,50.3099385,0],[37.0601646,50.3092397,0],[37.0612938,50.3077524,0],[37.0616249,50.3042884,0],[37.0625569,50.3025239,0],[37.0627162,50.2970543,0],[37.0560719,50.2956553,0],[37.0516374,50.2948669,0],[37.0476321,50.2938042,0],[37.0483045,50.2913709,0],[37.0489124,50.2892254,0],[37.0471135,50.2874841,0],[37.0432547,50.2868121,0],[37.0390566,50.2843985,0],[37.0418778,50.2773824,0],[37.0255704,50.274839,0],[37.0081483,50.2550119,0],[36.9925994,50.2608247,0],[36.9896676,50.2612602,0],[36.9824388,50.2530651,0],[36.9814875,50.2504429,0],[36.9704302,50.2462805,0],[36.9701337,50.2426042,0],[36.9656241,50.237098,0],[36.9677237,50.231427,0],[36.9600791,50.232273,0],[36.9588047,50.229134,0],[36.9579129,50.2256512,0],[36.9278511,50.2290752,0],[36.9272648,50.228505,0],[36.9257927,50.2231423,0],[36.9150511,50.2245338,0],[36.9144118,50.2244666,0],[36.9130977,50.2201621,0],[36.9094969,50.2204492,0],[36.9075177,50.2208121,0],[36.906826,50.2189509,0],[36.9068591,50.215695,0],[36.9063604,50.2130715,0],[36.9067844,50.2126037,0],[36.908806,50.2123701,0],[36.9078237,50.2060667,0],[36.9072728,50.2031452,0],[36.8906856,50.2040855,0],[36.8864772,50.2048099,0],[36.8829121,50.2046142,0],[36.8788107,50.2063685,0],[36.8800921,50.2081187,0],[36.8770819,50.2087701,0],[36.8722417,50.2088646,0],[36.8698139,50.2063892,0],[36.8620628,50.2062549,0],[36.859346,50.2062151,0],[36.8568866,50.2058731,0],[36.8545699,50.2053833,0],[36.8525923,50.207729,0],[36.8501852,50.2137273,0],[36.8468985,50.2164843,0],[36.8435048,50.2213164,0],[36.8400249,50.2244732,0],[36.8373699,50.2262392,0],[36.8360853,50.2268751,0],[36.8348006,50.2280052,0],[36.8332565,50.2302177,0],[36.8317977,50.2320652,0],[36.8321843,50.2344616,0],[36.8315651,50.2353076,0],[36.8278987,50.2375258,0],[36.820689,50.238116,0],[36.8045448,50.2406866,0],[36.8028154,50.2406086,0],[36.8014786,50.2401304,0],[36.800571,50.238966,0],[36.7975623,50.2385078,0],[36.7957181,50.2378036,0],[36.7931014,50.2364954,0],[36.7893274,50.2352516,0],[36.7865861,50.2340264,0],[36.7850598,50.2329539,0],[36.7840485,50.2328148,0],[36.7821548,50.2315207,0],[36.7782443,50.2330787,0],[36.7769086,50.2343071,0],[36.7738507,50.235364,0],[36.7728423,50.237423,0],[36.7707612,50.2371623,0],[36.7678161,50.2362995,0],[36.7667593,50.2362602,0],[36.7652466,50.2354129,0],[36.7583589,50.2364081,0],[36.7482735,50.2391662,0],[36.7481663,50.2423772,0],[36.7476301,50.2460273,0],[36.742962,50.254672,0],[36.733971,50.260624,0],[36.726589,50.267646,0],[36.714659,50.267427,0],[36.705818,50.263367,0],[36.695043,50.256977,0],[36.690313,50.239656,0],[36.678538,50.227944,0],[36.66457,50.218149,0],[36.655815,50.214963,0],[36.659697,50.209679,0],[36.664312,50.210789,0],[36.669634,50.212711,0],[36.678646,50.207218,0],[36.690454,50.19917,0],[36.700531,50.197112,0],[36.705018,50.195266,0],[36.698265,50.193236,0],[36.688732,50.190856,0],[36.687536,50.187851,0],[36.690883,50.184938,0],[36.698007,50.187741,0],[36.703758,50.183234,0],[36.695109,50.177727,0],[36.688037,50.169771,0],[36.676278,50.171585,0],[36.67245,50.169756,0],[36.676742,50.162168,0],[36.68374,50.157819,0],[36.702794,50.158864,0],[36.693267,50.153915,0],[36.684856,50.14946,0],[36.678333,50.149955,0],[36.666488,50.147535,0],[36.673253,50.143516,0],[36.672031,50.141908,0],[36.677545,50.13895,0],[36.686815,50.136365,0],[36.682929,50.129971,0],[36.69205,50.127122,0],[36.684726,50.12036,0],[36.673825,50.1126,0],[36.666254,50.111671,0],[36.664641,50.107976,0],[36.671116,50.10414,0],[36.664555,50.105114,0],[36.66138,50.104343,0],[36.656831,50.10638,0],[36.652478,50.102279,0],[36.647307,50.102994,0],[36.647218,50.104563,0],[36.633313,50.109738,0],[36.628029,50.102646,0],[36.625523,50.097926,0],[36.619618,50.096976,0],[36.60537,50.10083,0],[36.592045,50.101852,0],[36.583569,50.095819,0],[36.568238,50.095801,0],[36.56768,50.097838,0],[36.561939,50.093947,0],[36.554756,50.088218,0],[36.549843,50.082276,0],[36.549585,50.073078,0],[36.551645,50.065475,0],[36.555411,50.054498,0],[36.559702,50.049648,0],[36.562363,50.042152,0],[36.567239,50.035588,0],[36.588713,50.036309,0],[36.590835,50.035071,0],[36.593869,50.034932,0],[36.595092,50.0327,0],[36.600693,50.033292,0],[36.603482,50.033692,0],[36.622038,50.02435,0],[36.623111,50.023716,0],[36.622119,50.021915,0],[36.624008,50.02037,0],[36.624856,50.017594,0],[36.626015,50.01474,0],[36.626978,50.012978,0],[36.629188,50.011848,0],[36.62878,50.011089,0],[36.633265,50.010317,0],[36.637192,50.0092,0],[36.639538,50.007673,0],[36.640568,50.007632,0],[36.641856,50.008004,0],[36.643057,50.00799,0],[36.644752,50.006859,0],[36.645975,50.005411,0],[36.642581,50.003466,0],[36.640349,50.002183,0],[36.638954,50.001162,0],[36.638654,49.998556,0],[36.625213,50.000058,0],[36.62502,49.996183,0],[36.626672,49.994927,0],[36.626715,49.993341,0],[36.624504,49.991189,0],[36.625361,49.98542,0],[36.628174,49.982384,0],[36.636629,49.977693,0],[36.641148,49.975187,0],[36.646856,49.971654,0],[36.646727,49.96837,0],[36.64604,49.96768,0],[36.643937,49.968038,0],[36.643465,49.966686,0],[36.64206,49.96684,0],[36.632146,49.958586,0],[36.613398,49.944624,0],[36.601553,49.937415,0],[36.607741,49.932872,0],[36.6092,49.931132,0],[36.60723,49.929,0],[36.605513,49.926845,0],[36.602595,49.92295,0],[36.600664,49.921347,0],[36.5959,49.920352,0],[36.591823,49.920573,0],[36.589026,49.918796,0],[36.587825,49.917027,0],[36.582746,49.920558,0],[36.577467,49.921248,0],[36.571202,49.922713,0],[36.569142,49.919179,0],[36.565452,49.912132,0],[36.56168,49.904086,0],[36.55756,49.905026,0],[36.552926,49.905993,0],[36.550351,49.906767,0],[36.539021,49.908895,0],[36.535434,49.901638,0],[36.535562,49.898376,0],[36.534833,49.892626,0],[36.533331,49.886322,0],[36.528515,49.88548,0],[36.52594,49.885342,0],[36.512465,49.883738,0],[36.493226,49.881453,0],[36.488334,49.880568,0],[36.485158,49.879904,0],[36.483056,49.880264,0],[36.473786,49.879213,0],[36.470353,49.879351,0],[36.461169,49.880153,0],[36.450202,49.871134,0],[36.452165,49.869202,0],[36.450105,49.86627,0],[36.452337,49.864029,0],[36.441951,49.865965,0],[36.43281,49.869202,0],[36.429634,49.866214,0],[36.421697,49.847413,0],[36.415035,49.829856,0],[36.409705,49.816542,0],[36.408976,49.814604,0],[36.408933,49.812361,0],[36.410349,49.810505,0],[36.410569,49.809236,0],[36.410805,49.80824,0],[36.411878,49.806841,0],[36.412243,49.805858,0],[36.413729,49.805085,0],[36.415102,49.80431,0],[36.416853,49.802934,0],[36.419985,49.801162,0],[36.423773,49.798234,0],[36.421413,49.79707,0],[36.417379,49.795907,0],[36.412443,49.794051,0],[36.406264,49.794051,0],[36.397772,49.789635,0],[36.39185,49.789829,0],[36.389532,49.789137,0],[36.380502,49.789481,0],[36.37737,49.790007,0],[36.373842,49.791068,0],[36.375,49.79406,0],[36.372383,49.796387,0],[36.370409,49.79719,0],[36.363842,49.797633,0],[36.361525,49.795805,0],[36.360796,49.794226,0],[36.35174,49.793644,0],[36.347,49.792903,0],[36.344125,49.791712,0],[36.338331,49.791241,0],[36.332924,49.792571,0],[36.328933,49.795258,0],[36.325632,49.795743,0],[36.324559,49.798291,0],[36.322198,49.801449,0],[36.325074,49.803665,0],[36.325632,49.807266,0],[36.327048,49.809592,0],[36.323318,49.81252,0],[36.323017,49.817421,0],[36.320308,49.819066,0],[36.318977,49.819841,0],[36.317904,49.82045,0],[36.317261,49.821696,0],[36.315716,49.821558,0],[36.315544,49.822721,0],[36.317003,49.82369,0],[36.314772,49.826154,0],[36.312712,49.82704,0],[36.308806,49.828618,0],[36.299236,49.830002,0],[36.289539,49.826673,0],[36.287608,49.829081,0],[36.283703,49.830189,0],[36.280656,49.832043,0],[36.27794,49.830305,0],[36.282667,49.825526,0],[36.286314,49.823865,0],[36.286014,49.821346,0],[36.286014,49.820764,0],[36.284169,49.820681,0],[36.280735,49.820709,0],[36.276808,49.81908,0],[36.274233,49.818,0],[36.270353,49.816996,0],[36.265761,49.816719,0],[36.263872,49.817827,0],[36.257264,49.821039,0],[36.251127,49.820429,0],[36.244861,49.821066,0],[36.23911,49.818879,0],[36.235892,49.816747,0],[36.232537,49.814817,0],[36.231851,49.813211,0],[36.232666,49.811466,0],[36.232966,49.808309,0],[36.230992,49.807174,0],[36.218118,49.810137,0],[36.21362,49.810188,0],[36.210338,49.812943,0],[36.208536,49.815396,0],[36.204073,49.815369,0],[36.200682,49.817279,0],[36.181414,49.820159,0],[36.181375,49.822855,0],[36.172535,49.823132,0],[36.175453,49.824904,0],[36.170389,49.825845,0],[36.165382,49.82326,0],[36.15813,49.820602,0],[36.153816,49.82059,0],[36.150681,49.817615,0],[36.147891,49.816771,0],[36.146132,49.815234,0],[36.142527,49.814182,0],[36.140767,49.812645,0],[36.134223,49.80946,0],[36.129888,49.807314,0],[36.128689,49.805818,0],[36.127874,49.802217,0],[36.127824,49.795683,0],[36.12246,49.791971,0],[36.118683,49.788896,0],[36.115354,49.78551,0],[36.148656,49.787506,0],[36.150759,49.785732,0],[36.151274,49.784402,0],[36.153763,49.784679,0],[36.155866,49.783765,0],[36.157926,49.783793,0],[36.159989,49.779684,0],[36.160322,49.777334,0],[36.159334,49.774313,0],[36.158262,49.771153,0],[36.156802,49.768631,0],[36.156394,49.767006,0],[36.153755,49.765564,0],[36.151008,49.763887,0],[36.150322,49.762668,0],[36.150898,49.760657,0],[36.149246,49.760532,0],[36.143409,49.75927,0],[36.140856,49.759229,0],[36.139976,49.760019,0],[36.137079,49.759797,0],[36.134526,49.759007,0],[36.134354,49.757912,0],[36.133989,49.757413,0],[36.133367,49.755542,0],[36.132631,49.754895,0],[36.12924,49.754978,0],[36.126687,49.757667,0],[36.125635,49.758346,0],[36.123661,49.758596,0],[36.120121,49.758125,0],[36.11716,49.757057,0],[36.114283,49.757209,0],[36.107331,49.758027,0],[36.098512,49.764736,0],[36.094156,49.76712,0],[36.09097,49.768387,0],[36.088695,49.768789,0],[36.086657,49.768969,0],[36.08376,49.769884,0],[36.082516,49.769537,0],[36.08361,49.768706,0],[36.084082,49.767957,0],[36.083481,49.767763,0],[36.081056,49.767375,0],[36.077559,49.76537,0],[36.075056,49.765428,0],[36.071752,49.763446,0],[36.070228,49.762296,0],[36.066237,49.762545,0],[36.061306,49.76398,0],[36.060362,49.764063,0],[36.058502,49.760334,0],[36.056914,49.758601,0],[36.055657,49.756375,0],[36.04555,49.758939,0],[36.04742,49.760812,0],[36.03632,49.763397,0],[36.036063,49.761692,0],[36.035226,49.760805,0],[36.031106,49.759835,0],[36.028563,49.75902,0],[36.024185,49.757522,0],[36.021208,49.759062,0],[36.009472,49.760189,0],[35.987431,49.762077,0],[35.986815,49.760159,0],[35.978603,49.759449,0],[35.974612,49.759657,0],[35.972831,49.759324,0],[35.973153,49.757897,0],[35.974719,49.757786,0],[35.976029,49.752554,0],[35.976458,49.748006,0],[35.976186,49.745364,0]]]},"properties":{"name":"Ukrainian-controlled Chuhuiv Raion, Kharkiv Oblast.","styleUrl":"#poly-1A237E-2000-74-nodesc","fill-opacity":0.2901960784313726,"fill":"#1a237e","stroke-opacity":1,"stroke":"#1a237e","stroke-width":2}},{"type":"Feature","geometry":{"type":"Polygon","coordinates":[[[36.081978,49.51762,0],[36.082467,49.512768,0],[36.07851,49.504467,0],[36.030738,49.504802,0],[36.009452,49.50508,0],[35.987617,49.504742,0],[35.987215,49.485516,0],[35.981507,49.4856,0],[35.979452,49.478013,0],[35.981726,49.473747,0],[35.981542,49.46963,0],[35.978195,49.46567,0],[35.98071,49.464099,0],[35.979509,49.461589,0],[35.988757,49.456947,0],[35.998242,49.455636,0],[35.993202,49.428536,0],[35.989103,49.428606,0],[35.984518,49.406391,0],[35.986964,49.405777,0],[35.985512,49.401146,0],[36.00061,49.398784,0],[35.998379,49.396326,0],[35.995289,49.385879,0],[35.994559,49.38451,0],[36.005668,49.383203,0],[36.001309,49.369622,0],[36.009737,49.369445,0],[36.009711,49.355632,0],[36.025308,49.355088,0],[36.027073,49.34433,0],[36.036042,49.346175,0],[36.04145,49.34707,0],[36.042866,49.343743,0],[36.042436,49.339073,0],[36.042244,49.335935,0],[36.038381,49.335502,0],[36.035442,49.33348,0],[36.033189,49.333004,0],[36.033961,49.331396,0],[36.036193,49.330096,0],[36.036832,49.32852,0],[36.035287,49.327024,0],[36.034128,49.325779,0],[36.034267,49.321958,0],[36.029346,49.319908,0],[36.028531,49.317614,0],[36.028789,49.313306,0],[36.028917,49.31132,0],[36.033938,49.307347,0],[36.039947,49.304241,0],[36.044191,49.30057,0],[36.055864,49.295756,0],[36.060499,49.292873,0],[36.062628,49.291183,0],[36.067907,49.288972,0],[36.07267,49.284857,0],[36.07413,49.280014,0],[36.06709,49.276327,0],[36.064858,49.274115,0],[36.065323,49.270305,0],[36.068413,49.267197,0],[36.06631,49.263388,0],[36.061203,49.260924,0],[36.060967,49.256933,0],[36.131601,49.252023,0],[36.135946,49.247085,0],[36.141274,49.225384,0],[36.131576,49.226421,0],[36.131191,49.215996,0],[36.142564,49.215968,0],[36.142697,49.211693,0],[36.137032,49.195991,0],[36.14613,49.197028,0],[36.151924,49.197505,0],[36.161825,49.198016,0],[36.171328,49.133965,0],[36.161627,49.131698,0],[36.165826,49.110071,0],[36.176984,49.11142,0],[36.228577,49.121468,0],[36.255185,49.127197,0],[36.26579,49.111181,0],[36.27137,49.102473,0],[36.263669,49.098504,0],[36.252811,49.099094,0],[36.246889,49.09856,0],[36.243284,49.091675,0],[36.240193,49.086723,0],[36.22955,49.083434,0],[36.219293,49.083237,0],[36.206247,49.079021,0],[36.199968,49.072543,0],[36.177759,49.070364,0],[36.159005,49.067777,0],[36.148487,49.061322,0],[36.135698,49.056766,0],[36.13072,49.050635,0],[36.115785,49.050016,0],[36.105829,49.041521,0],[36.097503,49.032349,0],[36.086508,49.024814,0],[36.081444,49.012768,0],[36.075779,49.006575,0],[36.065247,49.002924,0],[36.054861,48.999038,0],[36.048767,48.991774,0],[36.039583,48.98631,0],[36.03494,48.980296,0],[36.032537,48.978972,0],[36.027902,48.983085,0],[36.023911,48.982803,0],[36.021679,48.981761,0],[36.014111,48.980692,0],[36.011622,48.985142,0],[36.003854,48.990831,0],[35.994602,48.988471,0],[35.989967,48.997482,0],[35.990525,49.001114,0],[35.986299,49.00164,0],[35.983638,49.004117,0],[35.973081,49.004736,0],[35.947331,48.996909,0],[35.946249,49.001105,0],[35.94303,49.002935,0],[35.939254,48.998994,0],[35.950068,48.992377,0],[35.989814,48.969638,0],[35.98475,48.966089,0],[35.979257,48.962426,0],[35.976682,48.959608,0],[36.00439,48.94617,0],[35.995893,48.939236,0],[36.017436,48.928918,0],[36.041088,48.916587,0],[36.044006,48.915233,0],[36.030959,48.904233,0],[36.01256,48.88781,0],[36.039987,48.873437,0],[36.020352,48.854284,0],[36.040436,48.843723,0],[36.049191,48.844062,0],[36.053054,48.842367,0],[36.059491,48.842819,0],[36.061122,48.841011,0],[36.07331,48.837283,0],[36.075885,48.835475,0],[36.07537,48.829599,0],[36.071164,48.828752,0],[36.07022,48.824344,0],[36.070735,48.820275,0],[36.067988,48.814172,0],[36.066615,48.811911,0],[36.064727,48.808236,0],[36.075198,48.808689,0],[36.085927,48.808802,0],[36.094338,48.808124,0],[36.103623,48.805885,0],[36.106745,48.807956,0],[36.12441,48.807293,0],[36.124925,48.80441,0],[36.129889,48.80516,0],[36.135053,48.80034,0],[36.157541,48.78479,0],[36.152168,48.780979,0],[36.158348,48.768874,0],[36.145093,48.767898,0],[36.140458,48.765183,0],[36.154376,48.753216,0],[36.162295,48.748567,0],[36.14295,48.724447,0],[36.161229,48.714692,0],[36.248383,48.673116,0],[36.262116,48.663026,0],[36.272118,48.664638,0],[36.283917,48.659284,0],[36.276192,48.652821,0],[36.266542,48.647833,0],[36.268242,48.638186,0],[36.259144,48.625366,0],[36.253307,48.626501,0],[36.251247,48.618898,0],[36.319155,48.586873,0],[36.27154,48.544278,0],[36.296342,48.531403,0],[36.323728,48.555573,0],[36.354508,48.53922,0],[36.3494,48.5348,0],[36.355245,48.532571,0],[36.392266,48.564876,0],[36.381305,48.569712,0],[36.415815,48.602018,0],[36.427366,48.614956,0],[36.440584,48.626814,0],[36.432688,48.631182,0],[36.426634,48.632275,0],[36.428912,48.633848,0],[36.43861,48.633735,0],[36.446805,48.632899,0],[36.482123,48.66298,0],[36.4946,48.657633,0],[36.526548,48.641296,0],[36.5541,48.624902,0],[36.560966,48.623598,0],[36.564056,48.615994,0],[36.579764,48.616108,0],[36.581995,48.607312,0],[36.591727,48.608069,0],[36.593496,48.60209,0],[36.628485,48.605705,0],[36.656809,48.607578,0],[36.654148,48.616657,0],[36.674912,48.617645,0],[36.674272,48.62352,0],[36.703474,48.626453,0],[36.704631,48.622406,0],[36.722958,48.624695,0],[36.738478,48.627166,0],[36.735045,48.645771,0],[36.728179,48.647415,0],[36.729552,48.650591,0],[36.727664,48.652122,0],[36.723973,48.652349,0],[36.722514,48.655014,0],[36.728264,48.657225,0],[36.73013,48.657156,0],[36.73013,48.660388,0],[36.725409,48.660416,0],[36.724637,48.66257,0],[36.72159,48.664016,0],[36.72425,48.66634,0],[36.727126,48.666935,0],[36.724122,48.670336,0],[36.72086,48.673255,0],[36.717298,48.673992,0],[36.718346,48.677158,0],[36.715041,48.679368,0],[36.715814,48.68087,0],[36.717959,48.680955,0],[36.718002,48.68274,0],[36.722079,48.682768,0],[36.719333,48.686792,0],[36.718217,48.689795,0],[36.714998,48.69022,0],[36.711093,48.692316,0],[36.715342,48.693562,0],[36.719461,48.693931,0],[36.728302,48.694242,0],[36.730748,48.694752,0],[36.732125,48.697715,0],[36.736073,48.704456,0],[36.73367,48.706268,0],[36.725774,48.715953,0],[36.712524,48.743784,0],[36.71766,48.745478,0],[36.713111,48.74961,0],[36.70877,48.767299,0],[36.696582,48.768147,0],[36.69229,48.768147,0],[36.689188,48.7741,0],[36.703706,48.784324,0],[36.709285,48.79439,0],[36.719297,48.804395,0],[36.715349,48.80513,0],[36.687301,48.815845,0],[36.679884,48.854425,0],[36.68821,48.854933,0],[36.692673,48.859056,0],[36.698252,48.859733,0],[36.70366,48.864815,0],[36.713187,48.866792,0],[36.728293,48.857023,0],[36.733804,48.864472,0],[36.752285,48.883152,0],[36.762115,48.890643,0],[36.771133,48.89025,0],[36.781169,48.895553,0],[36.790096,48.897584,0],[36.790283,48.891065,0],[36.801141,48.889852,0],[36.805733,48.894056,0],[36.803459,48.898203,0],[36.808669,48.9079,0],[36.807039,48.913795,0],[36.80721,48.916897,0],[36.795965,48.931342,0],[36.79225,48.942517,0],[36.783734,48.941829,0],[36.775238,48.957796,0],[36.768028,48.986474,0],[36.76571,48.987675,0],[36.757986,48.988276,0],[36.753008,48.990529,0],[36.751848,48.995419,0],[36.738507,48.993979,0],[36.737992,48.999836,0],[36.748888,49.006691,0],[36.751214,49.010909,0],[36.753184,49.012673,0],[36.760308,49.013743,0],[36.745855,49.020456,0],[36.727694,49.018711,0],[36.725134,49.029323,0],[36.719176,49.03175,0],[36.703736,49.026261,0],[36.696084,49.026214,0],[36.682869,49.033044,0],[36.678406,49.032369,0],[36.676689,49.029949,0],[36.676947,49.023308,0],[36.644511,49.018421,0],[36.63245,49.075118,0],[36.630733,49.080235,0],[36.631639,49.086377,0],[36.635944,49.086198,0],[36.63554,49.088611,0],[36.633532,49.091445,0],[36.628247,49.091097,0],[36.622818,49.092109,0],[36.619378,49.09075,0],[36.617284,49.083094,0],[36.609275,49.084901,0],[36.605044,49.08749,0],[36.602298,49.093729,0],[36.596719,49.096483,0],[36.592624,49.095749,0],[36.594114,49.106412,0],[36.61922,49.132212,0],[36.613055,49.136487,0],[36.626876,49.149199,0],[36.634531,49.152211,0],[36.639193,49.151163,0],[36.646053,49.175358,0],[36.656303,49.195113,0],[36.63012,49.198185,0],[36.647435,49.228345,0],[36.627094,49.230013,0],[36.619115,49.234455,0],[36.59225,49.241796,0],[36.5881,49.246321,0],[36.589246,49.253562,0],[36.589018,49.257549,0],[36.574926,49.266319,0],[36.570385,49.268498,0],[36.56344,49.266642,0],[36.559991,49.267943,0],[36.558805,49.268994,0],[36.570634,49.277743,0],[36.578616,49.282782,0],[36.591062,49.283006,0],[36.60584,49.276565,0],[36.609945,49.276119,0],[36.612422,49.280973,0],[36.614014,49.295661,0],[36.616932,49.29762,0],[36.582059,49.30762,0],[36.569039,49.309989,0],[36.561693,49.314655,0],[36.562788,49.327448,0],[36.550458,49.327653,0],[36.552343,49.351233,0],[36.551559,49.354773,0],[36.545706,49.355694,0],[36.534291,49.353821,0],[36.519201,49.355668,0],[36.520831,49.368525,0],[36.475422,49.384142,0],[36.470241,49.384037,0],[36.460012,49.386647,0],[36.452334,49.386824,0],[36.448425,49.388602,0],[36.475793,49.443818,0],[36.475001,49.446944,0],[36.477492,49.447316,0],[36.481544,49.455955,0],[36.471998,49.461153,0],[36.463646,49.471197,0],[36.451544,49.46481,0],[36.436572,49.460398,0],[36.435628,49.458752,0],[36.419525,49.464162,0],[36.413602,49.465076,0],[36.411971,49.462677,0],[36.383168,49.468624,0],[36.384198,49.472026,0],[36.384414,49.497875,0],[36.38296,49.507426,0],[36.366909,49.511439,0],[36.356867,49.519463,0],[36.354661,49.522008,0],[36.350799,49.52223,0],[36.344562,49.524795,0],[36.340957,49.52251,0],[36.340871,49.519947,0],[36.335721,49.520504,0],[36.340356,49.524795,0],[36.338897,49.527135,0],[36.281292,49.541448,0],[36.267816,49.544093,0],[36.262498,49.542767,0],[36.257219,49.539676,0],[36.255631,49.535693,0],[36.246243,49.526575,0],[36.240235,49.510973,0],[36.239892,49.50317,0],[36.235438,49.504309,0],[36.22736,49.50618,0],[36.225644,49.509859,0],[36.206888,49.512127,0],[36.205729,49.510316,0],[36.203326,49.510762,0],[36.201695,49.508449,0],[36.193372,49.509413,0],[36.19114,49.514428,0],[36.182637,49.519842,0],[36.180154,49.524124,0],[36.175347,49.532035,0],[36.178171,49.536108,0],[36.134172,49.539153,0],[36.131759,49.516672,0],[36.081978,49.51762,0]]]},"properties":{"name":"Ukrainian-controlled Lozova Raion, Kharkiv Oblast.","styleUrl":"#poly-1A237E-1000-77-nodesc","fill-opacity":0.30196078431372547,"fill":"#1a237e","stroke-opacity":1,"stroke":"#1a237e","stroke-width":1}},{"type":"Feature","geometry":{"type":"Polygon","coordinates":[[[36.064795,49.615536,0],[36.063558,49.615037,0],[36.037818,49.616818,0],[36.033484,49.617346,0],[36.030565,49.621266,0],[36.02831,49.621744,0],[36.010801,49.625247,0],[35.999986,49.627388,0],[35.965145,49.632443,0],[35.964354,49.62401,0],[35.956479,49.618237,0],[35.952488,49.616986,0],[35.944249,49.615095,0],[35.941469,49.613933,0],[35.935375,49.610874,0],[35.919356,49.603957,0],[35.91442,49.601148,0],[35.907564,49.597916,0],[35.900827,49.595051,0],[35.886793,49.588551,0],[35.871856,49.583836,0],[35.865805,49.581526,0],[35.85675,49.588667,0],[35.846364,49.597708,0],[35.847176,49.599609,0],[35.849172,49.60367,0],[35.851151,49.606713,0],[35.853576,49.608882,0],[35.850636,49.611454,0],[35.849156,49.614819,0],[35.847954,49.617669,0],[35.847948,49.620032,0],[35.850223,49.622952,0],[35.849408,49.625926,0],[35.845803,49.627789,0],[35.845159,49.630485,0],[35.84134,49.632904,0],[35.838378,49.635377,0],[35.835117,49.637823,0],[35.834204,49.640153,0],[35.834376,49.643488,0],[35.832659,49.646266,0],[35.830471,49.648128,0],[35.827767,49.647156,0],[35.829956,49.642154,0],[35.828025,49.64132,0],[35.824806,49.640403,0],[35.823647,49.638819,0],[35.817577,49.637301,0],[35.816418,49.635772,0],[35.810754,49.6358,0],[35.793545,49.63505,0],[35.789682,49.6353,0],[35.790588,49.632558,0],[35.789644,49.628611,0],[35.782907,49.620716,0],[35.778186,49.6213,0],[35.773937,49.620688,0],[35.771148,49.619354,0],[35.768316,49.616434,0],[35.764865,49.613154,0],[35.763191,49.610623,0],[35.757506,49.615819,0],[35.760325,49.622868,0],[35.752171,49.624758,0],[35.742558,49.625453,0],[35.741314,49.626371,0],[35.745525,49.629809,0],[35.747101,49.635909,0],[35.747959,49.638438,0],[35.74723,49.639884,0],[35.743882,49.641579,0],[35.742638,49.643469,0],[35.73972,49.646803,0],[35.736029,49.649693,0],[35.726332,49.646893,0],[35.724826,49.649372,0],[35.713036,49.651414,0],[35.710025,49.656566,0],[35.714445,49.657469,0],[35.714187,49.658622,0],[35.712235,49.663122,0],[35.721952,49.665437,0],[35.716881,49.675225,0],[35.729882,49.684419,0],[35.73967,49.689899,0],[35.74688,49.691259,0],[35.746966,49.693452,0],[35.745292,49.696617,0],[35.73804,49.696006,0],[35.732976,49.695979,0],[35.722676,49.697533,0],[35.721389,49.700725,0],[35.713062,49.698275,0],[35.70817,49.69672,0],[35.706116,49.698796,0],[35.698648,49.705985,0],[35.693327,49.702988,0],[35.673408,49.695292,0],[35.662722,49.691322,0],[35.660318,49.695792,0],[35.621977,49.69114,0],[35.621231,49.662849,0],[35.61742,49.656632,0],[35.608945,49.656382,0],[35.599546,49.654979,0],[35.595296,49.65417,0],[35.57165,49.645695,0],[35.53697,49.648481,0],[35.533666,49.655122,0],[35.530886,49.660351,0],[35.526723,49.661656,0],[35.522518,49.662684,0],[35.514568,49.664618,0],[35.509289,49.666951,0],[35.507659,49.668217,0],[35.505513,49.670078,0],[35.49347,49.665505,0],[35.484372,49.671116,0],[35.475617,49.669144,0],[35.471309,49.672875,0],[35.467727,49.673221,0],[35.467212,49.675331,0],[35.463435,49.673693,0],[35.432812,49.673032,0],[35.433951,49.666074,0],[35.422836,49.663602,0],[35.425425,49.655748,0],[35.43684,49.646829,0],[35.442663,49.640518,0],[35.445204,49.637295,0],[35.450869,49.632126,0],[35.463837,49.603095,0],[35.48478,49.571935,0],[35.474035,49.567765,0],[35.473536,49.564532,0],[35.460317,49.563558,0],[35.444096,49.561999,0],[35.412252,49.561109,0],[35.406073,49.559216,0],[35.403927,49.554594,0],[35.405129,49.55181,0],[35.409506,49.55014,0],[35.426758,49.547801,0],[35.424632,49.540929,0],[35.424288,49.540149,0],[35.432614,49.538812,0],[35.428222,49.525946,0],[35.438264,49.524553,0],[35.442555,49.522826,0],[35.46573,49.518872,0],[35.485085,49.515476,0],[35.485235,49.513846,0],[35.490222,49.507813,0],[35.481479,49.486198,0],[35.481007,49.483578,0],[35.461738,49.486616,0],[35.460383,49.482417,0],[35.440728,49.485958,0],[35.436523,49.485986,0],[35.418573,49.489866,0],[35.406772,49.491454,0],[35.40218,49.491482,0],[35.3963,49.49335,0],[35.367928,49.497886,0],[35.336342,49.503516,0],[35.330248,49.503684,0],[35.329218,49.499392,0],[35.327931,49.495991,0],[35.329304,49.49365,0],[35.321553,49.470826,0],[35.3146,49.45476,0],[35.334856,49.451915,0],[35.34816,49.450464,0],[35.354082,49.445665,0],[35.363867,49.44561,0],[35.351247,49.416228,0],[35.347299,49.404333,0],[35.376283,49.398126,0],[35.356285,49.380137,0],[35.336498,49.3631,0],[35.326585,49.353161,0],[35.31916,49.347934,0],[35.315126,49.347011,0],[35.281675,49.320235,0],[35.281106,49.318682,0],[35.278328,49.315542,0],[35.280579,49.309703,0],[35.28457,49.303939,0],[35.288433,49.29434,0],[35.283927,49.290981,0],[35.279592,49.289162,0],[35.276717,49.283332,0],[35.271954,49.277061,0],[35.258364,49.282112,0],[35.26257,49.288159,0],[35.241058,49.296975,0],[35.215905,49.29836,0],[35.214103,49.295113,0],[35.17258,49.294999,0],[35.138376,49.30054,0],[35.127832,49.30209,0],[35.09822,49.300971,0],[35.080625,49.306959,0],[35.078308,49.31664,0],[35.052178,49.324922,0],[35.035698,49.330572,0],[35.024369,49.322573,0],[35.021622,49.317482,0],[35.025141,49.315915,0],[35.012887,49.299838,0],[35.007223,49.301181,0],[35.00276,49.294128,0],[34.989027,49.268933,0],[34.978618,49.248228,0],[34.990092,49.217037,0],[35.000048,49.198084,0],[35.013216,49.1667,0],[35.015534,49.15699,0],[35.017765,49.150759,0],[35.029181,49.15323,0],[35.040596,49.155026,0],[35.044373,49.156654,0],[35.048578,49.165017,0],[35.049109,49.171213,0],[35.04971,49.174355,0],[35.054216,49.176291,0],[35.05958,49.17559,0],[35.063271,49.173009,0],[35.070352,49.171101,0],[35.078675,49.16993,0],[35.068208,49.163794,0],[35.071723,49.158593,0],[35.081078,49.160614,0],[35.078418,49.155562,0],[35.07447,49.151857,0],[35.077645,49.146973,0],[35.08125,49.143155,0],[35.084168,49.141358,0],[35.085799,49.149331,0],[35.093524,49.15444,0],[35.102364,49.157527,0],[35.109488,49.15792,0],[35.11584,49.16067,0],[35.121161,49.163926,0],[35.125624,49.158593,0],[35.132576,49.158257,0],[35.134551,49.152868,0],[35.141331,49.151464,0],[35.149474,49.151591,0],[35.157028,49.160067,0],[35.164409,49.163042,0],[35.172477,49.161021,0],[35.180373,49.16248,0],[35.188441,49.161358,0],[35.19711,49.157765,0],[35.206809,49.153499,0],[35.2111,49.150861,0],[35.208869,49.148784,0],[35.19342,49.147942,0],[35.188613,49.140193,0],[35.193591,49.138172,0],[35.203976,49.137161,0],[35.20844,49.137273,0],[35.212731,49.140193,0],[35.225172,49.126997,0],[35.225343,49.124357,0],[35.212211,49.125087,0],[35.208177,49.121155,0],[35.208606,49.117391,0],[35.197449,49.11756,0],[35.18938,49.114133,0],[35.190325,49.109638,0],[35.192642,49.107503,0],[35.209808,49.108683,0],[35.222683,49.105705,0],[35.225258,49.100816,0],[35.230493,49.100985,0],[35.237188,49.109414,0],[35.238561,49.114302,0],[35.248346,49.11211,0],[35.257959,49.112953,0],[35.257701,49.106098,0],[35.266938,49.105522,0],[35.267453,49.099453,0],[35.274491,49.092034,0],[35.281186,49.096306,0],[35.282168,49.091738,0],[35.289378,49.094099,0],[35.294442,49.093705,0],[35.298218,49.089715,0],[35.301137,49.08859,0],[35.307917,49.091288,0],[35.310492,49.083756,0],[35.313318,49.078086,0],[35.307482,49.075837,0],[35.301823,49.070465,0],[35.303963,49.068414,0],[35.311602,49.06729,0],[35.315206,49.066559,0],[35.318125,49.06729,0],[35.321816,49.063466,0],[35.328253,49.063128,0],[35.334089,49.061216,0],[35.339926,49.057223,0],[35.343874,49.054692,0],[35.338815,49.049336,0],[35.343364,49.044948,0],[35.349629,49.041516,0],[35.360015,49.039715,0],[35.372374,49.03679,0],[35.379241,49.031556,0],[35.385764,49.027955,0],[35.387946,49.027034,0],[35.396872,49.02951,0],[35.404425,49.029285,0],[35.407515,49.025233,0],[35.403395,49.021405,0],[35.40082,49.018141,0],[35.408374,49.014538,0],[35.42142,49.012399,0],[35.432578,49.012399,0],[35.441676,49.00767,0],[35.437212,49.003841,0],[35.443907,48.999224,0],[35.454035,48.996859,0],[35.460387,48.993818,0],[35.454378,48.988636,0],[35.465021,48.987848,0],[35.473604,48.986046,0],[35.476694,48.981539,0],[35.480642,48.979962,0],[35.488367,48.979061,0],[35.484076,48.97399,0],[35.488539,48.972976,0],[35.497637,48.977145,0],[35.507765,48.977709,0],[35.519438,48.979511,0],[35.53285,48.977487,0],[35.531649,48.982895,0],[35.539374,48.980416,0],[35.542978,48.976473,0],[35.55242,48.974895,0],[35.561346,48.973092,0],[35.568212,48.977374,0],[35.577139,48.976698,0],[35.587267,48.985486,0],[35.600656,48.98481,0],[35.608038,48.980867,0],[35.625375,48.982219,0],[35.622972,48.974895,0],[35.62589,48.968472,0],[35.630697,48.966444,0],[35.638936,48.964077,0],[35.645116,48.964528,0],[35.649751,48.973543,0],[35.660558,48.974361,0],[35.664163,48.968501,0],[35.674291,48.971769,0],[35.684419,48.970304,0],[35.694203,48.967149,0],[35.695233,48.962641,0],[35.689054,48.957682,0],[35.695233,48.953398,0],[35.690427,48.94934,0],[35.692315,48.942463,0],[35.705018,48.945281,0],[35.715489,48.948664,0],[35.712571,48.956442,0],[35.719952,48.966134,0],[35.724931,48.966247,0],[35.734887,48.966698,0],[35.737977,48.960387,0],[35.740895,48.950805,0],[35.748105,48.947649,0],[35.756516,48.947198,0],[35.758919,48.948213,0],[35.757031,48.954864,0],[35.765442,48.953398,0],[35.77351,48.949002,0],[35.778378,48.950633,0],[35.793828,48.951761,0],[35.791253,48.943531,0],[35.793776,48.933244,0],[35.801381,48.92718,0],[35.818204,48.928872,0],[35.809792,48.939472,0],[35.821465,48.946688,0],[35.830391,48.952324,0],[35.839146,48.946913,0],[35.851162,48.944545,0],[35.852879,48.958073,0],[35.877665,48.962993,0],[35.883099,48.973504,0],[35.897484,48.97141,0],[35.905818,48.972459,0],[35.91424,48.967804,0],[35.924872,48.973586,0],[35.931395,48.974375,0],[35.930022,48.982712,0],[35.936545,48.992175,0],[35.93883,48.998562,0],[35.942606,49.002503,0],[35.947223,49.000505,0],[35.946907,48.996477,0],[35.972656,49.004304,0],[35.983214,49.003685,0],[35.985874,49.001207,0],[35.990101,49.000682,0],[35.989543,48.99705,0],[35.994178,48.988151,0],[36.00343,48.990511,0],[36.012797,48.984961,0],[36.013686,48.980373,0],[36.021254,48.981441,0],[36.023486,48.982483,0],[36.027477,48.982765,0],[36.032112,48.978653,0],[36.0358,48.980229,0],[36.039158,48.98599,0],[36.048171,48.991454,0],[36.054265,48.998718,0],[36.075183,49.006256,0],[36.080848,49.012448,0],[36.085912,49.024494,0],[36.096907,49.03203,0],[36.104422,49.040485,0],[36.115188,49.049696,0],[36.130123,49.050315,0],[36.135101,49.056446,0],[36.148847,49.06128,0],[36.158408,49.067457,0],[36.19937,49.072223,0],[36.205649,49.078701,0],[36.218782,49.08303,0],[36.228165,49.083407,0],[36.239681,49.086516,0],[36.246377,49.098353,0],[36.254526,49.099452,0],[36.263672,49.098522,0],[36.271374,49.102491,0],[36.255188,49.127215,0],[36.176987,49.111437,0],[36.165829,49.110089,0],[36.16163,49.131715,0],[36.171331,49.133982,0],[36.161828,49.198034,0],[36.149448,49.19723,0],[36.137035,49.196008,0],[36.1427,49.211711,0],[36.142567,49.215986,0],[36.131194,49.216014,0],[36.131579,49.226439,0],[36.141278,49.225402,0],[36.135949,49.247103,0],[36.131604,49.252041,0],[36.06097,49.25695,0],[36.060543,49.262585,0],[36.064834,49.263481,0],[36.068416,49.267215,0],[36.065349,49.271098,0],[36.063804,49.275242,0],[36.066207,49.277146,0],[36.074132,49.280031,0],[36.072673,49.284986,0],[36.06791,49.289101,0],[36.062631,49.291312,0],[36.055867,49.295886,0],[36.043627,49.300742,0],[36.039078,49.30466,0],[36.033327,49.307682,0],[36.02892,49.311449,0],[36.028864,49.317306,0],[36.029207,49.320552,0],[36.0341,49.32251,0],[36.034131,49.325909,0],[36.036834,49.32865,0],[36.036196,49.330225,0],[36.033964,49.331526,0],[36.033192,49.333134,0],[36.035168,49.333515,0],[36.038384,49.335631,0],[36.042247,49.336065,0],[36.042868,49.343872,0],[36.041452,49.3472,0],[36.035433,49.346319,0],[36.027076,49.34446,0],[36.025311,49.355218,0],[36.010545,49.35556,0],[36.01003,49.369926,0],[36.001312,49.369752,0],[36.005671,49.383332,0],[35.994562,49.384639,0],[35.995292,49.386008,0],[35.998381,49.396455,0],[36.000613,49.398913,0],[35.985774,49.401273,0],[35.986967,49.405906,0],[35.984521,49.406521,0],[35.989106,49.428735,0],[35.993204,49.428665,0],[35.998073,49.455765,0],[35.988588,49.457076,0],[35.97934,49.461718,0],[35.980542,49.464229,0],[35.978026,49.465799,0],[35.981374,49.46976,0],[35.981557,49.473876,0],[35.979283,49.478143,0],[35.981338,49.485729,0],[35.987046,49.485646,0],[35.987448,49.504871,0],[36.010574,49.505925,0],[36.078341,49.504596,0],[36.082298,49.512897,0],[36.081809,49.517749,0],[36.06717,49.542377,0],[36.07838,49.56926,0],[36.116414,49.585594,0],[36.09958,49.592512,0],[36.096233,49.597324,0],[36.085366,49.603491,0],[36.078313,49.602271,0],[36.077126,49.606605,0],[36.073893,49.610503,0],[36.073936,49.615564,0],[36.064795,49.615536,0]]]},"properties":{"name":"Ukrainian-controlled Berestyn Raion, Kharkiv Oblast.","styleUrl":"#poly-1A237E-2000-77-nodesc","fill-opacity":0.30196078431372547,"fill":"#1a237e","stroke-opacity":1,"stroke":"#1a237e","stroke-width":2}},{"type":"Feature","geometry":{"type":"Polygon","coordinates":[[[36.655815,50.214963,0],[36.6528002,50.2038761,0],[36.645924,50.2068792,0],[36.6371913,50.205165,0],[36.6247451,50.2077196,0],[36.6091448,50.2003798,0],[36.5983957,50.2066637,0],[36.5949091,50.2054516,0],[36.5888048,50.2064641,0],[36.5779579,50.2122691,0],[36.5692989,50.2161511,0],[36.5608193,50.2205513,0],[36.5574679,50.223591,0],[36.5599543,50.2281969,0],[36.551409,50.231346,0],[36.531754,50.236562,0],[36.511067,50.22359,0],[36.496555,50.215894,0],[36.46793,50.214341,0],[36.452236,50.233591,0],[36.436476,50.245114,0],[36.42145,50.245992,0],[36.406158,50.254509,0],[36.385558,50.257911,0],[36.384899,50.269228,0],[36.381465,50.279979,0],[36.356746,50.28316,0],[36.328765,50.285354,0],[36.304827,50.287352,0],[36.288176,50.289874,0],[36.278232,50.306137,0],[36.271373,50.320309,0],[36.259006,50.323127,0],[36.255839,50.340668,0],[36.233523,50.358194,0],[36.220477,50.369583,0],[36.201449,50.389984,0],[36.198016,50.39179,0],[36.191578,50.396824,0],[36.184197,50.399504,0],[36.171243,50.397768,0],[36.159313,50.390873,0],[36.136775,50.380628,0],[36.12355,50.374179,0],[36.110589,50.36761,0],[36.107788,50.366164,0],[36.105128,50.365753,0],[36.106329,50.36433,0],[36.109238,50.36593,0],[36.111727,50.366066,0],[36.113744,50.365464,0],[36.115847,50.365355,0],[36.118808,50.365957,0],[36.121512,50.365519,0],[36.122842,50.364013,0],[36.124988,50.362781,0],[36.126709,50.359521,0],[36.131387,50.357686,0],[36.133619,50.356235,0],[36.134246,50.353301,0],[36.136434,50.352507,0],[36.139581,50.356924,0],[36.14443,50.357006,0],[36.149192,50.357755,0],[36.156487,50.357427,0],[36.16138,50.351896,0],[36.16816,50.347678,0],[36.170819,50.341452,0],[36.168604,50.335383,0],[36.164913,50.331712,0],[36.156485,50.331896,0],[36.152709,50.331759,0],[36.149976,50.330078,0],[36.157057,50.329393,0],[36.16534,50.327968,0],[36.169674,50.326516,0],[36.167314,50.323968,0],[36.162035,50.323886,0],[36.154053,50.324955,0],[36.148517,50.325585,0],[36.152073,50.321056,0],[36.153446,50.317411,0],[36.152158,50.314452,0],[36.163935,50.311152,0],[36.161202,50.303067,0],[36.160344,50.299668,0],[36.164249,50.297283,0],[36.17133,50.2972,0],[36.171459,50.296131,0],[36.175407,50.296378,0],[36.176009,50.28775,0],[36.171503,50.28786,0],[36.169915,50.287695,0],[36.168671,50.286681,0],[36.169357,50.281032,0],[36.159614,50.28179,0],[36.158197,50.277374,0],[36.154721,50.27721,0],[36.150172,50.277484,0],[36.147367,50.274157,0],[36.150272,50.273363,0],[36.150873,50.272403,0],[36.149715,50.271718,0],[36.149843,50.271196,0],[36.151732,50.271059,0],[36.150358,50.270044,0],[36.148642,50.270044,0],[36.14774,50.268536,0],[36.146067,50.268097,0],[36.143964,50.268234,0],[36.142376,50.268536,0],[36.140402,50.267576,0],[36.139276,50.266772,0],[36.139288,50.265402,0],[36.140447,50.264002,0],[36.129726,50.254919,0],[36.127602,50.25518,0],[36.126306,50.253836,0],[36.121379,50.250503,0],[36.122055,50.249478,0],[36.120912,50.240913,0],[36.116449,50.24116,0],[36.110182,50.23901,0],[36.101856,50.237803,0],[36.098512,50.24082,0],[36.095636,50.244251,0],[36.092804,50.246748,0],[36.086967,50.244937,0],[36.084969,50.24277,0],[36.083167,50.240711,0],[36.082909,50.238762,0],[36.087657,50.238697,0],[36.091949,50.23598,0],[36.093426,50.234768,0],[36.095529,50.235481,0],[36.093941,50.232599,0],[36.093844,50.230539,0],[36.093195,50.225113,0],[36.079434,50.223054,0],[36.076001,50.222779,0],[36.070735,50.220756,0],[36.066237,50.218682,0],[36.060916,50.218325,0],[36.05465,50.215607,0],[36.050624,50.215716,0],[36.04144,50.214096,0],[36.035389,50.21135,0],[36.0388,50.211391,0],[36.051332,50.208645,0],[36.053864,50.208617,0],[36.060601,50.206942,0],[36.066654,50.204818,0],[36.071976,50.201796,0],[36.071452,50.197571,0],[36.071034,50.194633,0],[36.072149,50.190594,0],[36.073846,50.187152,0],[36.074704,50.182728,0],[36.071571,50.182508,0],[36.068825,50.182206,0],[36.065306,50.18281,0],[36.063761,50.181903,0],[36.060928,50.181903,0],[36.048812,50.180809,0],[36.039586,50.181276,0],[36.036002,50.181441,0],[36.02614,50.164593,0],[36.022959,50.156012,0],[36.021071,50.156122,0],[36.010658,50.127074,0],[35.990051,50.136608,0],[35.984534,50.138183,0],[35.986423,50.136258,0],[35.985221,50.128775,0],[35.986075,50.124421,0],[35.98616,50.118285,0],[35.984315,50.115643,0],[35.995473,50.11435,0],[35.995369,50.108829,0],[35.984052,50.107773,0],[35.97195,50.107167,0],[35.955936,50.106684,0],[35.945894,50.106519,0],[35.944993,50.11018,0],[35.941903,50.110648,0],[35.940319,50.106991,0],[35.93738,50.10472,0],[35.937079,50.101844,0],[35.936559,50.100664,0],[35.9463,50.099397,0],[35.944756,50.096864,0],[35.944326,50.094497,0],[35.944841,50.092201,0],[35.944726,50.090604,0],[35.933139,50.092889,0],[35.915784,50.09602,0],[35.91358,50.089818,0],[35.915469,50.085577,0],[35.91461,50.084118,0],[35.913666,50.086266,0],[35.911177,50.090038,0],[35.907401,50.08968,0],[35.902337,50.088909,0],[35.898732,50.087505,0],[35.896929,50.086266,0],[35.895127,50.086761,0],[35.891694,50.083732,0],[35.89414,50.082823,0],[35.88895,50.08054,0],[35.886633,50.08043,0],[35.879037,50.080816,0],[35.874273,50.081724,0],[35.869552,50.083129,0],[35.868741,50.081395,0],[35.869041,50.080211,0],[35.871187,50.079743,0],[35.870114,50.078558,0],[35.870311,50.076988,0],[35.866148,50.076354,0],[35.861216,50.081331,0],[35.855764,50.086402,0],[35.851044,50.099673,0],[35.84495,50.098572,0],[35.842203,50.105398,0],[35.842546,50.105949,0],[35.846237,50.119764,0],[35.840049,50.121785,0],[35.839534,50.122968,0],[35.83962,50.124646,0],[35.832012,50.126024,0],[35.827408,50.126496,0],[35.826902,50.123063,0],[35.825271,50.120586,0],[35.820379,50.119238,0],[35.817718,50.117697,0],[35.817375,50.11522,0],[35.817933,50.112826,0],[35.815401,50.11123,0],[35.812569,50.108008,0],[35.812097,50.105365,0],[35.813514,50.102998,0],[35.820455,50.099198,0],[35.821228,50.096253,0],[35.827842,50.096348,0],[35.831704,50.092989,0],[35.833592,50.08963,0],[35.832605,50.08638,0],[35.833635,50.084453,0],[35.828171,50.082195,0],[35.826098,50.076685,0],[35.828459,50.076327,0],[35.826613,50.074536,0],[35.828115,50.074371,0],[35.82803,50.073875,0],[35.83099,50.072679,0],[35.833436,50.070007,0],[35.834895,50.06852,0],[35.834092,50.065664,0],[35.835766,50.065072,0],[35.836688,50.066036,0],[35.837353,50.065802,0],[35.837997,50.066311,0],[35.838684,50.066077,0],[35.839413,50.066532,0],[35.84128,50.066063,0],[35.841795,50.065457,0],[35.844971,50.064245,0],[35.843295,50.063217,0],[35.840076,50.062721,0],[35.837158,50.063382,0],[35.835206,50.063851,0],[35.833818,50.062291,0],[35.830993,50.063001,0],[35.828632,50.061045,0],[35.827688,50.061127,0],[35.826057,50.059571,0],[35.8248,50.059562,0],[35.824371,50.059052,0],[35.822097,50.060058,0],[35.821689,50.059534,0],[35.824843,50.057881,0],[35.828385,50.056832,0],[35.827054,50.055441,0],[35.825402,50.054518,0],[35.82596,50.054063,0],[35.825552,50.053415,0],[35.822377,50.053856,0],[35.820832,50.054655,0],[35.817688,50.052535,0],[35.813954,50.050027,0],[35.813053,50.048759,0],[35.809401,50.049134,0],[35.80423,50.046172,0],[35.800453,50.045014,0],[35.798243,50.043553,0],[35.798372,50.042975,0],[35.799767,50.042864,0],[35.805312,50.045053,0],[35.807286,50.045839,0],[35.810418,50.045232,0],[35.810504,50.043455,0],[35.812071,50.041429,0],[35.810422,50.037859,0],[35.812868,50.037252,0],[35.813469,50.035158,0],[35.813169,50.034606,0],[35.803298,50.035433,0],[35.80284,50.033877,0],[35.796231,50.034374,0],[35.793914,50.03509,0],[35.792026,50.033161,0],[35.793141,50.032554,0],[35.794128,50.031507,0],[35.791124,50.030735,0],[35.790523,50.028796,0],[35.791381,50.027804,0],[35.790751,50.02666,0],[35.78882,50.024868,0],[35.779894,50.017423,0],[35.782855,50.017423,0],[35.784271,50.016844,0],[35.787404,50.019822,0],[35.79015,50.020925,0],[35.79324,50.023103,0],[35.79839,50.023076,0],[35.803754,50.023241,0],[35.796064,50.019507,0],[35.793618,50.01697,0],[35.792416,50.01413,0],[35.795978,50.01424,0],[35.798854,50.014791,0],[35.800956,50.013247,0],[35.802072,50.01355,0],[35.804518,50.015426,0],[35.805189,50.011999,0],[35.805318,50.009186,0],[35.806605,50.008082,0],[35.806262,50.006483,0],[35.806348,50.005324,0],[35.8033,50.00389,0],[35.8027,50.002125,0],[35.81045,50.000327,0],[35.815857,50.000548,0],[35.821307,50.001596,0],[35.826801,50.001982,0],[35.83371,50.000493,0],[35.827816,49.997333,0],[35.834569,49.996236,0],[35.832938,49.99425,0],[35.829762,49.994195,0],[35.827041,49.992916,0],[35.823865,49.992916,0],[35.824337,49.991509,0],[35.819402,49.991896,0],[35.816072,49.994191,0],[35.814956,49.995722,0],[35.815042,49.997708,0],[35.813969,49.997791,0],[35.81354,49.996425,0],[35.811244,49.996949,0],[35.809253,49.996635,0],[35.807879,49.994069,0],[35.808308,49.992331,0],[35.808802,49.990538,0],[35.807297,49.986194,0],[35.807743,49.985256,0],[35.810018,49.984455,0],[35.811284,49.98302,0],[35.812979,49.982193,0],[35.814953,49.981296,0],[35.816412,49.980937,0],[35.817979,49.980827,0],[35.814962,49.974407,0],[35.813502,49.971343,0],[35.81067,49.97184,0],[35.806464,49.964663,0],[35.804707,49.964956,0],[35.792691,49.956204,0],[35.792562,49.951593,0],[35.786716,49.950279,0],[35.786545,49.949727,0],[35.778777,49.946054,0],[35.776095,49.94503,0],[35.772319,49.945748,0],[35.767684,49.947791,0],[35.761332,49.949807,0],[35.754981,49.944146,0],[35.761118,49.942268,0],[35.763864,49.941384,0],[35.766225,49.941854,0],[35.771503,49.940252,0],[35.775366,49.942296,0],[35.780001,49.942075,0],[35.782833,49.942434,0],[35.785504,49.941027,0],[35.790482,49.94017,0],[35.792327,49.940364,0],[35.789409,49.943733,0],[35.787478,49.946661,0],[35.78692,49.948318,0],[35.788465,49.949671,0],[35.79031,49.950002,0],[35.795074,49.949505,0],[35.797992,49.948704,0],[35.79958,49.946633,0],[35.802455,49.944479,0],[35.805073,49.943982,0],[35.81168,49.944155,0],[35.813311,49.943906,0],[35.812924,49.940316,0],[35.810652,49.93861,0],[35.807476,49.93705,0],[35.807154,49.935973,0],[35.804345,49.936582,0],[35.800783,49.938129,0],[35.798508,49.936057,0],[35.800353,49.93539,0],[35.800181,49.933512,0],[35.801011,49.930772,0],[35.802942,49.927526,0],[35.80291,49.926554,0],[35.806729,49.92683,0],[35.815527,49.931372,0],[35.815419,49.93343,0],[35.813917,49.934577,0],[35.813295,49.935792,0],[35.813746,49.936731,0],[35.815291,49.936966,0],[35.816406,49.936414,0],[35.818316,49.936648,0],[35.819775,49.936662,0],[35.820591,49.936193,0],[35.82347,49.93528,0],[35.827505,49.933347,0],[35.824447,49.924276,0],[35.829168,49.922066,0],[35.841536,49.923614,0],[35.844154,49.922813,0],[35.847501,49.921127,0],[35.849776,49.919083,0],[35.853638,49.919912,0],[35.859518,49.92005,0],[35.860934,49.918116,0],[35.862136,49.914993,0],[35.86308,49.91375,0],[35.862436,49.911787,0],[35.862779,49.910102,0],[35.864238,49.910682,0],[35.866084,49.912036,0],[35.86883,49.912755,0],[35.872564,49.916016,0],[35.874667,49.915463,0],[35.87531,49.913888,0],[35.874195,49.91187,0],[35.871362,49.905541,0],[35.868045,49.903507,0],[35.87011,49.902816,0],[35.871956,49.901572,0],[35.873586,49.901019,0],[35.87629,49.900991,0],[35.873718,49.896934,0],[35.873932,49.896049,0],[35.872344,49.893644,0],[35.868182,49.891211,0],[35.873589,49.887561,0],[35.874463,49.884528,0],[35.873519,49.883477,0],[35.869957,49.884141,0],[35.867124,49.885026,0],[35.86648,49.880905,0],[35.866249,49.877628,0],[35.870755,49.876079,0],[35.873845,49.874696,0],[35.865998,49.867689,0],[35.861921,49.871091,0],[35.859861,49.87123,0],[35.852951,49.867744,0],[35.849813,49.866826,0],[35.846808,49.868901,0],[35.825351,49.859246,0],[35.822069,49.837891,0],[35.822039,49.835218,0],[35.829806,49.835439,0],[35.835943,49.836602,0],[35.838776,49.834581,0],[35.839591,49.832007,0],[35.840363,49.830235,0],[35.837857,49.829591,0],[35.83408,49.830283,0],[35.830046,49.829286,0],[35.827643,49.828179,0],[35.825712,49.826684,0],[35.820751,49.822905,0],[35.819421,49.820164,0],[35.820537,49.816869,0],[35.82088,49.814239,0],[35.815945,49.811793,0],[35.808135,49.812402,0],[35.800367,49.814341,0],[35.788904,49.815748,0],[35.773283,49.818212,0],[35.769463,49.818627,0],[35.776759,49.822864,0],[35.781008,49.825217,0],[35.777703,49.825328,0],[35.76736,49.833577,0],[35.764476,49.834827,0],[35.75834,49.836903,0],[35.75672,49.835958,0],[35.758565,49.833937,0],[35.759853,49.832304,0],[35.757964,49.831473,0],[35.752029,49.83301,0],[35.747222,49.832014,0],[35.745635,49.831294,0],[35.749626,49.829467,0],[35.747094,49.829301,0],[35.744176,49.829384,0],[35.742116,49.828194,0],[35.739026,49.827418,0],[35.737,49.826238,0],[35.732473,49.827719,0],[35.731833,49.826799,0],[35.722768,49.825193,0],[35.721333,49.825649,0],[35.718543,49.825939,0],[35.709317,49.824749,0],[35.702104,49.823873,0],[35.700559,49.814376,0],[35.700173,49.809529,0],[35.697626,49.803371,0],[35.698141,49.800823,0],[35.70815,49.800283,0],[35.710124,49.800145,0],[35.709051,49.79574,0],[35.707721,49.791419,0],[35.714145,49.790116,0],[35.712856,49.782331,0],[35.707878,49.774682,0],[35.699037,49.776733,0],[35.691913,49.779837,0],[35.686248,49.785268,0],[35.681389,49.781194,0],[35.67963,49.776178,0],[35.677149,49.772632,0],[35.673159,49.765078,0],[35.67234,49.76129,0],[35.664186,49.758767,0],[35.662093,49.755964,0],[35.65793,49.754079,0],[35.654111,49.751556,0],[35.6562,49.74874,0],[35.660148,49.747603,0],[35.662466,49.747132,0],[35.663968,49.743804,0],[35.666586,49.745551,0],[35.667658,49.748019,0],[35.673409,49.749405,0],[35.675855,49.747159,0],[35.679918,49.742459,0],[35.676672,49.736594,0],[35.673458,49.733236,0],[35.676419,49.728243,0],[35.679251,49.726856,0],[35.680219,49.726278,0],[35.674726,49.723393,0],[35.685698,49.720593,0],[35.69917,49.705759,0],[35.70817,49.69672,0],[35.721389,49.700725,0],[35.722676,49.697533,0],[35.732976,49.695979,0],[35.73804,49.696006,0],[35.745292,49.696617,0],[35.746966,49.693452,0],[35.74688,49.691259,0],[35.73967,49.689899,0],[35.730829,49.684796,0],[35.716881,49.675225,0],[35.721952,49.665437,0],[35.712235,49.663122,0],[35.714445,49.657469,0],[35.710025,49.656566,0],[35.713036,49.651414,0],[35.724826,49.649372,0],[35.726448,49.646473,0],[35.735374,49.649918,0],[35.740696,49.64525,0],[35.74327,49.643194,0],[35.744472,49.641193,0],[35.74723,49.639884,0],[35.747959,49.638438,0],[35.745543,49.63034,0],[35.741314,49.626371,0],[35.742558,49.625453,0],[35.752171,49.624758,0],[35.759533,49.622834,0],[35.757506,49.615819,0],[35.763191,49.610623,0],[35.765284,49.613937,0],[35.771148,49.619354,0],[35.774897,49.620888,0],[35.778186,49.6213,0],[35.782907,49.620716,0],[35.789644,49.628611,0],[35.790588,49.632558,0],[35.789745,49.635732,0],[35.793545,49.63505,0],[35.809415,49.635642,0],[35.816418,49.635772,0],[35.817912,49.637921,0],[35.823647,49.638819,0],[35.828555,49.641478,0],[35.829956,49.642154,0],[35.827525,49.647536,0],[35.829757,49.647981,0],[35.833533,49.645869,0],[35.834306,49.643146,0],[35.834204,49.640153,0],[35.835117,49.637823,0],[35.839036,49.634539,0],[35.841605,49.632938,0],[35.845159,49.630485,0],[35.845803,49.627789,0],[35.849408,49.625926,0],[35.850223,49.622952,0],[35.848472,49.6204,0],[35.84727,49.617842,0],[35.849502,49.613727,0],[35.850636,49.611454,0],[35.853576,49.608882,0],[35.850017,49.606942,0],[35.845554,49.597597,0],[35.865805,49.581526,0],[35.885761,49.588817,0],[35.916317,49.602614,0],[35.9455,49.615073,0],[35.952488,49.616986,0],[35.964354,49.62401,0],[35.965145,49.632443,0],[36.000757,49.627056,0],[36.030565,49.621266,0],[36.033287,49.617715,0],[36.063558,49.615037,0],[36.065473,49.616213,0],[36.06596,49.624164,0],[36.063921,49.629348,0],[36.062758,49.638093,0],[36.059063,49.640589,0],[36.056492,49.651598,0],[36.050557,49.655266,0],[36.047209,49.656488,0],[36.041201,49.660211,0],[36.039141,49.664988,0],[36.036619,49.670699,0],[36.03855,49.672532,0],[36.043056,49.669699,0],[36.043743,49.673198,0],[36.07313,49.67221,0],[36.072652,49.690806,0],[36.07454,49.693332,0],[36.072566,49.69683,0],[36.069648,49.70066,0],[36.065872,49.702881,0],[36.063425,49.702687,0],[36.060653,49.703556,0],[36.059821,49.704047,0],[36.056216,49.703381,0],[36.053298,49.703464,0],[36.051624,49.70549,0],[36.03978,49.705684,0],[36.034046,49.704444,0],[36.026664,49.7035,0],[36.025063,49.706053,0],[36.022102,49.70411,0],[36.017481,49.704888,0],[36.012972,49.70109,0],[36.01044,49.702422,0],[36.003833,49.707819,0],[36.005764,49.70979,0],[35.999971,49.712104,0],[36.006237,49.714934,0],[36.009385,49.718046,0],[36.016595,49.720543,0],[36.03411,49.722107,0],[36.034983,49.723312,0],[36.030223,49.724907,0],[36.02271,49.729304,0],[36.019662,49.730746,0],[36.009596,49.732046,0],[35.998588,49.732495,0],[35.992559,49.734431,0],[35.986142,49.737544,0],[35.980649,49.740262,0],[35.976186,49.745364,0],[35.976458,49.748006,0],[35.976029,49.752554,0],[35.974719,49.757786,0],[35.973153,49.757897,0],[35.972831,49.759324,0],[35.974612,49.759657,0],[35.978603,49.759449,0],[35.986815,49.760159,0],[35.987258,49.762444,0],[36.021208,49.759062,0],[36.024185,49.757522,0],[36.030173,49.759561,0],[36.035226,49.760805,0],[36.036063,49.761692,0],[36.03632,49.763397,0],[36.04742,49.760812,0],[36.04555,49.758939,0],[36.056013,49.756412,0],[36.056528,49.759074,0],[36.058041,49.760353,0],[36.060362,49.764063,0],[36.063577,49.76343,0],[36.066796,49.762377,0],[36.07053,49.762238,0],[36.07186,49.763624,0],[36.075056,49.765428,0],[36.077559,49.76537,0],[36.080759,49.767359,0],[36.084407,49.76783,0],[36.083763,49.768884,0],[36.082516,49.769537,0],[36.08376,49.769884,0],[36.086381,49.76905,0],[36.089299,49.768828,0],[36.09097,49.768387,0],[36.094156,49.76712,0],[36.097238,49.765613,0],[36.099041,49.76431,0],[36.105521,49.759514,0],[36.107331,49.758027,0],[36.114283,49.757209,0],[36.11716,49.757057,0],[36.120121,49.758125,0],[36.123661,49.758596,0],[36.125992,49.758239,0],[36.126421,49.757795,0],[36.12924,49.754978,0],[36.132631,49.754895,0],[36.13351,49.755509,0],[36.133989,49.757413,0],[36.134354,49.757912,0],[36.134526,49.759007,0],[36.137079,49.759797,0],[36.139976,49.760019,0],[36.140856,49.759229,0],[36.143231,49.759189,0],[36.14939,49.760533,0],[36.150898,49.760657,0],[36.150322,49.762668,0],[36.151008,49.763887,0],[36.156394,49.767006,0],[36.156802,49.768631,0],[36.158574,49.771446,0],[36.159991,49.777183,0],[36.159989,49.779684,0],[36.157926,49.783793,0],[36.156343,49.783612,0],[36.153763,49.784679,0],[36.151274,49.784402,0],[36.150759,49.785732,0],[36.148185,49.787486,0],[36.115397,49.785768,0],[36.11956,49.789564,0],[36.122478,49.792168,0],[36.128143,49.795659,0],[36.127874,49.802217,0],[36.128689,49.805818,0],[36.129888,49.807314,0],[36.140767,49.812645,0],[36.142014,49.814207,0],[36.147336,49.815232,0],[36.147851,49.816561,0],[36.150683,49.817835,0],[36.154073,49.820355,0],[36.15813,49.820602,0],[36.165382,49.82326,0],[36.171001,49.826045,0],[36.175453,49.824904,0],[36.172535,49.823132,0],[36.181375,49.822855,0],[36.181414,49.820159,0],[36.200883,49.817244,0],[36.203866,49.815416,0],[36.208736,49.815471,0],[36.210475,49.812938,0],[36.21362,49.810188,0],[36.218118,49.810137,0],[36.230992,49.807174,0],[36.232966,49.808309,0],[36.233041,49.811693,0],[36.231539,49.812995,0],[36.232537,49.814817,0],[36.23911,49.818879,0],[36.244683,49.821272,0],[36.250905,49.820248,0],[36.257729,49.821078,0],[36.265496,49.816786,0],[36.270904,49.81698,0],[36.273908,49.817811,0],[36.281294,49.820742,0],[36.28404,49.820493,0],[36.286014,49.820764,0],[36.286615,49.823898,0],[36.282667,49.825526,0],[36.27794,49.830305,0],[36.280656,49.832043,0],[36.283396,49.830321,0],[36.288031,49.829048,0],[36.289877,49.826611,0],[36.299236,49.830002,0],[36.308244,49.82866,0],[36.314772,49.826154,0],[36.317003,49.82369,0],[36.315489,49.822532,0],[36.315716,49.821558,0],[36.317635,49.821702,0],[36.318192,49.820124,0],[36.323385,49.817299,0],[36.323318,49.81252,0],[36.327048,49.809592,0],[36.325184,49.807211,0],[36.325074,49.803665,0],[36.322008,49.801726,0],[36.324583,49.798818,0],[36.325957,49.795688,0],[36.329776,49.795355,0],[36.33248,49.793001,0],[36.33823,49.79095,0],[36.344125,49.791712,0],[36.347,49.792903,0],[36.352092,49.793665,0],[36.360796,49.794226,0],[36.361525,49.795805,0],[36.363564,49.79762,0],[36.370409,49.79719,0],[36.373006,49.79629,0],[36.375065,49.794296,0],[36.373842,49.791068,0],[36.379056,49.789641,0],[36.381374,49.789475,0],[36.389571,49.788948,0],[36.39185,49.789829,0],[36.397772,49.789635,0],[36.406524,49.794059,0],[36.412103,49.794003,0],[36.417596,49.796109,0],[36.420815,49.796884,0],[36.423773,49.798234,0],[36.41957,49.801566,0],[36.416652,49.803228,0],[36.414292,49.804807,0],[36.412532,49.806219,0],[36.411717,49.807853,0],[36.410386,49.808739,0],[36.41073,49.810013,0],[36.408933,49.812361,0],[36.408788,49.814888,0],[36.429613,49.865794,0],[36.43281,49.869202,0],[36.441951,49.865965,0],[36.452337,49.864029,0],[36.450105,49.86627,0],[36.452165,49.869202,0],[36.450202,49.871134,0],[36.461169,49.880153,0],[36.472872,49.87918,0],[36.483429,49.880619,0],[36.485158,49.879904,0],[36.493815,49.881946,0],[36.529244,49.885238,0],[36.533331,49.886322,0],[36.534833,49.892626,0],[36.53611,49.897846,0],[36.535434,49.901638,0],[36.539021,49.908895,0],[36.550351,49.906767,0],[36.553877,49.90542,0],[36.561001,49.903927,0],[36.569251,49.919611,0],[36.571202,49.922713,0],[36.577491,49.9216,0],[36.582746,49.920558,0],[36.587825,49.917027,0],[36.589164,49.919279,0],[36.592854,49.920882,0],[36.5959,49.920352,0],[36.600664,49.921347,0],[36.602982,49.923368,0],[36.606673,49.929336,0],[36.608905,49.931491,0],[36.60221,49.937181,0],[36.613398,49.944624,0],[36.6421,49.966954,0],[36.643465,49.966686,0],[36.643937,49.968038,0],[36.646048,49.967589,0],[36.646928,49.968362,0],[36.646856,49.971654,0],[36.632344,49.979962,0],[36.628653,49.982143,0],[36.625361,49.98542,0],[36.624877,49.991248,0],[36.626715,49.993341,0],[36.626672,49.994927,0],[36.624705,49.996104,0],[36.625338,49.999707,0],[36.638654,49.998556,0],[36.638298,50.001141,0],[36.64362,50.004176,0],[36.645975,50.005411,0],[36.64319,50.008368,0],[36.641856,50.008004,0],[36.640959,50.007265,0],[36.639538,50.007673,0],[36.636582,50.009416,0],[36.631947,50.010685,0],[36.62878,50.011089,0],[36.629188,50.011848,0],[36.626978,50.012978,0],[36.624479,50.017248,0],[36.624008,50.02037,0],[36.622119,50.021915,0],[36.622591,50.023645,0],[36.603482,50.033692,0],[36.595408,50.03271,0],[36.593869,50.034932,0],[36.590835,50.035071,0],[36.588799,50.036596,0],[36.567239,50.035588,0],[36.561771,50.042122,0],[36.559702,50.049648,0],[36.555334,50.054082,0],[36.551643,50.06323,0],[36.550441,50.073477,0],[36.549843,50.082276,0],[36.555929,50.089824,0],[36.56768,50.097838,0],[36.568238,50.095801,0],[36.583569,50.095819,0],[36.589746,50.102818,0],[36.607942,50.100726,0],[36.619618,50.096976,0],[36.625523,50.097926,0],[36.628029,50.102646,0],[36.633313,50.109738,0],[36.647218,50.104563,0],[36.647307,50.102994,0],[36.652478,50.102279,0],[36.656831,50.10638,0],[36.66138,50.104343,0],[36.664555,50.105114,0],[36.671116,50.10414,0],[36.664641,50.107976,0],[36.666254,50.111671,0],[36.673825,50.1126,0],[36.684451,50.12001,0],[36.69205,50.127122,0],[36.682929,50.129971,0],[36.686815,50.136365,0],[36.677545,50.13895,0],[36.672031,50.141908,0],[36.673253,50.143516,0],[36.666488,50.147535,0],[36.678333,50.149955,0],[36.684856,50.14946,0],[36.702233,50.158966,0],[36.68374,50.157819,0],[36.676742,50.162168,0],[36.67245,50.169756,0],[36.676278,50.171585,0],[36.687728,50.169412,0],[36.695109,50.177727,0],[36.703758,50.183234,0],[36.69777,50.188156,0],[36.690883,50.184938,0],[36.688071,50.188266,0],[36.688732,50.190856,0],[36.704469,50.195246,0],[36.700531,50.197112,0],[36.691509,50.199367,0],[36.669634,50.212711,0],[36.663442,50.210409,0],[36.659697,50.209679,0],[36.655815,50.214963,0]]]},"properties":{"name":"Ukrainian-controlled Kharkiv Raion, Kharkiv Oblast.","styleUrl":"#poly-1A237E-2000-79-nodesc","fill-opacity":0.30980392156862746,"fill":"#1a237e","stroke-opacity":1,"stroke":"#1a237e","stroke-width":2}},{"type":"Feature","geometry":{"type":"Polygon","coordinates":[[[35.432812,49.673032,0],[35.463435,49.673693,0],[35.467212,49.675331,0],[35.467727,49.673221,0],[35.472373,49.672287,0],[35.475617,49.669144,0],[35.484372,49.671116,0],[35.49347,49.665505,0],[35.505513,49.670078,0],[35.509289,49.666951,0],[35.514568,49.664618,0],[35.530886,49.660351,0],[35.53697,49.648481,0],[35.57165,49.645695,0],[35.596474,49.654809,0],[35.608945,49.656382,0],[35.61742,49.656632,0],[35.621231,49.662849,0],[35.621977,49.69114,0],[35.660318,49.695792,0],[35.662722,49.691322,0],[35.693327,49.702988,0],[35.698648,49.705985,0],[35.685698,49.720593,0],[35.674726,49.723393,0],[35.679251,49.726856,0],[35.676419,49.728243,0],[35.673022,49.734005,0],[35.676672,49.736594,0],[35.679918,49.742459,0],[35.6756,49.747749,0],[35.67251,49.749357,0],[35.667658,49.748019,0],[35.667017,49.745087,0],[35.663968,49.743804,0],[35.662466,49.747132,0],[35.656545,49.748137,0],[35.654111,49.751556,0],[35.658176,49.754681,0],[35.662093,49.755964,0],[35.664613,49.759117,0],[35.672094,49.760883,0],[35.672351,49.764875,0],[35.67963,49.776178,0],[35.681389,49.781194,0],[35.686248,49.785268,0],[35.691913,49.779837,0],[35.698358,49.776904,0],[35.707878,49.774682,0],[35.712856,49.782331,0],[35.714145,49.790116,0],[35.707721,49.791419,0],[35.710124,49.800145,0],[35.698141,49.800823,0],[35.696941,49.80344,0],[35.700289,49.808813,0],[35.700031,49.814407,0],[35.702104,49.823873,0],[35.718543,49.825939,0],[35.721333,49.825649,0],[35.722768,49.825193,0],[35.731833,49.826799,0],[35.732473,49.827719,0],[35.737,49.826238,0],[35.739026,49.827418,0],[35.742116,49.828194,0],[35.744176,49.829384,0],[35.746371,49.829186,0],[35.749626,49.829467,0],[35.745635,49.831294,0],[35.752029,49.83301,0],[35.757964,49.831473,0],[35.759853,49.832304,0],[35.75672,49.835958,0],[35.75834,49.836903,0],[35.76736,49.833577,0],[35.777703,49.825328,0],[35.781008,49.825217,0],[35.769463,49.818627,0],[35.788904,49.815748,0],[35.799243,49.814844,0],[35.808135,49.812402,0],[35.815945,49.811793,0],[35.82088,49.814239,0],[35.820751,49.822905,0],[35.830046,49.829286,0],[35.83408,49.830283,0],[35.837857,49.829591,0],[35.840363,49.830235,0],[35.839591,49.832007,0],[35.838776,49.834581,0],[35.8361,49.83698,0],[35.829806,49.835439,0],[35.822281,49.835651,0],[35.822069,49.837891,0],[35.825351,49.859246,0],[35.846808,49.868901,0],[35.849813,49.866826,0],[35.853501,49.868141,0],[35.859938,49.871571,0],[35.861921,49.871091,0],[35.865998,49.867689,0],[35.874007,49.874236,0],[35.87023,49.87667,0],[35.866249,49.877628,0],[35.867913,49.885187,0],[35.869957,49.884141,0],[35.873519,49.883477,0],[35.874463,49.884528,0],[35.873589,49.887561,0],[35.868182,49.891211,0],[35.872344,49.893644,0],[35.873932,49.896049,0],[35.873718,49.896934,0],[35.87629,49.900991,0],[35.873586,49.901019,0],[35.871956,49.901572,0],[35.87011,49.902816,0],[35.868045,49.903507,0],[35.871362,49.905541,0],[35.874195,49.91187,0],[35.87531,49.913888,0],[35.874667,49.915463,0],[35.872564,49.916016,0],[35.86883,49.912755,0],[35.866084,49.912036,0],[35.86496,49.91082,0],[35.8629,49.910488,0],[35.862556,49.912423,0],[35.86308,49.91375,0],[35.862136,49.914993,0],[35.860934,49.918116,0],[35.859518,49.92005,0],[35.853638,49.919912,0],[35.849776,49.919083,0],[35.847501,49.921127,0],[35.844154,49.922813,0],[35.841536,49.923614,0],[35.829168,49.922066,0],[35.824447,49.924276,0],[35.827505,49.933347,0],[35.822797,49.935662,0],[35.820591,49.936193,0],[35.819775,49.936662,0],[35.818316,49.936648,0],[35.816406,49.936414,0],[35.815291,49.936966,0],[35.813746,49.936731,0],[35.812754,49.935772,0],[35.813917,49.934577,0],[35.815419,49.93343,0],[35.815527,49.931372,0],[35.806729,49.92683,0],[35.80291,49.926554,0],[35.803485,49.927485,0],[35.801011,49.930772,0],[35.800395,49.93301,0],[35.800052,49.935828,0],[35.798508,49.936057,0],[35.800783,49.938129,0],[35.804345,49.936582,0],[35.807154,49.935973,0],[35.807476,49.93705,0],[35.810652,49.93861,0],[35.812924,49.940316,0],[35.813311,49.943906,0],[35.811038,49.944113,0],[35.805073,49.943982,0],[35.802455,49.944479,0],[35.799451,49.947041,0],[35.797992,49.948704,0],[35.795074,49.949505,0],[35.79031,49.950002,0],[35.788465,49.949671,0],[35.78692,49.948318,0],[35.78752,49.945991,0],[35.792327,49.940364,0],[35.789924,49.940578,0],[35.785504,49.941027,0],[35.782833,49.942434,0],[35.780001,49.942075,0],[35.775366,49.942296,0],[35.771503,49.940252,0],[35.766225,49.941854,0],[35.763864,49.941384,0],[35.754981,49.944146,0],[35.761332,49.949807,0],[35.767684,49.947791,0],[35.772319,49.945748,0],[35.776095,49.94503,0],[35.778777,49.946054,0],[35.786545,49.949727,0],[35.786716,49.950279,0],[35.792562,49.951593,0],[35.792691,49.956204,0],[35.804707,49.964956,0],[35.806464,49.964663,0],[35.81067,49.97184,0],[35.813502,49.971343,0],[35.817979,49.980827,0],[35.816412,49.980937,0],[35.814953,49.981296,0],[35.81111,49.983208,0],[35.810018,49.984455,0],[35.807743,49.985256,0],[35.807297,49.986194,0],[35.808802,49.990538,0],[35.807824,49.993877,0],[35.808639,49.996525,0],[35.811244,49.996949,0],[35.81354,49.996425,0],[35.813969,49.997791,0],[35.815042,49.997708,0],[35.814956,49.995722,0],[35.815978,49.994015,0],[35.819402,49.991896,0],[35.824337,49.991509,0],[35.823865,49.992916,0],[35.827041,49.992916,0],[35.829324,49.994097,0],[35.833273,49.994318,0],[35.834569,49.996236,0],[35.82808,49.997436,0],[35.829668,49.998842,0],[35.83371,50.000493,0],[35.826801,50.001982,0],[35.8216,50.001684,0],[35.815857,50.000548,0],[35.81045,50.000327,0],[35.8027,50.002125,0],[35.8033,50.00389,0],[35.806348,50.005324,0],[35.806262,50.006483,0],[35.806605,50.008082,0],[35.80545,50.009095,0],[35.805189,50.011999,0],[35.804518,50.015426,0],[35.802072,50.01355,0],[35.800956,50.013247,0],[35.798854,50.014791,0],[35.795978,50.01424,0],[35.792416,50.01413,0],[35.793618,50.01697,0],[35.796365,50.019699,0],[35.803754,50.023241,0],[35.79839,50.023076,0],[35.792932,50.023228,0],[35.79015,50.020925,0],[35.787404,50.019822,0],[35.784271,50.016844,0],[35.782589,50.017355,0],[35.779894,50.017423,0],[35.790751,50.02666,0],[35.791333,50.027619,0],[35.790523,50.028796,0],[35.791124,50.030735,0],[35.794128,50.031507,0],[35.793521,50.032554,0],[35.792026,50.033161,0],[35.793914,50.03509,0],[35.796231,50.034374,0],[35.80284,50.033877,0],[35.803298,50.035433,0],[35.813169,50.034606,0],[35.813514,50.035515,0],[35.812868,50.037252,0],[35.810422,50.037859,0],[35.812071,50.041429,0],[35.810504,50.043455,0],[35.810418,50.045232,0],[35.807286,50.045839,0],[35.799767,50.042864,0],[35.798494,50.04315,0],[35.798243,50.043553,0],[35.800453,50.045014,0],[35.804545,50.046319,0],[35.80933,50.04924,0],[35.813053,50.048759,0],[35.813954,50.050027,0],[35.820832,50.054655,0],[35.822377,50.053856,0],[35.825552,50.053415,0],[35.82596,50.054063,0],[35.825402,50.054518,0],[35.827054,50.055441,0],[35.828385,50.056832,0],[35.824527,50.058015,0],[35.821689,50.059534,0],[35.822097,50.060058,0],[35.824371,50.059052,0],[35.8248,50.059562,0],[35.826373,50.059586,0],[35.827688,50.061127,0],[35.828632,50.061045,0],[35.830993,50.063001,0],[35.833818,50.062291,0],[35.835206,50.063851,0],[35.840076,50.062721,0],[35.843295,50.063217,0],[35.844971,50.064245,0],[35.841795,50.065457,0],[35.841221,50.06628,0],[35.839413,50.066532,0],[35.838684,50.066077,0],[35.837997,50.066311,0],[35.837353,50.065802,0],[35.836688,50.066036,0],[35.835766,50.065072,0],[35.834092,50.065664,0],[35.834895,50.06852,0],[35.830682,50.073024,0],[35.82803,50.073875,0],[35.827935,50.074787,0],[35.826613,50.074536,0],[35.828459,50.076327,0],[35.826098,50.076685,0],[35.828171,50.082195,0],[35.833635,50.084453,0],[35.832313,50.086904,0],[35.833772,50.089162,0],[35.831704,50.092989,0],[35.827842,50.096348,0],[35.821228,50.096253,0],[35.820061,50.099536,0],[35.813514,50.102998,0],[35.811478,50.105427,0],[35.813023,50.108345,0],[35.815401,50.11123,0],[35.817933,50.112826,0],[35.817375,50.11522,0],[35.817718,50.117697,0],[35.820379,50.119238,0],[35.825271,50.120586,0],[35.827442,50.123535,0],[35.827408,50.126496,0],[35.831305,50.126066,0],[35.83962,50.124646,0],[35.839534,50.122968,0],[35.840049,50.121785,0],[35.846237,50.119764,0],[35.842203,50.105398,0],[35.84495,50.098572,0],[35.851044,50.099673,0],[35.855764,50.086402,0],[35.866148,50.076354,0],[35.870311,50.076988,0],[35.870114,50.078558,0],[35.871187,50.079743,0],[35.869041,50.080211,0],[35.868741,50.081395,0],[35.868969,50.083377,0],[35.874273,50.081724,0],[35.879037,50.080816,0],[35.88601,50.080501,0],[35.88895,50.08054,0],[35.89414,50.082823,0],[35.891694,50.083732,0],[35.895127,50.086761,0],[35.896929,50.086266,0],[35.898198,50.087496,0],[35.902337,50.088909,0],[35.907401,50.08968,0],[35.911177,50.090038,0],[35.913666,50.086266,0],[35.914334,50.083585,0],[35.915469,50.085577,0],[35.91358,50.089818,0],[35.915784,50.09602,0],[35.944726,50.090604,0],[35.944222,50.093928,0],[35.94448,50.095911,0],[35.9463,50.099397,0],[35.936583,50.10026,0],[35.937699,50.101967,0],[35.93738,50.10472,0],[35.940319,50.106991,0],[35.941903,50.110648,0],[35.944909,50.110554,0],[35.945894,50.106519,0],[35.984052,50.107773,0],[35.995369,50.108829,0],[35.995426,50.114722,0],[35.984315,50.115643,0],[35.98616,50.118285,0],[35.986075,50.124421,0],[35.985221,50.128775,0],[35.986423,50.136258,0],[35.984534,50.138183,0],[35.990051,50.136608,0],[36.010658,50.127074,0],[36.021071,50.156122,0],[36.022959,50.156012,0],[36.02614,50.164593,0],[36.036002,50.181441,0],[36.048812,50.180809,0],[36.06036,50.181992,0],[36.063761,50.181903,0],[36.065306,50.18281,0],[36.068825,50.182206,0],[36.074704,50.182728,0],[36.073846,50.187152,0],[36.072149,50.190594,0],[36.071034,50.194633,0],[36.071976,50.201796,0],[36.066654,50.204818,0],[36.060601,50.206942,0],[36.053864,50.208617,0],[36.051332,50.208645,0],[36.0388,50.211391,0],[36.035389,50.21135,0],[36.040925,50.213988,0],[36.049937,50.21613,0],[36.05465,50.215607,0],[36.060916,50.218325,0],[36.066237,50.218682,0],[36.06985,50.220578,0],[36.076001,50.222779,0],[36.080324,50.223044,0],[36.093195,50.225113,0],[36.093941,50.232599,0],[36.095529,50.235481,0],[36.093426,50.234768,0],[36.091949,50.23598,0],[36.087657,50.238697,0],[36.082909,50.238762,0],[36.083167,50.240711,0],[36.086967,50.244937,0],[36.092804,50.246748,0],[36.095636,50.244251,0],[36.098512,50.24082,0],[36.10238,50.237804,0],[36.110182,50.23901,0],[36.116449,50.24116,0],[36.120912,50.240913,0],[36.122055,50.249478,0],[36.121379,50.250503,0],[36.125383,50.253063,0],[36.127602,50.25518,0],[36.130103,50.255368,0],[36.140447,50.264002,0],[36.139288,50.265402,0],[36.139821,50.267395,0],[36.142825,50.268877,0],[36.143964,50.268234,0],[36.14643,50.26767,0],[36.148318,50.268602,0],[36.148642,50.270044,0],[36.150358,50.270044,0],[36.151732,50.271059,0],[36.149843,50.271196,0],[36.149715,50.271718,0],[36.150873,50.272403,0],[36.150206,50.273814,0],[36.147367,50.274157,0],[36.150172,50.277484,0],[36.154721,50.27721,0],[36.158197,50.277374,0],[36.159614,50.28179,0],[36.169357,50.281032,0],[36.168671,50.286681,0],[36.169915,50.287695,0],[36.171503,50.28786,0],[36.176009,50.28775,0],[36.175407,50.296378,0],[36.171459,50.296131,0],[36.17133,50.2972,0],[36.164249,50.297283,0],[36.160286,50.299083,0],[36.16063,50.302921,0],[36.163935,50.311152,0],[36.152158,50.314452,0],[36.153446,50.317411,0],[36.150453,50.321733,0],[36.148517,50.325585,0],[36.154058,50.325788,0],[36.161439,50.323925,0],[36.167314,50.323968,0],[36.169674,50.326516,0],[36.16534,50.327968,0],[36.157693,50.329375,0],[36.149976,50.330078,0],[36.152709,50.331759,0],[36.164913,50.331712,0],[36.168604,50.335383,0],[36.170819,50.341452,0],[36.16816,50.347678,0],[36.16138,50.351896,0],[36.156487,50.357427,0],[36.149192,50.357755,0],[36.14443,50.357006,0],[36.139568,50.357382,0],[36.136434,50.352507,0],[36.134246,50.353301,0],[36.133619,50.356235,0],[36.130813,50.357929,0],[36.126709,50.359521,0],[36.124988,50.362781,0],[36.122842,50.364013,0],[36.121512,50.365519,0],[36.118808,50.365957,0],[36.115847,50.365355,0],[36.113744,50.365464,0],[36.111727,50.366066,0],[36.109238,50.36593,0],[36.106329,50.36433,0],[36.105128,50.365753,0],[36.108583,50.366526,0],[36.122144,50.373862,0],[36.159313,50.390873,0],[36.171243,50.397768,0],[36.159241,50.416186,0],[36.142246,50.425264,0],[36.122677,50.429638,0],[36.102838,50.427102,0],[36.081809,50.439185,0],[36.058549,50.439731,0],[36.045417,50.432406,0],[35.98777,50.428451,0],[35.960647,50.425498,0],[35.953942,50.420266,0],[35.9390929,50.4190079,0],[35.9152318,50.419227,0],[35.887642,50.42237,0],[35.874939,50.420292,0],[35.861978,50.419362,0],[35.850477,50.421878,0],[35.835285,50.41701,0],[35.827389,50.41165,0],[35.819149,50.405743,0],[35.815544,50.401476,0],[35.815747,50.392806,0],[35.802701,50.3881,0],[35.793603,50.379234,0],[35.785192,50.371461,0],[35.77315,50.367942,0],[35.762679,50.360058,0],[35.745685,50.349872,0],[35.725772,50.347572,0],[35.707919,50.345162,0],[35.699508,50.337931,0],[35.689208,50.338095,0],[35.688178,50.335137,0],[35.683028,50.335192,0],[35.681827,50.333877,0],[35.678222,50.335247,0],[35.675389,50.328343,0],[35.673759,50.325001,0],[35.660822,50.327242,0],[35.654985,50.312664,0],[35.651037,50.312993,0],[35.648119,50.310362,0],[35.638334,50.313212,0],[35.625116,50.320885,0],[35.629866,50.32399,0],[35.61001,50.325707,0],[35.59456,50.330748,0],[35.572931,50.319679,0],[35.558477,50.321499,0],[35.516763,50.316676,0],[35.535817,50.301218,0],[35.531698,50.301437,0],[35.527921,50.294968,0],[35.524659,50.290252,0],[35.505262,50.300341,0],[35.495477,50.292774,0],[35.458226,50.308125,0],[35.460023,50.31454,0],[35.439423,50.317718,0],[35.43702,50.322212,0],[35.422772,50.335691,0],[35.409726,50.321226,0],[35.397366,50.318705,0],[35.379342,50.32024,0],[35.378998,50.31158,0],[35.386036,50.305989,0],[35.381573,50.294475,0],[35.331277,50.318705,0],[35.317372,50.313334,0],[35.320462,50.309936,0],[35.2942,50.289441,0],[35.331575,50.277368,0],[35.330764,50.274303,0],[35.316001,50.270134,0],[35.300036,50.262343,0],[35.266267,50.265136,0],[35.26043,50.257564,0],[35.264207,50.248563,0],[35.26043,50.241757,0],[35.261975,50.234401,0],[35.23657,50.236158,0],[35.23554,50.228032,0],[35.199834,50.235828,0],[35.201379,50.238354,0],[35.197774,50.238354,0],[35.192453,50.22946,0],[35.180436,50.231985,0],[35.149343,50.243145,0],[35.127714,50.226016,0],[35.105024,50.214523,0],[35.090346,50.212766,0],[35.070691,50.206174,0],[35.076957,50.200461,0],[35.071056,50.196005,0],[35.063847,50.183146,0],[35.058868,50.184904,0],[35.055607,50.180178,0],[35.041531,50.164126,0],[35.027454,50.166545,0],[35.032089,50.172812,0],[35.030888,50.181057,0],[35.02179,50.181936,0],[35.008228,50.185454,0],[35.00634,50.178419,0],[35.002564,50.178639,0],[35.001362,50.182376,0],[34.994667,50.184025,0],[34.976814,50.182706,0],[34.960507,50.186883,0],[34.970806,50.167754,0],[34.97413,50.158493,0],[34.965313,50.155438,0],[34.940594,50.151808,0],[34.932349,50.134583,0],[34.93641,50.095345,0],[34.947998,50.09595,0],[34.949972,50.094188,0],[34.955894,50.092812,0],[34.956744,50.082429,0],[34.962065,50.081492,0],[34.962924,50.073616,0],[34.938204,50.062652,0],[34.936402,50.054938,0],[34.902033,50.03273,0],[34.879717,50.005376,0],[34.856002,49.987453,0],[34.865358,49.964048,0],[34.870079,49.956484,0],[34.863488,49.954189,0],[34.85954,49.950655,0],[34.867093,49.947948,0],[34.873873,49.944303,0],[34.878937,49.943696,0],[34.89267,49.93215,0],[34.912749,49.935391,0],[34.937726,49.905329,0],[34.94528,49.898456,0],[34.962446,49.888503,0],[34.971115,49.884909,0],[34.980814,49.889222,0],[35.015002,49.876241,0],[35.034743,49.886915,0],[35.06441,49.885666,0],[35.063926,49.881827,0],[35.054399,49.880555,0],[35.055429,49.874581,0],[35.04573,49.873586,0],[35.04633,49.869382,0],[35.06439,49.860918,0],[35.071256,49.85782,0],[35.085933,49.859867,0],[35.105674,49.857543,0],[35.120866,49.851788,0],[35.139921,49.859867,0],[35.163868,49.854031,0],[35.16773,49.848331,0],[35.19825,49.840612,0],[35.196105,49.835131,0],[35.212498,49.833083,0],[35.220481,49.830038,0],[35.215159,49.820957,0],[35.216412,49.81204,0],[35.221657,49.806891,0],[35.219855,49.804453,0],[35.21388,49.803108,0],[35.209288,49.805379,0],[35.204653,49.801556,0],[35.200233,49.800587,0],[35.204338,49.797278,0],[35.200561,49.794757,0],[35.211805,49.788828,0],[35.206297,49.781608,0],[35.210846,49.771243,0],[35.206922,49.763978,0],[35.205763,49.756161,0],[35.208939,49.753582,0],[35.209074,49.746395,0],[35.223837,49.736328,0],[35.259903,49.732842,0],[35.26421,49.715552,0],[35.252022,49.713387,0],[35.248331,49.716162,0],[35.24155,49.713554,0],[35.243525,49.710057,0],[35.255627,49.711556,0],[35.256828,49.707837,0],[35.244333,49.693669,0],[35.2515,49.688838,0],[35.257679,49.687756,0],[35.26652,49.684303,0],[35.290552,49.684886,0],[35.301064,49.68623,0],[35.31516,49.683236,0],[35.32782,49.681598,0],[35.332369,49.679849,0],[35.344333,49.665032,0],[35.369568,49.665853,0],[35.384299,49.666606,0],[35.39153,49.66662,0],[35.39123,49.668745,0],[35.402128,49.669503,0],[35.406226,49.670239,0],[35.411033,49.670878,0],[35.425323,49.671367,0],[35.426524,49.67345,0],[35.432652,49.673526,0],[35.432812,49.673032,0]]]},"properties":{"name":"Ukrainian-controlled Bohodukhiv Raion, Kharkiv Oblast.","styleUrl":"#poly-1A237E-2000-77-nodesc","fill-opacity":0.30196078431372547,"fill":"#1a237e","stroke-opacity":1,"stroke":"#1a237e","stroke-width":2}},{"type":"Feature","geometry":{"type":"Polygon","coordinates":[[[33.240463,47.573578,0],[33.220266,47.534994,0],[33.243257,47.53451,0],[33.275523,47.548839,0],[33.296493,47.536981,0],[33.280874,47.518979,0],[33.290304,47.50578,0],[33.314234,47.500239,0],[33.310303,47.482486,0],[33.351573,47.494019,0],[33.33219,47.509026,0],[33.324565,47.521676,0],[33.480981,47.544686,0],[33.479132,47.5855,0],[33.578523,47.599071,0],[33.592808,47.574374,0],[33.606116,47.57593,0],[33.610018,47.562344,0],[33.587932,47.557409,0],[33.594749,47.542432,0],[33.581672,47.532627,0],[33.589553,47.502222,0],[33.605844,47.505573,0],[33.601525,47.512164,0],[33.637615,47.514122,0],[33.644677,47.481678,0],[33.938589,47.516281,0],[33.924765,47.518766,0],[33.9279403,47.529256,0],[33.9377246,47.5388761,0],[33.9572516,47.5362405,0],[33.970083,47.536384,0],[33.9739454,47.5434524,0],[33.97283,47.552143,0],[33.992742,47.564191,0],[34.0045873,47.5680128,0],[34.0266432,47.5794215,0],[34.044241,47.581331,0],[34.082006,47.579478,0],[34.114965,47.574383,0],[34.137625,47.562801,0],[34.141745,47.546118,0],[34.1532455,47.5341824,0],[34.1629438,47.5318072,0],[34.1729429,47.5403541,0],[34.1889519,47.5418307,0],[34.2044891,47.5372533,0],[34.2193359,47.5273435,0],[34.2241419,47.5266488,0],[34.2231966,47.5329063,0],[34.2246125,47.5422932,0],[34.2339263,47.5482034,0],[34.2462003,47.5515629,0],[34.2454716,47.5579927,0],[34.2423385,47.5697503,0],[34.2443981,47.5787841,0],[34.2514359,47.5881625,0],[34.293493,47.586426,0],[34.3027646,47.5764685,0],[34.3176984,47.5722995,0],[34.326452,47.574383,0],[34.3362416,47.5719525,0],[34.3550396,47.5606595,0],[34.376577,47.553533,0],[34.3851609,47.5516513,0],[34.3881222,47.5521402,0],[34.3919417,47.5506594,0],[34.3972202,47.5502213,0],[34.3985505,47.5490879,0],[34.4061884,47.5468132,0],[34.4101955,47.5476497,0],[34.408967,47.5491233,0],[34.4090852,47.5513754,0],[34.4082916,47.5540839,0],[34.4110048,47.5606145,0],[34.4223449,47.5664787,0],[34.4268296,47.5681295,0],[34.4362294,47.5696931,0],[34.4424521,47.5687665,0],[34.4506916,47.5672035,0],[34.4536311,47.5673771,0],[34.4605084,47.5704462,0],[34.4651119,47.5732544,0],[34.4659493,47.5744846,0],[34.4655154,47.5750964,0],[34.449116,47.5800502,0],[34.4485035,47.5820834,0],[34.445928,47.587815,0],[34.434256,47.604485,0],[34.452795,47.610503,0],[34.471334,47.614669,0],[34.505667,47.620223,0],[34.532446,47.615595,0],[34.553045,47.618372,0],[34.575704,47.618835,0],[34.598364,47.616983,0],[34.61759,47.606336,0],[34.6320098,47.5971923,0],[34.642996,47.5919248,0],[34.6433386,47.5846886,0],[34.6587881,47.5835319,0],[34.667028,47.5855,0],[34.6737233,47.5924459,0],[34.693121,47.591983,0],[34.7073685,47.5850369,0],[34.7205871,47.5778585,0],[34.7447907,47.5731104,0],[34.7540604,47.572646,0],[34.7731994,47.5773385,0],[34.800924,47.578089,0],[34.8239313,47.5790206,0],[34.8349187,47.5756618,0],[34.852084,47.5756027,0],[34.8625542,47.5694339,0],[34.8716484,47.563264,0],[34.8807476,47.5611796,0],[34.892935,47.554924,0],[34.946493,47.557241,0],[34.956793,47.562801,0],[34.942373,47.578089,0],[34.93276,47.588278,0],[34.941,47.596614,0],[34.93276,47.635032,0],[34.914221,47.634106,0],[34.907354,47.671572,0],[34.93688,47.678045,0],[34.927954,47.711321,0],[34.952673,47.712707,0],[34.950613,47.727951,0],[34.957479,47.728413,0],[34.95336,47.739034,0],[34.965719,47.740882,0],[34.956793,47.769503,0],[34.891562,47.75981,0],[34.879202,47.819782,0],[34.901861,47.831769,0],[34.897055,47.851586,0],[34.870962,47.849743,0],[34.864096,47.880606,0],[34.855856,47.880606,0],[34.846243,47.870935,0],[34.817404,47.86771,0],[34.802298,47.915594,0],[34.857229,47.922036,0],[34.848989,47.941359,0],[34.876455,47.945959,0],[34.880575,47.926638,0],[34.923147,47.929398,0],[34.901174,47.981821,0],[34.869589,47.981821,0],[34.857229,48.014903,0],[34.839376,48.015822,0],[34.835256,48.05439,0],[34.864096,48.061733,0],[34.851736,48.131439,0],[34.579824,48.090177,0],[34.40679,48.059897,0],[34.254354,48.040619,0],[34.148611,48.024089,0],[34.025015,47.988256,0],[33.912405,47.943199,0],[33.784689,47.899945,0],[33.628134,47.83269,0],[33.481192,47.783807,0],[33.356222,47.685903,0],[33.240463,47.573578,0]]]},"properties":{"name":"Ukrainian-controlled Dnipropetrovsk Oblast - southwest ","styleUrl":"#poly-1A237E-2000-74-nodesc","fill-opacity":0.2901960784313726,"fill":"#1a237e","stroke-opacity":1,"stroke":"#1a237e","stroke-width":2}},{"type":"Feature","geometry":{"type":"Polygon","coordinates":[[[37.8956035,49.2535909,0],[37.8954574,49.2528878,0],[37.8946331,49.2524668,0],[37.8936282,49.2524092,0],[37.8922193,49.252546,0],[37.8910031,49.2524264,0],[37.8949335,49.2497903,0],[37.902166,49.2510731,0],[37.9062831,49.2496209,0],[37.9117333,49.2468755,0],[37.9163252,49.2457268,0],[37.9198408,49.2462778,0],[37.9287213,49.249658,0],[37.9349376,49.2466184,0],[37.9366971,49.2453577,0],[37.938285,49.2439849,0],[37.9421474,49.2417715,0],[37.9441215,49.2410991,0],[37.9445936,49.2419957,0],[37.9415037,49.2434806,0],[37.9399587,49.2453997,0],[37.9400445,49.2491677,0],[37.9353239,49.2521091,0],[37.9408463,49.2545542,0],[37.9353325,49.2582652,0],[37.9338642,49.2592176,0],[37.9388546,49.2628159,0],[37.9353586,49.2666242,0],[37.9378454,49.2703573,0],[37.9268917,49.2759193,0],[37.929713,49.279633,0],[37.9233565,49.2782891,0],[37.912113,49.275937,0],[37.899496,49.269777,0],[37.910911,49.259303,0],[37.894861,49.255046,0],[37.8956035,49.2535909,0]],[[37.895633,49.253533,0],[37.895638,49.253757,0],[37.8956035,49.2535909,0],[37.895633,49.253533,0]]]},"properties":{"name":"Ukrainian-controlled Svatove Raion, Luhansk Oblast.","styleUrl":"#poly-1A237E-2000-74-nodesc","fill-opacity":0.2901960784313726,"fill":"#1a237e","stroke-opacity":1,"stroke":"#1a237e","stroke-width":2}},{"type":"Feature","geometry":{"type":"Polygon","coordinates":[[[37.951203,49.295266,0],[37.951745,49.299642,0],[37.957909,49.300359,0],[37.956722,49.309154,0],[37.955677,49.31088,0],[37.954148,49.312569,0],[37.957494,49.313183,0],[37.96014,49.315413,0],[37.960655,49.320225,0],[37.957651,49.32291,0],[37.9512716,49.3305952,0],[37.9472303,49.3312279,0],[37.9427598,49.3313011,0],[37.9367659,49.3316428,0],[37.9323146,49.3297642,0],[37.928442,49.3295762,0],[37.925266,49.3296599,0],[37.9219825,49.33019,0],[37.918184,49.329825,0],[37.9122834,49.328259,0],[37.9087861,49.3298253,0],[37.9055678,49.3297135,0],[37.9035509,49.3352231,0],[37.8996939,49.33796,0],[37.9000426,49.3389911,0],[37.9005199,49.3413085,0],[37.900654,49.3430667,0],[37.9151817,49.3443949,0],[37.916126,49.3498748,0],[37.9147529,49.3523355,0],[37.9119193,49.3550175,0],[37.9244496,49.3578125,0],[37.92951,49.363491,0],[37.933115,49.369695,0],[37.933459,49.372881,0],[37.93054,49.374948,0],[37.919296,49.373887,0],[37.90847,49.370887,0],[37.904184,49.371031,0],[37.902092,49.37567,0],[37.899496,49.375824,0],[37.896642,49.375195,0],[37.894925,49.375279,0],[37.893208,49.37458,0],[37.889673,49.371501,0],[37.889244,49.366359,0],[37.887785,49.360825,0],[37.885639,49.355235,0],[37.885038,49.352216,0],[37.884867,49.349644,0],[37.887356,49.341983,0],[37.88624,49.341927,0],[37.885983,49.341256,0],[37.883837,49.34148,0],[37.881691,49.333426,0],[37.879545,49.332643,0],[37.879717,49.331525,0],[37.876713,49.329119,0],[37.882893,49.321064,0],[37.882978,49.320001,0],[37.882292,49.319497,0],[37.883322,49.318098,0],[37.883322,49.312895,0],[37.898857,49.31116,0],[37.913706,49.309034,0],[37.936537,49.305844,0],[37.940399,49.304613,0],[37.948553,49.303717,0],[37.948467,49.298288,0],[37.951042,49.296217,0],[37.951203,49.295266,0]]]},"properties":{"name":"Ukrainian-controlled Svatove Raion, Luhansk Oblast.","styleUrl":"#poly-1A237E-2000-69-nodesc","fill-opacity":0.27058823529411763,"fill":"#1a237e","stroke-opacity":1,"stroke":"#1a237e","stroke-width":2}},{"type":"Feature","geometry":{"type":"Polygon","coordinates":[[[35.205522,48.145625,0],[35.244164,48.135576,0],[35.261276,48.137366,0],[35.286043,48.144228,0],[35.310492,48.138459,0],[35.339188,48.123882,0],[35.379618,48.119339,0],[35.41679,48.111802,0],[35.420029,48.101029,0],[35.4511,48.103064,0],[35.472408,48.096441,0],[35.517946,48.095432,0],[35.525842,48.074103,0],[35.704027,48.140356,0],[35.743805,48.095753,0],[35.781616,48.09452,0],[35.798784,48.098872,0],[35.80629,48.103434,0],[35.819164,48.066394,0],[35.921676,48.082147,0],[35.951219,48.092451,0],[35.969126,48.094427,0],[35.987689,48.08326,0],[35.970054,48.070868,0],[35.976749,48.064444,0],[35.978186,48.045313,0],[36.051126,48.058272,0],[36.059158,48.047401,0],[36.05483,48.046169,0],[36.06471,48.025342,0],[36.035384,48.017895,0],[36.041962,48.003922,0],[36.061287,47.999864,0],[36.068932,47.975574,0],[36.048988,47.965322,0],[36.052296,47.957725,0],[36.075388,47.96414,0],[36.084487,47.930991,0],[36.108515,47.942317,0],[36.121529,47.929099,0],[36.111859,47.924292,0],[36.128188,47.901814,0],[36.123773,47.900584,0],[36.128661,47.891231,0],[36.1151,47.872555,0],[36.117855,47.868359,0],[36.118182,47.865146,0],[36.087321,47.860476,0],[36.083286,47.866789,0],[36.071119,47.864219,0],[36.073555,47.847592,0],[36.097607,47.851186,0],[36.101753,47.842262,0],[36.1702475,47.8508204,0],[36.1688648,47.8564535,0],[36.1663813,47.8622556,0],[36.1551616,47.8629108,0],[36.1488342,47.8773843,0],[36.1484094,47.8832851,0],[36.1487549,47.8885092,0],[36.1733399,47.890813,0],[36.1714029,47.8988718,0],[36.1657226,47.9045369,0],[36.1589865,47.9093428,0],[36.162337,47.9133733,0],[36.1685207,47.916773,0],[36.1774493,47.9225256,0],[36.1889569,47.9230185,0],[36.1986568,47.9200946,0],[36.217842,47.9090263,0],[36.2272407,47.9138341,0],[36.2293451,47.9123715,0],[36.2301926,47.9126599,0],[36.2362546,47.9165727,0],[36.2418447,47.9210602,0],[36.2524406,47.9165734,0],[36.2605518,47.9226197,0],[36.2764734,47.9122834,0],[36.2844452,47.913159,0],[36.2932533,47.9173457,0],[36.3046688,47.9190714,0],[36.305055,47.9196179,0],[36.304068,47.9221775,0],[36.3023943,47.9275839,0],[36.3105765,47.9277349,0],[36.3349857,47.9313197,0],[36.3430511,47.9335698,0],[36.3560954,47.9350137,0],[36.3577904,47.9296659,0],[36.3698925,47.9307873,0],[36.3731541,47.9125825,0],[36.3912214,47.9129277,0],[36.3944401,47.9126688,0],[36.3953413,47.9108278,0],[36.3970818,47.9032901,0],[36.4086022,47.9028879,0],[36.4112633,47.891103,0],[36.4040962,47.8845491,0],[36.4016718,47.8764944,0],[36.4065105,47.8729564,0],[36.4100437,47.8719857,0],[36.4104772,47.861384,0],[36.4126961,47.8474175,0],[36.4345872,47.8494317,0],[36.4326776,47.8599388,0],[36.450916,47.8618583,0],[36.4527175,47.8634505,0],[36.4496717,47.8652839,0],[36.4328042,47.8781525,0],[36.4295448,47.8936232,0],[36.429373,47.8986336,0],[36.4388148,47.8997308,0],[36.4467119,47.8959398,0],[36.4477412,47.8849038,0],[36.4565815,47.884285,0],[36.4544998,47.9010629,0],[36.4698954,47.9007844,0],[36.4774426,47.9022209,0],[36.4789848,47.8965518,0],[36.4927164,47.8982631,0],[36.4939388,47.8910399,0],[36.5049304,47.8899676,0],[36.5068212,47.8845388,0],[36.5083675,47.8845871,0],[36.5060975,47.8984009,0],[36.5170639,47.8986653,0],[36.526066,47.8991146,0],[36.5286789,47.8872532,0],[36.5426114,47.8881689,0],[36.5399608,47.8971458,0],[36.5366683,47.9016519,0],[36.5349206,47.9038562,0],[36.5353731,47.9082069,0],[36.5318813,47.9108331,0],[36.5301918,47.913517,0],[36.5230714,47.9193346,0],[36.5188152,47.9208199,0],[36.5092712,47.9278161,0],[36.5102678,47.9292122,0],[36.5108687,47.9318001,0],[36.509152,47.9401381,0],[36.5097545,47.9507714,0],[36.5140886,47.9552379,0],[36.5171481,47.9540375,0],[36.5190075,47.9541254,0],[36.5210385,47.9548456,0],[36.5231126,47.9560831,0],[36.5239851,47.9579528,0],[36.5247662,47.9607957,0],[36.5249463,47.9659949,0],[36.5248584,47.9665166,0],[36.5248482,47.9701121,0],[36.5284431,47.973018,0],[36.5299879,47.9739088,0],[36.5356527,47.974225,0],[36.5452659,47.9752016,0],[36.5487235,47.9741294,0],[36.5601078,47.9714381,0],[36.5627956,47.9708392,0],[36.5638524,47.9692061,0],[36.5694424,47.969445,0],[36.5828068,47.9702734,0],[36.581604,47.975059,0],[36.576084,47.991665,0],[36.575455,47.996466,0],[36.57946,47.999624,0],[36.582946,48.000529,0],[36.584775,47.999546,0],[36.586089,47.999195,0],[36.586618,47.99941,0],[36.58706,48.000945,0],[36.586662,48.001769,0],[36.577728,48.010015,0],[36.571058,48.012178,0],[36.585382,48.015846,0],[36.591989,48.018847,0],[36.586834,48.027146,0],[36.585289,48.030705,0],[36.578051,48.037742,0],[36.573901,48.040358,0],[36.576367,48.042939,0],[36.583211,48.04948,0],[36.58698,48.05125,0],[36.587406,48.053513,0],[36.583025,48.060021,0],[36.579062,48.060924,0],[36.578859,48.061986,0],[36.583018,48.063673,0],[36.586225,48.064052,0],[36.586343,48.0707407,0],[36.5844648,48.0724431,0],[36.584894,48.0737048,0],[36.5866106,48.0750238,0],[36.5864389,48.0761134,0],[36.5857094,48.0765722,0],[36.5832632,48.0755973,0],[36.560046,48.075096,0],[36.5604322,48.077289,0],[36.560518,48.0780775,0],[36.5579431,48.0781779,0],[36.5614192,48.0925981,0],[36.5766542,48.0959804,0],[36.5903979,48.0974093,0],[36.5893679,48.1030697,0],[36.5861708,48.1170819,0],[36.5945178,48.11744,0],[36.5913275,48.1316924,0],[36.608102,48.1331457,0],[36.6145718,48.1120826,0],[36.6311713,48.1137878,0],[36.6394322,48.1136769,0],[36.6493565,48.1142662,0],[36.6511266,48.112821,0],[36.6537018,48.1123409,0],[36.6544743,48.1105214,0],[36.6611179,48.1088703,0],[36.6823264,48.1061084,0],[36.6886132,48.1104781,0],[36.6873475,48.1163379,0],[36.683537,48.1350423,0],[36.6901301,48.1349431,0],[36.6909378,48.1432271,0],[36.7047066,48.1425188,0],[36.7112942,48.1114669,0],[36.7209317,48.1122447,0],[36.7193507,48.1182143,0],[36.723248,48.1219195,0],[36.7339377,48.1314345,0],[36.7429369,48.1391402,0],[36.7503781,48.1431816,0],[36.7567819,48.14178,0],[36.7659701,48.1386594,0],[36.7673336,48.1375641,0],[36.7660364,48.1356096,0],[36.7675617,48.1346792,0],[36.76903,48.1329287,0],[36.7724294,48.1330399,0],[36.7749191,48.1323184,0],[36.7763782,48.1322039,0],[36.781086,48.1355719,0],[36.7796548,48.1364441,0],[36.7675456,48.1443759,0],[36.7711425,48.1464084,0],[36.7796425,48.1434273,0],[36.7908017,48.1383835,0],[36.790162,48.1370881,0],[36.8007264,48.1332366,0],[36.8018035,48.1342253,0],[36.8038438,48.1366095,0],[36.806571,48.1381346,0],[36.8161456,48.1431751,0],[36.8216803,48.1411838,0],[36.8268229,48.1390202,0],[36.8285228,48.1380618,0],[36.8400509,48.1440613,0],[36.8588371,48.1437831,0],[36.8568411,48.1527222,0],[36.8698005,48.1541205,0],[36.868942,48.1602711,0],[36.8684265,48.1652723,0],[36.8771564,48.166531,0],[36.873227,48.182672,0],[36.8807943,48.1821017,0],[36.8802905,48.1888299,0],[36.8867433,48.1906376,0],[36.892295,48.1918732,0],[36.9078581,48.192605,0],[36.9097359,48.1838226,0],[36.911192,48.1803101,0],[36.9174951,48.1825478,0],[36.9180292,48.1843531,0],[36.936588,48.1864437,0],[36.9346835,48.1934441,0],[36.9306169,48.1930835,0],[36.9264206,48.1951806,0],[36.9231421,48.1955854,0],[36.9202069,48.1950175,0],[36.9190902,48.1950605,0],[36.9176302,48.1953324,0],[36.9173709,48.1956474,0],[36.9132897,48.2066608,0],[36.9113067,48.2094659,0],[36.9103444,48.2128456,0],[36.9083792,48.2211773,0],[36.9217868,48.2233412,0],[36.920534,48.231396,0],[36.903043,48.2307412,0],[36.9004561,48.2311564,0],[36.8991567,48.2391646,0],[36.8981742,48.2433474,0],[36.8939813,48.243038,0],[36.8927923,48.2481445,0],[36.8999439,48.2483904,0],[36.9033863,48.2488821,0],[36.9058286,48.2475239,0],[36.9112768,48.2482451,0],[36.9131847,48.2489662,0],[36.9241268,48.2517002,0],[36.9245561,48.2517713,0],[36.91253,48.306938,0],[36.912328,48.30867,0],[36.905749,48.308879,0],[36.874177,48.305079,0],[36.872107,48.31691,0],[36.860766,48.315726,0],[36.860173,48.312361,0],[36.857204,48.3121,0],[36.856482,48.315386,0],[36.838544,48.314473,0],[36.818288,48.313332,0],[36.817049,48.31517,0],[36.810049,48.348488,0],[36.817539,48.349088,0],[36.814597,48.357608,0],[36.812695,48.368136,0],[36.818183,48.366114,0],[36.822991,48.3651,0],[36.826943,48.369838,0],[36.822229,48.406978,0],[36.830177,48.405966,0],[36.83467,48.410473,0],[36.825247,48.413526,0],[36.838041,48.420068,0],[36.845304,48.419809,0],[36.849454,48.416489,0],[36.850818,48.416204,0],[36.851161,48.417059,0],[36.850045,48.421388,0],[36.848071,48.431355,0],[36.84541,48.442687,0],[36.837054,48.441991,0],[36.830394,48.483833,0],[36.855909,48.487918,0],[36.851506,48.507932,0],[36.851022,48.516688,0],[36.879191,48.518113,0],[36.906332,48.521577,0],[36.900996,48.543908,0],[36.884918,48.541101,0],[36.883913,48.549805,0],[36.871559,48.549956,0],[36.857653,48.568774,0],[36.825621,48.56603,0],[36.824531,48.569762,0],[36.809393,48.568789,0],[36.805939,48.596236,0],[36.780171,48.597587,0],[36.778612,48.60019,0],[36.745216,48.595588,0],[36.73938,48.62634,0],[36.704638,48.622293,0],[36.703757,48.625682,0],[36.674127,48.623518,0],[36.674607,48.618149,0],[36.654799,48.615841,0],[36.655698,48.607547,0],[36.604178,48.603475,0],[36.592448,48.601776,0],[36.591735,48.607956,0],[36.581069,48.607754,0],[36.580542,48.615931,0],[36.564645,48.615934,0],[36.561159,48.620351,0],[36.562156,48.623464,0],[36.555784,48.624908,0],[36.535132,48.635848,0],[36.494231,48.65818,0],[36.482131,48.662867,0],[36.464665,48.647702,0],[36.446813,48.632786,0],[36.435311,48.63341,0],[36.42816,48.633282,0],[36.426642,48.632162,0],[36.428192,48.630996,0],[36.432136,48.63097,0],[36.435416,48.630198,0],[36.440913,48.627192,0],[36.421063,48.609807,0],[36.405142,48.591449,0],[36.390422,48.578358,0],[36.388933,48.576358,0],[36.381313,48.569599,0],[36.392268,48.564171,0],[36.355008,48.532934,0],[36.352113,48.533992,0],[36.349255,48.534798,0],[36.354516,48.539107,0],[36.323736,48.55546,0],[36.29635,48.53129,0],[36.283852,48.536696,0],[36.273492,48.541778,0],[36.271548,48.544165,0],[36.319163,48.58676,0],[36.264185,48.614528,0],[36.258975,48.61732,0],[36.253322,48.619064,0],[36.251697,48.625214,0],[36.254662,48.625452,0],[36.258032,48.624096,0],[36.261521,48.626992,0],[36.262592,48.629782,0],[36.262893,48.63203,0],[36.267528,48.635728,0],[36.268244,48.637347,0],[36.264997,48.639347,0],[36.26569,48.639837,0],[36.268698,48.639798,0],[36.268257,48.641069,0],[36.266626,48.643508,0],[36.267243,48.645885,0],[36.26655,48.64772,0],[36.268414,48.648241,0],[36.268617,48.648955,0],[36.267173,48.64971,0],[36.270228,48.649576,0],[36.281197,48.655633,0],[36.28415,48.658236,0],[36.272126,48.664525,0],[36.268872,48.664823,0],[36.268274,48.663044,0],[36.262248,48.66443,0],[36.261215,48.66596,0],[36.159252,48.715367,0],[36.15719,48.717335,0],[36.142959,48.724334,0],[36.162304,48.748454,0],[36.154385,48.753103,0],[36.147677,48.759786,0],[36.146983,48.760864,0],[36.145091,48.761234,0],[36.144146,48.761953,0],[36.139425,48.764442,0],[36.142211,48.766268,0],[36.147683,48.767387,0],[36.157796,48.767916,0],[36.158395,48.769456,0],[36.15363,48.779107,0],[36.151333,48.780878,0],[36.15367,48.780953,0],[36.157743,48.78351,0],[36.132215,48.802447,0],[36.132026,48.804066,0],[36.129898,48.805047,0],[36.128303,48.805576,0],[36.128484,48.804584,0],[36.125742,48.804483,0],[36.123941,48.804772,0],[36.123814,48.808025,0],[36.106754,48.807843,0],[36.103632,48.805772,0],[36.10123,48.806574,0],[36.099514,48.807082,0],[36.089145,48.808736,0],[36.080836,48.808646,0],[36.073662,48.807449,0],[36.071842,48.808559,0],[36.076239,48.840774,0],[36.041457,48.843872,0],[36.021775,48.853741,0],[36.039996,48.873324,0],[36.012539,48.889673,0],[36.044793,48.915002,0],[35.997413,48.939631,0],[36.003694,48.944984,0],[35.978666,48.960131,0],[35.992127,48.96693,0],[35.942411,48.99942,0],[35.936872,48.994993,0],[35.938199,48.990566,0],[35.936048,48.983064,0],[35.932431,48.979619,0],[35.933713,48.976544,0],[35.932934,48.97347,0],[35.923642,48.97289,0],[35.918128,48.968478,0],[35.914673,48.968123,0],[35.911841,48.972112,0],[35.897763,48.97184,0],[35.883532,48.973823,0],[35.879913,48.962536,0],[35.85522,48.957154,0],[35.855822,48.945798,0],[35.846797,48.946322,0],[35.837032,48.944197,0],[35.830661,48.950155,0],[35.80926,48.936882,0],[35.814225,48.929715,0],[35.808891,48.926607,0],[35.799596,48.928512,0],[35.792895,48.933806,0],[35.793265,48.940387,0],[35.801392,48.942128,0],[35.787603,48.945712,0],[35.792714,48.95313,0],[35.784787,48.95399,0],[35.774802,48.948085,0],[35.771996,48.952507,0],[35.760891,48.95594,0],[35.759969,48.949729,0],[35.75307,48.947674,0],[35.742765,48.949434,0],[35.732814,48.965597,0],[35.717178,48.964022,0],[35.711683,48.9492,0],[35.692458,48.945249,0],[35.694497,48.968458,0],[35.670414,48.972935,0],[35.647738,48.973039,0],[35.644289,48.967282,0],[35.630528,48.96478,0],[35.627717,48.981862,0],[35.584284,48.987347,0],[35.581142,48.978015,0],[35.572509,48.975894,0],[35.545631,48.97976,0],[35.517284,48.978473,0],[35.470891,48.981738,0],[35.441924,49.008977,0],[35.397287,49.020482,0],[35.399666,48.984712,0],[35.395546,48.943689,0],[35.39074,48.896313,0],[35.38662,48.838046,0],[35.37014,48.786498,0],[35.361854,48.775992,0],[35.350868,48.77373,0],[35.328552,48.764,0],[35.306236,48.740006,0],[35.299026,48.725966,0],[35.305893,48.720983,0],[35.324432,48.722342,0],[35.351898,48.72506,0],[35.365631,48.714867,0],[35.382454,48.692436,0],[35.37387,48.691983,0],[35.355331,48.697648,0],[35.339195,48.690396,0],[35.344688,48.68133,0],[35.333015,48.676343,0],[35.331985,48.66478,0],[35.324089,48.660245,0],[35.328895,48.650039,0],[35.318939,48.637336,0],[35.319626,48.619409,0],[35.292503,48.621906,0],[35.267784,48.603747,0],[35.255081,48.591486,0],[35.232422,48.577632,0],[35.220062,48.557185,0],[35.219032,48.534456,0],[35.212509,48.516721,0],[35.207702,48.508761,0],[35.199462,48.506031,0],[35.192596,48.502164,0],[35.18779,48.506486,0],[35.177833,48.506258,0],[35.17955,48.500799,0],[35.18264,48.492609,0],[35.17852,48.486238,0],[35.17234,48.481004,0],[35.15895,48.478728,0],[35.150024,48.474631,0],[35.149337,48.467347,0],[35.141441,48.461884,0],[35.136655,48.452111,0],[35.130818,48.445507,0],[35.121549,48.442774,0],[35.107129,48.436624,0],[35.110906,48.426829,0],[35.103009,48.40974,0],[35.118802,48.396748,0],[35.135282,48.398343,0],[35.149014,48.394468,0],[35.156568,48.386033,0],[35.164464,48.382612,0],[35.163777,48.378052,0],[35.167554,48.367333,0],[35.163434,48.357068,0],[35.162061,48.345204,0],[35.167897,48.337901,0],[35.1703,48.321695,0],[35.167211,48.303428,0],[35.177167,48.296348,0],[35.19193,48.284242,0],[35.18781,48.267333,0],[35.199483,48.260248,0],[35.212529,48.25659,0],[35.225576,48.247904,0],[35.208753,48.243331,0],[35.204633,48.232584,0],[35.215962,48.227324,0],[35.221456,48.2152,0],[35.20326,48.211082,0],[35.2012,48.192776,0],[35.194676,48.165762,0],[35.205522,48.145625,0]]]},"properties":{"name":"Ukrainian controlled Dnipropetrovsk  Oblast - East. ","styleUrl":"#poly-1A237E-2000-71-nodesc","fill-opacity":0.2784313725490196,"fill":"#1a237e","stroke-opacity":1,"stroke":"#1a237e","stroke-width":2}},{"type":"Feature","geometry":{"type":"Polygon","coordinates":[[[33.049922,50.539758,0],[33.051294,50.542726,0],[33.073569,50.556089,0],[33.080496,50.569919,0],[33.087726,50.573346,0],[33.097259,50.581275,0],[33.092555,50.585494,0],[33.104001,50.592743,0],[33.116782,50.591742,0],[33.123279,50.595458,0],[33.122388,50.599093,0],[33.11978,50.600112,0],[33.103116,50.60236,0],[33.105149,50.603914,0],[33.107957,50.608738,0],[33.112138,50.611819,0],[33.122501,50.638641,0],[33.116828,50.640862,0],[33.116914,50.64478,0],[33.117343,50.648372,0],[33.12756,50.650848,0],[33.139503,50.648278,0],[33.146681,50.654448,0],[33.15159,50.693685,0],[33.135972,50.710178,0],[33.136003,50.711649,0],[33.144637,50.709831,0],[33.155452,50.709776,0],[33.157272,50.715577,0],[33.168337,50.715582,0],[33.193561,50.722221,0],[33.20196,50.723081,0],[33.210597,50.720744,0],[33.213886,50.722401,0],[33.21416,50.727274,0],[33.220168,50.727872,0],[33.224546,50.72885,0],[33.237935,50.730697,0],[33.239801,50.73263,0],[33.238187,50.736059,0],[33.232795,50.734925,0],[33.22858,50.73852,0],[33.212707,50.736242,0],[33.20721,50.74822,0],[33.186008,50.746884,0],[33.173844,50.76605,0],[33.154296,50.792689,0],[33.154413,50.794314,0],[33.164402,50.791992,0],[33.168295,50.79762,0],[33.169265,50.799539,0],[33.16663,50.800698,0],[33.164106,50.8028,0],[33.166388,50.814583,0],[33.162662,50.815466,0],[33.159939,50.820631,0],[33.152129,50.825294,0],[33.168113,50.833036,0],[33.169619,50.836507,0],[33.176896,50.843229,0],[33.185684,50.84529,0],[33.184861,50.849951,0],[33.16944,50.85225,0],[33.17254,50.855893,0],[33.176244,50.869355,0],[33.169724,50.876177,0],[33.167389,50.888265,0],[33.176844,50.89427,0],[33.189127,50.894348,0],[33.196932,50.892151,0],[33.204743,50.898539,0],[33.212382,50.902545,0],[33.197195,50.919288,0],[33.195902,50.931873,0],[33.201143,50.934649,0],[33.199164,50.962264,0],[33.194478,50.962862,0],[33.188194,50.96257,0],[33.185027,50.958803,0],[33.149164,50.961644,0],[33.137517,50.9617,0],[33.139936,50.968235,0],[33.121574,50.997764,0],[33.124244,50.998366,0],[33.126915,51.000697,0],[33.117493,51.006872,0],[33.077709,50.991994,0],[33.078827,50.98233,0],[33.053423,50.98599,0],[33.039653,50.993462,0],[33.04921,51.011226,0],[33.057394,51.014622,0],[33.05837,51.021906,0],[33.065474,51.023301,0],[33.072802,51.033175,0],[33.077385,51.029446,0],[33.084522,51.039343,0],[33.071325,51.044028,0],[33.06003,51.0493,0],[33.071439,51.062007,0],[33.06782,51.069082,0],[33.045457,51.069209,0],[33.038635,51.071039,0],[33.038678,51.081929,0],[32.96336,51.088993,0],[32.956778,51.084605,0],[32.942922,51.088978,0],[32.993202,51.143333,0],[32.976432,51.15263,0],[32.962133,51.163006,0],[32.986879,51.183934,0],[32.977449,51.188341,0],[32.990938,51.197589,0],[32.997224,51.1985,0],[33.005871,51.198046,0],[33.030352,51.200635,0],[33.029812,51.204863,0],[33.04195,51.205758,0],[33.03967,51.220633,0],[33.035226,51.223049,0],[33.029211,51.22773,0],[33.029615,51.229093,0],[33.068718,51.254778,0],[33.060632,51.25846,0],[33.058244,51.26436,0],[33.058071,51.266034,0],[33.067341,51.269426,0],[33.065352,51.275806,0],[33.07307,51.275129,0],[33.072974,51.283237,0],[33.066683,51.282302,0],[33.065319,51.28328,0],[33.073553,51.284662,0],[33.07162,51.286079,0],[33.068312,51.28728,0],[33.065303,51.286999,0],[33.06511,51.288022,0],[33.063032,51.288239,0],[33.041081,51.28914,0],[33.046572,51.303225,0],[33.064921,51.306915,0],[33.080916,51.322028,0],[33.069262,51.329947,0],[33.068613,51.334203,0],[33.074188,51.341004,0],[33.064728,51.349036,0],[33.051188,51.344781,0],[33.036068,51.344894,0],[33.034022,51.363113,0],[33.046896,51.371365,0],[33.068268,51.370847,0],[33.108412,51.3672,0],[33.105488,51.380374,0],[33.090638,51.386748,0],[33.094198,51.389722,0],[33.113144,51.390138,0],[33.120456,51.383493,0],[33.132694,51.381241,0],[33.133413,51.394721,0],[33.138069,51.399985,0],[33.119735,51.402977,0],[33.137546,51.41581,0],[33.11274,51.429922,0],[33.124273,51.461151,0],[33.135686,51.467974,0],[33.12998,51.48161,0],[33.136226,51.495282,0],[33.147976,51.495269,0],[33.15454,51.492909,0],[33.166407,51.498355,0],[33.174784,51.499567,0],[33.178318,51.507355,0],[33.191992,51.50608,0],[33.193409,51.522697,0],[33.190663,51.526008,0],[33.186012,51.531086,0],[33.188473,51.536235,0],[33.183094,51.539271,0],[33.16656,51.543285,0],[33.16663,51.543893,0],[33.166878,51.552235,0],[33.157424,51.556283,0],[33.157503,51.564924,0],[33.161051,51.56668,0],[33.159452,51.570764,0],[33.167884,51.570577,0],[33.189768,51.573502,0],[33.207453,51.571241,0],[33.214679,51.578669,0],[33.222334,51.58119,0],[33.215481,51.582699,0],[33.191583,51.583244,0],[33.17796,51.598308,0],[33.155729,51.606624,0],[33.153548,51.64261,0],[33.140455,51.642578,0],[33.125714,51.645369,0],[33.142607,51.66556,0],[33.138012,51.680776,0],[33.148066,51.691492,0],[33.159961,51.690465,0],[33.170832,51.69191,0],[33.173521,51.701996,0],[33.162476,51.701017,0],[33.154442,51.703005,0],[33.153069,51.705239,0],[33.146654,51.715552,0],[33.132635,51.72267,0],[33.139618,51.725423,0],[33.1238,51.735334,0],[33.104808,51.746246,0],[33.093672,51.758568,0],[33.096865,51.761396,0],[33.093191,51.765074,0],[33.092129,51.775024,0],[33.089039,51.774386,0],[33.085012,51.768553,0],[33.079096,51.774288,0],[33.080198,51.780334,0],[33.092386,51.783998,0],[33.114788,51.799393,0],[33.123285,51.810114,0],[33.135691,51.816344,0],[33.141115,51.813006,0],[33.148132,51.817657,0],[33.136346,51.833,0],[33.127874,51.833132,0],[33.128277,51.844444,0],[33.120235,51.845507,0],[33.124784,51.862472,0],[33.142036,51.881285,0],[33.176888,51.894605,0],[33.168769,51.901575,0],[33.178788,51.907391,0],[33.196847,51.911781,0],[33.210872,51.909516,0],[33.221039,51.90702,0],[33.233531,51.917722,0],[33.252684,51.922088,0],[33.292754,51.92725,0],[33.301225,51.933511,0],[33.32537,51.933337,0],[33.33277,51.928949,0],[33.355538,51.929245,0],[33.361089,51.947172,0],[33.371419,51.945342,0],[33.372137,51.953246,0],[33.381276,51.954233,0],[33.389743,51.953389,0],[33.396522,51.956097,0],[33.396352,51.957727,0],[33.394378,51.963492,0],[33.384771,51.972173,0],[33.370966,51.976221,0],[33.367737,51.979617,0],[33.358844,51.981839,0],[33.35055,51.983591,0],[33.349631,51.988165,0],[33.352922,51.990297,0],[33.358672,51.990085,0],[33.35082,52.00153,0],[33.345418,52.006006,0],[33.340905,52.006309,0],[33.330777,52.006362,0],[33.317105,52.008962,0],[33.30406,52.012614,0],[33.302625,52.015026,0],[33.306115,52.018682,0],[33.30932,52.015448,0],[33.315032,52.015917,0],[33.316529,52.016874,0],[33.317988,52.019357,0],[33.313617,52.022195,0],[33.312523,52.024932,0],[33.314126,52.030501,0],[33.318761,52.031346,0],[33.33318,52.030976,0],[33.346359,52.029454,0],[33.350089,52.031119,0],[33.35584,52.031187,0],[33.364938,52.039424,0],[33.400129,52.05286,0],[33.408969,52.035147,0],[33.427423,52.025061,0],[33.434461,52.027385,0],[33.439353,52.03351,0],[33.46742,52.039054,0],[33.499778,52.038896,0],[33.503133,52.07774,0],[33.50074,52.088391,0],[33.494907,52.088442,0],[33.492165,52.086173,0],[33.491152,52.083001,0],[33.477796,52.085307,0],[33.459664,52.087384,0],[33.457034,52.090396,0],[33.448194,52.090238,0],[33.437122,52.087759,0],[33.445406,52.097581,0],[33.440726,52.099888,0],[33.434346,52.108132,0],[33.409464,52.116151,0],[33.416093,52.12287,0],[33.378783,52.133907,0],[33.378296,52.135351,0],[33.35687,52.142995,0],[33.342908,52.145914,0],[33.330314,52.141353,0],[33.334677,52.138407,0],[33.342816,52.138201,0],[33.343301,52.135049,0],[33.324017,52.13591,0],[33.326729,52.154052,0],[33.337413,52.155311,0],[33.336919,52.161627,0],[33.330492,52.163943,0],[33.327278,52.168259,0],[33.321317,52.169206,0],[33.31713,52.179115,0],[33.310973,52.188678,0],[33.320048,52.192586,0],[33.317461,52.198191,0],[33.315429,52.206701,0],[33.325486,52.209326,0],[33.322154,52.212791,0],[33.314274,52.2151,0],[33.32331,52.221988,0],[33.331711,52.214676,0],[33.342021,52.221778,0],[33.350342,52.220563,0],[33.360668,52.226364,0],[33.366692,52.241566,0],[33.35666,52.257994,0],[33.371346,52.250881,0],[33.383099,52.257453,0],[33.389365,52.279154,0],[33.386052,52.289818,0],[33.397263,52.299244,0],[33.387365,52.317028,0],[33.398717,52.313294,0],[33.419402,52.335881,0],[33.410216,52.343389,0],[33.391677,52.348422,0],[33.375197,52.348737,0],[33.354941,52.347374,0],[33.340865,52.345172,0],[33.323355,52.343599,0],[33.317691,52.339194,0],[33.305674,52.335837,0],[33.284045,52.343284,0],[33.266192,52.349471,0],[33.253661,52.351149,0],[33.237181,52.35031,0],[33.221389,52.352092,0],[33.199244,52.352092,0],[33.191176,52.344542,0],[33.181048,52.33311,0],[33.157016,52.326291,0],[33.132468,52.324403,0],[33.125258,52.318422,0],[33.11822,52.312965,0],[33.10689,52.307298,0],[33.103457,52.30058,0],[33.08509,52.293651,0],[33.053332,52.291761,0],[33.031703,52.289242,0],[33.021403,52.283991,0],[33.009902,52.275169,0],[33.00046,52.266976,0],[32.993594,52.256889,0],[32.957202,52.245329,0],[32.937976,52.24638,0],[32.916175,52.241125,0],[32.895919,52.237551,0],[32.872229,52.242596,0],[32.863475,52.254998,0],[32.855578,52.26477,0],[32.83927,52.262143,0],[32.831202,52.253422,0],[32.816783,52.24659,0],[32.80202,52.250584,0],[32.784167,52.25153,0],[32.770262,52.248692,0],[32.751036,52.250059,0],[32.727347,52.238602,0],[32.707263,52.236815,0],[32.679454,52.249954,0],[32.654219,52.262983,0],[32.616969,52.274644,0],[32.605296,52.281471,0],[32.584525,52.284831,0],[32.5665,52.291342,0],[32.554828,52.303519,0],[32.536288,52.306353,0],[32.517405,52.308872,0],[32.505217,52.306353,0],[32.47552,52.304884,0],[32.451487,52.309922,0],[32.427455,52.314015,0],[32.409774,52.311391,0],[32.402049,52.301735,0],[32.409774,52.283361,0],[32.409602,52.272333,0],[32.416125,52.262563,0],[32.402736,52.243122,0],[32.398787,52.233241,0],[32.375613,52.224093,0],[32.356387,52.221148,0],[32.342997,52.212104,0],[32.353125,52.203372,0],[32.369948,52.200322,0],[32.37321,52.186537,0],[32.379905,52.172853,0],[32.389346,52.159059,0],[32.398272,52.140837,0],[32.370635,52.133251,0],[32.344886,52.129984,0],[32.323256,52.119972,0],[32.315532,52.107428,0],[32.300597,52.092138,0],[32.279826,52.081379,0],[32.254248,52.07431,0],[32.229872,52.063441,0],[32.2171698,52.0600635,0],[32.2018921,52.0572144,0],[32.1867853,52.0504585,0],[32.1713363,52.0378947,0],[32.1297942,52.0327199,0],[32.063533,52.024376,0],[32.037783,52.027439,0],[31.992122,52.030502,0],[31.964827,52.03631,0],[31.933757,52.034198,0],[31.901828,52.039584,0],[31.893244,52.052148,0],[31.910582,52.063336,0],[31.934958,52.0703,0],[31.933413,52.078214,0],[31.916419,52.085809,0],[31.887923,52.091927,0],[31.853076,52.095723,0],[31.83282,52.090872,0],[31.808272,52.092876,0],[31.786022,52.09798,0],[31.751861,52.090703,0],[31.743343,52.07371,0],[31.703517,52.009513,0],[31.719997,51.883385,0],[31.790035,51.783248,0],[31.707637,51.739048,0],[31.612194,51.669687,0],[31.61082,51.616424,0],[31.617,51.53449,0],[31.651222,51.512816,0],[31.726066,51.453166,0],[31.830436,51.400077,0],[31.89308,51.361499,0],[32.123793,51.106978,0],[32.236403,50.948053,0],[32.412184,50.790318,0],[32.511061,50.708642,0],[32.631911,50.644243,0],[32.799452,50.591963,0],[32.931288,50.555332,0],[33.049922,50.539758,0]]]},"properties":{"name":"Ukrainian-controlled Chernihiv Oblast","styleUrl":"#poly-1A237E-2000-84-nodesc","fill-opacity":0.32941176470588235,"fill":"#1a237e","stroke-opacity":1,"stroke":"#1a237e","stroke-width":2}},{"type":"Feature","geometry":{"type":"Polygon","coordinates":[[[31.561956,46.570729,0],[31.561279,46.570773,0],[31.561236,46.57064,0],[31.560678,46.570773,0],[31.559884,46.571436,0],[31.559992,46.571967,0],[31.559906,46.574519,0],[31.559562,46.574814,0],[31.55909,46.574829,0],[31.558146,46.574431,0],[31.558103,46.571643,0],[31.560249,46.569622,0],[31.561966,46.569593,0],[31.561956,46.570729,0]]]},"properties":{"name":"Ukrainian-controlled Mykolaiv Raion, Mykolaiv Oblast","styleUrl":"#poly-1A237E-1701-71-nodesc","fill-opacity":0.2784313725490196,"fill":"#1a237e","stroke-opacity":1,"stroke":"#1a237e","stroke-width":1.701}},{"type":"Feature","geometry":{"type":"Polygon","coordinates":[[[34.219058,50.53421,0],[34.628831,51.239277,0],[34.605215,51.246319,0],[34.596289,51.241161,0],[34.589251,51.234713,0],[34.579294,51.232133,0],[34.568652,51.234444,0],[34.569039,51.238797,0],[34.550627,51.24734,0],[34.541124,51.252792,0],[34.522947,51.252619,0],[34.512733,51.241913,0],[34.511745,51.238072,0],[34.50445,51.238044,0],[34.473379,51.242881,0],[34.44351,51.253733,0],[34.428919,51.255989,0],[34.421495,51.257225,0],[34.4090548,51.2635363,0],[34.4027095,51.264631,0],[34.3996229,51.259705,0],[34.3982067,51.2581607,0],[34.3926427,51.2533514,0],[34.39022,51.253747,0],[34.38726,51.254287,0],[34.378938,51.245883,0],[34.376111,51.247072,0],[34.370039,51.244143,0],[34.355405,51.242854,0],[34.340213,51.245943,0],[34.330901,51.239979,0],[34.305881,51.238501,0],[34.298244,51.242168,0],[34.283865,51.249838,0],[34.274513,51.251464,0],[34.262665,51.254996,0],[34.2559922,51.255197,0],[34.2531492,51.2565732,0],[34.2496674,51.2580339,0],[34.246207,51.258863,0],[34.241336,51.2612664,0],[34.2396383,51.263285,0],[34.2329623,51.264471,0],[34.2290081,51.2651374,0],[34.2294182,51.2705005,0],[34.230749,51.271548,0],[34.230878,51.272434,0],[34.232079,51.273588,0],[34.233638,51.274335,0],[34.235083,51.274743,0],[34.238216,51.27477,0],[34.240533,51.275548,0],[34.246021,51.276656,0],[34.250876,51.275548,0],[34.254398,51.281791,0],[34.245271,51.2843,0],[34.243582,51.284482,0],[34.241358,51.287694,0],[34.237738,51.29245,0],[34.239761,51.29369,0],[34.241771,51.293337,0],[34.244664,51.293993,0],[34.245038,51.29628,0],[34.249689,51.296859,0],[34.249868,51.298947,0],[34.254679,51.299132,0],[34.255198,51.301277,0],[34.258242,51.302497,0],[34.264142,51.298707,0],[34.265977,51.298475,0],[34.269855,51.306381,0],[34.272225,51.314573,0],[34.277401,51.312606,0],[34.277136,51.310979,0],[34.282198,51.310545,0],[34.282423,51.311248,0],[34.282219,51.311683,0],[34.28165,51.311917,0],[34.281166,51.31258,0],[34.281077,51.314556,0],[34.280461,51.317739,0],[34.279745,51.32094,0],[34.285926,51.32346,0],[34.279316,51.338263,0],[34.296138,51.341532,0],[34.302576,51.36126,0],[34.259146,51.377978,0],[34.22653,51.388692,0],[34.210051,51.407113,0],[34.192198,51.415893,0],[34.197005,51.425955,0],[34.216574,51.440296,0],[34.22447,51.458482,0],[34.233054,51.470674,0],[34.24919,51.482435,0],[34.270132,51.494193,0],[34.253653,51.528166,0],[34.220694,51.561474,0],[34.205244,51.570864,0],[34.178122,51.580253,0],[34.1685085,51.5981709,0],[34.1673076,51.6189584,0],[34.1633586,51.6271646,0],[34.158896,51.628017,0],[34.136923,51.634411,0],[34.113234,51.638033,0],[34.1040541,51.64983,0],[34.0823347,51.6621576,0],[34.0733229,51.6633822,0],[34.0714339,51.6700363,0],[34.0861968,51.6754656,0],[34.0946073,51.6772216,0],[34.0992854,51.6791906,0],[34.1008524,51.6820111,0],[34.1008746,51.6908983,0],[34.115916,51.6943174,0],[34.1225573,51.6924882,0],[34.1319874,51.6927869,0],[34.151343,51.6930263,0],[34.2066181,51.7030809,0],[34.2255861,51.7055279,0],[34.2341268,51.7034004,0],[34.2407785,51.7010596,0],[34.2430516,51.7008619,0],[34.2521705,51.7036354,0],[34.2693588,51.7055563,0],[34.2711196,51.7087718,0],[34.2726313,51.7117285,0],[34.2739535,51.7159511,0],[34.2763752,51.7185682,0],[34.2808173,51.7366048,0],[34.2954973,51.7362513,0],[34.3011845,51.7365914,0],[34.3225259,51.7439099,0],[34.343195,51.7428378,0],[34.3426634,51.738603,0],[34.3536921,51.736568,0],[34.362409,51.7352743,0],[34.3733573,51.7337143,0],[34.3841585,51.7335567,0],[34.3842006,51.7278227,0],[34.3830837,51.7188514,0],[34.3917963,51.7194495,0],[34.4027407,51.7193551,0],[34.4287452,51.7328058,0],[34.4318362,51.7351177,0],[34.432181,51.741044,0],[34.4322667,51.7528936,0],[34.4339403,51.7594025,0],[34.4332106,51.764689,0],[34.4226542,51.7725766,0],[34.4134694,51.7792945,0],[34.4048004,51.7831179,0],[34.405187,51.791559,0],[34.4066886,51.8002651,0],[34.4101656,51.8217294,0],[34.4103793,51.8267433,0],[34.3920125,51.8340117,0],[34.37682,51.8413288,0],[34.3662633,51.8459952,0],[34.3652333,51.8520131,0],[34.35931,51.8578711,0],[34.3231761,51.8698502,0],[34.3185414,51.8753353,0],[34.307898,51.873295,0],[34.269789,51.869479,0],[34.242666,51.874566,0],[34.224127,51.889189,0],[34.22859,51.898512,0],[34.214857,51.909103,0],[34.199408,51.920962,0],[34.190138,51.934935,0],[34.169539,51.951866,0],[34.143446,51.957579,0],[34.122504,51.962656,0],[34.116667,51.977674,0],[34.12628,51.985498,0],[34.132803,51.993743,0],[34.122504,51.998816,0],[34.097784,52.000084,0],[34.079932,52.002832,0],[34.073065,52.006636,0],[34.072378,52.017625,0],[34.076842,52.027132,0],[34.076155,52.036425,0],[34.086455,52.046351,0],[34.082678,52.055218,0],[34.057272,52.056274,0],[34.050062,52.065561,0],[34.055556,52.077379,0],[34.071005,52.08624,0],[34.076842,52.095522,0],[34.077185,52.105645,0],[34.084395,52.115133,0],[34.096754,52.131153,0],[34.091261,52.140636,0],[34.065169,52.149484,0],[34.047659,52.158332,0],[34.045256,52.171178,0],[34.049376,52.178757,0],[34.0560709,52.1833883,0],[34.0501484,52.1919132,0],[34.0440544,52.1970689,0],[34.0186509,52.1997541,0],[33.996161,52.205696,0],[33.989981,52.222315,0],[33.970068,52.229465,0],[33.957365,52.236824,0],[33.9554771,52.2434467,0],[33.9281832,52.2472307,0],[33.926466,52.2530102,0],[33.9326462,52.2679303,0],[33.933161,52.2813723,0],[33.9065531,52.2952352,0],[33.8767787,52.299541,0],[33.8524894,52.3084594,0],[33.8341125,52.3160176,0],[33.8327388,52.3265093,0],[33.8361722,52.3365814,0],[33.8263913,52.3507379,0],[33.8083631,52.360279,0],[33.7396987,52.3476979,0],[33.7039934,52.3504241,0],[33.6684538,52.337528,0],[33.6439111,52.3346928,0],[33.6243422,52.3317555,0],[33.6073472,52.3245173,0],[33.592757,52.3195859,0],[33.588636,52.3121349,0],[33.584517,52.305313,0],[33.565977,52.299855,0],[33.534048,52.300904,0],[33.506926,52.302164,0],[33.478087,52.308042,0],[33.471564,52.317487,0],[33.47637,52.324412,0],[33.48667,52.333224,0],[33.488386,52.340147,0],[33.46916,52.342874,0],[33.447531,52.333644,0],[33.420752,52.336056,0],[33.397749,52.31245,0],[33.387365,52.317028,0],[33.399122,52.300065,0],[33.386052,52.289818,0],[33.389365,52.279154,0],[33.384693,52.25761,0],[33.37302,52.250569,0],[33.357571,52.255718,0],[33.367699,52.240899,0],[33.362549,52.227968,0],[33.353794,52.219976,0],[33.342021,52.221778,0],[33.331307,52.21293,0],[33.32331,52.221988,0],[33.315514,52.215559,0],[33.322154,52.212791,0],[33.325486,52.209326,0],[33.315429,52.206701,0],[33.32135,52.191994,0],[33.310973,52.188678,0],[33.32238,52.169679,0],[33.327278,52.168259,0],[33.33165,52.163467,0],[33.336919,52.161627,0],[33.337413,52.155311,0],[33.327187,52.154937,0],[33.324017,52.13591,0],[33.343301,52.135049,0],[33.342816,52.138201,0],[33.334677,52.138407,0],[33.330314,52.141353,0],[33.342908,52.145914,0],[33.35687,52.142995,0],[33.378783,52.133907,0],[33.416966,52.123541,0],[33.409464,52.116151,0],[33.433788,52.109205,0],[33.441856,52.100032,0],[33.44735,52.09845,0],[33.438423,52.087903,0],[33.447006,52.090751,0],[33.457306,52.091068,0],[33.459664,52.087384,0],[33.476189,52.085477,0],[33.491152,52.083001,0],[33.494907,52.088442,0],[33.50074,52.088391,0],[33.50417,52.079042,0],[33.50314,52.070707,0],[33.499778,52.038896,0],[33.466061,52.038724,0],[33.439353,52.03351,0],[33.436363,52.027001,0],[33.428982,52.023621,0],[33.408969,52.035147,0],[33.400314,52.052027,0],[33.391903,52.049493,0],[33.379543,52.044426,0],[33.364938,52.039424,0],[33.35584,52.031187,0],[33.350018,52.030064,0],[33.346928,52.02848,0],[33.337315,52.031332,0],[33.322209,52.030909,0],[33.314126,52.030501,0],[33.312939,52.027318,0],[33.313617,52.022195,0],[33.317988,52.019357,0],[33.315032,52.015917,0],[33.30932,52.015448,0],[33.307446,52.018868,0],[33.302625,52.015026,0],[33.305214,52.012212,0],[33.330777,52.006362,0],[33.343838,52.006929,0],[33.351906,52.003124,0],[33.358672,51.990085,0],[33.352922,51.990297,0],[33.349631,51.988165,0],[33.35055,51.983591,0],[33.367527,51.980504,0],[33.369415,51.977332,0],[33.383148,51.972679,0],[33.39568,51.962208,0],[33.396522,51.956097,0],[33.389743,51.953389,0],[33.382805,51.953957,0],[33.372137,51.953246,0],[33.371419,51.945342,0],[33.361176,51.946022,0],[33.355538,51.929245,0],[33.330889,51.928956,0],[33.32537,51.933337,0],[33.301225,51.933511,0],[33.291579,51.926522,0],[33.254328,51.922922,0],[33.233531,51.917722,0],[33.223773,51.906404,0],[33.210872,51.909516,0],[33.196847,51.911781,0],[33.178788,51.907391,0],[33.168769,51.901575,0],[33.178454,51.894117,0],[33.142036,51.881285,0],[33.124784,51.862472,0],[33.118836,51.845792,0],[33.128277,51.844444,0],[33.127874,51.833132,0],[33.136346,51.833,0],[33.149392,51.817574,0],[33.141115,51.813006,0],[33.134114,51.815346,0],[33.122098,51.807705,0],[33.11403,51.797939,0],[33.094289,51.784242,0],[33.080198,51.780334,0],[33.079096,51.774288,0],[33.085012,51.768553,0],[33.088968,51.775108,0],[33.092129,51.775024,0],[33.094461,51.765123,0],[33.097379,51.762254,0],[33.094461,51.759279,0],[33.104808,51.746246,0],[33.121583,51.73728,0],[33.139618,51.725423,0],[33.132635,51.72267,0],[33.144757,51.71612,0],[33.154442,51.703005,0],[33.162476,51.701017,0],[33.173521,51.701996,0],[33.170832,51.69191,0],[33.159961,51.690465,0],[33.148066,51.691492,0],[33.137376,51.679945,0],[33.142607,51.66556,0],[33.125714,51.645369,0],[33.140123,51.643315,0],[33.15334,51.643848,0],[33.155729,51.606624,0],[33.177716,51.599512,0],[33.191583,51.583244,0],[33.215481,51.582699,0],[33.222334,51.58119,0],[33.214679,51.578669,0],[33.207453,51.571241,0],[33.189768,51.573502,0],[33.167884,51.570577,0],[33.159452,51.570764,0],[33.161051,51.56668,0],[33.157503,51.564924,0],[33.157424,51.556283,0],[33.166558,51.553639,0],[33.16656,51.543285,0],[33.183094,51.539271,0],[33.188473,51.536235,0],[33.186012,51.531086,0],[33.193853,51.523423,0],[33.191992,51.50608,0],[33.178318,51.507355,0],[33.174784,51.499567,0],[33.16879,51.498851,0],[33.15454,51.492909,0],[33.147976,51.495269,0],[33.136226,51.495282,0],[33.12998,51.48161,0],[33.135686,51.467974,0],[33.124273,51.461151,0],[33.11274,51.429922,0],[33.137546,51.41581,0],[33.119735,51.402977,0],[33.138069,51.399985,0],[33.133599,51.394003,0],[33.134286,51.380827,0],[33.121755,51.382969,0],[33.11197,51.390147,0],[33.094198,51.389722,0],[33.090638,51.386748,0],[33.105488,51.380374,0],[33.108412,51.3672,0],[33.06648,51.371076,0],[33.046896,51.371365,0],[33.034036,51.362073,0],[33.037297,51.34492,0],[33.051188,51.344781,0],[33.064077,51.349852,0],[33.074188,51.341004,0],[33.068613,51.334203,0],[33.069262,51.329947,0],[33.080916,51.322028,0],[33.064921,51.306915,0],[33.047597,51.304479,0],[33.042447,51.289881,0],[33.061845,51.288271,0],[33.068312,51.28728,0],[33.073553,51.284662,0],[33.07307,51.275129,0],[33.066652,51.275493,0],[33.067341,51.269426,0],[33.057553,51.266794,0],[33.060632,51.25846,0],[33.068718,51.254778,0],[33.028585,51.228649,0],[33.035226,51.223049,0],[33.040601,51.221446,0],[33.04195,51.205758,0],[33.029812,51.204863,0],[33.030352,51.200635,0],[33.005871,51.198046,0],[32.998888,51.198647,0],[32.990938,51.197589,0],[32.977449,51.188341,0],[32.986879,51.183934,0],[32.962133,51.163006,0],[32.974512,51.153555,0],[32.993202,51.143333,0],[32.942922,51.088978,0],[32.956778,51.084605,0],[32.96336,51.088993,0],[33.038678,51.081929,0],[33.038635,51.071039,0],[33.044118,51.069192,0],[33.06782,51.069082,0],[33.071439,51.062007,0],[33.06003,51.0493,0],[33.071325,51.044028,0],[33.08566,51.03995,0],[33.077592,51.028292,0],[33.0733,51.032178,0],[33.065474,51.023301,0],[33.058366,51.020842,0],[33.057394,51.014622,0],[33.04921,51.011226,0],[33.039653,50.993462,0],[33.053423,50.98599,0],[33.078827,50.98233,0],[33.077249,50.992974,0],[33.117493,51.006872,0],[33.126915,51.000697,0],[33.124244,50.998366,0],[33.121574,50.997764,0],[33.139936,50.968235,0],[33.137517,50.9617,0],[33.147973,50.961522,0],[33.18385,50.959143,0],[33.186597,50.962495,0],[33.199164,50.962264,0],[33.201143,50.934649,0],[33.195902,50.931873,0],[33.197195,50.919288,0],[33.212382,50.902545,0],[33.204106,50.897579,0],[33.197927,50.891299,0],[33.189127,50.894348,0],[33.176844,50.89427,0],[33.167389,50.888265,0],[33.169724,50.876177,0],[33.176244,50.869355,0],[33.17254,50.855893,0],[33.16944,50.85225,0],[33.184861,50.849951,0],[33.185052,50.844606,0],[33.178872,50.843197,0],[33.169619,50.836507,0],[33.170461,50.832464,0],[33.152129,50.825294,0],[33.161363,50.821188,0],[33.162662,50.815466,0],[33.166684,50.813596,0],[33.164106,50.8028,0],[33.168295,50.79762,0],[33.164402,50.791992,0],[33.154296,50.792689,0],[33.186008,50.746884,0],[33.20721,50.74822,0],[33.212707,50.736242,0],[33.22858,50.73852,0],[33.232795,50.734925,0],[33.238187,50.736059,0],[33.239801,50.73263,0],[33.237935,50.730697,0],[33.224546,50.72885,0],[33.21416,50.727274,0],[33.213886,50.722401,0],[33.210597,50.720744,0],[33.20196,50.723081,0],[33.193561,50.722221,0],[33.168337,50.715582,0],[33.157272,50.715577,0],[33.153295,50.710442,0],[33.144637,50.709831,0],[33.136003,50.711649,0],[33.15159,50.693685,0],[33.146681,50.654448,0],[33.139503,50.648278,0],[33.12756,50.650848,0],[33.117343,50.648372,0],[33.116828,50.640862,0],[33.122501,50.638641,0],[33.112138,50.611819,0],[33.107957,50.608738,0],[33.103116,50.60236,0],[33.122388,50.599093,0],[33.123279,50.595458,0],[33.116782,50.591742,0],[33.104001,50.592743,0],[33.092555,50.585494,0],[33.097259,50.581275,0],[33.090467,50.57284,0],[33.080496,50.569919,0],[33.073569,50.556089,0],[33.051294,50.542726,0],[33.059224,50.528338,0],[33.050641,50.525719,0],[33.07433,50.519389,0],[33.10008,50.517424,0],[33.118962,50.506071,0],[33.132695,50.511312,0],[33.141278,50.509128,0],[33.149861,50.511966,0],[33.155698,50.522445,0],[33.177327,50.521572,0],[33.182477,50.516333,0],[33.19518,50.507382,0],[33.2096,50.507163,0],[33.223676,50.504761,0],[33.237752,50.510875,0],[33.241185,50.517424,0],[33.241185,50.535322,0],[33.251828,50.542958,0],[33.264531,50.54754,0],[33.275861,50.554084,0],[33.283414,50.552994,0],[33.286504,50.546013,0],[33.301953,50.534667,0],[33.317746,50.532921,0],[33.314313,50.521135,0],[33.371648,50.520699,0],[33.376111,50.497555,0],[33.41216,50.500831,0],[33.41525,50.492532,0],[33.422803,50.492313,0],[33.419713,50.482702,0],[33.432416,50.478114,0],[33.439282,50.476366,0],[33.434476,50.485323,0],[33.462628,50.492313,0],[33.479108,50.491003,0],[33.485974,50.483794,0],[33.495244,50.493187,0],[33.505544,50.497118,0],[33.521337,50.483794,0],[33.53507,50.481173,0],[33.53713,50.490129,0],[33.561162,50.489474,0],[33.564939,50.49275,0],[33.572835,50.496681,0],[33.579358,50.492313,0],[33.61369,50.486634,0],[33.615064,50.482484,0],[33.715657,50.468063,0],[33.733167,50.458228,0],[33.786038,50.45954,0],[33.790158,50.477022,0],[33.809041,50.478114,0],[33.832044,50.481828,0],[33.826379,50.487945,0],[33.838738,50.492641,0],[33.845777,50.491986,0],[33.851785,50.501922,0],[33.845433,50.504543,0],[33.824147,50.508801,0],[33.815908,50.508692,0],[33.810414,50.515896,0],[33.820714,50.518952,0],[33.825006,50.51535,0],[33.841828,50.51928,0],[33.842,50.523864,0],[33.877534,50.532048,0],[33.89161,50.534012,0],[33.897103,50.525064,0],[33.903626,50.520262,0],[33.914613,50.515241,0],[33.953065,50.547758,0],[34.000444,50.525937,0],[34.0104,50.51546,0],[34.027909,50.501704,0],[34.039926,50.508473,0],[34.060868,50.506508,0],[34.056062,50.518079,0],[34.088334,50.511093,0],[34.107904,50.505198,0],[34.093827,50.494279,0],[34.084214,50.487945,0],[34.097947,50.481173,0],[34.110393,50.481582,0],[34.11241,50.485487,0],[34.112602,50.486989,0],[34.118664,50.493528,0],[34.118718,50.499438,0],[34.117989,50.500967,0],[34.119662,50.510247,0],[34.140519,50.513058,0],[34.155969,50.522008,0],[34.166268,50.525282,0],[34.187898,50.525719,0],[34.192018,50.523755,0],[34.20575,50.525282,0],[34.219058,50.53421,0]]]},"properties":{"name":"Ukrainian-controlled western Sumy Oblast","styleUrl":"#poly-1A237E-2000-92-nodesc","fill-opacity":0.3607843137254902,"fill":"#1a237e","stroke-opacity":1,"stroke":"#1a237e","stroke-width":2}},{"type":"Feature","geometry":{"type":"Polygon","coordinates":[[[34.550627,51.24734,0],[34.554534,51.245424,0],[34.569382,51.238654,0],[34.569748,51.245083,0],[34.567602,51.250133,0],[34.550627,51.24734,0]]]},"properties":{"name":"Ukrainian-controlled Glushkovsky District, Kursk Oblast.","styleUrl":"#poly-1A237E-2000-77-nodesc","fill-opacity":0.30196078431372547,"fill":"#1a237e","stroke-opacity":1,"stroke":"#1a237e","stroke-width":2}},{"type":"Feature","geometry":{"type":"Polygon","coordinates":[[[34.513303,51.243172,0],[34.512733,51.241913,0],[34.522947,51.252619,0],[34.541124,51.252792,0],[34.541799,51.256066,0],[34.539954,51.255717,0],[34.5365386,51.2550383,0],[34.5342463,51.2547094,0],[34.5312635,51.2547094,0],[34.5271006,51.2545615,0],[34.52253,51.2544,0],[34.522573,51.252843,0],[34.514505,51.244864,0],[34.513303,51.243172,0]]]},"properties":{"name":"Ukrainian-controlled Glushkovsky District, Kursk Oblast.","styleUrl":"#poly-1A237E-2000-117-nodesc","fill-opacity":0.4588235294117647,"fill":"#1a237e","stroke-opacity":1,"stroke":"#1a237e","stroke-width":2}},{"type":"Feature","geometry":{"type":"Polygon","coordinates":[[[36.620709,47.995306,0],[36.619237,48.001316,0],[36.614286,48.020188,0],[36.6130465,48.0240803,0],[36.6063301,48.0232328,0],[36.5920946,48.0355377,0],[36.5893575,48.04084,0],[36.5880699,48.0452005,0],[36.5859236,48.0487577,0],[36.5897212,48.0520208,0],[36.5941627,48.0574354,0],[36.596695,48.064019,0],[36.5899357,48.068192,0],[36.5876066,48.0706099,0],[36.586343,48.0707407,0],[36.586225,48.064052,0],[36.583018,48.063673,0],[36.578859,48.061986,0],[36.579062,48.060924,0],[36.583025,48.060021,0],[36.587406,48.053513,0],[36.58698,48.05125,0],[36.583211,48.04948,0],[36.573901,48.040358,0],[36.578051,48.037742,0],[36.585289,48.030705,0],[36.586834,48.027146,0],[36.59201,48.018876,0],[36.585404,48.015875,0],[36.571079,48.012207,0],[36.577749,48.010044,0],[36.58706,48.000974,0],[36.586618,47.999438,0],[36.586089,47.999224,0],[36.584775,47.999575,0],[36.582946,48.000558,0],[36.57946,47.999652,0],[36.575455,47.996494,0],[36.576232,47.991216,0],[36.581604,47.975088,0],[36.5828068,47.9702734,0],[36.6000019,47.9719361,0],[36.6094434,47.9701551,0],[36.6114392,47.9711603,0],[36.6106456,47.9795782,0],[36.6067027,47.991628,0],[36.6215358,47.9927596,0],[36.620709,47.995306,0]]]},"properties":{"name":"Ukrainian-controlled Volnovakha  Raion, Donetsk Oblast.","styleUrl":"#poly-1A237E-2000-87-nodesc","fill-opacity":0.3411764705882353,"fill":"#1a237e","stroke-opacity":1,"stroke":"#1a237e","stroke-width":2}},{"type":"Feature","geometry":{"type":"Polygon","coordinates":[[[37.618286,49.708302,0],[37.6180589,49.7098984,0],[37.6152372,49.7100024,0],[37.6145827,49.7103632,0],[37.6142287,49.7113692,0],[37.6127052,49.7113761,0],[37.6130391,49.7121682,0],[37.6130176,49.7124527,0],[37.6127196,49.7132482,0],[37.6128507,49.7134333,0],[37.6134468,49.713684,0],[37.6124168,49.7159022,0],[37.6102925,49.7154878,0],[37.6084025,49.7175874,0],[37.6063238,49.7175302,0],[37.6057471,49.7187562,0],[37.6071566,49.7194213,0],[37.6068582,49.7200312,0],[37.6102076,49.7210851,0],[37.6104906,49.7216946,0],[37.6126651,49.7242464,0],[37.6148537,49.7244823,0],[37.6154116,49.7239413,0],[37.6166133,49.7238719,0],[37.6183299,49.7242048,0],[37.6183513,49.7253839,0],[37.6178578,49.7260775,0],[37.6164845,49.7260913,0],[37.6156691,49.7263133,0],[37.6150898,49.7272981,0],[37.6145962,49.7277419,0],[37.613223,49.7279362,0],[37.6101599,49.7290389,0],[37.6086417,49.7292747,0],[37.6085488,49.7300159,0],[37.6083917,49.7307651,0],[37.6070116,49.7314379,0],[37.6047156,49.7317847,0],[37.5967331,49.7292326,0],[37.5957362,49.7311541,0],[37.5933544,49.7327214,0],[37.5921313,49.7341915,0],[37.5931828,49.7355368,0],[37.5933115,49.7364105,0],[37.5927849,49.73693,0],[37.59124,49.739759,0],[37.5884505,49.7423798,0],[37.5822706,49.7468308,0],[37.5805541,49.74855,0],[37.5848455,49.7501583,0],[37.5854892,49.7501583,0],[37.5867768,49.7530974,0],[37.5850178,49.7556558,0],[37.5863731,49.7592072,0],[37.5870846,49.7626199,0],[37.5847457,49.763507,0],[37.5836943,49.7641169,0],[37.5786488,49.7621753,0],[37.5744619,49.7612315,0],[37.563685,49.7620044,0],[37.5567276,49.763248,0],[37.5522188,49.7632043,0],[37.5486541,49.7627723,0],[37.5454732,49.7639955,0],[37.542292,49.7665492,0],[37.5435685,49.7696052,0],[37.5597256,49.7773162,0],[37.5697057,49.7810661,0],[37.5877553,49.782265,0],[37.5979331,49.7796732,0],[37.5997853,49.7787992,0],[37.6016374,49.7788119,0],[37.6028073,49.780627,0],[37.6016328,49.7832526,0],[37.6007236,49.7843022,0],[37.5995569,49.7851301,0],[37.6005132,49.7847586,0],[37.6051361,49.7935013,0],[37.6190833,49.7980443,0],[37.6209719,49.8013408,0],[37.619384,49.8039722,0],[37.6153071,49.8043322,0],[37.6108868,49.8031412,0],[37.5924761,49.8043322,0],[37.581959,49.809139,0],[37.578955,49.811188,0],[37.584448,49.815176,0],[37.586407,49.817378,0],[37.587436,49.821144,0],[37.5918431,49.822373,0],[37.5965511,49.8278102,0],[37.6016926,49.8297374,0],[37.610525,49.829505,0],[37.618469,49.833424,0],[37.621426,49.83709,0],[37.627321,49.838329,0],[37.630065,49.848521,0],[37.621331,49.851234,0],[37.622725,49.853172,0],[37.622942,49.85786,0],[37.625603,49.862231,0],[37.629631,49.872682,0],[37.6341184,49.8727813,0],[37.6358768,49.8750491,0],[37.6369915,49.877068,0],[37.6298893,49.8800981,0],[37.6291384,49.8807775,0],[37.6245894,49.881334,0],[37.6258768,49.8826129,0],[37.622958,49.8841199,0],[37.6254471,49.8862216,0],[37.6288803,49.8862219,0],[37.6351258,49.8915227,0],[37.6391503,49.8968545,0],[37.6411151,49.8961869,0],[37.6458785,49.9007481,0],[37.6555243,49.8984963,0],[37.6621653,49.8959122,0],[37.6665209,49.896104,0],[37.6728253,49.9001277,0],[37.679589,49.900539,0],[37.690466,49.907334,0],[37.695931,49.909643,0],[37.708705,49.908743,0],[37.713082,49.910291,0],[37.721837,49.911479,0],[37.727877,49.914329,0],[37.727164,49.920072,0],[37.729053,49.926206,0],[37.7284121,49.9324437,0],[37.7226618,49.9341567,0],[37.7228364,49.9389846,0],[37.7216366,49.9476232,0],[37.7205463,49.9476631,0],[37.7119881,49.9500772,0],[37.7061772,49.9508351,0],[37.7062336,49.9547756,0],[37.7044017,49.9665569,0],[37.7050392,49.9737385,0],[37.7054205,49.9803666,0],[37.7233489,49.9799893,0],[37.7363574,49.9801149,0],[37.7366639,49.9871943,0],[37.7370817,49.991082,0],[37.7389269,49.9970966,0],[37.7424502,50.0009634,0],[37.7523251,49.9986506,0],[37.75263,49.999317,0],[37.7515616,50.0003144,0],[37.7473109,50.003537,0],[37.7391734,50.0067883,0],[37.735286,50.0105393,0],[37.7326552,50.0135178,0],[37.7347022,50.0168274,0],[37.7218563,50.0207427,0],[37.7152841,50.031475,0],[37.7113325,50.0368954,0],[37.7117151,50.0395042,0],[37.7047435,50.0459311,0],[37.6872137,50.0475061,0],[37.6806797,50.0541645,0],[37.6732872,50.0528857,0],[37.6634048,50.0570628,0],[37.6470839,50.0611831,0],[37.6468177,50.0727837,0],[37.6463167,50.0803035,0],[37.6438985,50.0817201,0],[37.6409651,50.084128,0],[37.6412781,50.0858596,0],[37.6433633,50.0876706,0],[37.6436461,50.0889859,0],[37.6430705,50.0904114,0],[37.6406318,50.0924914,0],[37.6413865,50.0945226,0],[37.6430855,50.0948469,0],[37.6432832,50.0999814,0],[37.64185,50.107153,0],[37.641257,50.10835,0],[37.6365433,50.1108374,0],[37.6309708,50.1122237,0],[37.6151912,50.1097117,0],[37.593218,50.1080595,0],[37.5906582,50.1088303,0],[37.5901582,50.1112524,0],[37.5851649,50.1139664,0],[37.5876387,50.1192122,0],[37.5862346,50.122879,0],[37.5793914,50.1259195,0],[37.5758322,50.1337059,0],[37.5833516,50.1364895,0],[37.586959,50.138313,0],[37.585328,50.140018,0],[37.574084,50.149534,0],[37.58753,50.153804,0],[37.588075,50.156299,0],[37.590392,50.159378,0],[37.594855,50.162567,0],[37.598368,50.165821,0],[37.598987,50.170043,0],[37.604563,50.174128,0],[37.6054187,50.177305,0],[37.5968303,50.1799372,0],[37.6008868,50.1841387,0],[37.6040427,50.1889172,0],[37.6094544,50.1933357,0],[37.6151695,50.1935037,0],[37.6154339,50.2017905,0],[37.62009,50.202958,0],[37.619336,50.206606,0],[37.613843,50.209353,0],[37.610729,50.213414,0],[37.611072,50.219126,0],[37.609871,50.225661,0],[37.61144,50.236042,0],[37.618075,50.252267,0],[37.62108,50.256108,0],[37.621464,50.260376,0],[37.620091,50.265698,0],[37.61653,50.269661,0],[37.614215,50.277704,0],[37.617004,50.280693,0],[37.623387,50.300723,0],[37.624289,50.305103,0],[37.620169,50.307378,0],[37.611285,50.309384,0],[37.601071,50.311418,0],[37.590477,50.30456,0],[37.586358,50.29831,0],[37.581023,50.296643,0],[37.57274,50.296972,0],[37.552609,50.31963,0],[37.530211,50.317474,0],[37.512381,50.311466,0],[37.509549,50.314426,0],[37.463046,50.298113,0],[37.462147,50.300389,0],[37.419211,50.28973,0],[37.42213,50.279803,0],[37.418439,50.279529,0],[37.425584,50.254533,0],[37.412022,50.252008,0],[37.402353,50.236425,0],[37.385887,50.238569,0],[37.383055,50.234616,0],[37.368361,50.225476,0],[37.369048,50.220753,0],[37.370357,50.213063,0],[37.378873,50.193246,0],[37.374066,50.192449,0],[37.375977,50.183793,0],[37.370768,50.179984,0],[37.36748,50.179506,0],[37.362845,50.17989,0],[37.359326,50.180715,0],[37.348597,50.189563,0],[37.316554,50.181501,0],[37.320762,50.171084,0],[37.307451,50.153429,0],[37.292246,50.153063,0],[37.28771,50.150129,0],[37.293705,50.148966,0],[37.298897,50.145776,0],[37.303589,50.141054,0],[37.304556,50.136884,0],[37.266892,50.1263,0],[37.278952,50.117449,0],[37.261096,50.106243,0],[37.250927,50.112156,0],[37.245404,50.108253,0],[37.243387,50.108336,0],[37.240211,50.109382,0],[37.228324,50.114115,0],[37.217007,50.117677,0],[37.207172,50.121731,0],[37.203309,50.127124,0],[37.199618,50.127014,0],[37.196478,50.124364,0],[37.194125,50.11931,0],[37.191121,50.118759,0],[37.189319,50.122061,0],[37.183826,50.122391,0],[37.175929,50.11942,0],[37.168805,50.113916,0],[37.152755,50.10643,0],[37.147563,50.101461,0],[37.156575,50.098598,0],[37.152112,50.094358,0],[37.171768,50.08354,0],[37.187124,50.07718,0],[37.182403,50.06754,0],[37.168327,50.066988,0],[37.156436,50.043082,0],[37.165231,50.030199,0],[37.164161,50.024888,0],[37.161815,50.013296,0],[37.15821,50.013241,0],[37.149569,50.007626,0],[37.169283,50.000829,0],[37.157781,49.987642,0],[37.172811,49.981829,0],[37.164685,49.968496,0],[37.151553,49.960767,0],[37.140464,49.953401,0],[37.134558,49.948262,0],[37.145356,49.944454,0],[37.159706,49.940391,0],[37.176357,49.936966,0],[37.175644,49.917913,0],[37.182852,49.917135,0],[37.184162,49.905841,0],[37.182339,49.884632,0],[37.186219,49.884332,0],[37.188726,49.838681,0],[37.175211,49.839456,0],[37.168065,49.831653,0],[37.158904,49.830654,0],[37.15753,49.827387,0],[37.14354,49.82556,0],[37.125006,49.800874,0],[37.120803,49.791616,0],[37.10501,49.789289,0],[37.083896,49.793223,0],[37.076515,49.79893,0],[37.069662,49.781987,0],[37.074987,49.769589,0],[37.071166,49.77064,0],[37.057862,49.773523,0],[37.039961,49.784401,0],[37.04511,49.788058,0],[37.04323,49.794639,0],[37.028459,49.803516,0],[37.024511,49.802852,0],[37.016451,49.797742,0],[37.017301,49.791162,0],[37.003233,49.784886,0],[36.963768,49.772953,0],[36.967839,49.764265,0],[36.974534,49.766317,0],[36.990852,49.726383,0],[36.99995,49.726078,0],[36.998105,49.714647,0],[37.023367,49.712192,0],[36.985188,49.671515,0],[36.967764,49.66046,0],[36.995774,49.637562,0],[37.000166,49.635868,0],[37.003765,49.630876,0],[37.005567,49.624705,0],[37.003479,49.623025,0],[37.007712,49.619421,0],[37.010887,49.620088,0],[37.012946,49.622218,0],[37.01862,49.62386,0],[37.0248,49.623137,0],[37.035005,49.621273,0],[37.047957,49.63323,0],[37.057827,49.626669,0],[37.06008,49.612842,0],[37.06729,49.61312,0],[37.06841,49.608801,0],[37.068581,49.606354,0],[37.07682,49.597007,0],[37.084794,49.594717,0],[37.083339,49.586664,0],[37.09205,49.583381,0],[37.103724,49.581601,0],[37.11062,49.588012,0],[37.130447,49.594969,0],[37.141382,49.600148,0],[37.155858,49.597496,0],[37.16375,49.594857,0],[37.172932,49.575825,0],[37.172991,49.563367,0],[37.162548,49.560018,0],[37.162288,49.557121,0],[37.172289,49.543079,0],[37.19765,49.545226,0],[37.222927,49.542859,0],[37.236054,49.54303,0],[37.246858,49.539475,0],[37.256656,49.535346,0],[37.270032,49.531009,0],[37.274407,49.528445,0],[37.285138,49.526329,0],[37.296297,49.525438,0],[37.338813,49.535281,0],[37.36963,49.550654,0],[37.388552,49.543826,0],[37.383831,49.533828,0],[37.379758,49.518568,0],[37.382078,49.513395,0],[37.385572,49.513185,0],[37.38651,49.516625,0],[37.390401,49.516228,0],[37.400765,49.5171,0],[37.401457,49.52137,0],[37.407074,49.522561,0],[37.411172,49.520574,0],[37.414518,49.515773,0],[37.419262,49.514063,0],[37.425591,49.507693,0],[37.454289,49.485511,0],[37.458112,49.486314,0],[37.45931,49.48622,0],[37.465361,49.482316,0],[37.466094,49.483833,0],[37.468347,49.484887,0],[37.466048,49.487558,0],[37.469696,49.489704,0],[37.472167,49.489891,0],[37.473524,49.487225,0],[37.477987,49.487225,0],[37.477689,49.485375,0],[37.474468,49.481871,0],[37.472579,49.478153,0],[37.486742,49.469714,0],[37.497629,49.467954,0],[37.513723,49.467648,0],[37.518378,49.467552,0],[37.520142,49.460859,0],[37.519462,49.452297,0],[37.5256,49.449278,0],[37.533023,49.446912,0],[37.541562,49.447426,0],[37.565679,49.443865,0],[37.568855,49.430804,0],[37.595891,49.435437,0],[37.598125,49.439699,0],[37.603138,49.442216,0],[37.620471,49.448466,0],[37.626655,49.452819,0],[37.62986,49.459526,0],[37.635221,49.461729,0],[37.643646,49.484946,0],[37.650856,49.486842,0],[37.668033,49.487695,0],[37.670856,49.49129,0],[37.673788,49.494888,0],[37.67756,49.495668,0],[37.680053,49.498512,0],[37.688454,49.500053,0],[37.688458,49.500277,0],[37.6926266,49.5007234,0],[37.6956549,49.5040117,0],[37.6979186,49.511563,0],[37.6821686,49.5122874,0],[37.6788439,49.5178557,0],[37.6881111,49.5253281,0],[37.6898929,49.5317133,0],[37.687897,49.542779,0],[37.683686,49.546509,0],[37.684721,49.550687,0],[37.674918,49.559247,0],[37.671002,49.566712,0],[37.680272,49.571722,0],[37.686849,49.572332,0],[37.696923,49.5741154,0],[37.7013964,49.5749848,0],[37.7044005,49.5750126,0],[37.7090353,49.5735377,0],[37.7113957,49.5728141,0],[37.7232403,49.5741499,0],[37.72307,49.572443,0],[37.726106,49.570163,0],[37.726674,49.567823,0],[37.728924,49.567783,0],[37.7307407,49.5639009,0],[37.740582,49.5624114,0],[37.7434277,49.5597247,0],[37.7428965,49.5576636,0],[37.7434546,49.5556316,0],[37.7569296,49.5555758,0],[37.7559213,49.5593062,0],[37.7525631,49.5609208,0],[37.7512647,49.562925,0],[37.7479687,49.5632496,0],[37.7479771,49.565467,0],[37.7487662,49.5742435,0],[37.7625713,49.5759337,0],[37.7627799,49.5860168,0],[37.7558637,49.5869181,0],[37.754982,49.603637,0],[37.766705,49.602898,0],[37.76722,49.606458,0],[37.774637,49.613927,0],[37.7861427,49.620472,0],[37.8158407,49.6224597,0],[37.8124941,49.6261793,0],[37.8057986,49.62934,0],[37.8021736,49.634247,0],[37.7874764,49.6344275,0],[37.784794,49.6289018,0],[37.7819404,49.6269342,0],[37.7606997,49.6249991,0],[37.752297,49.6253554,0],[37.7450539,49.6239013,0],[37.7429776,49.617224,0],[37.7170408,49.6225557,0],[37.7158693,49.6273904,0],[37.7188898,49.630694,0],[37.7177562,49.6322383,0],[37.7110963,49.6322596,0],[37.6943466,49.6312212,0],[37.6944295,49.634955,0],[37.7009498,49.640662,0],[37.7042916,49.6409033,0],[37.7069415,49.6412746,0],[37.717222,49.6510211,0],[37.7187275,49.6610223,0],[37.7332147,49.6611745,0],[37.7333132,49.6622787,0],[37.7293775,49.6627993,0],[37.7300198,49.6690604,0],[37.7307907,49.6736545,0],[37.7308957,49.6766392,0],[37.7179109,49.6776785,0],[37.7181426,49.6978212,0],[37.7175007,49.6984886,0],[37.7075783,49.6994158,0],[37.6961542,49.7013992,0],[37.6958066,49.698401,0],[37.6985008,49.6921936,0],[37.6986165,49.6892881,0],[37.7004916,49.689381,0],[37.7011086,49.6843721,0],[37.6937272,49.6843166,0],[37.6935569,49.6808924,0],[37.6942422,49.6795961,0],[37.6942851,49.6772912,0],[37.6930073,49.672931,0],[37.6846797,49.6720195,0],[37.6838177,49.6701967,0],[37.692307,49.6630658,0],[37.6952106,49.6607574,0],[37.6960971,49.6606158,0],[37.6984768,49.6603435,0],[37.6936254,49.652487,0],[37.6918621,49.6529292,0],[37.6865061,49.65468,0],[37.6827543,49.6612506,0],[37.6782813,49.6618692,0],[37.6757653,49.6661508,0],[37.6713313,49.6679861,0],[37.671231,49.673377,0],[37.6659202,49.6753914,0],[37.6620257,49.6756282,0],[37.6551914,49.6750321,0],[37.6488721,49.6761018,0],[37.6469619,49.678075,0],[37.6459527,49.6855738,0],[37.6502012,49.6891073,0],[37.6553204,49.6925795,0],[37.6579506,49.6955242,0],[37.657721,49.6996492,0],[37.6556979,49.7008883,0],[37.6535591,49.7015873,0],[37.6516778,49.7020087,0],[37.6475053,49.7039503,0],[37.6476999,49.7101923,0],[37.6437411,49.7109712,0],[37.6382801,49.7123325,0],[37.6374367,49.7143157,0],[37.6375439,49.7170766,0],[37.637501,49.7187276,0],[37.6386383,49.7186304,0],[37.6392606,49.7189911,0],[37.6394537,49.7194906,0],[37.6394322,49.7216131,0],[37.6398614,49.7226813,0],[37.6399043,49.7234304,0],[37.6393678,49.7236107,0],[37.6384022,49.724332,0],[37.6384344,49.7247828,0],[37.6373294,49.7251504,0],[37.6358059,49.7253585,0],[37.6348403,49.7253446,0],[37.6340893,49.7245262,0],[37.6339176,49.7237217,0],[37.6348403,49.7233749,0],[37.6353767,49.7230142,0],[37.6352909,49.7222512,0],[37.6350656,49.7214536,0],[37.6340034,49.7197403,0],[37.6336386,49.7182836,0],[37.6329949,49.7183668,0],[37.6321366,49.717368,0],[37.6319542,49.7143157,0],[37.6317075,49.7133167,0],[37.6320347,49.712113,0],[37.6308557,49.7120966,0],[37.627165,49.7125128,0],[37.6277809,49.7085934,0],[37.618286,49.708302,0]]]},"properties":{"name":"Ukrainian controlled Kupyansk Raion, Kharkiv Oblast.","styleUrl":"#poly-1A237E-2000-71-nodesc","fill-opacity":0.2784313725490196,"fill":"#1a237e","stroke-opacity":1,"stroke":"#1a237e","stroke-width":2}},{"type":"Feature","geometry":{"type":"Polygon","coordinates":[[[37.8586077,49.2062615,0],[37.8606657,49.2094292,0],[37.8639258,49.2155686,0],[37.8663291,49.2184278,0],[37.8654543,49.2218356,0],[37.8764079,49.2297364,0],[37.870971,49.2367777,0],[37.864062,49.2354237,0],[37.8531227,49.2244678,0],[37.8516464,49.221597,0],[37.8501958,49.2213491,0],[37.8484607,49.2107232,0],[37.8468067,49.2046094,0],[37.8586077,49.2062615,0]]]},"properties":{"name":"Ukrainian-controlled Kramatorsk Raion, Donetsk Oblast.","styleUrl":"#poly-1A237E-1200-87-nodesc","fill-opacity":0.3411764705882353,"fill":"#1a237e","stroke-opacity":1,"stroke":"#1a237e","stroke-width":1.2}},{"type":"Feature","geometry":{"type":"Polygon","coordinates":[[[34.219058,50.53421,0],[34.227877,50.527004,0],[34.231053,50.527004,0],[34.245685,50.523063,0],[34.246612,50.51994,0],[34.251567,50.517291,0],[34.256237,50.491118,0],[34.24897,50.458687,0],[34.252918,50.43606,0],[34.273352,50.431393,0],[34.278324,50.421734,0],[34.289357,50.410984,0],[34.336002,50.391429,0],[34.343549,50.390282,0],[34.356945,50.381031,0],[34.366854,50.376042,0],[34.369875,50.377803,0],[34.370837,50.374747,0],[34.374134,50.37367,0],[34.37489,50.370641,0],[34.39162,50.366908,0],[34.375312,50.359352,0],[34.383205,50.357087,0],[34.382694,50.351137,0],[34.389045,50.344784,0],[34.411188,50.337534,0],[34.412036,50.334685,0],[34.399345,50.318759,0],[34.45643,50.285576,0],[34.467237,50.288388,0],[34.514828,50.283826,0],[34.520764,50.281406,0],[34.511011,50.27517,0],[34.515934,50.274376,0],[34.515382,50.272125,0],[34.513688,50.27067,0],[34.5135,50.26941,0],[34.518856,50.265374,0],[34.521341,50.261424,0],[34.519165,50.258766,0],[34.519336,50.256351,0],[34.522735,50.256458,0],[34.523253,50.254835,0],[34.519479,50.254859,0],[34.519568,50.251536,0],[34.518306,50.251796,0],[34.517387,50.25506,0],[34.514543,50.254842,0],[34.5135,50.253827,0],[34.514015,50.248723,0],[34.519079,50.245484,0],[34.525344,50.24285,0],[34.526151,50.240224,0],[34.534398,50.2431,0],[34.534271,50.245868,0],[34.52885,50.246912,0],[34.527895,50.248541,0],[34.528091,50.249348,0],[34.532625,50.2499,0],[34.533681,50.24848,0],[34.537532,50.247296,0],[34.539338,50.248226,0],[34.542909,50.247252,0],[34.545037,50.244294,0],[34.547818,50.246054,0],[34.550599,50.246387,0],[34.552982,50.244716,0],[34.551882,50.243071,0],[34.554216,50.241249,0],[34.553794,50.240283,0],[34.555086,50.238509,0],[34.554401,50.233505,0],[34.559358,50.229015,0],[34.562121,50.229608,0],[34.563545,50.230399,0],[34.562166,50.232748,0],[34.559423,50.233913,0],[34.562643,50.236187,0],[34.570772,50.227167,0],[34.558242,50.20681,0],[34.552928,50.206688,0],[34.52315,50.177724,0],[34.526893,50.172092,0],[34.535458,50.17098,0],[34.528152,50.154699,0],[34.537803,50.155192,0],[34.53902,50.141416,0],[34.546362,50.14034,0],[34.54619,50.132968,0],[34.55221,50.132505,0],[34.56885,50.12455,0],[34.571253,50.121853,0],[34.575149,50.121231,0],[34.580656,50.125747,0],[34.581295,50.127741,0],[34.587646,50.127576,0],[34.595114,50.125155,0],[34.598461,50.121963,0],[34.604126,50.120918,0],[34.612194,50.118992,0],[34.618889,50.117451,0],[34.622803,50.117628,0],[34.630615,50.112557,0],[34.632846,50.112108,0],[34.636966,50.11282,0],[34.641086,50.115017,0],[34.651084,50.112566,0],[34.652277,50.115304,0],[34.65678,50.114217,0],[34.660774,50.110791,0],[34.666267,50.111672,0],[34.664379,50.112497,0],[34.662748,50.114534,0],[34.667956,50.119344,0],[34.672273,50.132989,0],[34.723359,50.162518,0],[34.943306,50.148985,0],[34.97413,50.158493,0],[34.963784,50.182655,0],[35.036871,50.184476,0],[35.032271,50.165063,0],[35.044329,50.164144,0],[35.07371,50.206314,0],[35.146904,50.241433,0],[35.241303,50.230379,0],[35.276156,50.262965,0],[35.331419,50.277479,0],[35.29523,50.291282,0],[35.336201,50.317064,0],[35.382133,50.293091,0],[35.374249,50.323135,0],[35.41005,50.31674,0],[35.428668,50.335861,0],[35.44486,50.315166,0],[35.464609,50.312266,0],[35.460062,50.306424,0],[35.496234,50.289906,0],[35.500579,50.298743,0],[35.523454,50.296205,0],[35.531065,50.306742,0],[35.513662,50.322686,0],[35.562368,50.326703,0],[35.585002,50.323415,0],[35.592979,50.330274,0],[35.608591,50.326244,0],[35.629866,50.32399,0],[35.625437,50.31971,0],[35.637401,50.314278,0],[35.65683,50.31279,0],[35.663677,50.327945,0],[35.657342,50.33249,0],[35.639833,50.341913,0],[35.628332,50.348924,0],[35.614942,50.355605,0],[35.605672,50.361957,0],[35.591253,50.373235,0],[35.584043,50.378162,0],[35.581296,50.384511,0],[35.576318,50.389655,0],[35.57031,50.396002,0],[35.565332,50.410226,0],[35.5638726,50.4164615,0],[35.5613843,50.430242,0],[35.5543027,50.4344515,0],[35.5498822,50.4393718,0],[35.5521145,50.4425971,0],[35.550226,50.447953,0],[35.545591,50.4532,0],[35.536321,50.458118,0],[35.528081,50.462271,0],[35.509027,50.46839,0],[35.46079,50.491111,0],[35.460104,50.49679,0],[35.457185,50.502468,0],[35.452035,50.507381,0],[35.447744,50.51273,0],[35.438989,50.51917,0],[35.429204,50.52419,0],[35.424055,50.531174,0],[35.421823,50.535321,0],[35.420621,50.552884,0],[35.402425,50.564008,0],[35.392126,50.568696,0],[35.380624,50.571422,0],[35.375131,50.578835,0],[35.372556,50.585375,0],[35.375474,50.590606,0],[35.383714,50.593766,0],[35.393327,50.59551,0],[35.402082,50.597254,0],[35.407918,50.601721,0],[35.404828,50.610872,0],[35.393671,50.621002,0],[35.379938,50.641255,0],[35.381483,50.648222,0],[35.389207,50.65497,0],[35.405858,50.662696,0],[35.4101058,50.6637029,0],[35.4115111,50.6654303,0],[35.4136515,50.6684428,0],[35.413775,50.6693881,0],[35.4152024,50.6731688,0],[35.4267155,50.6733046,0],[35.4268874,50.6780363,0],[35.4278748,50.6806059,0],[35.4314373,50.6810001,0],[35.4263717,50.6841274,0],[35.4068238,50.6860983,0],[35.4060623,50.6918961,0],[35.4025914,50.697024,0],[35.3993782,50.699542,0],[35.3998929,50.702695,0],[35.4037116,50.71362,0],[35.4167164,50.7156853,0],[35.4192481,50.7162424,0],[35.4191194,50.7253312,0],[35.4205778,50.7334397,0],[35.4323375,50.7358978,0],[35.4418537,50.7402022,0],[35.4462634,50.7407319,0],[35.4483127,50.741669,0],[35.4459849,50.7479288,0],[35.444552,50.7552697,0],[35.442712,50.7573568,0],[35.4429371,50.7583545,0],[35.4433126,50.7587581,0],[35.4439027,50.7617678,0],[35.4456836,50.7643126,0],[35.4445141,50.7674579,0],[35.4535159,50.7683502,0],[35.4546536,50.7695104,0],[35.4543101,50.7705694,0],[35.4519493,50.772903,0],[35.4511554,50.7749522,0],[35.4559839,50.7766486,0],[35.4568636,50.777422,0],[35.4573893,50.77846,0],[35.4566704,50.7793081,0],[35.4511345,50.7808817,0],[35.4445256,50.7816691,0],[35.4315222,50.7799046,0],[35.421437,50.7838395,0],[35.4163515,50.7872444,0],[35.4114371,50.7883699,0],[35.3745302,50.7909203,0],[35.3699271,50.7937144,0],[35.3681618,50.7943789,0],[35.3657099,50.7952605,0],[35.3638911,50.797227,0],[35.3614283,50.8007668,0],[35.3609657,50.8039404,0],[35.365375,50.8133512,0],[35.3734805,50.8135139,0],[35.3756213,50.8184765,0],[35.392563,50.8159816,0],[35.4014381,50.8153298,0],[35.4045284,50.8161979,0],[35.4091413,50.8213222,0],[35.408433,50.823898,0],[35.406374,50.841895,0],[35.403778,50.849292,0],[35.400666,50.853654,0],[35.398134,50.855768,0],[35.391545,50.857646,0],[35.376113,50.867433,0],[35.376834,50.872488,0],[35.37546,50.887383,0],[35.363622,50.891452,0],[35.369806,50.89641,0],[35.37084,50.898553,0],[35.374261,50.903029,0],[35.364316,50.910948,0],[35.355522,50.917418,0],[35.360876,50.924297,0],[35.356692,50.927337,0],[35.345056,50.929419,0],[35.340048,50.932322,0],[35.338045,50.932844,0],[35.335354,50.932284,0],[35.330258,50.931777,0],[35.325151,50.938077,0],[35.318348,50.940389,0],[35.322253,50.946256,0],[35.326222,50.94746,0],[35.325487,50.953774,0],[35.32752,50.957751,0],[35.328861,50.962638,0],[35.337226,50.967766,0],[35.34031,50.9811,0],[35.329314,50.985828,0],[35.315223,50.995853,0],[35.30387,51.005041,0],[35.311811,51.018489,0],[35.318034,51.018233,0],[35.326919,51.017815,0],[35.332134,51.01764,0],[35.3395055,51.0195499,0],[35.3407446,51.0253501,0],[35.3439393,51.0267384,0],[35.347134,51.0264532,0],[35.3494424,51.0255996,0],[35.3524375,51.0259875,0],[35.3540327,51.0278642,0],[35.3544263,51.0311444,0],[35.3567733,51.0330077,0],[35.3549649,51.0346945,0],[35.3547014,51.0378387,0],[35.3529737,51.0391941,0],[35.3466205,51.0412988,0],[35.3427571,51.0422971,0],[35.3380353,51.0420001,0],[35.33718,51.048484,0],[35.3189877,51.0468445,0],[35.3080658,51.0493599,0],[35.308088,51.050823,0],[35.302252,51.05327,0],[35.294442,51.056094,0],[35.285947,51.057853,0],[35.283586,51.054057,0],[35.279877,51.050072,0],[35.276813,51.047194,0],[35.274439,51.04607,0],[35.2699278,51.0468966,0],[35.2662854,51.0448186,0],[35.2639989,51.0391429,0],[35.2570785,51.0379462,0],[35.2459401,51.037927,0],[35.2451442,51.0317107,0],[35.2349514,51.0294342,0],[35.227443,51.027984,0],[35.219381,51.035245,0],[35.216683,51.036297,0],[35.215187,51.03797,0],[35.213347,51.041262,0],[35.212953,51.042705,0],[35.202604,51.043284,0],[35.193146,51.045224,0],[35.186887,51.045546,0],[35.174188,51.051316,0],[35.168274,51.054177,0],[35.162484,51.059222,0],[35.159612,51.060652,0],[35.156375,51.060774,0],[35.153824,51.060034,0],[35.136596,51.057081,0],[35.1331309,51.0648558,0],[35.1338725,51.0713896,0],[35.1339035,51.0752265,0],[35.1374109,51.0754233,0],[35.1382462,51.0797802,0],[35.1381492,51.0816016,0],[35.137022,51.0835853,0],[35.1352086,51.0858388,0],[35.1342963,51.0886851,0],[35.1293182,51.0917851,0],[35.1224567,51.104299,0],[35.1239828,51.1111387,0],[35.1224191,51.1163079,0],[35.1200617,51.1175693,0],[35.1177901,51.11778,0],[35.1163042,51.1177898,0],[35.114003,51.1151056,0],[35.1070719,51.1143952,0],[35.1060795,51.1142057,0],[35.1053446,51.1131002,0],[35.1021584,51.1126134,0],[35.098553,51.1124246,0],[35.0951193,51.1132057,0],[35.0912037,51.1132193,0],[35.0871165,51.112236,0],[35.0847667,51.1106331,0],[35.081988,51.1094073,0],[35.0799547,51.1080412,0],[35.079024,51.1080048,0],[35.077872,51.1071513,0],[35.0772779,51.1061092,0],[35.0582788,51.1109295,0],[35.045934,51.113028,0],[35.039997,51.1131832,0],[35.0359555,51.1123044,0],[35.0336488,51.1117319,0],[35.0320663,51.1111627,0],[35.0320046,51.1106626,0],[35.0327154,51.1101625,0],[35.0356765,51.109179,0],[35.037243,51.1081417,0],[35.0384017,51.1063498,0],[35.0413628,51.1043423,0],[35.0420839,51.1002518,0],[35.0322199,51.0939208,0],[35.0278506,51.0930542,0],[35.0226665,51.0896809,0],[35.0155105,51.0910444,0],[35.0025778,51.0951485,0],[34.997914,51.0897024,0],[34.9844957,51.0935277,0],[34.9654128,51.0949537,0],[34.9463286,51.1020385,0],[34.9451833,51.1071212,0],[34.9448218,51.1082765,0],[34.9453443,51.1104977,0],[34.9420576,51.1111829,0],[34.9396721,51.1122722,0],[34.9360865,51.1127711,0],[34.9309133,51.1107642,0],[34.9268257,51.1113124,0],[34.9195489,51.1121131,0],[34.9195703,51.1115826,0],[34.9170167,51.111052,0],[34.9157721,51.1105837,0],[34.9154716,51.1056593,0],[34.9150854,51.1039479,0],[34.8951761,51.0982605,0],[34.8905427,51.0972354,0],[34.8889133,51.0999833,0],[34.8872851,51.1008974,0],[34.8801377,51.1019347,0],[34.8761659,51.1030794,0],[34.8736951,51.1019603,0],[34.860386,51.1007173,0],[34.8402039,51.1019501,0],[34.8254985,51.1027889,0],[34.8194539,51.103165,0],[34.8136231,51.1038001,0],[34.8138002,51.1136769,0],[34.8120886,51.1147699,0],[34.8101598,51.1165287,0],[34.8121792,51.1188802,0],[34.8114415,51.1201569,0],[34.80399,51.1207332,0],[34.7986572,51.1227208,0],[34.7953837,51.1219214,0],[34.7921524,51.122226,0],[34.7882009,51.1297474,0],[34.7862268,51.1385263,0],[34.77906,51.1431844,0],[34.7774722,51.1462806,0],[34.772256,51.148824,0],[34.7673753,51.1482863,0],[34.7636417,51.1487038,0],[34.7585777,51.1479029,0],[34.7453598,51.1458364,0],[34.7407679,51.1493631,0],[34.7381071,51.1553661,0],[34.7342877,51.1603723,0],[34.7317734,51.1641068,0],[34.7226594,51.166923,0],[34.7124815,51.1681754,0],[34.7047768,51.171512,0],[34.70218,51.172562,0],[34.696535,51.172709,0],[34.692005,51.175008,0],[34.689382,51.175193,0],[34.681388,51.179061,0],[34.667115,51.184535,0],[34.651149,51.207235,0],[34.648574,51.214764,0],[34.647544,51.222829,0],[34.644453,51.23272,0],[34.628831,51.239277,0],[34.219058,50.53421,0]]]},"properties":{"name":"Ukrainian-controlled eastern Sumy Oblast","styleUrl":"#poly-1A237E-2000-94-nodesc","fill-opacity":0.3686274509803922,"fill":"#1a237e","stroke-opacity":1,"stroke":"#1a237e","stroke-width":2}},{"type":"Feature","geometry":{"type":"Polygon","coordinates":[[[37.974359,48.8350445,0],[37.9759528,48.84045,0],[37.9776189,48.8405047,0],[37.9790919,48.8415479,0],[37.9787058,48.8462746,0],[37.961047,48.848487,0],[37.95796,48.843731,0],[37.953068,48.844126,0],[37.941948,48.844363,0],[37.940622,48.84503,0],[37.935527,48.845144,0],[37.930136,48.842761,0],[37.919422,48.843674,0],[37.913928,48.841116,0],[37.910115,48.837641,0],[37.911611,48.836161,0],[37.915021,48.818723,0],[37.93025,48.819611,0],[37.935378,48.795683,0],[37.919301,48.794569,0],[37.911368,48.788385,0],[37.882475,48.79454,0],[37.868466,48.801516,0],[37.866558,48.802977,0],[37.864179,48.805173,0],[37.819697,48.761312,0],[37.823837,48.755003,0],[37.813194,48.740603,0],[37.818066,48.738919,0],[37.820235,48.738251,0],[37.82062,48.737646,0],[37.821194,48.736828,0],[37.820818,48.735653,0],[37.814975,48.733126,0],[37.813966,48.731763,0],[37.814009,48.730566,0],[37.818328,48.721867,0],[37.818242,48.721017,0],[37.805456,48.701569,0],[37.8029744,48.6954434,0],[37.805864,48.6952167,0],[37.8069272,48.6978034,0],[37.8146853,48.6965377,0],[37.8152237,48.697462,0],[37.8181882,48.7019667,0],[37.820475,48.7059728,0],[37.8303225,48.7157326,0],[37.8353219,48.7138233,0],[37.8390282,48.7173278,0],[37.8427349,48.7189068,0],[37.8426812,48.7221781,0],[37.8412011,48.7306422,0],[37.8379617,48.7322835,0],[37.8447005,48.7384247,0],[37.8510747,48.7408721,0],[37.8566761,48.7352248,0],[37.8632272,48.7324642,0],[37.8697784,48.7322227,0],[37.8735251,48.731853,0],[37.8747322,48.7336939,0],[37.8610299,48.7430403,0],[37.8586158,48.744886,0],[37.8613254,48.7459922,0],[37.8644226,48.7483704,0],[37.8643417,48.7516045,0],[37.8653314,48.7553154,0],[37.8674144,48.7565201,0],[37.867898,48.7585087,0],[37.8731025,48.7614589,0],[37.8777648,48.7639001,0],[37.8693211,48.7800111,0],[37.8796866,48.7808308,0],[37.8791514,48.7813965,0],[37.8831453,48.7846779,0],[37.9007554,48.7849098,0],[37.9049255,48.781157,0],[37.9108785,48.7807732,0],[37.9202646,48.7799365,0],[37.9233166,48.7806837,0],[37.9390722,48.7848775,0],[37.9415114,48.7875742,0],[37.952405,48.7881211,0],[37.953438,48.7947169,0],[37.9523239,48.7966295,0],[37.9568738,48.7974162,0],[37.9567889,48.7984855,0],[37.9611635,48.8088236,0],[37.9691011,48.8077424,0],[37.9745936,48.819938,0],[37.9791105,48.8190506,0],[37.9841431,48.827205,0],[37.98947,48.8264149,0],[37.9897307,48.8271638,0],[37.9847971,48.8281456,0],[37.9788762,48.8292408,0],[37.9812844,48.8332938,0],[37.974359,48.8350445,0]]]},"properties":{"name":"Ukrainian-controlled Bakhmut Raion, Donetsk Oblast.","styleUrl":"#poly-1A237E-2000-74-nodesc","fill-opacity":0.2901960784313726,"fill":"#1a237e","stroke-opacity":1,"stroke":"#1a237e","stroke-width":2}},{"type":"Feature","geometry":{"type":"Polygon","coordinates":[[[36.9245561,48.2517713,0],[36.9397039,48.2541383,0],[36.9434311,48.2597024,0],[36.9418131,48.264835,0],[36.9427573,48.2703198,0],[36.9539153,48.2738618,0],[36.9514053,48.2870774,0],[36.9655159,48.2867966,0],[36.9719,48.287487,0],[36.9745451,48.2875217,0],[36.9771043,48.2885843,0],[36.9793894,48.2876257,0],[37.0000334,48.2895813,0],[37.0012676,48.2829104,0],[37.0021157,48.2798215,0],[37.0079467,48.2799764,0],[37.009639,48.2725134,0],[37.0103978,48.2681116,0],[37.021942,48.2639407,0],[37.0328855,48.2652548,0],[37.0327996,48.2667118,0],[37.0311681,48.2740712,0],[37.0289046,48.2824637,0],[37.0272563,48.2875132,0],[37.0250928,48.296694,0],[37.029423,48.296245,0],[37.027558,48.306957,0],[37.038623,48.308669,0],[37.0375848,48.3163249,0],[37.0625463,48.3126504,0],[37.063046,48.3153695,0],[37.0637501,48.3184192,0],[37.0638984,48.3204007,0],[37.0650016,48.3203987,0],[37.0700099,48.3199156,0],[37.0705764,48.3200601,0],[37.0715245,48.3205901,0],[37.0735454,48.3217763,0],[37.0776724,48.3242521,0],[37.0794139,48.3252511,0],[37.081941,48.3266639,0],[37.0828373,48.3262219,0],[37.0861083,48.328364,0],[37.0822764,48.3308875,0],[37.0817368,48.3321817,0],[37.0829138,48.3363003,0],[37.0838087,48.3363782,0],[37.0910576,48.3357596,0],[37.110162,48.3364751,0],[37.1181249,48.3368249,0],[37.1185347,48.3394284,0],[37.141586,48.3416107,0],[37.1430631,48.334708,0],[37.1450901,48.334916,0],[37.1515449,48.3357961,0],[37.1548064,48.324098,0],[37.1663507,48.323299,0],[37.1717151,48.3231278,0],[37.1759637,48.3225571,0],[37.1782597,48.3195465,0],[37.1801694,48.3195607,0],[37.180105,48.3225999,0],[37.1811994,48.3233846,0],[37.180899,48.3280357,0],[37.1723588,48.3284637,0],[37.1711247,48.3362378,0],[37.1667798,48.335682,0],[37.1661717,48.3386318,0],[37.1651882,48.3437094,0],[37.1651695,48.3445935,0],[37.1644642,48.3445079,0],[37.1633349,48.3443832,0],[37.16159,48.3534904,0],[37.1605758,48.357663,0],[37.1585469,48.3653065,0],[37.1589427,48.3668054,0],[37.1510125,48.3712693,0],[37.1437793,48.3726414,0],[37.1506006,48.3841757,0],[37.1545038,48.3893814,0],[37.1596936,48.3900601,0],[37.1642857,48.3896072,0],[37.1675904,48.3914341,0],[37.1643762,48.403248,0],[37.1689003,48.4035169,0],[37.1706215,48.4035592,0],[37.1730293,48.4037868,0],[37.1779309,48.4011079,0],[37.1814683,48.4006788,0],[37.1914203,48.4017913,0],[37.201363,48.4025876,0],[37.2046955,48.3924423,0],[37.2066397,48.3926673,0],[37.2045215,48.4036026,0],[37.2009331,48.4176729,0],[37.1906812,48.4174258,0],[37.1890985,48.4227733,0],[37.1834315,48.4222582,0],[37.1761888,48.4216523,0],[37.173828,48.4297748,0],[37.1821535,48.4304582,0],[37.1812094,48.4348433,0],[37.1764029,48.4343307,0],[37.1742571,48.4413062,0],[37.1747782,48.446427,0],[37.1734447,48.4586267,0],[37.178793,48.4592266,0],[37.1899892,48.458064,0],[37.1942346,48.4567924,0],[37.1982455,48.4560427,0],[37.2000248,48.4560329,0],[37.2024197,48.4560104,0],[37.211841,48.4566511,0],[37.2092337,48.46728,0],[37.2207037,48.4685323,0],[37.2293564,48.4693123,0],[37.2281044,48.4746241,0],[37.24104,48.4760283,0],[37.2404701,48.4789776,0],[37.2440047,48.4792574,0],[37.2441413,48.4802507,0],[37.2467669,48.4805612,0],[37.2462436,48.483556,0],[37.2564041,48.4867911,0],[37.2612609,48.4968771,0],[37.2650771,48.4992648,0],[37.2733154,48.5024578,0],[37.2809406,48.5026173,0],[37.2878664,48.5012311,0],[37.3080806,48.5014759,0],[37.308274,48.4978441,0],[37.3114712,48.4975678,0],[37.3152205,48.4953515,0],[37.3467787,48.4954085,0],[37.3469804,48.4986782,0],[37.3513574,48.4987353,0],[37.3521727,48.5010493,0],[37.3547262,48.5012679,0],[37.3573226,48.5034769,0],[37.3602196,48.5036297,0],[37.3614858,48.5038108,0],[37.3644384,48.5050644,0],[37.3702327,48.5069983,0],[37.3708598,48.5115544,0],[37.3750062,48.5126986,0],[37.3775561,48.51413,0],[37.3812461,48.5164041,0],[37.3829633,48.5179671,0],[37.385967,48.518934,0],[37.387469,48.519758,0],[37.389916,48.519872,0],[37.391375,48.520469,0],[37.391847,48.521009,0],[37.390817,48.522629,0],[37.390382,48.52485,0],[37.390253,48.525759,0],[37.391326,48.52647,0],[37.393858,48.526356,0],[37.394845,48.526868,0],[37.395145,48.527834,0],[37.39463,48.53025,0],[37.395789,48.531472,0],[37.397935,48.532665,0],[37.398407,48.5342,0],[37.396819,48.536246,0],[37.389051,48.536246,0],[37.375576,48.536331,0],[37.373708,48.556001,0],[37.372378,48.560177,0],[37.371002,48.559821,0],[37.36435,48.558003,0],[37.357141,48.557946,0],[37.353021,48.55681,0],[37.346798,48.556185,0],[37.344781,48.557293,0],[37.342378,48.560588,0],[37.334838,48.569513,0],[37.335439,48.569684,0],[37.332735,48.571785,0],[37.327585,48.578032,0],[37.334494,48.579366,0],[37.327771,48.583619,0],[37.324038,48.584868,0],[37.310363,48.592364,0],[37.30972,48.592932,0],[37.299763,48.598949,0],[37.293498,48.601674,0],[37.300796,48.57267,0],[37.259641,48.568581,0],[37.251548,48.601134,0],[37.223953,48.59875,0],[37.220949,48.604341,0],[37.203826,48.601475,0],[37.19932,48.609137,0],[37.16636,48.609647,0],[37.162241,48.608938,0],[37.162369,48.608285,0],[37.164427,48.590907,0],[37.148978,48.594313,0],[37.146403,48.595506,0],[37.143785,48.597946,0],[37.139064,48.596953,0],[37.130138,48.595165,0],[37.130824,48.593348,0],[37.112328,48.59173,0],[37.111899,48.592185,0],[37.110053,48.59403,0],[37.109066,48.593746,0],[37.106062,48.595874,0],[37.106491,48.5963,0],[37.103426,48.598278,0],[37.099263,48.608353,0],[37.097332,48.609488,0],[37.085457,48.60847,0],[37.063184,48.60637,0],[37.064471,48.601546,0],[37.060094,48.600978,0],[37.063145,48.588784,0],[37.046451,48.58711,0],[37.04864,48.576946,0],[37.054694,48.577574,0],[37.057556,48.566303,0],[37.051118,48.56565,0],[37.05262,48.55943,0],[37.050861,48.559742,0],[37.049444,48.559629,0],[37.047127,48.559799,0],[37.044724,48.56102,0],[37.041291,48.561248,0],[37.039617,48.560197,0],[37.038544,48.560055,0],[37.037943,48.560594,0],[37.031463,48.56173,0],[37.028888,48.562582,0],[37.025498,48.562582,0],[37.02215,48.562895,0],[37.018331,48.564457,0],[37.014597,48.565082,0],[37.017516,48.548152,0],[37.002323,48.549033,0],[37.004512,48.539032,0],[36.994642,48.537952,0],[36.993054,48.546562,0],[36.967515,48.543885,0],[36.943611,48.541442,0],[36.944641,48.537549,0],[36.94125,48.537037,0],[36.941851,48.534963,0],[36.926101,48.53377,0],[36.926273,48.532718,0],[36.904214,48.5307,0],[36.906332,48.521577,0],[36.879191,48.518113,0],[36.851022,48.516688,0],[36.851506,48.507932,0],[36.855909,48.487918,0],[36.830394,48.483833,0],[36.837054,48.441991,0],[36.84541,48.442687,0],[36.851161,48.417059,0],[36.850818,48.416204,0],[36.849454,48.416489,0],[36.845304,48.419809,0],[36.838041,48.420068,0],[36.825247,48.413526,0],[36.83467,48.410473,0],[36.830177,48.405966,0],[36.822229,48.406978,0],[36.826943,48.369838,0],[36.822991,48.3651,0],[36.818183,48.366114,0],[36.812695,48.368136,0],[36.814746,48.357172,0],[36.817517,48.349116,0],[36.810049,48.348488,0],[36.817049,48.31517,0],[36.818288,48.313332,0],[36.856482,48.315386,0],[36.857204,48.3121,0],[36.860173,48.312361,0],[36.860766,48.315726,0],[36.872107,48.31691,0],[36.874177,48.305079,0],[36.888393,48.3068,0],[36.905749,48.308879,0],[36.912328,48.30867,0],[36.9245561,48.2517713,0]]]},"properties":{"name":"Ukrainian-controlled Pokrovsk Raion, Donetsk Oblast.","styleUrl":"#poly-1A237E-2000-74-nodesc","fill-opacity":0.2901960784313726,"fill":"#1a237e","stroke-opacity":1,"stroke":"#1a237e","stroke-width":2}},{"type":"Feature","geometry":{"type":"GeometryCollection","geometries":[{"type":"Polygon","coordinates":[[[37.7041492,48.4772209,0],[37.7006022,48.4760249,0],[37.7005657,48.476021,0],[37.7041492,48.4772209,0]]]},{"type":"Polygon","coordinates":[[[37.7149608,48.4852423,0],[37.7194676,48.4874483,0],[37.7251972,48.4873849,0],[37.726635,48.4830264,0],[37.7345466,48.4836619,0],[37.7336852,48.4875352,0],[37.7329264,48.4917993,0],[37.7319962,48.4956081,0],[37.7317501,48.4963311,0],[37.7298002,48.4960853,0],[37.727507,48.4976027,0],[37.7258817,48.4997274,0],[37.7248196,48.50364,0],[37.7240581,48.505017,0],[37.7244659,48.5053253,0],[37.7246848,48.5055192,0],[37.7246892,48.5058268,0],[37.7244153,48.5070453,0],[37.7236263,48.5082638,0],[37.722301,48.5087075,0],[37.7209756,48.509208,0],[37.7210285,48.5097969,0],[37.7211672,48.5105563,0],[37.7211442,48.5108953,0],[37.7207779,48.5112912,0],[37.7160541,48.5127083,0],[37.7141196,48.5131588,0],[37.7138761,48.5140002,0],[37.7136685,48.5150463,0],[37.7142084,48.5155978,0],[37.7152633,48.5160356,0],[37.7189392,48.5177183,0],[37.7229132,48.5205549,0],[37.7251455,48.522553,0],[37.7286216,48.5200232,0],[37.7308103,48.5216292,0],[37.7316042,48.5220414,0],[37.7322694,48.5229651,0],[37.7284178,48.5256154,0],[37.7326343,48.52963,0],[37.7349262,48.5316567,0],[37.7390204,48.5355871,0],[37.7392136,48.5358143,0],[37.7434676,48.5365168,0],[37.7534883,48.5383355,0],[37.7563316,48.5384634,0],[37.7610394,48.5392802,0],[37.7708259,48.5413614,0],[37.7703112,48.5430095,0],[37.7685087,48.5499701,0],[37.7888935,48.5513053,0],[37.7984586,48.552364,0],[37.806738,48.555378,0],[37.8090757,48.5562243,0],[37.81547,48.5574315,0],[37.8151052,48.5580138,0],[37.8155558,48.558525,0],[37.8164356,48.5592919,0],[37.8160494,48.5598174,0],[37.8152125,48.5600162,0],[37.8148048,48.5601724,0],[37.8143542,48.5607831,0],[37.8134744,48.5608257,0],[37.8131067,48.5614395,0],[37.8121626,48.5640809,0],[37.811376,48.564257,0],[37.8083244,48.5675667,0],[37.806682,48.5737362,0],[37.8052758,48.5797655,0],[37.8070653,48.5812759,0],[37.807008,48.5830528,0],[37.8066495,48.5847761,0],[37.806334,48.5866981,0],[37.8057573,48.5874923,0],[37.8045798,48.588173,0],[37.8033334,48.5885114,0],[37.8016578,48.588566,0],[37.7975342,48.5879938,0],[37.7969022,48.5863499,0],[37.7977293,48.5834,0],[37.7932203,48.5803015,0],[37.7939667,48.5764312,0],[37.7917651,48.5723237,0],[37.7854437,48.5723618,0],[37.7821051,48.5735215,0],[37.7797534,48.5731194,0],[37.774501,48.57879,0],[37.771978,48.5820099,0],[37.7706958,48.5885403,0],[37.7661065,48.5889349,0],[37.760573,48.5897266,0],[37.7382333,48.5933571,0],[37.7164561,48.5990636,0],[37.7173038,48.6008138,0],[37.7175701,48.6022887,0],[37.7086962,48.6037555,0],[37.7111853,48.6065933,0],[37.7130306,48.6093741,0],[37.7139319,48.6119278,0],[37.7156056,48.6140274,0],[37.7213991,48.6185101,0],[37.7180951,48.6235186,0],[37.7231592,48.6283975,0],[37.7249917,48.6340224,0],[37.7246369,48.6565895,0],[37.7314112,48.6568702,0],[37.7338939,48.6553364,0],[37.7471866,48.6564096,0],[37.7492229,48.6588944,0],[37.7552077,48.65656,0],[37.7670451,48.6564344,0],[37.7693792,48.6559975,0],[37.7719194,48.6555949,0],[37.7742408,48.6554928,0],[37.7757897,48.655901,0],[37.7834458,48.6569186,0],[37.7882699,48.6577942,0],[37.7927456,48.6571787,0],[37.793714,48.6572107,0],[37.7947253,48.6575545,0],[37.7962538,48.6596646,0],[37.7974044,48.659926,0],[37.798555,48.6607543,0],[37.7985047,48.6622982,0],[37.7978857,48.6641007,0],[37.7975058,48.6664301,0],[37.7944933,48.6765592,0],[37.7994503,48.6774928,0],[37.7971977,48.6801264,0],[37.797285,48.6849972,0],[37.7981199,48.6892007,0],[37.7914016,48.6899759,0],[37.7934553,48.6962857,0],[37.8029744,48.6954434,0],[37.805456,48.701569,0],[37.81298,48.713667,0],[37.817872,48.720248,0],[37.81843,48.721557,0],[37.814009,48.730566,0],[37.813966,48.731763,0],[37.814975,48.733126,0],[37.820398,48.735561,0],[37.820968,48.736138,0],[37.821194,48.736828,0],[37.820875,48.737472,0],[37.820235,48.738251,0],[37.818269,48.738846,0],[37.813194,48.740603,0],[37.823837,48.755003,0],[37.819697,48.761312,0],[37.837454,48.778892,0],[37.864179,48.805173,0],[37.866558,48.802977,0],[37.868466,48.801516,0],[37.882475,48.79454,0],[37.911368,48.788385,0],[37.919301,48.794569,0],[37.935378,48.795683,0],[37.93025,48.819611,0],[37.915021,48.818723,0],[37.911166,48.835794,0],[37.910115,48.837641,0],[37.913928,48.841116,0],[37.91884,48.843644,0],[37.930136,48.842761,0],[37.935527,48.845144,0],[37.939252,48.845036,0],[37.941948,48.844363,0],[37.952396,48.8443,0],[37.957363,48.84407,0],[37.961047,48.848487,0],[37.965915,48.847772,0],[37.972812,48.846934,0],[37.9787058,48.8462746,0],[37.9782452,48.8475615,0],[37.9749679,48.8478378,0],[37.9752096,48.8499215,0],[37.974838,48.8546543,0],[37.9749762,48.8549702,0],[37.968529,48.8549999,0],[37.9670684,48.8559195,0],[37.963376,48.8566697,0],[37.9575536,48.8573557,0],[37.9493104,48.8592715,0],[37.9448553,48.8612238,0],[37.9380965,48.8617596,0],[37.9295361,48.8640735,0],[37.9272729,48.8647787,0],[37.9252671,48.8656532,0],[37.925547,48.8675151,0],[37.9222031,48.8688646,0],[37.9226389,48.8713942,0],[37.9237006,48.8747223,0],[37.9237754,48.8759336,0],[37.922927,48.8772152,0],[37.9199734,48.8814837,0],[37.9178686,48.8828334,0],[37.9144637,48.8845177,0],[37.9111244,48.8851054,0],[37.9085146,48.8856082,0],[37.9081874,48.8869808,0],[37.9077744,48.8883252,0],[37.9073613,48.8891334,0],[37.9059712,48.8902534,0],[37.9069844,48.8924457,0],[37.9080512,48.8940947,0],[37.9068649,48.8950242,0],[37.9041812,48.8955852,0],[37.902463,48.8948485,0],[37.8990671,48.8915432,0],[37.8949709,48.8922854,0],[37.8905195,48.8920075,0],[37.8868961,48.8951676,0],[37.8840941,48.8960669,0],[37.8821158,48.89651,0],[37.8807813,48.89653,0],[37.8749794,48.8982908,0],[37.8696251,48.8992677,0],[37.8627252,48.9008089,0],[37.8623481,48.9047198,0],[37.8588267,48.9063631,0],[37.8573562,48.9067249,0],[37.8554995,48.9068327,0],[37.8537054,48.9072823,0],[37.8426386,48.9094394,0],[37.8390982,48.9112869,0],[37.83839,48.9127395,0],[37.8377892,48.9150804,0],[37.8376175,48.9164341,0],[37.8336861,48.9169496,0],[37.8283385,48.9167315,0],[37.825008,48.9160621,0],[37.8222783,48.9159285,0],[37.8208126,48.9164553,0],[37.8205486,48.9183076,0],[37.8214797,48.9192202,0],[37.8242003,48.9211581,0],[37.8252654,48.9225026,0],[37.8253005,48.9240162,0],[37.8254567,48.9280868,0],[37.8250589,48.9291052,0],[37.8242163,48.9296425,0],[37.8234595,48.9298416,0],[37.8225035,48.9300182,0],[37.8198738,48.9300255,0],[37.818789,48.930216,0],[37.8179617,48.9311678,0],[37.8174241,48.9345159,0],[37.8098484,48.9349885,0],[37.8090623,48.9397286,0],[37.8085513,48.9430146,0],[37.8078685,48.9454266,0],[37.8037633,48.9472383,0],[37.8009454,48.9477253,0],[37.7984904,48.9496528,0],[37.7972842,48.9523075,0],[37.7983954,48.9536376,0],[37.800738,48.9551253,0],[37.8018181,48.9553104,0],[37.8030698,48.9556082,0],[37.8043932,48.9584439,0],[37.809257,48.9584618,0],[37.8114172,48.9572257,0],[37.8128371,48.9567012,0],[37.8151797,48.9566838,0],[37.8198941,48.9559182,0],[37.8215346,48.9562918,0],[37.8250256,48.958042,0],[37.8265777,48.9587133,0],[37.8284911,48.9598944,0],[37.8298447,48.9599283,0],[37.8315944,48.9592972,0],[37.8330436,48.9591169,0],[37.8346041,48.9596128,0],[37.8339974,48.9605595,0],[37.8308879,48.9625145,0],[37.8249006,48.9664109,0],[37.8270673,48.9680391,0],[37.8263804,48.969877,0],[37.8324984,48.973437,0],[37.8341963,48.974701,0],[37.8370575,48.9735059,0],[37.8378375,48.9715501,0],[37.8430303,48.9708108,0],[37.8430198,48.9731135,0],[37.8427675,48.978881,0],[37.8402953,48.9787613,0],[37.8394208,48.9905548,0],[37.8391649,48.9957874,0],[37.8562468,48.9958954,0],[37.8629172,48.9962493,0],[37.8630431,48.9945027,0],[37.8673318,48.9945442,0],[37.867369,48.9959224,0],[37.8669557,48.9987647,0],[37.8555988,48.9983128,0],[37.8554683,49.0020655,0],[37.837689,49.0017921,0],[37.8377941,48.9988216,0],[37.8251213,48.9902026,0],[37.8215727,48.9903884,0],[37.8206634,48.9888846,0],[37.8157723,48.9894315,0],[37.8101946,48.9900207,0],[37.8105619,48.9918043,0],[37.8116074,48.9962026,0],[37.8099464,48.9966028,0],[37.8017105,49.0004157,0],[37.8032038,49.0016042,0],[37.8046278,49.0026839,0],[37.8049589,49.0030045,0],[37.8060691,49.0041183,0],[37.8072166,49.0051636,0],[37.8009603,49.0080634,0],[37.8016806,49.0086058,0],[37.7888961,49.0144771,0],[37.7978792,49.0218324,0],[37.8050311,49.0184736,0],[37.8107681,49.024514,0],[37.8144957,49.0226088,0],[37.8152528,49.0232356,0],[37.811069,49.025438,0],[37.8085507,49.0266547,0],[37.8044818,49.0259581,0],[37.7973229,49.026809,0],[37.7957133,49.027678,0],[37.7899209,49.0313423,0],[37.7862459,49.0341337,0],[37.7847896,49.0330762,0],[37.788632,49.0299447,0],[37.786798,49.028759,0],[37.7869325,49.0264636,0],[37.7841489,49.0257723,0],[37.7756996,49.0281319,0],[37.7731112,49.0283585,0],[37.7728074,49.0276835,0],[37.7717311,49.0270789,0],[37.7718269,49.0268556,0],[37.7725185,49.0266314,0],[37.7719655,49.0261258,0],[37.7715462,49.0248191,0],[37.7710412,49.0245255,0],[37.7662314,49.0259961,0],[37.755603,49.03407,0],[37.74626,49.043809,0],[37.744538,49.045126,0],[37.743108,49.046609,0],[37.7382674,49.0451256,0],[37.7376325,49.0449642,0],[37.7358569,49.0441977,0],[37.7331372,49.0477349,0],[37.732051,49.0486965,0],[37.7333814,49.0494138,0],[37.7304202,49.0520858,0],[37.7266008,49.0505529,0],[37.7292186,49.0479652,0],[37.7277764,49.0473192,0],[37.7287583,49.046261,0],[37.7262534,49.0451395,0],[37.7244402,49.0444641,0],[37.7239253,49.0441476,0],[37.7216294,49.043402,0],[37.7172945,49.0432337,0],[37.7137328,49.0476638,0],[37.7123869,49.0501311,0],[37.7110855,49.0521726,0],[37.7086394,49.0533257,0],[37.7063863,49.0536632,0],[37.7044766,49.0544788,0],[37.7033179,49.0554491,0],[37.7025025,49.0559131,0],[37.6996271,49.0566162,0],[37.6969449,49.0536069,0],[37.6966016,49.0520601,0],[37.6974434,49.0508587,0],[37.6975746,49.0495829,0],[37.6917445,49.0459915,0],[37.6811611,49.0449149,0],[37.6754113,49.048037,0],[37.6722183,49.0473796,0],[37.6705453,49.0477456,0],[37.6669548,49.046943,0],[37.667673,49.04514,0],[37.6705368,49.0429994,0],[37.6627037,49.0399559,0],[37.6599558,49.0399367,0],[37.6559429,49.0421915,0],[37.6508997,49.0436585,0],[37.6463055,49.0463762,0],[37.6485778,49.0490094,0],[37.649606,49.050532,0],[37.6473843,49.0529376,0],[37.6456345,49.0551744,0],[37.6448592,49.0567406,0],[37.6436548,49.0576038,0],[37.6443829,49.058401,0],[37.6438665,49.0599856,0],[37.6432678,49.0616401,0],[37.6423261,49.0616139,0],[37.6409552,49.0619252,0],[37.6380411,49.0598212,0],[37.6355599,49.0613778,0],[37.6322705,49.062625,0],[37.6275613,49.0636143,0],[37.6236239,49.0635798,0],[37.6202014,49.0633203,0],[37.6183991,49.0631375,0],[37.6193861,49.0593835,0],[37.6224966,49.0578357,0],[37.6245767,49.054263,0],[37.626161,49.0465544,0],[37.618001,49.0448634,0],[37.6148137,49.0439844,0],[37.6120559,49.0445684,0],[37.606037,49.0447587,0],[37.5987401,49.0431002,0],[37.5920871,49.0403164,0],[37.5837602,49.0381243,0],[37.5824714,49.0378312,0],[37.5768267,49.0349496,0],[37.5737945,49.0378081,0],[37.5728865,49.0408632,0],[37.5743319,49.0437381,0],[37.5767937,49.0447619,0],[37.5791854,49.0441935,0],[37.5807931,49.0426204,0],[37.5839015,49.0445799,0],[37.583981,49.0459811,0],[37.5815067,49.0484512,0],[37.5785354,49.0477884,0],[37.5781812,49.0466836,0],[37.576797,49.0461976,0],[37.5728272,49.0450568,0],[37.5675698,49.0458146,0],[37.5619263,49.0457285,0],[37.5561194,49.0460981,0],[37.555119,49.0471144,0],[37.5521872,49.0488057,0],[37.552002,49.054519,0],[37.5524494,49.0599224,0],[37.5536602,49.0607681,0],[37.5541844,49.0629635,0],[37.5539893,49.0660467,0],[37.5538371,49.0681177,0],[37.5555118,49.068715,0],[37.5568325,49.0697398,0],[37.5570809,49.0722809,0],[37.5554314,49.0751125,0],[37.5543882,49.0787078,0],[37.5550451,49.0813067,0],[37.5583354,49.0836742,0],[37.5694374,49.0868562,0],[37.5708712,49.0899964,0],[37.5721766,49.0947103,0],[37.5740398,49.0956583,0],[37.5759889,49.0960444,0],[37.5779127,49.0964935,0],[37.5794935,49.0966615,0],[37.5800477,49.0984305,0],[37.5789283,49.1004524,0],[37.5775086,49.1033309,0],[37.5761318,49.1084571,0],[37.5748333,49.110589,0],[37.5752085,49.1128614,0],[37.5774076,49.114298,0],[37.5796068,49.1149901,0],[37.5808253,49.1150935,0],[37.5827008,49.1158603,0],[37.5846194,49.1141834,0],[37.5878556,49.1126833,0],[37.5907455,49.1150199,0],[37.5896864,49.1158027,0],[37.5907947,49.1184955,0],[37.5929681,49.1190781,0],[37.5917929,49.1208967,0],[37.6052604,49.1270367,0],[37.6078707,49.1282619,0],[37.6038848,49.1331132,0],[37.6004575,49.1383007,0],[37.612553,49.1425258,0],[37.6174388,49.1379907,0],[37.6273879,49.1417463,0],[37.6350477,49.1445517,0],[37.6486364,49.1492601,0],[37.6439344,49.1534998,0],[37.6461753,49.1543004,0],[37.6454979,49.155494,0],[37.6344663,49.1605189,0],[37.6361801,49.1629896,0],[37.640757,49.1670743,0],[37.6395465,49.1677827,0],[37.6412114,49.1699922,0],[37.6357444,49.1725597,0],[37.6338294,49.17601,0],[37.6398457,49.185506,0],[37.6435032,49.1916635,0],[37.6523152,49.188551,0],[37.6539328,49.1904035,0],[37.6858676,49.181261,0],[37.6869313,49.1828072,0],[37.6979562,49.1780506,0],[37.7028279,49.1762834,0],[37.7044051,49.1765218,0],[37.7224606,49.1703065,0],[37.72465,49.171766,0],[37.726308,49.17292,0],[37.726297,49.174483,0],[37.727746,49.175463,0],[37.729699,49.175603,0],[37.731888,49.175238,0],[37.738089,49.178899,0],[37.741646,49.183002,0],[37.745021,49.185133,0],[37.752916,49.18682,0],[37.754847,49.190242,0],[37.756915,49.191309,0],[37.758517,49.193701,0],[37.7585674,49.1979473,0],[37.768669,49.2037625,0],[37.7761107,49.2015019,0],[37.7790373,49.2011444,0],[37.7826073,49.2048808,0],[37.769819,49.207594,0],[37.710029,49.220578,0],[37.615251,49.233667,0],[37.598759,49.230244,0],[37.582603,49.231469,0],[37.565804,49.230126,0],[37.546989,49.214047,0],[37.512232,49.197987,0],[37.5026,49.187655,0],[37.50013,49.181944,0],[37.504569,49.180034,0],[37.511355,49.180362,0],[37.520214,49.176614,0],[37.533518,49.174033,0],[37.554554,49.166893,0],[37.563103,49.145554,0],[37.551898,49.147535,0],[37.543578,49.147178,0],[37.540065,49.144126,0],[37.548211,49.141692,0],[37.558168,49.138322,0],[37.559885,49.137289,0],[37.561516,49.134622,0],[37.563404,49.134425,0],[37.568855,49.13639,0],[37.572761,49.135639,0],[37.584991,49.126871,0],[37.549651,49.11369,0],[37.546469,49.111876,0],[37.498842,49.103989,0],[37.495079,49.105842,0],[37.488009,49.100034,0],[37.507587,49.081087,0],[37.507845,49.075515,0],[37.504755,49.072029,0],[37.496975,49.068202,0],[37.494075,49.063624,0],[37.479864,49.063425,0],[37.478458,49.059873,0],[37.468865,49.055141,0],[37.466197,49.062488,0],[37.460372,49.056242,0],[37.457907,49.056481,0],[37.45054,49.052926,0],[37.448293,49.055304,0],[37.449823,49.058588,0],[37.449737,49.061569,0],[37.443488,49.057904,0],[37.44117,49.058691,0],[37.438123,49.060955,0],[37.427464,49.06014,0],[37.417644,49.062673,0],[37.41416,49.056462,0],[37.408924,49.053672,0],[37.405834,49.050972,0],[37.393561,49.050747,0],[37.384462,49.048384,0],[37.385063,49.044052,0],[37.389456,49.039212,0],[37.385093,49.034415,0],[37.390616,49.028683,0],[37.391402,49.024679,0],[37.382548,49.024856,0],[37.375823,49.026283,0],[37.370432,49.00506,0],[37.373918,48.994037,0],[37.362856,48.991542,0],[37.358084,48.992788,0],[37.35817,48.996224,0],[37.355547,49.000016,0],[37.346068,49.002136,0],[37.33718,48.995229,0],[37.329026,48.992752,0],[37.32195,48.989071,0],[37.310191,48.988621,0],[37.324305,48.984359,0],[37.324562,48.981599,0],[37.318125,48.981881,0],[37.316151,48.977092,0],[37.312889,48.976754,0],[37.307568,48.980867,0],[37.298899,48.97467,0],[37.295637,48.969543,0],[37.299843,48.96712,0],[37.3104,48.969825,0],[37.309877,48.966415,0],[37.304478,48.963457,0],[37.311123,48.958067,0],[37.320912,48.957566,0],[37.319028,48.953487,0],[37.310188,48.950048,0],[37.308385,48.94599,0],[37.312677,48.941029,0],[37.319286,48.938548,0],[37.3249,48.938111,0],[37.331646,48.939845,0],[37.329156,48.935955,0],[37.331302,48.933756,0],[37.33216,48.929752,0],[37.328177,48.921684,0],[37.311126,48.922133,0],[37.301666,48.918564,0],[37.296878,48.923092,0],[37.266557,48.922145,0],[37.266814,48.907079,0],[37.24423,48.90969,0],[37.243478,48.906438,0],[37.224509,48.908243,0],[37.223522,48.905761,0],[37.22496,48.903138,0],[37.212025,48.887803,0],[37.205991,48.886322,0],[37.198549,48.881469,0],[37.19346,48.882146,0],[37.190674,48.871351,0],[37.193914,48.850754,0],[37.19207,48.813166,0],[37.155822,48.825399,0],[37.150414,48.832236,0],[37.143891,48.833084,0],[37.140029,48.833027,0],[37.14741,48.841897,0],[37.14432,48.844947,0],[37.136203,48.843244,0],[37.130931,48.843422,0],[37.100546,48.850426,0],[37.097371,48.850313,0],[37.076955,48.81673,0],[37.067256,48.817239,0],[37.066054,48.813794,0],[37.046173,48.814776,0],[37.036667,48.814295,0],[37.023224,48.816504,0],[37.01815,48.80161,0],[37.013144,48.802704,0],[37.00748,48.802761,0],[37.005571,48.797917,0],[36.99596,48.788583,0],[37.023941,48.77467,0],[37.022842,48.767331,0],[37.031396,48.766608,0],[37.043198,48.766721,0],[37.037732,48.752782,0],[37.033011,48.749783,0],[37.020808,48.755959,0],[37.01739,48.759968,0],[37.007724,48.765091,0],[37.00297,48.764947,0],[36.983586,48.780873,0],[36.980574,48.784751,0],[36.97246,48.789393,0],[36.969456,48.791938,0],[36.947826,48.795274,0],[36.944541,48.791189,0],[36.924991,48.792462,0],[36.919931,48.798044,0],[36.891079,48.798865,0],[36.880126,48.799901,0],[36.85472,48.800636,0],[36.840214,48.777847,0],[36.840773,48.77278,0],[36.821723,48.772205,0],[36.818642,48.777167,0],[36.789109,48.779951,0],[36.792027,48.786341,0],[36.786577,48.786986,0],[36.781985,48.791205,0],[36.789522,48.800063,0],[36.786298,48.800762,0],[36.765128,48.797014,0],[36.733714,48.804249,0],[36.727735,48.803635,0],[36.719297,48.804395,0],[36.709285,48.79439,0],[36.703706,48.784324,0],[36.689188,48.7741,0],[36.689752,48.772945,0],[36.69229,48.768147,0],[36.695846,48.76825,0],[36.70877,48.767299,0],[36.713111,48.74961,0],[36.71766,48.745478,0],[36.712524,48.743784,0],[36.725774,48.715953,0],[36.736073,48.704456,0],[36.730748,48.694752,0],[36.728302,48.694242,0],[36.722005,48.694036,0],[36.715342,48.693562,0],[36.711093,48.692316,0],[36.715825,48.69007,0],[36.718217,48.689795,0],[36.722079,48.682768,0],[36.718002,48.68274,0],[36.717959,48.680955,0],[36.715814,48.68087,0],[36.715041,48.679368,0],[36.718346,48.677158,0],[36.717284,48.675053,0],[36.717298,48.673992,0],[36.72086,48.673255,0],[36.727126,48.666935,0],[36.72425,48.66634,0],[36.72159,48.664016,0],[36.724637,48.66257,0],[36.725409,48.660416,0],[36.73013,48.660388,0],[36.73013,48.657156,0],[36.728264,48.657225,0],[36.722514,48.655014,0],[36.723973,48.652349,0],[36.727664,48.652122,0],[36.729552,48.650591,0],[36.728179,48.647415,0],[36.735045,48.645771,0],[36.73938,48.62634,0],[36.745216,48.595588,0],[36.778612,48.60019,0],[36.780171,48.597587,0],[36.805939,48.596236,0],[36.809393,48.568789,0],[36.824531,48.569762,0],[36.825621,48.56603,0],[36.857653,48.568774,0],[36.871559,48.549956,0],[36.883913,48.549805,0],[36.884918,48.541101,0],[36.900996,48.543908,0],[36.904214,48.5307,0],[36.926273,48.532718,0],[36.926101,48.53377,0],[36.941851,48.534963,0],[36.94125,48.537037,0],[36.944641,48.537549,0],[36.943611,48.541442,0],[36.993054,48.546562,0],[36.994642,48.537952,0],[37.004512,48.539032,0],[37.002323,48.549033,0],[37.017516,48.548152,0],[37.014597,48.565082,0],[37.018331,48.564457,0],[37.02215,48.562895,0],[37.028888,48.562582,0],[37.031463,48.56173,0],[37.037943,48.560594,0],[37.039617,48.560197,0],[37.041291,48.561248,0],[37.044724,48.56102,0],[37.047127,48.559799,0],[37.050861,48.559742,0],[37.05262,48.55943,0],[37.051118,48.56565,0],[37.057556,48.566303,0],[37.054694,48.577574,0],[37.04864,48.576946,0],[37.046451,48.58711,0],[37.063145,48.588784,0],[37.060094,48.600978,0],[37.064471,48.601546,0],[37.063184,48.60637,0],[37.097332,48.609488,0],[37.099263,48.608353,0],[37.103426,48.598278,0],[37.107035,48.59624,0],[37.106062,48.595874,0],[37.109066,48.593746,0],[37.110053,48.59403,0],[37.112328,48.59173,0],[37.130824,48.593348,0],[37.130138,48.595165,0],[37.143785,48.597946,0],[37.146403,48.595506,0],[37.148978,48.594313,0],[37.164427,48.590907,0],[37.162241,48.608938,0],[37.16636,48.609647,0],[37.19932,48.609137,0],[37.203826,48.601475,0],[37.220949,48.604341,0],[37.223953,48.59875,0],[37.252924,48.60137,0],[37.259641,48.568581,0],[37.300796,48.57267,0],[37.293498,48.601674,0],[37.300474,48.598078,0],[37.324038,48.584868,0],[37.327769,48.58434,0],[37.334494,48.579366,0],[37.327585,48.578032,0],[37.344781,48.557293,0],[37.346798,48.556185,0],[37.353919,48.557076,0],[37.357141,48.557946,0],[37.36435,48.558003,0],[37.372378,48.560177,0],[37.373708,48.556001,0],[37.375952,48.536207,0],[37.396819,48.536246,0],[37.398407,48.5342,0],[37.397935,48.532665,0],[37.396077,48.531596,0],[37.39463,48.53025,0],[37.394845,48.526868,0],[37.393858,48.526356,0],[37.391326,48.52647,0],[37.390253,48.525759,0],[37.390817,48.522629,0],[37.391847,48.521009,0],[37.391375,48.520469,0],[37.389916,48.519872,0],[37.387469,48.519758,0],[37.385967,48.518934,0],[37.389765,48.5188204,0],[37.3924789,48.5199771,0],[37.3996087,48.5182438,0],[37.4032136,48.523064,0],[37.4120119,48.5239041,0],[37.4193614,48.5273085,0],[37.4211749,48.5261084,0],[37.4252736,48.5245611,0],[37.4299099,48.5214982,0],[37.4311439,48.5100571,0],[37.4346611,48.5096465,0],[37.4374058,48.5083261,0],[37.4406419,48.5080591,0],[37.440853,48.512972,0],[37.458121,48.514284,0],[37.465477,48.517303,0],[37.501479,48.519926,0],[37.51135,48.487988,0],[37.521445,48.4885,0],[37.525348,48.478522,0],[37.538006,48.480008,0],[37.538498,48.475936,0],[37.565701,48.47776,0],[37.5675784,48.4706363,0],[37.5916438,48.4728808,0],[37.5927055,48.4668156,0],[37.5965223,48.4664756,0],[37.5994007,48.4647084,0],[37.6014656,48.4643337,0],[37.6060196,48.4646419,0],[37.6049948,48.469759,0],[37.6104935,48.4722582,0],[37.6208474,48.4702983,0],[37.6228574,48.4705918,0],[37.6292674,48.4712892,0],[37.6292831,48.4722712,0],[37.6361814,48.4724427,0],[37.6348717,48.4774264,0],[37.6421884,48.4783702,0],[37.6412443,48.4827845,0],[37.6382845,48.4959784,0],[37.6385089,48.496897,0],[37.6313547,48.4961753,0],[37.6283102,48.5150444,0],[37.6533946,48.5167262,0],[37.6641837,48.5179061,0],[37.66439,48.5137825,0],[37.6658097,48.5125569,0],[37.6671642,48.5120066,0],[37.6692696,48.5110156,0],[37.6721942,48.5092753,0],[37.6778582,48.5061874,0],[37.6870075,48.5010393,0],[37.6875323,48.5003035,0],[37.6888296,48.499255,0],[37.6904531,48.4998594,0],[37.6925953,48.5010005,0],[37.6943433,48.5020393,0],[37.6978936,48.499097,0],[37.6989216,48.4990844,0],[37.7003751,48.4981729,0],[37.7052753,48.5016627,0],[37.7143795,48.4960347,0],[37.7056774,48.4891903,0],[37.705022,48.4889066,0],[37.708269,48.4863569,0],[37.7117379,48.484485,0],[37.7149608,48.4852423,0]]]}]},"properties":{"name":"Ukrainian-controlled Kramatorsk Raion, Donetsk Oblast.","styleUrl":"#poly-1A237E-2000-74-nodesc","fill-opacity":0.2901960784313726,"fill":"#1a237e","stroke-opacity":1,"stroke":"#1a237e","stroke-width":2}},{"type":"Feature","geometry":{"type":"Polygon","coordinates":[[[37.8121626,48.5640809,0],[37.8131067,48.5614395,0],[37.8134744,48.5608257,0],[37.8143542,48.5607831,0],[37.8148048,48.5601724,0],[37.8152125,48.5600162,0],[37.8160494,48.5598174,0],[37.8164356,48.5592919,0],[37.8155558,48.558525,0],[37.8151052,48.5580138,0],[37.8154271,48.5573463,0],[37.8172081,48.5582267,0],[37.818462,48.5603064,0],[37.8216901,48.5610654,0],[37.8211644,48.5627837,0],[37.8206278,48.5631532,0],[37.8168083,48.5628257,0],[37.8144477,48.5633092,0],[37.8121626,48.5640809,0]]]},"properties":{"name":"Ukrainian-controlled Bakhmut Raion, Donetsk Oblast.","styleUrl":"#poly-1A237E-1200-74-nodesc","fill-opacity":0.2901960784313726,"fill":"#1a237e","stroke-opacity":1,"stroke":"#1a237e","stroke-width":1.2}},{"type":"Feature","geometry":{"type":"Polygon","coordinates":[[[34.9601057,47.5630302,0],[34.9603174,47.5626395,0],[34.9631498,47.5635372,0],[34.9674413,47.5644059,0],[34.9736641,47.565738,0],[34.9967991,47.5725348,0],[35.0113903,47.5757775,0],[35.018679,47.579613,0],[35.0283848,47.5870094,0],[35.0330196,47.5948819,0],[35.030434,47.60303,0],[35.0364529,47.6103918,0],[35.0458942,47.6194179,0],[35.077167,47.633192,0],[35.0892271,47.6456203,0],[35.104675,47.653455,0],[35.108922,47.660456,0],[35.1098265,47.6760276,0],[35.116605,47.688266,0],[35.216688,47.682907,0],[35.223079,47.672167,0],[35.233586,47.666512,0],[35.253035,47.6490608,0],[35.2551808,47.6489452,0],[35.2562751,47.6488873,0],[35.257627,47.6489452,0],[35.2803071,47.648052,0],[35.2831396,47.646837,0],[35.2854571,47.6478192,0],[35.2890281,47.6522851,0],[35.2948975,47.6588046,0],[35.3001333,47.6606552,0],[35.3032664,47.6627366,0],[35.3081942,47.6650067,0],[35.3146676,47.6684326,0],[35.3155499,47.672662,0],[35.3175669,47.6718817,0],[35.3199702,47.6730954,0],[35.3229742,47.6715927,0],[35.3270512,47.6728931,0],[35.3294974,47.6737889,0],[35.3308706,47.6746558,0],[35.3355485,47.6783544,0],[35.3437689,47.664675,0],[35.3472021,47.6603395,0],[35.348747,47.6591255,0],[35.3631877,47.6554408,0],[35.3993653,47.6562502,0],[35.4005044,47.6380998,0],[35.4276269,47.6386203,0],[35.4278959,47.63687,0],[35.4284555,47.626042,0],[35.4292598,47.6203759,0],[35.4292598,47.618756,0],[35.4290613,47.6180983,0],[35.4425712,47.6174888,0],[35.4520985,47.6177203,0],[35.4635316,47.6178038,0],[35.4636395,47.6187067,0],[35.4753175,47.6255019,0],[35.4955836,47.6174914,0],[35.5039135,47.6149032,0],[35.5163635,47.6181539,0],[35.5166972,47.6064505,0],[35.5494826,47.6069093,0],[35.5556195,47.5799647,0],[35.5658763,47.5764038,0],[35.6153379,47.5853002,0],[35.6274474,47.5910415,0],[35.714692,47.6214345,0],[35.7210864,47.6155622,0],[35.7289333,47.607566,0],[35.7369156,47.5976987,0],[35.7535667,47.5968884,0],[35.756632,47.596747,0],[35.7979128,47.6732057,0],[35.7801747,47.7552216,0],[35.7830929,47.7567795,0],[35.7768702,47.7817586,0],[35.7863116,47.7851036,0],[35.7831291,47.7959086,0],[35.7738164,47.794813,0],[35.7714724,47.8018487,0],[35.7913134,47.8051777,0],[35.7907126,47.810971,0],[35.7916568,47.8128443,0],[35.7901858,47.8162132,0],[35.7891559,47.8173371,0],[35.7892846,47.8182016,0],[35.7905292,47.8190949,0],[35.7894992,47.8201323,0],[35.7879542,47.8218324,0],[35.7868814,47.8287763,0],[35.8455068,47.8342892,0],[35.8502438,47.813646,0],[35.8420516,47.7690469,0],[35.873648,47.7713756,0],[35.8916963,47.768825,0],[35.8912243,47.7657963,0],[35.9124384,47.7634557,0],[35.9124384,47.7627345,0],[35.9123955,47.7610902,0],[35.9111509,47.7595323,0],[35.9072886,47.756705,0],[35.9100351,47.7563299,0],[35.9165154,47.756503,0],[35.9410629,47.7587822,0],[35.9436808,47.7588111,0],[35.9457836,47.7581475,0],[35.9488198,47.7574179,0],[35.9503218,47.7566389,0],[35.9525105,47.7563792,0],[35.9553429,47.7551098,0],[35.9551283,47.7540422,0],[35.9518238,47.7533786,0],[35.9519097,47.7523976,0],[35.9533688,47.750926,0],[35.9561154,47.7499161,0],[35.9669744,47.7465958,0],[35.9697108,47.7377796,0],[35.973144,47.7210949,0],[35.9875635,47.7224807,0],[36.0132269,47.7250212,0],[36.0117249,47.7326709,0],[36.0066589,47.7657813,0],[36.0371246,47.7691472,0],[36.0939445,47.7750887,0],[36.1015946,47.7757889,0],[36.1191877,47.7777632,0],[36.12952,47.7783336,0],[36.1541002,47.7778632,0],[36.1606876,47.7754215,0],[36.177467,47.7754373,0],[36.1761822,47.7862749,0],[36.1796794,47.7922137,0],[36.1894968,47.7969706,0],[36.1886556,47.8018858,0],[36.1917627,47.8061092,0],[36.1946728,47.8076381,0],[36.2022178,47.806515,0],[36.2039274,47.8172662,0],[36.2040954,47.8215471,0],[36.2050264,47.8254606,0],[36.1998947,47.8281389,0],[36.1975092,47.8300104,0],[36.1975276,47.8341866,0],[36.1934062,47.8379518,0],[36.1904861,47.8379145,0],[36.1888116,47.8410966,0],[36.1885541,47.8429976,0],[36.190614,47.8442074,0],[36.1926547,47.84613,0],[36.1865084,47.8473014,0],[36.1702475,47.8508204,0],[36.1025511,47.8424255,0],[36.0998903,47.8476675,0],[36.0994612,47.8489923,0],[36.0953413,47.8494531,0],[36.0893331,47.8491075,0],[36.0762869,47.8485891,0],[36.0725962,47.8508355,0],[36.0699354,47.858265,0],[36.0697637,47.8658663,0],[36.0846124,47.8675361,0],[36.0866724,47.8612596,0],[36.118182,47.865146,0],[36.1176573,47.8677664,0],[36.1174856,47.8717392,0],[36.1184297,47.8740422,0],[36.121348,47.8779569,0],[36.1289972,47.8908727,0],[36.1229032,47.89962,0],[36.128188,47.901814,0],[36.1097859,47.9245196,0],[36.1206237,47.9277474,0],[36.1091224,47.9418935,0],[36.084487,47.930991,0],[36.074963,47.9655184,0],[36.0522179,47.9588514,0],[36.0474114,47.9655184,0],[36.069899,47.972989,0],[36.068932,47.975574,0],[36.0611242,48.0014029,0],[36.041962,48.003922,0],[36.0342592,48.0187439,0],[36.06471,48.025342,0],[36.05483,48.046169,0],[36.0586582,48.0469175,0],[36.0522209,48.058679,0],[36.0405479,48.056499,0],[35.9841571,48.045483,0],[35.9758315,48.0454256,0],[35.9759174,48.0459994,0],[35.9780631,48.0495569,0],[35.9805522,48.0532862,0],[35.982183,48.0564416,0],[35.9847579,48.0573595,0],[35.987762,48.0590805,0],[35.9849328,48.0634059,0],[35.9813279,48.0644384,0],[35.9768647,48.060423,0],[35.9725732,48.0597347,0],[35.9724015,48.0633486,0],[35.9741181,48.0662739,0],[35.9738606,48.0693138,0],[35.9693974,48.0722962,0],[35.9701699,48.0745902,0],[35.9749764,48.0759665,0],[35.978753,48.0779163,0],[35.9839886,48.0788338,0],[35.9867352,48.0817009,0],[35.9849328,48.0847972,0],[35.9798688,48.0854853,0],[35.9762639,48.0857146,0],[35.9742898,48.0882374,0],[35.9738606,48.0923079,0],[35.9701699,48.0937984,0],[35.9663075,48.0946583,0],[35.921676,48.082147,0],[35.816533,48.0657003,0],[35.8064125,48.1010033,0],[35.8050392,48.1004301,0],[35.8006618,48.0987105,0],[35.7949112,48.0969334,0],[35.7895038,48.0949844,0],[35.7811783,48.0934366,0],[35.7724235,48.0969334,0],[35.7627247,48.0967041,0],[35.7566307,48.097736,0],[35.7556866,48.0959016,0],[35.742479,48.095433,0],[35.7031582,48.1408248,0],[35.6958626,48.1369873,0],[35.6062132,48.1025871,0],[35.5245882,48.0746659,0],[35.5184817,48.0939227,0],[35.5166792,48.094496,0],[35.5123877,48.0953559,0],[35.5068945,48.096617,0],[35.498054,48.0973049,0],[35.4841494,48.0955278,0],[35.4716181,48.0965024,0],[35.4515337,48.102693,0],[35.420029,48.101029,0],[35.4201843,48.1023289,0],[35.41679,48.111802,0],[35.379618,48.119339,0],[35.339188,48.123882,0],[35.310492,48.138459,0],[35.286043,48.144228,0],[35.261276,48.137366,0],[35.2589084,48.1370519,0],[35.2431156,48.1355626,0],[35.2201988,48.1419204,0],[35.2111866,48.1395148,0],[35.1953079,48.140374,0],[35.1914455,48.1385984,0],[35.1883556,48.1361354,0],[35.1808883,48.1325839,0],[35.1686146,48.129605,0],[35.1566841,48.1291467,0],[35.1231712,48.1305975,0],[35.112614,48.1314567,0],[35.102486,48.1301965,0],[35.0951045,48.1283632,0],[35.0754493,48.1231497,0],[35.0626605,48.1219465,0],[35.0568241,48.1202276,0],[35.043692,48.1096837,0],[35.0384929,48.0992355,0],[35.0306823,48.0982037,0],[35.0244166,48.0967706,0],[35.0203826,48.0956241,0],[35.0130012,48.0949362,0],[35.008538,48.0944776,0],[34.9984958,48.0920125,0],[34.9945476,48.0904646,0],[34.9906852,48.0885153,0],[34.987252,48.0959107,0],[34.9752461,48.0957835,0],[34.9358498,48.0910826,0],[34.9143063,48.0911973,0],[34.9107014,48.1025474,0],[34.9123322,48.1129782,0],[34.920529,48.114067,0],[34.9200674,48.1183695,0],[34.9156043,48.1304584,0],[34.8812012,48.1267175,0],[34.8771242,48.133907,0],[34.8552803,48.1330191,0],[34.8554519,48.1316157,0],[34.8601992,48.1126518,0],[34.8611433,48.1122793,0],[34.8630531,48.1029231,0],[34.8621948,48.1026365,0],[34.8624523,48.1021207,0],[34.8704343,48.0710782,0],[34.8754593,48.0544764,0],[34.8659321,48.053788,0],[34.8562332,48.0527553,0],[34.839861,48.0507328,0],[34.8405476,48.0498578,0],[34.8396893,48.0490545,0],[34.8466739,48.0135021,0],[34.8581752,48.0148227,0],[34.8657922,47.9991082,0],[34.8664359,47.994499,0],[34.8699477,47.982848,0],[34.8767284,47.9835949,0],[34.8797324,47.9832789,0],[34.9050096,47.9861226,0],[34.9125589,47.9579233,0],[34.9088681,47.9574634,0],[34.9094688,47.9540763,0],[34.9119794,47.9478821,0],[34.9110138,47.9471779,0],[34.9126633,47.9412591,0],[34.9184568,47.9335826,0],[34.9176059,47.9335236,0],[34.9072633,47.9319422,0],[34.8984872,47.9314965,0],[34.8884879,47.93003,0],[34.8870931,47.9299869,0],[34.8834024,47.9289661,0],[34.8822008,47.9296131,0],[34.8808489,47.9307058,0],[34.8806987,47.9313096,0],[34.879025,47.9363126,0],[34.8781327,47.9398073,0],[34.8771456,47.9426678,0],[34.8766306,47.9427828,0],[34.8574689,47.939563,0],[34.8547867,47.9394192,0],[34.852877,47.939103,0],[34.8497227,47.9369898,0],[34.852654,47.9254545,0],[34.8534264,47.9215721,0],[34.8490062,47.9208243,0],[34.8471179,47.9204217,0],[34.8441996,47.9201341,0],[34.801928,47.9152446,0],[34.8137342,47.8762174,0],[34.8145067,47.8709207,0],[34.8148071,47.8690783,0],[34.8160945,47.8674085,0],[34.8169528,47.8651053,0],[34.8185836,47.8645871,0],[34.8197853,47.8648462,0],[34.8216306,47.8658251,0],[34.8236476,47.8665448,0],[34.825493,47.8673222,0],[34.8274671,47.8680419,0],[34.8300849,47.868704,0],[34.8347198,47.8694526,0],[34.8369085,47.869942,0],[34.8386251,47.8707192,0],[34.8404705,47.8716116,0],[34.8431741,47.8723025,0],[34.845343,47.8739968,0],[34.8502353,47.8778252,0],[34.8523382,47.8786024,0],[34.8552135,47.879322,0],[34.8580888,47.8794659,0],[34.8601058,47.879178,0],[34.861565,47.8786312,0],[34.8643974,47.8784009,0],[34.8712291,47.8515519,0],[34.8756065,47.8512928,0],[34.8799409,47.8508608,0],[34.8975791,47.8525599,0],[34.9030294,47.8301502,0],[34.8795786,47.8201372,0],[34.8790207,47.8182065,0],[34.8922922,47.7609079,0],[34.8935367,47.760129,0],[34.956793,47.769503,0],[34.9653643,47.7405282,0],[34.9549788,47.7388543,0],[34.9579829,47.7275973,0],[34.9515456,47.7270777,0],[34.9550646,47.7125264,0],[34.952318,47.7122954,0],[34.9521464,47.7116601,0],[34.9301737,47.7106783,0],[34.9372865,47.6779709,0],[34.9215795,47.6760927,0],[34.9139406,47.6743589,0],[34.9055292,47.6732319,0],[34.9128937,47.6443071,0],[34.9145674,47.6382928,0],[34.9158548,47.6335502,0],[34.9324631,47.635777,0],[34.9398667,47.6004471,0],[34.9376798,47.59848,0],[34.9375082,47.5947757,0],[34.9348474,47.5910133,0],[34.9266077,47.5939075,0],[34.9276376,47.5914185,0],[34.9339033,47.5888136,0],[34.9345041,47.5826191,0],[34.9272085,47.5816928,0],[34.9280668,47.5809402,0],[34.9363924,47.5819823,0],[34.9444845,47.5739174,0],[34.9328973,47.5691111,0],[34.9340131,47.5662155,0],[34.9413087,47.5692848,0],[34.9462011,47.5711958,0],[34.9490335,47.5721802,0],[34.9522951,47.5716591,0],[34.9550417,47.5705009,0],[34.9571874,47.5688794,0],[34.9588182,47.5666788,0],[34.9601057,47.5630302,0]]]},"properties":{"name":"Ukrainian-controlled Zaporizhzhia Raion, Zaporizhzhia Oblast. ","styleUrl":"#poly-1A237E-1200-74-nodesc","fill-opacity":0.2901960784313726,"fill":"#1a237e","stroke-opacity":1,"stroke":"#1a237e","stroke-width":1.2}},{"type":"Feature","geometry":{"type":"Polygon","coordinates":[[[36.1906382,47.7684696,0],[36.2231225,47.7698744,0],[36.2222636,47.7732205,0],[36.24355,47.7748351,0],[36.2423918,47.7776617,0],[36.235461,47.7773156,0],[36.2342805,47.7827948,0],[36.2265991,47.7821893,0],[36.2208056,47.7848135,0],[36.2119645,47.7868318,0],[36.2038964,47.7867165,0],[36.2038964,47.7900611,0],[36.2080163,47.7961733,0],[36.2102479,47.8020541,0],[36.2121362,47.808626,0],[36.2141961,47.8119693,0],[36.2121362,47.82292,0],[36.2199346,47.8231057,0],[36.2287682,47.8230616,0],[36.2390255,47.8234649,0],[36.2408703,47.8139554,0],[36.2420279,47.8074123,0],[36.2553283,47.8044758,0],[36.265652,47.8077439,0],[36.2754083,47.8123186,0],[36.2769103,47.8124627,0],[36.2765241,47.8149123,0],[36.2757642,47.8146268,0],[36.2749273,47.817134,0],[36.2753994,47.8228396,0],[36.2679293,47.8324233,0],[36.264456,47.8317137,0],[36.2400586,47.8328661,0],[36.2151248,47.8325636,0],[36.2064988,47.8329525,0],[36.2065632,47.8323187,0],[36.2006409,47.8323043,0],[36.1975663,47.8320512,0],[36.1975092,47.8300104,0],[36.1998947,47.8281389,0],[36.2050264,47.8254606,0],[36.2040954,47.8215471,0],[36.2038293,47.8166779,0],[36.2022178,47.806515,0],[36.1946728,47.8076381,0],[36.1917627,47.8061092,0],[36.1886556,47.8018858,0],[36.1894968,47.7969706,0],[36.1796794,47.7922137,0],[36.1761822,47.7862749,0],[36.177467,47.7754373,0],[36.1606876,47.7754215,0],[36.1541002,47.7778632,0],[36.12952,47.7783336,0],[36.1191877,47.7777632,0],[36.1015946,47.7757889,0],[36.0066589,47.7657813,0],[36.0132269,47.7250212,0],[35.973144,47.7210949,0],[35.9697108,47.7377796,0],[35.9669744,47.7465958,0],[35.9533688,47.750926,0],[35.9519097,47.7523976,0],[35.9518238,47.7533786,0],[35.9551283,47.7540422,0],[35.9553429,47.7551098,0],[35.9525105,47.7563792,0],[35.9503218,47.7566389,0],[35.9485547,47.7576423,0],[35.9452502,47.7581327,0],[35.9436808,47.7588111,0],[35.9165154,47.756503,0],[35.9100167,47.7561132,0],[35.9072886,47.756705,0],[35.9104459,47.7596041,0],[35.9119479,47.7605561,0],[35.9125058,47.7618831,0],[35.9124384,47.7634557,0],[35.8912243,47.7657963,0],[35.8916963,47.768825,0],[35.873648,47.7713756,0],[35.8420516,47.7690469,0],[35.8502438,47.813646,0],[35.8455068,47.8342892,0],[35.7868814,47.8287763,0],[35.7883319,47.8213081,0],[35.7905292,47.8190949,0],[35.7892846,47.8182016,0],[35.7891559,47.8173371,0],[35.7901858,47.8162132,0],[35.7916568,47.8128443,0],[35.7907126,47.810971,0],[35.7913134,47.8051777,0],[35.7714724,47.8018487,0],[35.7738164,47.794813,0],[35.7831291,47.7959086,0],[35.7863116,47.7851036,0],[35.7768702,47.7817586,0],[35.7830929,47.7567795,0],[35.7801747,47.7552216,0],[35.7979128,47.6732057,0],[35.756632,47.596747,0],[35.7369156,47.5976987,0],[35.7278642,47.6083325,0],[35.714692,47.6214345,0],[35.627614,47.5914327,0],[35.6153379,47.5853002,0],[35.5658763,47.5764038,0],[35.5556195,47.5799647,0],[35.5595503,47.5616712,0],[35.572374,47.562975,0],[35.573572,47.56288,0],[35.57546,47.55564,0],[35.584644,47.553554,0],[35.589536,47.555292,0],[35.602266,47.549363,0],[35.605452,47.549508,0],[35.6075041,47.5416945,0],[35.607195,47.540832,0],[35.603874,47.538297,0],[35.603465,47.536153,0],[35.6129114,47.5240197,0],[35.6302442,47.5280403,0],[35.6340206,47.522621,0],[35.6490411,47.5305038,0],[35.6620872,47.5347628,0],[35.6725591,47.5387612,0],[35.6787435,47.5316699,0],[35.682258,47.532619,0],[35.7049219,47.5354366,0],[35.7143582,47.5353421,0],[35.7200667,47.5327338,0],[35.7311812,47.521433,0],[35.7321259,47.5186362,0],[35.7423396,47.516071,0],[35.7401506,47.5107378,0],[35.7439916,47.509448,0],[35.7461158,47.508361,0],[35.7544722,47.5082305,0],[35.7564892,47.5061433,0],[35.760964,47.50265,0],[35.76002,47.500562,0],[35.7658304,47.4999191,0],[35.779032,47.500968,0],[35.775632,47.490272,0],[35.7853139,47.4900894,0],[35.7878889,47.4897994,0],[35.8003941,47.4952885,0],[35.8071838,47.5116656,0],[35.8031016,47.5167526,0],[35.8036093,47.5185692,0],[35.8043292,47.5189363,0],[35.8080531,47.5182021,0],[35.811347,47.5221581,0],[35.8173422,47.5232353,0],[35.8279852,47.5267128,0],[35.8311,47.5244461,0],[35.8368886,47.5252859,0],[35.8380657,47.5205478,0],[35.8422161,47.5205844,0],[35.8443059,47.5109405,0],[35.8542494,47.511468,0],[35.8624484,47.5119582,0],[35.861892,47.5016647,0],[35.8846335,47.4982483,0],[35.885762,47.490008,0],[35.9021353,47.4893639,0],[35.9116406,47.5001555,0],[35.9217905,47.5010202,0],[35.9222399,47.515027,0],[35.9140597,47.5172374,0],[35.8999496,47.5171033,0],[35.8999469,47.5228473,0],[35.8951508,47.5230909,0],[35.8949466,47.523972,0],[35.8951819,47.5280231,0],[35.8968761,47.5323351,0],[35.8992146,47.5319238,0],[35.903109,47.5340025,0],[35.9106095,47.5408614,0],[35.9171365,47.5460714,0],[35.9229048,47.543603,0],[35.9275273,47.5379935,0],[35.938792,47.537146,0],[35.9498472,47.5342067,0],[35.950937,47.529569,0],[35.9604511,47.5288102,0],[35.9640401,47.5355158,0],[35.9715538,47.5396629,0],[35.9804843,47.5396094,0],[36.0181721,47.5421381,0],[36.0329879,47.5432459,0],[36.033546,47.539567,0],[36.05369,47.5380378,0],[36.0599556,47.5380957,0],[36.0671911,47.552255,0],[36.0672336,47.5537903,0],[36.0667189,47.5545432,0],[36.070624,47.5616098,0],[36.0720399,47.5618992,0],[36.0714153,47.5650401,0],[36.0819296,47.5679358,0],[36.0935415,47.5691093,0],[36.1094509,47.5713025,0],[36.1242011,47.5730607,0],[36.1289219,47.5781561,0],[36.1428898,47.5766526,0],[36.1479116,47.5846999,0],[36.1623306,47.5853956,0],[36.1613329,47.5892005,0],[36.1696053,47.5901109,0],[36.1857641,47.5898184,0],[36.1853807,47.5927647,0],[36.1851673,47.5964374,0],[36.1919923,47.5960584,0],[36.1927248,47.5966602,0],[36.1919926,47.6041604,0],[36.1938785,47.6044844,0],[36.1916849,47.611143,0],[36.2000533,47.6117505,0],[36.2041303,47.6125895,0],[36.2118713,47.6160749,0],[36.2205509,47.6196021,0],[36.2293217,47.6225575,0],[36.2249445,47.6269541,0],[36.2161038,47.6244087,0],[36.2097167,47.6319881,0],[36.2111722,47.6326188,0],[36.2107179,47.6334953,0],[36.203856,47.6310276,0],[36.2023656,47.6324046,0],[36.2010411,47.6329051,0],[36.1997379,47.6346491,0],[36.1967749,47.6334893,0],[36.183706,47.6296828,0],[36.1750124,47.627486,0],[36.1735759,47.6312956,0],[36.162503,47.6413455,0],[36.1494971,47.6503598,0],[36.1519478,47.6530989,0],[36.1410884,47.6604197,0],[36.1448369,47.6630858,0],[36.1469679,47.6665182,0],[36.1578254,47.6690325,0],[36.15701,47.6716912,0],[36.1524181,47.6720669,0],[36.1467104,47.6716045,0],[36.1435906,47.6769828,0],[36.1438052,47.6772428,0],[36.1406227,47.6845871,0],[36.1385115,47.6902674,0],[36.1378316,47.6919909,0],[36.1358212,47.6919524,0],[36.1354054,47.6930884,0],[36.1314177,47.6923674,0],[36.1221923,47.7090922,0],[36.1263219,47.7098634,0],[36.1451304,47.7140432,0],[36.1542758,47.7160761,0],[36.1525657,47.7185796,0],[36.1481454,47.7249311,0],[36.1550119,47.7279623,0],[36.1556556,47.7327828,0],[36.1618532,47.7342521,0],[36.1637362,47.7353216,0],[36.164343,47.7412105,0],[36.1661517,47.741212,0],[36.1853044,47.74185,0],[36.194329,47.7423875,0],[36.1906382,47.7684696,0]]]},"properties":{"name":"Ukrainian-controlled Polohy Raion, Zaporizhzhia Oblast. ","styleUrl":"#poly-1A237E-1200-71-nodesc","fill-opacity":0.2784313725490196,"fill":"#1a237e","stroke-opacity":1,"stroke":"#1a237e","stroke-width":1.2}},{"type":"Feature","geometry":{"type":"GeometryCollection","geometries":[{"type":"Polygon","coordinates":[[[35.5166972,47.6064505,0],[35.5179039,47.6002098,0],[35.5198637,47.5860448,0],[35.5200447,47.5778856,0],[35.5213126,47.5694815,0],[35.5214269,47.5685079,0],[35.5187599,47.5683152,0],[35.5172086,47.5683903,0],[35.5158442,47.5630821,0],[35.515365,47.5608376,0],[35.5162237,47.5562628,0],[35.5178114,47.5503252,0],[35.5265848,47.5515221,0],[35.52539,47.556179,0],[35.537892,47.557221,0],[35.543579,47.559038,0],[35.5530879,47.5608965,0],[35.5595503,47.5616712,0],[35.5494826,47.6069093,0],[35.5166972,47.6064505,0]]]},{"type":"Polygon","coordinates":[[[35.4292598,47.618756,0],[35.4284555,47.626042,0],[35.4278959,47.63687,0],[35.4276269,47.6386203,0],[35.4005044,47.6380998,0],[35.3991836,47.6557821,0],[35.3631877,47.6554408,0],[35.3537252,47.6578826,0],[35.348747,47.6591255,0],[35.3472021,47.6603395,0],[35.3437689,47.664675,0],[35.3355485,47.6783544,0],[35.3317933,47.6752623,0],[35.3294974,47.6737889,0],[35.3229742,47.6715927,0],[35.3199702,47.6730954,0],[35.3175669,47.6718817,0],[35.3152876,47.6725695,0],[35.3146676,47.6684326,0],[35.3117304,47.6667811,0],[35.3074296,47.6641242,0],[35.3032664,47.6627366,0],[35.3001333,47.6606552,0],[35.2948975,47.6588046,0],[35.2854571,47.6478192,0],[35.2831396,47.646837,0],[35.285972,47.6456234,0],[35.2897485,47.6433682,0],[35.3003915,47.6397249,0],[35.3100904,47.6394936,0],[35.318416,47.6384526,0],[35.321935,47.6366019,0],[35.3239091,47.6360525,0],[35.3255399,47.63585,0],[35.3384145,47.635503,0],[35.3524049,47.6341149,0],[35.3549798,47.6335944,0],[35.3727941,47.6322937,0],[35.3728855,47.6309787,0],[35.3745217,47.6297794,0],[35.3750475,47.6288846,0],[35.3756063,47.6239031,0],[35.3834294,47.6243887,0],[35.4039116,47.625193,0],[35.4052905,47.6252624,0],[35.4056886,47.6188279,0],[35.4058861,47.6134056,0],[35.4208639,47.613507,0],[35.4213468,47.6108238,0],[35.4359591,47.6095649,0],[35.4373324,47.6075395,0],[35.4374182,47.6057023,0],[35.4468596,47.605572,0],[35.4468596,47.6089573,0],[35.4519236,47.6093045,0],[35.4521382,47.6115033,0],[35.4582751,47.6113008,0],[35.4636395,47.611648,0],[35.4635316,47.6178038,0],[35.4425712,47.6174888,0],[35.4290613,47.6180983,0],[35.4292598,47.618756,0]]]}]},"properties":{"name":"Ukrainian-controlled Vasylivka Raion, Zaporizhzhia Oblast. ","styleUrl":"#poly-1A237E-1200-71-nodesc","fill-opacity":0.2784313725490196,"fill":"#1a237e","stroke-opacity":1,"stroke":"#1a237e","stroke-width":1.2}},{"type":"Feature","geometry":{"type":"Polygon","coordinates":[[[33.9296628,47.5160709,0],[33.9291049,47.5157811,0],[33.9256287,47.5149695,0],[33.9208651,47.5138681,0],[33.9146853,47.5128536,0],[33.9095355,47.5125057,0],[33.8208051,47.5040374,0],[33.8150545,47.5041534,0],[33.775744,47.4989927,0],[33.6429486,47.4849182,0],[33.6355672,47.5137958,0],[33.6039815,47.5100275,0],[33.6044106,47.5041137,0],[33.5881028,47.5027221,0],[33.5810817,47.5319157,0],[33.5931838,47.5444896,0],[33.5894073,47.5578714,0],[33.6070884,47.5601882,0],[33.608805,47.5612887,0],[33.6049229,47.5749412,0],[33.5921341,47.5736094,0],[33.588143,47.5885757,0],[33.5828215,47.5880547,0],[33.5797316,47.6000942,0],[33.474111,47.587174,0],[33.4859868,47.5460365,0],[33.4780045,47.5436032,0],[33.4727689,47.5411697,0],[33.4688207,47.5414594,0],[33.4560319,47.5399529,0],[33.4536286,47.5400688,0],[33.3497594,47.5264896,0],[33.3407257,47.5258231,0],[33.3272932,47.5236351,0],[33.3244822,47.5225918,0],[33.3296539,47.5103136,0],[33.3488081,47.493554,0],[33.319454,47.4838682,0],[33.3140467,47.4820411,0],[33.3125446,47.4837232,0],[33.3099268,47.4849413,0],[33.3080814,47.4858693,0],[33.3096693,47.4867684,0],[33.3136175,47.4887114,0],[33.3147333,47.4897263,0],[33.3149479,47.4912343,0],[33.3140467,47.494105,0],[33.3127163,47.4964536,0],[33.3117292,47.4975554,0],[33.3113001,47.4985123,0],[33.3109997,47.5000489,0],[33.3105276,47.5008317,0],[33.3095835,47.5017015,0],[33.3088968,47.5022234,0],[33.307237,47.5027691,0],[33.3034605,47.503001,0],[33.3010143,47.5028561,0],[33.2985252,47.503204,0],[33.2962936,47.5041897,0],[33.2935041,47.5056392,0],[33.2923025,47.5070887,0],[33.290543,47.5084222,0],[33.2872814,47.5099296,0],[33.2851356,47.5113789,0],[33.2821316,47.5148862,0],[33.2791458,47.5171769,0],[33.279017,47.5194955,0],[33.2808195,47.5214663,0],[33.2836948,47.523437,0],[33.2862697,47.5254076,0],[33.2876859,47.5265667,0],[33.2884584,47.5289429,0],[33.2888017,47.5314639,0],[33.2888876,47.5342745,0],[33.288221,47.5378121,0],[33.2886502,47.5419839,0],[33.2875773,47.54378,0],[33.2853457,47.544765,0],[33.2819554,47.545663,0],[33.2778355,47.5464451,0],[33.2738444,47.5460686,0],[33.271527,47.5453733,0],[33.2695958,47.5443305,0],[33.26745,47.5431717,0],[33.264403,47.5418681,0],[33.2617852,47.5404485,0],[33.2598969,47.5394925,0],[33.2587382,47.5381018,0],[33.2573649,47.536885,0],[33.2542321,47.5354363,0],[33.2517859,47.5344512,0],[33.2491681,47.5337268,0],[33.2468507,47.5327417,0],[33.2457349,47.5321332,0],[33.2416464,47.5302425,0],[33.2375265,47.5303584,0],[33.2351233,47.5300976,0],[33.2329775,47.5294891,0],[33.2314325,47.5294891,0],[33.2300593,47.5305612,0],[33.2282139,47.5309959,0],[33.2256819,47.5305612,0],[33.2228495,47.5307351,0],[33.2201458,47.5312856,0],[33.2175709,47.5322708,0],[33.215822,47.533623,0],[33.2189871,47.5358926,0],[33.2211758,47.5379497,0],[33.2222057,47.5402964,0],[33.2226778,47.5421794,0],[33.2208402,47.5457283,0],[33.2177503,47.5476401,0],[33.2192094,47.5497257,0],[33.2246167,47.5525643,0],[33.2293374,47.5544759,0],[33.2344014,47.5577776,0],[33.2365472,47.5612528,0],[33.2367189,47.5691292,0],[33.2369764,47.5724299,0],[33.2361181,47.5748619,0],[33.2323415,47.5778728,0],[33.2295091,47.5755568,0],[33.2268483,47.5737617,0],[33.2212693,47.5721404,0],[33.205219,47.5686659,0],[33.19964,47.5691292,0],[33.1962926,47.5696503,0],[33.1924302,47.5715034,0],[33.1877095,47.573009,0],[33.178869,47.5704032,0],[33.1748349,47.5677393,0],[33.1719167,47.5668127,0],[33.167711,47.5673918,0],[33.1641919,47.568608,0],[33.1598146,47.5697083,0],[33.0924262,47.5792248,0],[33.0885338,47.5537964,0],[33.0947136,47.527491,0],[33.1406849,47.5432852,0],[33.1469658,47.5145956,0],[33.123062,47.5082475,0],[33.1307444,47.4807799,0],[33.1270108,47.4798517,0],[33.1282983,47.4771543,0],[33.1241355,47.4768062,0],[33.1377777,47.4194064,0],[33.1273288,47.4178859,0],[33.1253976,47.4183505,0],[33.0715389,47.4122521,0],[33.0708921,47.4716619,0],[33.07142,47.476586,0],[33.0477178,47.4681807,0],[33.0547559,47.4429934,0],[33.0332982,47.4410777,0],[33.0380189,47.425808,0],[33.0284732,47.4233377,0],[33.0357745,47.3979452,0],[33.0341008,47.3975966,0],[33.038418,47.379011,0],[33.1211332,47.3890844,0],[33.1314713,47.3496468,0],[33.1388527,47.3329836,0],[33.1328446,47.3319365,0],[33.1328446,47.3284751,0],[33.1013868,47.3221087,0],[33.1109998,47.3015081,0],[33.1109998,47.2948141,0],[33.1097124,47.2933005,0],[33.1013868,47.2907972,0],[33.1050018,47.2793589,0],[33.1183056,47.2815716,0],[33.1194214,47.277612,0],[33.1401066,47.2717885,0],[33.1364159,47.26777,0],[33.1838039,47.2384172,0],[33.1820015,47.2370186,0],[33.1781391,47.2378345,0],[33.1743625,47.2357948,0],[33.1734184,47.2343961,0],[33.1717018,47.2334053,0],[33.1664661,47.2341047,0],[33.1631187,47.2322397,0],[33.1592563,47.2319483,0],[33.1621746,47.2346292,0],[33.1635479,47.236261,0],[33.158398,47.2359696,0],[33.154364,47.2352703,0],[33.1511882,47.2339881,0],[33.1490425,47.2313655,0],[33.1450943,47.2306078,0],[33.1403736,47.2313655,0],[33.1363395,47.2327643,0],[33.1313614,47.2330557,0],[33.1277565,47.2313655,0],[33.1267265,47.2289759,0],[33.1284856,47.2201145,0],[33.1330346,47.2147511,0],[33.1364679,47.212419,0],[33.1416177,47.2104949,0],[33.1429052,47.2083959,0],[33.138957,47.2061802,0],[33.1356954,47.2060052,0],[33.1326055,47.2046058,0],[33.1301164,47.2034395,0],[33.126769,47.2022732,0],[33.1188726,47.2043725,0],[33.115096,47.2050139,0],[33.1107187,47.207288,0],[33.1069421,47.2095037,0],[33.1050538,47.212419,0],[33.1064271,47.2162669,0],[33.1031656,47.2199979,0],[33.0987882,47.2227377,0],[33.0922651,47.2233789,0],[33.0872011,47.2215135,0],[33.0780172,47.2209889,0],[33.073528,47.222828,0],[33.0685758,47.221222,0],[33.06643,47.2191234,0],[33.0666875,47.2145762,0],[33.0668592,47.211078,0],[33.06746,47.2064134,0],[33.0655717,47.2016318,0],[33.0635118,47.1991825,0],[33.056893,47.1936827,0],[33.051314,47.1913497,0],[33.046765,47.1905915,0],[33.0383536,47.18855,0],[33.035607,47.1851084,0],[33.0374953,47.1816083,0],[33.0368944,47.178808,0],[33.0308005,47.1769411,0],[33.0224749,47.1775245,0],[33.0204149,47.178633,0],[33.0153509,47.1806749,0],[33.013291,47.1844084,0],[33.0130335,47.1888416,0],[33.0113169,47.1915247,0],[33.0064245,47.1960739,0],[33.0015322,47.1963072,0],[33.0008456,47.1922829,0],[32.9951807,47.1910581,0],[32.9908034,47.1886083,0],[32.99046,47.1933911,0],[32.9855677,47.1915247,0],[32.9738089,47.1902415,0],[32.9620501,47.1898915,0],[32.9516319,47.170164,0],[32.9370407,47.1560415,0],[32.928286,47.1502047,0],[32.921353,47.147402,0],[32.916098,47.1441337,0],[32.9157547,47.1392297,0],[32.9172996,47.1350259,0],[32.9145531,47.1302378,0],[32.9109482,47.1260333,0],[32.9078583,47.123347,0],[32.9126067,47.1114405,0],[32.9132933,47.1030281,0],[32.9107184,47.0994642,0],[32.909431,47.0964843,0],[32.9114051,47.0918097,0],[32.9137225,47.0883618,0],[32.9187865,47.0842125,0],[32.9307302,47.0807396,0],[33.067141,47.02241,0],[33.022062,46.972701,0],[33.0521601,46.9597906,0],[33.0555933,46.9469599,0],[33.0524605,46.9462275,0],[33.0639887,46.9076639,0],[33.04811,46.9054943,0],[33.0439901,46.9069602,0],[33.0059671,46.9023863,0],[33.0155816,46.8648483,0],[32.9776445,46.8599773,0],[32.9857123,46.8312157,0],[33.0038226,46.833447,0],[33.0224478,46.8357663,0],[33.0453582,46.7478788,0],[33.0490275,46.7505841,0],[33.0536624,46.7532011,0],[33.057396,46.7552593,0],[33.0610009,46.7567587,0],[33.0649491,46.7583758,0],[33.0686827,46.7597282,0],[33.0728884,46.7609041,0],[33.0758496,46.7616097,0],[33.0794116,46.7626386,0],[33.0880625,46.766524,0],[33.093899,46.7691402,0],[33.098448,46.7707863,0],[33.1038554,46.7724911,0],[33.1069882,46.7732259,0],[33.1098635,46.774137,0],[33.1166696,46.7760437,0],[33.1192445,46.7777484,0],[33.1214976,46.7787476,0],[33.1242442,46.7799966,0],[33.1256389,46.7807019,0],[33.1363642,46.7845593,0],[33.1397545,46.785676,0],[33.142265,46.786631,0],[33.1443894,46.7871452,0],[33.1480372,46.7872334,0],[33.1506979,46.7873068,0],[33.153423,46.7874391,0],[33.1550538,46.7876007,0],[33.1659114,46.7892168,0],[33.1706321,46.7891287,0],[33.1743228,46.7887173,0],[33.1820047,46.7889817,0],[33.1871545,46.7892168,0],[33.189944,46.7887761,0],[33.1936347,46.7881884,0],[33.1966817,46.7880708,0],[33.2058629,46.7883662,0],[33.2090387,46.788425,0],[33.2110128,46.7873672,0],[33.2112703,46.7858979,0],[33.2123861,46.7850163,0],[33.2151327,46.7847225,0],[33.2219133,46.785369,0],[33.225604,46.7856628,0],[33.2320413,46.7863093,0],[33.2361612,46.7861918,0],[33.2444867,46.7847225,0],[33.2523832,46.7836646,0],[33.2595071,46.7832532,0],[33.2668886,46.7823716,0],[33.2743558,46.7818426,0],[33.2789049,46.7830181,0],[33.2844839,46.7826654,0],[33.2875738,46.7792564,0],[33.2952127,46.7767877,0],[33.300105,46.7752006,0],[33.307744,46.773731,0],[33.3137521,46.7749067,0],[33.3211336,46.7769053,0],[33.3310899,46.7789625,0],[33.3373556,46.7800793,0],[33.3458528,46.7818426,0],[33.3494577,46.7827242,0],[33.3525476,46.7816075,0],[33.3582982,46.7824891,0],[33.3618173,46.7847813,0],[33.3648214,46.7887188,0],[33.3683404,46.7927149,0],[33.3710012,46.7954179,0],[33.3827835,46.8072545,0],[33.3923107,46.8155372,0],[33.3971173,46.8199424,0],[33.4010655,46.822879,0],[33.4085327,46.8273423,0],[33.4147984,46.8311006,0],[33.4237248,46.8343889,0],[33.4317929,46.8380292,0],[33.4379727,46.8402603,0],[33.4477574,46.8433132,0],[33.4536797,46.844957,0],[33.4626061,46.8463072,0],[33.4687859,46.8478335,0],[33.4747082,46.8495359,0],[33.4802872,46.8510621,0],[33.4847504,46.852823,0],[33.4917885,46.8545839,0],[33.4957367,46.8557578,0],[33.503571,46.8566033,0],[33.5090642,46.8583641,0],[33.514214,46.8588923,0],[33.5193639,46.8580706,0],[33.5282044,46.8581293,0],[33.5327534,46.8579533,0],[33.5394482,46.8578359,0],[33.5464005,46.8576598,0],[33.5548119,46.8563099,0],[33.5706906,46.857425,0],[33.5760121,46.8583641,0],[33.5803895,46.8607117,0],[33.5857968,46.8619442,0],[33.589745,46.8649958,0],[33.5918908,46.8674018,0],[33.5926633,46.8720375,0],[33.5926633,46.8748538,0],[33.5940735,46.8860054,0],[33.5960476,46.8959182,0],[33.5962193,46.9131,0],[33.5956707,46.928163,0],[33.5991789,46.939299,0],[33.6048437,46.9480887,0],[33.610766,46.9538306,0],[33.6162592,46.9578729,0],[33.6205507,46.961212,0],[33.6243273,46.9640823,0],[33.6297346,46.967831,0],[33.6338545,46.9711109,0],[33.6367727,46.9737464,0],[33.6472341,46.9799134,0],[33.6519977,46.9842758,0],[33.6536714,46.986735,0],[33.6532422,46.9902187,0],[33.6522981,46.9927361,0],[33.652341,46.9962194,0],[33.6540147,46.9985025,0],[33.656418,47.0017219,0],[33.6587745,47.0051738,0],[33.6596328,47.0172298,0],[33.6575083,47.0261514,0],[33.6559634,47.0310658,0],[33.6533885,47.0378517,0],[33.656892,47.045688,0],[33.6648898,47.0529412,0],[33.6765627,47.0612445,0],[33.7031703,47.0710665,0],[33.7155299,47.076912,0],[33.7306361,47.0827569,0],[33.7419657,47.0881336,0],[33.7490038,47.0926917,0],[33.7587885,47.0968988,0],[33.765655,47.1033258,0],[33.7760075,47.1149109,0],[33.7815006,47.1230878,0],[33.7845906,47.1277013,0],[33.7864788,47.1306794,0],[33.7882813,47.1359345,0],[33.7845047,47.1502375,0],[33.7827023,47.1564245,0],[33.781844,47.1636612,0],[33.7816723,47.1693799,0],[33.781844,47.1736393,0],[33.7837322,47.1783068,0],[33.7868221,47.1817488,0],[33.7943852,47.1866063,0],[33.8001359,47.1898144,0],[33.8052857,47.1916809,0],[33.8125813,47.193314,0],[33.8207352,47.1950637,0],[33.8288891,47.1982713,0],[33.8369572,47.2010122,0],[33.844682,47.204686,0],[33.8506901,47.207135,0],[33.8571274,47.2085344,0],[33.8622773,47.2098172,0],[33.8682854,47.2126741,0],[33.8729203,47.2146564,0],[33.8795292,47.2183875,0],[33.8873398,47.223051,0],[33.8924897,47.2268981,0],[33.8963521,47.2293462,0],[33.9008152,47.2322603,0],[33.9049351,47.2356988,0],[33.9068234,47.2394284,0],[33.9113719,47.2438099,0],[33.9135176,47.2527825,0],[33.9153201,47.2577343,0],[33.9159402,47.2676505,0],[33.9209184,47.2765026,0],[33.9264115,47.2804041,0],[33.9311322,47.2834901,0],[33.9361962,47.2869835,0],[33.9404019,47.2894869,0],[33.9477834,47.2933874,0],[33.9518174,47.2955413,0],[33.9548215,47.2974622,0],[33.9584264,47.2994413,0],[33.961173,47.3018278,0],[33.9629754,47.3046216,0],[33.9645733,47.3092229,0],[33.9650024,47.3132383,0],[33.9653457,47.3158569,0],[33.9654316,47.3200464,0],[33.9654316,47.3226646,0],[33.967234,47.3257482,0],[33.9692081,47.3305186,0],[33.9704956,47.3417449,0],[33.9711822,47.3466883,0],[33.9713539,47.3499449,0],[33.9732422,47.3545387,0],[33.9744438,47.3589577,0],[33.9748306,47.3675448,0],[33.9738006,47.3742877,0],[33.9734573,47.3792281,0],[33.9731998,47.3830058,0],[33.9723415,47.3875967,0],[33.9708824,47.3928845,0],[33.9688224,47.3963706,0],[33.9671916,47.3996823,0],[33.9641017,47.4047365,0],[33.9620418,47.409674,0],[33.9586086,47.4128687,0],[33.9560336,47.4191993,0],[33.953802,47.4236128,0],[33.9526004,47.4273873,0],[33.9489097,47.4319744,0],[33.9459056,47.4341226,0],[33.9450473,47.4393476,0],[33.9480514,47.4435854,0],[33.948738,47.4480549,0],[33.9485664,47.4511312,0],[33.9372537,47.4778293,0],[33.9363954,47.4852542,0],[33.9372537,47.4905322,0],[33.9354512,47.4943018,0],[33.9317605,47.4984192,0],[33.9302156,47.5017824,0],[33.9286706,47.5074645,0],[33.9287564,47.5102474,0],[33.9303872,47.5123924,0],[33.930473,47.5146533,0],[33.9296628,47.5160709,0]]]},"properties":{"name":"Ukrainian-controlled Beryslav Raion, Kherson Oblast. ","styleUrl":"#poly-1A237E-1200-71-nodesc","fill-opacity":0.2784313725490196,"fill":"#1a237e","stroke-opacity":1,"stroke":"#1a237e","stroke-width":1.2}},{"type":"Feature","geometry":{"type":"Polygon","coordinates":[[[33.0459053,46.7478978,0],[33.0224478,46.8357663,0],[32.9857123,46.8312157,0],[32.9776445,46.8599773,0],[33.0155816,46.8648483,0],[33.0059671,46.9023863,0],[33.0439901,46.9069602,0],[33.04811,46.9054943,0],[33.0639887,46.9076639,0],[33.0524605,46.9462275,0],[33.0555933,46.9469599,0],[33.0521601,46.9597906,0],[33.0225031,46.9725124,0],[33.0221001,46.9721081,0],[32.9503215,47.0030709,0],[32.9340995,46.9852739,0],[32.9424925,46.9713178,0],[32.949359,46.9457175,0],[32.9760953,46.9487937,0],[32.9798177,46.9332607,0],[32.9746679,46.9328504,0],[32.9706338,46.932616,0],[32.9667714,46.9320299,0],[32.9632524,46.9314438,0],[32.9594758,46.9310921,0],[32.954326,46.9303887,0],[32.9483178,46.9292165,0],[32.9442838,46.929744,0],[32.9221395,46.9270477,0],[32.9264739,46.9098411,0],[32.8451265,46.9000356,0],[32.8410925,46.8993318,0],[32.839805,46.8968686,0],[32.840835,46.8955783,0],[32.8421224,46.8939361,0],[32.8422083,46.8927044,0],[32.8414358,46.889537,0],[32.8358568,46.8839056,0],[32.8400625,46.8817936,0],[32.856027,46.8770415,0],[32.8591169,46.8765135,0],[32.916343,46.882892,0],[32.9201128,46.8662768,0],[32.9462911,46.8685654,0],[32.949381,46.8577671,0],[32.8940203,46.8499605,0],[32.8929903,46.8492561,0],[32.8359987,46.842417,0],[32.8357841,46.8429747,0],[32.8136032,46.8400428,0],[32.814719,46.8343475,0],[32.7740353,46.8305307,0],[32.7792709,46.8246582,0],[32.7723187,46.8204296,0],[32.7679413,46.8203121,0],[32.7657097,46.8252455,0],[32.7648514,46.827712,0],[32.7478569,46.8260677,0],[32.7453678,46.827066,0],[32.7093189,46.8235424,0],[32.7080315,46.8226614,0],[32.7069157,46.8214281,0],[32.7044266,46.820782,0],[32.7007359,46.8208407,0],[32.698597,46.82177,0],[32.6953285,46.8354631,0],[32.6964443,46.8361677,0],[32.6904577,46.8593246,0],[32.6895136,46.8626111,0],[32.6185316,46.8537487,0],[32.6129526,46.8547465,0],[32.6114935,46.8575638,0],[32.5855359,46.8553713,0],[32.5839051,46.8594211,0],[32.5781544,46.8583059,0],[32.5776395,46.862825,0],[32.5720605,46.8632358,0],[32.5725755,46.8647029,0],[32.5730904,46.8683999,0],[32.5721463,46.8726834,0],[32.5465688,46.8691041,0],[32.5455388,46.8833027,0],[32.533974,46.881623,0],[32.54179,46.850578,0],[32.5257977,46.8480927,0],[32.5318059,46.8233732,0],[32.4694928,46.8165014,0],[32.4630555,46.8407543,0],[32.365981,46.8298918,0],[32.3736199,46.7981135,0],[32.3680409,46.7978785,0],[32.3434075,46.7951168,0],[32.3341378,46.7986423,0],[32.227427,46.8452602,0],[32.2295727,46.8413267,0],[32.2318043,46.8384499,0],[32.2348084,46.83616,0],[32.2441639,46.8272345,0],[32.2440781,46.8252378,0],[32.2511162,46.8194822,0],[32.2379234,46.8114073,0],[32.2357777,46.8107611,0],[32.2330311,46.8087638,0],[32.228482,46.8078826,0],[32.2265938,46.8081176,0],[32.2105434,46.8057677,0],[32.2141483,46.7967196,0],[32.2131184,46.7910197,0],[32.2186974,46.771565,0],[32.1672972,46.7628786,0],[32.1698721,46.7523531,0],[32.1130893,46.7455636,0],[32.1129177,46.7484455,0],[32.1093986,46.7488571,0],[32.1092269,46.7529737,0],[32.0570419,46.7445049,0],[32.0604751,46.7285047,0],[32.0755813,46.729799,0],[32.088199,46.684092,0],[32.0718046,46.6821323,0],[32.071289,46.6835872,0],[32.0663526,46.6833757,0],[32.0211644,46.6774679,0],[32.03258,46.666661,0],[32.0079486,46.6646865,0],[32.0073477,46.6663947,0],[31.9987647,46.6661002,0],[31.9856326,46.6645098,0],[31.9870917,46.6562628,0],[31.9838301,46.6558504,0],[31.9886834,46.6520444,0],[31.9935757,46.6476254,0],[32.0033604,46.639199,0],[32.0085103,46.6354273,0],[32.0145184,46.6322448,0],[32.0207841,46.6302409,0],[32.0342393,46.6241374,0],[32.0416207,46.6201878,0],[32.0470281,46.6165917,0],[32.0548387,46.6154126,0],[32.0604177,46.6142334,0],[32.0639367,46.6141155,0],[32.0683999,46.6151178,0],[32.0735498,46.6160021,0],[32.076983,46.6167685,0],[32.0885701,46.617476,0],[32.0925183,46.6167685,0],[32.0988698,46.6139386,0],[32.1041913,46.6117571,0],[32.1085687,46.608809,0],[32.1111436,46.6063325,0],[32.1156926,46.6019688,0],[32.1186967,46.5978997,0],[32.1212716,46.5927686,0],[32.1258498,46.5837612,0],[32.1282531,46.5783927,0],[32.130313,46.5723157,0],[32.1334029,46.565943,0],[32.1355487,46.5621662,0],[32.1372653,46.5594515,0],[32.1400119,46.5572678,0],[32.1440459,46.5585662,0],[32.1457625,46.5600416,0],[32.1496249,46.5615761,0],[32.1555472,46.5637596,0],[32.1641303,46.5672412,0],[32.1696235,46.5698965,0],[32.1747733,46.5725517,0],[32.1782924,46.5742628,0],[32.1856738,46.5759738,0],[32.1938553,46.5771076,0],[32.1981468,46.5771076,0],[32.2035542,46.5769896,0],[32.2085324,46.5771666,0],[32.2123947,46.5781105,0],[32.2160855,46.5799394,0],[32.2215786,46.5820042,0],[32.2286167,46.5845998,0],[32.2323075,46.5867234,0],[32.2377148,46.5892598,0],[32.2414913,46.5912653,0],[32.245697,46.5924449,0],[32.2510185,46.5919731,0],[32.2553101,46.5913832,0],[32.2615757,46.5902626,0],[32.2657814,46.588434,0],[32.2699013,46.5863695,0],[32.2758236,46.5846588,0],[32.2808673,46.5804421,0],[32.2823265,46.5777873,0],[32.286618,46.5768433,0],[32.2900512,46.5757814,0],[32.2932269,46.5743064,0],[32.2956302,46.5721233,0],[32.3010375,46.5678158,0],[32.3029258,46.5666357,0],[32.306359,46.5612655,0],[32.3050716,46.5588459,0],[32.3042133,46.55619,0],[32.3067882,46.5548915,0],[32.3108222,46.553534,0],[32.3155429,46.5523535,0],[32.319062,46.5516452,0],[32.3247268,46.5507008,0],[32.3269584,46.5502876,0],[32.3309925,46.5503466,0],[32.3348548,46.5501695,0],[32.3382881,46.5494022,0],[32.3427513,46.5486348,0],[32.3460987,46.5504647,0],[32.350844,46.553825,0],[32.360972,46.554888,0],[32.3869387,46.5638455,0],[32.402474,46.5649667,0],[32.432555,46.570822,0],[32.448519,46.562914,0],[32.4511223,46.564332,0],[32.4541264,46.5656892,0],[32.457388,46.5666924,0],[32.461422,46.5682856,0],[32.4651986,46.5699378,0],[32.4682885,46.571295,0],[32.47361,46.5730651,0],[32.4768715,46.5747761,0],[32.4785023,46.5762511,0],[32.4804764,46.5777851,0],[32.4835663,46.5797909,0],[32.4863129,46.5817377,0],[32.4899178,46.5835075,0],[32.4939518,46.5855721,0],[32.5049211,46.5905978,0],[32.5067236,46.5918954,0],[32.510071,46.5939008,0],[32.5129892,46.5953163,0],[32.5174524,46.5967907,0],[32.5220014,46.5965548,0],[32.5267221,46.5953752,0],[32.5337602,46.5948444,0],[32.5413992,46.5954932,0],[32.5462057,46.5962009,0],[32.5486089,46.5969086,0],[32.5537588,46.5982651,0],[32.5564195,46.5993266,0],[32.5603677,46.6009779,0],[32.5667192,46.6021573,0],[32.571429,46.602203,0],[32.574774,46.6019929,0],[32.5774348,46.6020518,0],[32.5799239,46.6021698,0],[32.5837863,46.6027595,0],[32.5879061,46.6034082,0],[32.5894511,46.6048234,0],[32.591511,46.6060028,0],[32.5936568,46.6071821,0],[32.5958026,46.6084793,0],[32.5972617,46.6099534,0],[32.5998366,46.612017,0],[32.6024974,46.6137858,0],[32.6052439,46.6155545,0],[32.6073897,46.6175,0],[32.608508,46.619066,0],[32.6109088,46.6211551,0],[32.6152003,46.6236899,0],[32.6218645,46.6268495,0],[32.6261561,46.6286178,0],[32.6293318,46.6306807,0],[32.6315634,46.6326257,0],[32.6339667,46.6344527,0],[32.6360266,46.6359851,0],[32.6377432,46.6374584,0],[32.6390307,46.6388138,0],[32.640404,46.6405228,0],[32.6421206,46.6418781,0],[32.6437514,46.6432924,0],[32.6480429,46.6464743,0],[32.6504462,46.6480652,0],[32.6519053,46.6494203,0],[32.654566,46.6527197,0],[32.659835,46.65584,0],[32.697648,46.666764,0],[32.700653,46.659518,0],[32.7057737,46.6603372,0],[32.711564,46.662178,0],[32.7176183,46.6622811,0],[32.71912,46.659396,0],[32.721878,46.658839,0],[32.724114,46.659012,0],[32.7273172,46.6590412,0],[32.7307504,46.6592769,0],[32.7353853,46.6606906,0],[32.7377885,46.6618688,0],[32.7399343,46.662988,0],[32.742595,46.6652263,0],[32.748117,46.671947,0],[32.7495632,46.6722838,0],[32.7535972,46.6726961,0],[32.7604637,46.6720483,0],[32.7645836,46.6721072,0],[32.7772007,46.6726961,0],[32.7853546,46.673874,0],[32.7916202,46.6749929,0],[32.7960834,46.6765241,0],[32.8002033,46.6782319,0],[32.8034649,46.6797629,0],[32.8100738,46.6828249,0],[32.816597,46.6844147,0],[32.8217468,46.6855335,0],[32.8247509,46.6864167,0],[32.8281841,46.6878886,0],[32.8354797,46.6914212,0],[32.838073,46.6945079,0],[32.8388454,46.6950966,0],[32.8598739,46.7029845,0],[32.8637363,46.7045149,0],[32.8688003,46.7073989,0],[32.8716328,46.7094589,0],[32.8748085,46.7123426,0],[32.8778984,46.7154028,0],[32.8870823,46.7194631,0],[32.8954079,46.7229347,0],[32.9123687,46.7320473,0],[32.9164027,46.7334004,0],[32.9201792,46.7342828,0],[32.924385,46.7350475,0],[32.9297065,46.7359299,0],[32.9338263,46.7370476,0],[32.9370021,46.7383417,0],[32.9430102,46.7395181,0],[32.9487609,46.7402828,0],[32.9627513,46.7413415,0],[32.9753684,46.742812,0],[32.9859256,46.7434002,0],[32.9968261,46.7436354,0],[33.0042075,46.7433414,0],[33.0106448,46.7425179,0],[33.0210303,46.7426944,0],[33.0279826,46.7432237,0],[33.0325316,46.7436943,0],[33.0363082,46.7446941,0],[33.0395697,46.7459881,0],[33.0459053,46.7478978,0]]]},"properties":{"name":"Ukrainian-controlled Kherson Raion, Kherson Oblast.","styleUrl":"#poly-1A237E-1200-71-nodesc","fill-opacity":0.2784313725490196,"fill":"#1a237e","stroke-opacity":1,"stroke":"#1a237e","stroke-width":1.2}},{"type":"Feature","geometry":{"type":"Polygon","coordinates":[[[31.9838301,46.6558504,0],[31.9870917,46.6562628,0],[31.9856326,46.6645098,0],[31.9987647,46.6661002,0],[32.0073477,46.6663947,0],[32.0079486,46.6646865,0],[32.03258,46.666661,0],[32.0211644,46.6774679,0],[32.0663526,46.6833757,0],[32.071289,46.6835872,0],[32.0718046,46.6821323,0],[32.088199,46.684092,0],[32.0755813,46.729799,0],[32.0604751,46.7285047,0],[32.0570419,46.7445049,0],[32.107769,46.751647,0],[32.1138775,46.7459987,0],[32.169223,46.751882,0],[32.1672972,46.7628786,0],[32.2186974,46.771565,0],[32.2131184,46.7910197,0],[32.2140419,46.7959087,0],[32.2105434,46.8057677,0],[32.2265938,46.8081176,0],[32.228482,46.8078826,0],[32.232746,46.809696,0],[32.2357777,46.8107611,0],[32.2379234,46.8114073,0],[32.252641,46.820113,0],[32.227427,46.8452602,0],[32.340934,46.796116,0],[32.369945,46.800111,0],[32.363384,46.829392,0],[32.4643,46.840401,0],[32.4703533,46.8177716,0],[32.53244,46.824816,0],[32.526525,46.849034,0],[32.54179,46.850578,0],[32.533974,46.881623,0],[32.546236,46.882594,0],[32.5500558,46.8864199,0],[32.5676511,46.8878277,0],[32.5764058,46.9026664,0],[32.57469,46.9165622,0],[32.5684236,46.9232461,0],[32.5690244,46.9303974,0],[32.5709126,46.9321557,0],[32.5146077,46.9254737,0],[32.5085996,46.9523726,0],[32.5432512,46.9566581,0],[32.5261709,47.0181943,0],[32.5405904,47.0197157,0],[32.5450536,47.0023925,0],[32.6093408,47.0104696,0],[32.6057359,47.0286677,0],[32.6177522,47.0304228,0],[32.6005702,47.0906657,0],[32.5797992,47.0882113,0],[32.5733619,47.1124582,0],[32.5643497,47.1114068,0],[32.5525051,47.155608,0],[32.3787837,47.1335412,0],[32.3756938,47.1417151,0],[32.3204189,47.1355264,0],[32.338615,47.1579426,0],[32.2406822,47.1452763,0],[32.2384506,47.1425909,0],[32.2196537,47.1481367,0],[32.2234302,47.1507634,0],[32.2249752,47.1514055,0],[32.2273784,47.1534484,0],[32.2284084,47.1550827,0],[32.2247177,47.1567753,0],[32.2232585,47.1578258,0],[32.2236877,47.1591682,0],[32.2249752,47.1623196,0],[32.2277217,47.1635451,0],[32.2284084,47.1643621,0],[32.2310691,47.1670464,0],[32.2319274,47.1682135,0],[32.2342449,47.1688554,0],[32.2371631,47.168797,0],[32.2391372,47.1694972,0],[32.2411113,47.1719479,0],[32.2428709,47.1743693,0],[32.2342449,47.1795034,0],[32.2292667,47.1829453,0],[32.2072082,47.1799993,0],[32.2013717,47.1785408,0],[32.1935182,47.17892,0],[32.1906429,47.1795034,0],[32.1146827,47.1691471,0],[32.111507,47.1665796,0],[32.096272,47.2113763,0],[32.1029668,47.2124258,0],[32.0870023,47.2726188,0],[32.1238208,47.2775318,0],[32.1059578,47.3421405,0],[32.1329344,47.3459625,0],[32.1188581,47.4211921,0],[32.1083439,47.4201177,0],[32.1056831,47.422673,0],[32.0972717,47.4221213,0],[32.0815647,47.4266798,0],[32.0752132,47.426041,0],[32.0749128,47.4283346,0],[32.0728958,47.4284217,0],[32.0700807,47.4434306,0],[32.0581503,47.4426179,0],[32.0493955,47.4852672,0],[32.0493097,47.4877032,0],[32.0671623,47.4891543,0],[32.0817537,47.4892112,0],[32.0835561,47.4872972,0],[32.0960874,47.4885152,0],[32.0985765,47.4896172,0],[32.1051854,47.4899651,0],[32.1069879,47.4898492,0],[32.1087474,47.4906322,0],[32.1111936,47.4911251,0],[32.1121378,47.492285,0],[32.109992,47.4935029,0],[32.1078462,47.4957646,0],[32.1079321,47.5001137,0],[32.1105928,47.5011575,0],[32.1127386,47.5002877,0],[32.115056,47.4983741,0],[32.1168584,47.4970404,0],[32.1191759,47.4963445,0],[32.1232099,47.4975043,0],[32.1258439,47.5000384,0],[32.1291054,47.5034015,0],[32.1300496,47.5063006,0],[32.1292771,47.5090255,0],[32.1265305,47.5123301,0],[32.1291913,47.5134895,0],[32.1497048,47.5149388,0],[32.1494473,47.5184748,0],[32.1501339,47.5226482,0],[32.153138,47.5279804,0],[32.1550403,47.5308061,0],[32.1593319,47.5360216,0],[32.1606193,47.5418159,0],[32.1624218,47.5437858,0],[32.1574436,47.5638865,0],[32.1219955,47.5617435,0],[32.121223,47.565566,0],[32.105516,47.564176,0],[32.107576,47.5554301,0],[32.0988298,47.554072,0],[32.0979715,47.5516969,0],[31.9989921,47.5326812,0],[31.9965888,47.5419524,0],[31.9939281,47.5449073,0],[31.9524718,47.5402142,0],[31.9484378,47.5590419,0],[31.9458629,47.5600845,0],[31.8874122,47.555219,0],[31.8834221,47.5679422,0],[31.8592179,47.5660311,0],[31.8240273,47.5627878,0],[31.8027842,47.5614268,0],[31.8035138,47.5643805,0],[31.8080628,47.5646701,0],[31.8107235,47.5661759,0],[31.8100369,47.5675658,0],[31.8083203,47.5698243,0],[31.8083203,47.572546,0],[31.8050587,47.5748042,0],[31.8060028,47.5771203,0],[31.801883,47.5774098,0],[31.7935574,47.5809417,0],[31.7908966,47.5785678,0],[31.784116,47.5778731,0],[31.7850602,47.5635118,0],[31.7768204,47.5616005,0],[31.7771637,47.560558,0],[31.7786229,47.5587045,0],[31.7829144,47.5574882,0],[31.7880642,47.5524486,0],[31.7939865,47.5514059,0],[31.7959607,47.5489728,0],[31.7982781,47.5416728,0],[31.8017113,47.5386019,0],[31.8023569,47.5358653,0],[31.7960912,47.5296646,0],[31.7878515,47.5286794,0],[31.7833883,47.5245645,0],[31.7810709,47.5181886,0],[31.7748911,47.5146525,0],[31.7676813,47.5124496,0],[31.761244,47.5109423,0],[31.7536051,47.5077536,0],[31.7493135,47.5024194,0],[31.7453708,47.4897756,0],[31.7456283,47.4860636,0],[31.7451133,47.4817713,0],[31.7427958,47.479103,0],[31.738676,47.4768406,0],[31.7342128,47.4761444,0],[31.731037,47.4755063,0],[31.7300929,47.4727796,0],[31.7335261,47.4692985,0],[31.733612,47.4673257,0],[31.7313804,47.4652949,0],[31.7301787,47.463264,0],[31.7295779,47.461175,0],[31.727003,47.4594921,0],[31.7241706,47.457461,0],[31.7245139,47.4559521,0],[31.7271747,47.4535726,0],[31.7284621,47.4512511,0],[31.7291488,47.4491616,0],[31.7279471,47.44713,0],[31.7237414,47.4452145,0],[31.7213382,47.4437053,0],[31.71533,47.4431248,0],[31.6992797,47.4413833,0],[31.6941298,47.4405706,0],[31.6535319,47.4352876,0],[31.6516437,47.4462013,0],[31.6126804,47.4412912,0],[31.6029815,47.4397237,0],[31.5922527,47.4264279,0],[31.5997549,47.4228958,0],[31.6026731,47.4173206,0],[31.6038889,47.4145401,0],[31.6153687,47.4047236,0],[31.6172785,47.396837,0],[31.6016144,47.39338,0],[31.5929455,47.391201,0],[31.5907568,47.3903875,0],[31.5914863,47.3795494,0],[31.6007131,47.3766433,0],[31.6041899,47.3744642,0],[31.6138673,47.3668202,0],[31.6239499,47.3577755,0],[31.6321896,47.3498674,0],[31.6359662,47.3478902,0],[31.6503783,47.3439039,0],[31.6584464,47.340676,0],[31.6627808,47.3369826,0],[31.6330687,47.3249375,0],[31.6264168,47.3223484,0],[31.5768282,47.3032925,0],[31.5840918,47.2940588,0],[31.5827185,47.2869563,0],[31.5647249,47.2761065,0],[31.4970045,47.2960185,0],[31.4503126,47.3022468,0],[31.3997583,47.2993947,0],[31.411045,47.259624,0],[31.3682584,47.2542063,0],[31.3688592,47.2520216,0],[31.3668851,47.2516138,0],[31.3687734,47.2477685,0],[31.3583879,47.2463119,0],[31.3564567,47.2438355,0],[31.3246564,47.2394943,0],[31.3237981,47.2353859,0],[31.3295917,47.2353859,0],[31.3461141,47.2345263,0],[31.3532332,47.2330847,0],[31.3584689,47.2308117,0],[31.3604859,47.225158,0],[31.3691582,47.19648,0],[31.3710036,47.1901519,0],[31.3741793,47.1769682,0],[31.3843932,47.1456291,0],[31.3624179,47.1423651,0],[31.2952125,47.1458678,0],[31.2899768,47.1617438,0],[31.2732469,47.1593358,0],[31.2884922,47.1064613,0],[31.2920112,47.0934905,0],[31.3023109,47.0826792,0],[31.2932987,47.0815102,0],[31.3056393,47.0477989,0],[31.3001461,47.0470971,0],[31.2944274,47.0478241,0],[31.295629,47.0409225,0],[31.2976032,47.0324406,0],[31.2894492,47.0312706,0],[31.2911658,47.0247764,0],[31.2763171,47.0228456,0],[31.2678199,47.0216168,0],[31.26576,47.0280528,0],[31.2364917,47.0238988,0],[31.2365775,47.0224945,0],[31.2297969,47.0212658,0],[31.2305694,47.0185741,0],[31.2321143,47.0188667,0],[31.2370067,47.0014261,0],[31.237865,46.9979139,0],[31.2395816,46.9953967,0],[31.2441306,46.9920597,0],[31.2404399,46.9908888,0],[31.2109142,46.9869661,0],[31.195808,46.9854437,0],[31.1556353,46.9799367,0],[31.1401858,46.978707,0],[31.1369242,46.9887783,0],[31.1346926,46.9891882,0],[31.1142649,46.9863192,0],[31.1116041,46.9855581,0],[31.0868853,46.9827014,0],[31.0903186,46.9739173,0],[31.0470599,46.9701691,0],[31.0379619,46.9685291,0],[31.0326403,46.9667719,0],[31.0268039,46.9648976,0],[31.0225123,46.9640775,0],[31.0187358,46.9631403,0],[31.0175341,46.9596256,0],[31.0175341,46.9538844,0],[31.0206241,46.9446269,0],[31.0230899,46.937797,0],[31.0239482,46.9366249,0],[31.0256648,46.9351598,0],[31.0269522,46.9343393,0],[31.0292697,46.9332843,0],[31.0321021,46.9319949,0],[31.0355353,46.9301193,0],[31.0381102,46.928185,0],[31.0393977,46.9252542,0],[31.0405135,46.917516,0],[31.0399192,46.9013333,0],[31.0399192,46.900307,0],[31.0403913,46.8988702,0],[31.0413783,46.8980784,0],[31.0429662,46.8981957,0],[31.0474294,46.8984303,0],[31.0502189,46.8987822,0],[31.0558837,46.8989875,0],[31.0639089,46.8983717,0],[31.0723203,46.8955565,0],[31.0839074,46.8879314,0],[31.1003478,46.873576,0],[31.1115058,46.8446415,0],[31.1127074,46.843937,0],[31.1247237,46.8452286,0],[31.1335722,46.8456211,0],[31.1382071,46.8447405,0],[31.1425845,46.843038,0],[31.1518542,46.8380476,0],[31.1558882,46.8350531,0],[31.157519,46.8324695,0],[31.1568324,46.8224862,0],[31.1515109,46.8046292,0],[31.1530558,46.7939356,0],[31.1544291,46.7899984,0],[31.1784523,46.7682599,0],[31.1730879,46.7602932,0],[31.1647436,46.7545673,0],[31.1538431,46.7470397,0],[31.153414,46.7444519,0],[31.1525557,46.7389818,0],[31.1556456,46.7328051,0],[31.1560747,46.7252157,0],[31.1576197,46.7219208,0],[31.1620829,46.7162129,0],[31.1687777,46.7123878,0],[31.1791872,46.7089683,0],[31.1791014,46.6794742,0],[31.1835646,46.6705816,0],[31.1856084,46.6615918,0],[31.1937623,46.6606198,0],[31.1974101,46.6595889,0],[31.196981,46.6568496,0],[31.1908441,46.654935,0],[31.1828618,46.6539334,0],[31.1796432,46.6526668,0],[31.177712,46.6504279,0],[31.178742,46.6486309,0],[31.1806731,46.6480417,0],[31.1830335,46.6480122,0],[31.1869817,46.6480417,0],[31.1901611,46.6468992,0],[31.1909336,46.6448663,0],[31.1913198,46.6430691,0],[31.1935085,46.6403879,0],[31.1923927,46.6387968,0],[31.190719,46.638178,0],[31.1879295,46.6373824,0],[31.1862129,46.636852,0],[31.1829943,46.6358207,0],[31.1817926,46.635526,0],[31.179089,46.6349956,0],[31.178059,46.6344357,0],[31.1769861,46.6323729,0],[31.1774153,46.6305753,0],[31.1771873,46.6270869,0],[31.1822513,46.6267037,0],[31.1916069,46.6255248,0],[31.203194,46.6233438,0],[31.2202801,46.6182139,0],[31.2244858,46.6158557,0],[31.2280049,46.6136743,0],[31.2316956,46.6122593,0],[31.2346997,46.6113749,0],[31.2377037,46.6107263,0],[31.2413944,46.6100188,0],[31.2450852,46.6099598,0],[31.2476601,46.6099008,0],[31.2508358,46.609665,0],[31.2546124,46.6093112,0],[31.2589039,46.6090754,0],[31.2618222,46.609665,0],[31.2645687,46.6104315,0],[31.2661137,46.6107853,0],[31.2734951,46.6120235,0],[31.2782158,46.6123772,0],[31.2827648,46.6120235,0],[31.2936653,46.6116107,0],[31.3050808,46.6091343,0],[31.31766,46.6066247,0],[31.3237111,46.605976,0],[31.3305346,46.6055928,0],[31.3348262,46.6049736,0],[31.3383023,46.6037647,0],[31.3414351,46.6029392,0],[31.3440959,46.6022905,0],[31.3461558,46.6017598,0],[31.3483016,46.6010816,0],[31.3504903,46.6006393,0],[31.3522069,46.6012585,0],[31.351124,46.6026636,0],[31.3514673,46.6036661,0],[31.3533985,46.6054352,0],[31.3523256,46.6070567,0],[31.3529264,46.6080002,0],[31.3540851,46.6095627,0],[31.3536989,46.6107714,0],[31.3541281,46.6119801,0],[31.3545572,46.612953,0],[31.3539993,46.6146628,0],[31.3550225,46.616855,0],[31.357812,46.6186236,0],[31.3588849,46.619449,0],[31.3606873,46.6203038,0],[31.3627473,46.6209228,0],[31.3652364,46.6219544,0],[31.3681975,46.6228681,0],[31.370987,46.6234281,0],[31.3746777,46.6236934,0],[31.3805571,46.6238702,0],[31.3849774,46.6238997,0],[31.3896981,46.6234576,0],[31.3991459,46.6217367,0],[31.4043815,46.6195556,0],[31.4080723,46.6183176,0],[31.4105614,46.6183176,0],[31.4128788,46.6201451,0],[31.4185436,46.6260399,0],[31.421937,46.626034,0],[31.4244659,46.6252736,0],[31.4303024,46.6247431,0],[31.4326198,46.624802,0],[31.4363106,46.6249789,0],[31.4407738,46.6251557,0],[31.443692,46.6261578,0],[31.447514,46.626741,0],[31.4513309,46.6271009,0],[31.455365,46.6273367,0],[31.4596565,46.6275135,0],[31.4646347,46.6271598,0],[31.471587,46.6266293,0],[31.4783676,46.6262757,0],[31.4842041,46.6260399,0],[31.4889248,46.6255683,0],[31.4945038,46.624802,0],[31.503001,46.6229157,0],[31.5102108,46.6210293,0],[31.5191372,46.6186713,0],[31.5269916,46.6138838,0],[31.528279,46.6131763,0],[31.5294807,46.6129699,0],[31.530811,46.6120855,0],[31.5319268,46.6109653,0],[31.5345447,46.6094912,0],[31.5361755,46.6095207,0],[31.5378492,46.6087247,0],[31.5387933,46.6073685,0],[31.5402524,46.6066609,0],[31.5424411,46.6059533,0],[31.5437715,46.6049509,0],[31.5457027,46.6032998,0],[31.5469901,46.6023562,0],[31.5490071,46.6009114,0],[31.5503804,46.6004986,0],[31.551625,46.6012063,0],[31.5529983,46.6023857,0],[31.5544145,46.6029459,0],[31.5564315,46.6029754,0],[31.5570102,46.6069635,0],[31.5574822,46.6087324,0],[31.5585551,46.6105308,0],[31.5591559,46.61171,0],[31.5590272,46.6127713,0],[31.559628,46.61398,0],[31.5609584,46.6145695,0],[31.5619454,46.6156013,0],[31.5634475,46.6171931,0],[31.5645633,46.6174878,0],[31.5656361,46.6186669,0],[31.5642629,46.6191091,0],[31.5646062,46.6203176,0],[31.5675244,46.6244145,0],[31.5700564,46.6256229,0],[31.5738577,46.6288969,0],[31.576261,46.6300462,0],[31.5791792,46.6305767,0],[31.5813679,46.6306651,0],[31.5830416,46.6319028,0],[31.5849728,46.633111,0],[31.5861315,46.6340246,0],[31.5880198,46.6355863,0],[31.5892076,46.6396193,0],[31.5923833,46.641564,0],[31.6005372,46.6445103,0],[31.6050004,46.6462191,0],[31.6134976,46.6473386,0],[31.6190766,46.6480457,0],[31.6247415,46.6492241,0],[31.6323804,46.6493419,0],[31.63823,46.649489,0],[31.645255,46.6499311,0],[31.6516923,46.6500489,0],[31.6603612,46.6482814,0],[31.6925149,46.641655,0],[31.6999392,46.6396514,0],[31.7109685,46.6353788,0],[31.7265896,46.6288367,0],[31.7398505,46.6265968,0],[31.7419962,46.626479,0],[31.7447428,46.6268031,0],[31.7477898,46.6270389,0],[31.7504506,46.62698,0],[31.759334,46.6263611,0],[31.7634539,46.6255948,0],[31.7672734,46.6253295,0],[31.7713933,46.624858,0],[31.7812638,46.6207316,0],[31.790431,46.6152659,0],[31.7955808,46.6095468,0],[31.7976408,46.6097237,0],[31.7998568,46.6124696,0],[31.8011443,46.6132951,0],[31.8047492,46.6143563,0],[31.8092124,46.616184,0],[31.8130748,46.617481,0],[31.8164222,46.6187779,0],[31.8212287,46.6203107,0],[31.8280093,46.6223739,0],[31.8333308,46.6236118,0],[31.8390815,46.6248497,0],[31.8453471,46.6260286,0],[31.8546168,46.6274433,0],[31.8601958,46.629742,0],[31.8668048,46.6316281,0],[31.8772761,46.6335731,0],[31.8849024,46.6371812,0],[31.8883356,46.6390081,0],[31.8908247,46.6404814,0],[31.8946871,46.6434277,0],[31.8968328,46.6459026,0],[31.8996652,46.6494379,0],[31.9026693,46.652914,0],[31.9043001,46.6553295,0],[31.9042143,46.6579216,0],[31.9037851,46.6599245,0],[31.9009527,46.6649903,0],[31.9008879,46.6684312,0],[31.9002013,46.6718473,0],[31.899858,46.6764998,0],[31.9000296,46.6809163,0],[31.9024329,46.6838605,0],[31.9051795,46.6868045,0],[31.9068961,46.6893951,0],[31.9070678,46.6918678,0],[31.9075827,46.6974605,0],[31.908441,46.7001094,0],[31.9097285,46.7040532,0],[31.9090034,46.7123378,0],[31.9085742,46.7146329,0],[31.9115783,46.7170456,0],[31.9131233,46.7193406,0],[31.9150974,46.7220473,0],[31.9156123,46.7239301,0],[31.9175865,46.7258718,0],[31.9195606,46.7274015,0],[31.9241096,46.7291665,0],[31.9435932,46.7372847,0],[31.9503738,46.7397553,0],[31.9533779,46.7399906,0],[31.9550945,46.7382847,0],[31.9568969,46.7366965,0],[31.9600726,46.7332258,0],[31.9624759,46.7306373,0],[31.96445,46.7285193,0],[31.9662525,46.7268131,0],[31.9690849,46.7244008,0],[31.9696857,46.7220473,0],[31.970544,46.7198113,0],[31.9735518,46.7150255,0],[31.9738522,46.7142604,0],[31.9748392,46.7127892,0],[31.9753542,46.7119947,0],[31.9761267,46.7104351,0],[31.9762554,46.7093169,0],[31.975955,46.7074335,0],[31.9747105,46.703284,0],[31.974453,46.7015476,0],[31.9743242,46.7003998,0],[31.9744959,46.698781,0],[31.9747534,46.6971327,0],[31.9743242,46.6929824,0],[31.9729939,46.6904803,0],[31.9727364,46.6890379,0],[31.9723931,46.6879781,0],[31.9717493,46.6861234,0],[31.9720094,46.6850077,0],[31.9715373,46.6832118,0],[31.9708936,46.6822108,0],[31.9693486,46.6810625,0],[31.969177,46.6801792,0],[31.969692,46.6794137,0],[31.9704644,46.6783832,0],[31.9711511,46.6774704,0],[31.9719665,46.676646,0],[31.9733398,46.6746437,0],[31.9741552,46.6724941,0],[31.9777171,46.6649256,0],[31.9814937,46.6585049,0],[31.9838301,46.6558504,0]]]},"properties":{"name":"Ukrainian-controlled Mykolaiv Raion, Mykolaiv Oblast.","styleUrl":"#poly-1A237E-1200-71-nodesc","fill-opacity":0.2784313725490196,"fill":"#1a237e","stroke-opacity":1,"stroke":"#1a237e","stroke-width":1.2}},{"type":"Feature","geometry":{"type":"Polygon","coordinates":[[[32.121223,47.565566,0],[32.1219955,47.5617435,0],[32.1574436,47.5638865,0],[32.1624218,47.5437858,0],[32.1606193,47.5418159,0],[32.1593319,47.5360216,0],[32.1555248,47.5299378,0],[32.1510616,47.5233887,0],[32.1494473,47.5184748,0],[32.1502891,47.5150997,0],[32.1291913,47.5134895,0],[32.1265305,47.5123301,0],[32.1298084,47.5090156,0],[32.1300496,47.5063006,0],[32.1291054,47.5034015,0],[32.1232099,47.4975043,0],[32.1191759,47.4963445,0],[32.1168584,47.4970404,0],[32.1130714,47.4996806,0],[32.1105928,47.5011575,0],[32.1079321,47.5001137,0],[32.1078462,47.4957646,0],[32.109992,47.4935029,0],[32.1121378,47.492285,0],[32.1111936,47.4911251,0],[32.1093807,47.4907499,0],[32.1069879,47.4898492,0],[32.1051854,47.4899651,0],[32.0996819,47.4895899,0],[32.0960874,47.4885152,0],[32.0835561,47.4872972,0],[32.0817537,47.4892112,0],[32.0671623,47.4891543,0],[32.0493097,47.4877032,0],[32.0493955,47.4852672,0],[32.0581503,47.4426179,0],[32.0700807,47.4434306,0],[32.0728958,47.4284217,0],[32.0749128,47.4283346,0],[32.0752132,47.426041,0],[32.0815647,47.4266798,0],[32.0972717,47.4221213,0],[32.1056831,47.422673,0],[32.1097671,47.4201054,0],[32.1188581,47.4211921,0],[32.1329344,47.3459625,0],[32.1059578,47.3421405,0],[32.1238208,47.2775318,0],[32.0870023,47.2726188,0],[32.1029668,47.2124258,0],[32.096272,47.2113763,0],[32.111507,47.1665796,0],[32.1146827,47.1691471,0],[32.1906429,47.1795034,0],[32.1935182,47.17892,0],[32.2013717,47.1785408,0],[32.2072082,47.1799993,0],[32.2292667,47.1829453,0],[32.2432986,47.1736233,0],[32.2391372,47.1694972,0],[32.2371631,47.168797,0],[32.2342449,47.1688554,0],[32.2310691,47.1670464,0],[32.2277217,47.1635451,0],[32.2249752,47.1623196,0],[32.2232585,47.1578258,0],[32.2284084,47.1550827,0],[32.2249752,47.1514055,0],[32.2234302,47.1507634,0],[32.2196537,47.1481367,0],[32.2384506,47.1425909,0],[32.2406822,47.1452763,0],[32.338615,47.1579426,0],[32.3204189,47.1355264,0],[32.3756938,47.1417151,0],[32.3787837,47.1335412,0],[32.5525051,47.155608,0],[32.5643497,47.1114068,0],[32.5733619,47.1124582,0],[32.5797992,47.0882113,0],[32.6005702,47.0906657,0],[32.6177522,47.0304228,0],[32.6057359,47.0286677,0],[32.6093408,47.0104696,0],[32.5450536,47.0023925,0],[32.5405904,47.0197157,0],[32.5267048,47.0174883,0],[32.5430127,46.9558927,0],[32.5085996,46.9523726,0],[32.5146077,46.9254737,0],[32.5714305,46.9321996,0],[32.5690244,46.9303974,0],[32.5678257,46.9234073,0],[32.57469,46.9165622,0],[32.5764058,46.9026664,0],[32.5676511,46.8878277,0],[32.5500558,46.8864199,0],[32.546236,46.882594,0],[32.5465688,46.8691041,0],[32.5721463,46.8726834,0],[32.5730904,46.8683999,0],[32.5727865,46.8632162,0],[32.5776395,46.862825,0],[32.5787947,46.8582863,0],[32.5839051,46.8594211,0],[32.5855359,46.8553713,0],[32.6114935,46.8575638,0],[32.6129526,46.8547465,0],[32.6185316,46.8537487,0],[32.6895136,46.8626111,0],[32.6964443,46.8361677,0],[32.695591,46.835042,0],[32.698597,46.82177,0],[32.7007359,46.8208407,0],[32.7034015,46.8208307,0],[32.7069157,46.8214281,0],[32.7093189,46.8235424,0],[32.7453678,46.827066,0],[32.7478569,46.8260677,0],[32.7648514,46.827712,0],[32.7679413,46.8203121,0],[32.7723187,46.8204296,0],[32.7789068,46.8246925,0],[32.7740353,46.8305307,0],[32.814719,46.8343475,0],[32.8136032,46.8400428,0],[32.8357841,46.8429747,0],[32.8359987,46.842417,0],[32.8929903,46.8492561,0],[32.8940203,46.8499605,0],[32.949381,46.8577671,0],[32.9462911,46.8685654,0],[32.9201128,46.8662768,0],[32.916343,46.882892,0],[32.8591169,46.8765135,0],[32.8388552,46.8814281,0],[32.8358568,46.8839056,0],[32.8412585,46.8903446,0],[32.8422083,46.8927044,0],[32.839805,46.8968686,0],[32.8410925,46.8993318,0],[32.9264739,46.9098411,0],[32.9209093,46.9270509,0],[32.9442838,46.929744,0],[32.9483178,46.9292165,0],[32.954326,46.9303887,0],[32.9706338,46.932616,0],[32.9798177,46.9332607,0],[32.9760953,46.9487937,0],[32.949359,46.9457175,0],[32.9424925,46.9713178,0],[32.9340995,46.9852739,0],[32.9503215,47.0030709,0],[33.022062,46.972701,0],[33.067141,47.02241,0],[32.9332034,47.080326,0],[32.9187865,47.0842125,0],[32.913634,47.0906119,0],[32.909431,47.0964843,0],[32.9132933,47.1030281,0],[32.9126067,47.1114405,0],[32.9078583,47.123347,0],[32.9115741,47.1270642,0],[32.917071,47.1334558,0],[32.9157547,47.1392297,0],[32.916098,47.1441337,0],[32.921353,47.147402,0],[32.928286,47.1502047,0],[32.9370407,47.1560415,0],[32.9516319,47.170164,0],[32.9620501,47.1898915,0],[32.9738089,47.1902415,0],[32.9855677,47.1915247,0],[32.99046,47.1933911,0],[32.9908034,47.1886083,0],[32.9963786,47.1907639,0],[33.0008456,47.1922829,0],[33.0015322,47.1963072,0],[33.0064245,47.1960739,0],[33.0113169,47.1915247,0],[33.0130335,47.1888416,0],[33.013291,47.1844084,0],[33.0153509,47.1806749,0],[33.0186946,47.1790972,0],[33.0224749,47.1775245,0],[33.0308005,47.1769411,0],[33.0368944,47.178808,0],[33.0374953,47.1816083,0],[33.035607,47.1851084,0],[33.0383536,47.18855,0],[33.0509669,47.1909389,0],[33.056893,47.1936827,0],[33.0657298,47.2023114,0],[33.06746,47.2064134,0],[33.0665022,47.2195114,0],[33.0685758,47.221222,0],[33.073528,47.222828,0],[33.0780172,47.2209889,0],[33.0878282,47.2215315,0],[33.0922651,47.2233789,0],[33.0987882,47.2227377,0],[33.1031656,47.2199979,0],[33.1069684,47.2157601,0],[33.1050538,47.212419,0],[33.1069421,47.2095037,0],[33.1107187,47.207288,0],[33.115096,47.2050139,0],[33.1188726,47.2043725,0],[33.126769,47.2022732,0],[33.1356954,47.2060052,0],[33.138957,47.2061802,0],[33.1429052,47.2083959,0],[33.1416177,47.2104949,0],[33.1339629,47.2134536,0],[33.1284856,47.2201145,0],[33.126324,47.2285517,0],[33.1275256,47.2309413,0],[33.1313614,47.2330557,0],[33.1363395,47.2327643,0],[33.1392844,47.2316407,0],[33.1438335,47.2309413,0],[33.1495841,47.2321653,0],[33.1511882,47.2339881,0],[33.1525024,47.2347296,0],[33.158398,47.2359696,0],[33.1635479,47.236261,0],[33.1592563,47.2319483,0],[33.1625446,47.2322236,0],[33.1664661,47.2341047,0],[33.1717018,47.2334053,0],[33.1734184,47.2343961,0],[33.1743625,47.2357948,0],[33.1781391,47.2378345,0],[33.1820015,47.2370186,0],[33.1838039,47.2384172,0],[33.1364159,47.26777,0],[33.1401066,47.2717885,0],[33.1194214,47.277612,0],[33.1183056,47.2815716,0],[33.1050018,47.2793589,0],[33.1013868,47.2907972,0],[33.1097124,47.2933005,0],[33.1109998,47.2948141,0],[33.1109998,47.3015081,0],[33.1013868,47.3221087,0],[33.1328446,47.3284751,0],[33.1328446,47.3319365,0],[33.1388527,47.3329836,0],[33.1314713,47.3496468,0],[33.1211332,47.3890844,0],[33.038418,47.379011,0],[33.0284732,47.4233377,0],[33.0380189,47.425808,0],[33.0332982,47.4410777,0],[33.0547559,47.4429934,0],[33.0477178,47.4681807,0],[33.07142,47.476586,0],[33.0708921,47.4716619,0],[33.0715389,47.4122521,0],[33.1253976,47.4183505,0],[33.1273288,47.4178859,0],[33.1377777,47.4194064,0],[33.1241355,47.4768062,0],[33.1282983,47.4771543,0],[33.1270108,47.4798517,0],[33.1307444,47.4807799,0],[33.123062,47.5082475,0],[33.1469658,47.5145956,0],[33.1406849,47.5432852,0],[33.0947136,47.527491,0],[33.0885338,47.5537964,0],[33.0924262,47.5792248,0],[33.0946096,47.5970014,0],[33.0711779,47.5963068,0],[33.0371889,47.5940495,0],[32.9923853,47.5915605,0],[32.9606279,47.590287,0],[32.9604563,47.5911553,0],[32.9598555,47.5942231,0],[32.9608854,47.5976381,0],[32.9650911,47.5992586,0],[32.9681411,47.6016305,0],[32.9710593,47.6029037,0],[32.9702869,47.6047556,0],[32.9721751,47.6048135,0],[32.9734626,47.6035403,0],[32.9756942,47.602788,0],[32.9764667,47.6036561,0],[32.9771533,47.605508,0],[32.9787841,47.6066653,0],[32.9812732,47.6064917,0],[32.9805007,47.603251,0],[32.9823032,47.6030195,0],[32.9860797,47.6044084,0],[32.9904571,47.6058552,0],[32.9906287,47.6082278,0],[32.9889979,47.6103109,0],[32.9877963,47.6150556,0],[32.9895988,47.6163863,0],[32.9934611,47.6162706,0],[32.9962077,47.6156342,0],[32.9997268,47.6145349,0],[33.00419,47.6149399,0],[33.0073657,47.6171385,0],[33.0093398,47.6179485,0],[33.0123439,47.6184113,0],[33.015348,47.6203205,0],[33.0134597,47.623618,0],[33.0093398,47.6255849,0],[33.0074515,47.625527,0],[33.0053058,47.6238494,0],[33.0024734,47.622461,0],[32.9994693,47.6219982,0],[32.9938045,47.6234445,0],[32.9950061,47.6270889,0],[32.9928603,47.6335672,0],[32.972519,47.7226192,0],[33.0053995,47.7260628,0],[33.005142,47.731865,0],[33.0723794,47.738753,0],[33.071564,47.7420431,0],[33.0708774,47.7441786,0],[33.0669292,47.7617791,0],[33.0652555,47.7626734,0],[33.0560716,47.761404,0],[33.0502667,47.7817795,0],[33.0665745,47.7833078,0],[33.0685057,47.7848073,0],[33.0674328,47.7856435,0],[33.056771,47.8314303,0],[33.0818764,47.8349738,0],[33.0700714,47.8824277,0],[33.0859501,47.8852482,0],[33.0860359,47.8870901,0],[33.0780927,47.9202475,0],[33.0629436,47.918263,0],[33.0630723,47.919356,0],[33.0547468,47.9161922,0],[33.0411855,47.9143801,0],[33.0345336,47.9128844,0],[33.0150501,47.9097202,0],[33.0142347,47.9107845,0],[33.0108444,47.9128556,0],[33.0097286,47.9120214,0],[33.0078403,47.9125967,0],[33.0081407,47.9138336,0],[33.00342,47.9160196,0],[33.0029909,47.917055,0],[33.0026475,47.9182055,0],[33.0018751,47.9191834,0],[33.0007593,47.9206214,0],[32.9997293,47.9225195,0],[32.9992143,47.9237274,0],[32.9986135,47.9252228,0],[32.9979268,47.9265457,0],[32.997326,47.9276959,0],[32.9974119,47.9288462,0],[32.9954378,47.931089,0],[32.992777,47.935287,0],[33.0073682,47.9368396,0],[33.0017205,47.9673291,0],[32.9982015,47.9676739,0],[32.9966565,47.9681911,0],[32.9951974,47.9711218,0],[32.9949399,47.9759486,0],[32.9957982,47.9860316,0],[32.9970857,47.9865486,0],[32.9976436,47.9861178,0],[33.0006047,47.9867497,0],[33.0042096,47.9885592,0],[32.9898684,48.0483586,0],[32.9832594,48.0470963,0],[32.9649927,48.0392931,0],[32.9513456,48.0356776,0],[32.9453374,48.0421625,0],[32.9281713,48.0399818,0],[32.9128934,48.0381454,0],[32.9154684,48.0318321,0],[32.8830244,48.0276994,0],[32.8795911,48.0279864,0],[32.8772737,48.0330948,0],[32.8701498,48.0321191,0],[32.8719522,48.0244849,0],[32.8755571,48.0238534,0],[32.8787328,48.0221312,0],[32.8856851,48.0201793,0],[32.8896333,48.0061695,0],[32.8890325,48.0053081,0],[32.8948474,47.9849941,0],[32.8673816,47.9829833,0],[32.8654933,47.9835578,0],[32.8645492,47.985109,0],[32.8111625,47.9787892,0],[32.8107333,47.975744,0],[32.8069568,47.975744,0],[32.8022361,47.9743075,0],[32.8006053,47.9766059,0],[32.8013778,47.9805129,0],[32.7976012,47.9805703,0],[32.7954555,47.9822939,0],[32.7941449,47.9840995,0],[32.7951749,47.9854495,0],[32.7935012,47.9865411,0],[32.7924283,47.989241,0],[32.791055,47.9898154,0],[32.791055,47.9908494,0],[32.7898534,47.9908494,0],[32.7883367,47.9924374,0],[32.7641753,47.9894504,0],[32.7640895,47.9900823,0],[32.7300147,47.9863771,0],[32.7296714,47.9869228,0],[32.6895885,47.9820396,0],[32.696927,47.9466946,0],[32.7368812,47.9517536,0],[32.7383403,47.9513799,0],[32.7421169,47.9518973,0],[32.7407436,47.9502877,0],[32.737482,47.9477294,0],[32.7373532,47.9460909,0],[32.7356366,47.9437337,0],[32.7387265,47.9424688,0],[32.7391557,47.9404564,0],[32.7413873,47.9387314,0],[32.7461938,47.9326361,0],[32.6508016,47.9212833,0],[32.6544995,47.9072032,0],[32.6555295,47.9067717,0],[32.6563878,47.9047579,0],[32.6629967,47.9055922,0],[32.6653142,47.9052182,0],[32.6666874,47.9061964,0],[32.6765683,47.9070957,0],[32.6794007,47.8947817,0],[32.6815465,47.892192,0],[32.6804307,47.8917891,0],[32.6810315,47.8909834,0],[32.6856843,47.8733377,0],[32.66457,47.8709195,0],[32.6694623,47.8531833,0],[32.6749555,47.8575027,0],[32.6776162,47.8549111,0],[32.6804486,47.8521465,0],[32.6769305,47.8496505,0],[32.673626,47.8430261,0],[32.6719094,47.8417876,0],[32.666545,47.8401169,0],[32.6642705,47.8391087,0],[32.6570607,47.8260583,0],[32.6590777,47.8197479,0],[32.6335431,47.8167221,0],[32.631569,47.8163763,0],[32.6309682,47.8157711,0],[32.6243592,47.8148489,0],[32.6244021,47.8130909,0],[32.5817632,47.8079661,0],[32.5384616,47.8026337,0],[32.5364017,47.8034984,0],[32.5294677,47.8025688,0],[32.5226441,47.8024535,0],[32.5227729,47.8014446,0],[32.5104132,47.7990231,0],[32.5081387,47.7993114,0],[32.5026885,47.7991096,0],[32.4942771,47.7975241,0],[32.4261564,47.7894133,0],[32.4250836,47.800484,0],[32.4243111,47.8010317,0],[32.4210924,47.8018677,0],[32.4187321,47.8012047,0],[32.417273,47.7993021,0],[32.4155134,47.7976012,0],[32.4093967,47.7959691,0],[32.4071222,47.7953637,0],[32.4034744,47.7948736,0],[32.4006849,47.7950754,0],[32.396093,47.7976988,0],[32.3975092,47.7985925,0],[32.3990541,47.7985925,0],[32.4007707,47.7982754,0],[32.4024015,47.7984195,0],[32.4048477,47.7991691,0],[32.403689,47.8000339,0],[32.4012428,47.8002645,0],[32.3987537,47.8001492,0],[32.3956209,47.7996879,0],[32.3939043,47.7993132,0],[32.3902136,47.7980448,0],[32.3881107,47.7975259,0],[32.3870378,47.7985637,0],[32.3848062,47.7985348,0],[32.3776394,47.7963727,0],[32.3754936,47.7949601,0],[32.3730045,47.794124,0],[32.3708158,47.7934609,0],[32.3693138,47.7921923,0],[32.3686701,47.7906354,0],[32.3672968,47.7893379,0],[32.3648077,47.7884729,0],[32.3616319,47.7891938,0],[32.3589712,47.7905201,0],[32.3551088,47.7923365,0],[32.3511177,47.7940952,0],[32.3475986,47.7963727,0],[32.3440367,47.7983619,0],[32.3409467,47.7996879,0],[32.3385435,47.8005528,0],[32.336269,47.8018211,0],[32.3333936,47.8032048,0],[32.3314625,47.8046172,0],[32.3294025,47.8062313,0],[32.3291403,47.8081315,0],[32.3288399,47.8097167,0],[32.328282,47.8108408,0],[32.3270374,47.8126277,0],[32.32575,47.8133482,0],[32.3237329,47.8136652,0],[32.3214584,47.814328,0],[32.3211151,47.8147891,0],[32.3193985,47.8168352,0],[32.3173385,47.8179591,0],[32.3151499,47.8185354,0],[32.3121458,47.8190541,0],[32.3087984,47.8193423,0],[32.3073822,47.8208407,0],[32.303949,47.822512,0],[32.3020607,47.8240392,0],[32.2984129,47.8244426,0],[32.2973829,47.822829,0],[32.2946363,47.8219933,0],[32.2890573,47.8216764,0],[32.2366148,47.8150197,0],[32.2398816,47.7939394,0],[32.2230158,47.7914887,0],[32.2278349,47.7731292,0],[32.2270409,47.7720476,0],[32.2277276,47.771341,0],[32.2283499,47.7713121,0],[32.2313515,47.7601128,0],[32.2078339,47.7572855,0],[32.2207297,47.7115595,0],[32.2006453,47.7094804,0],[32.1768702,47.7069968,0],[32.1893157,47.6479932,0],[32.1859683,47.6472993,0],[32.1930922,47.6159496,0],[32.2173823,47.6182639,0],[32.2235621,47.5937852,0],[32.1757544,47.5885176,0],[32.1705187,47.6138088,0],[32.149576,47.6117258,0],[32.1547483,47.5903069,0],[32.1170687,47.5857915,0],[32.1177553,47.5838232,0],[32.112863,47.5830706,0],[32.1150087,47.5752542,0],[32.1186136,47.5754279,0],[32.121223,47.565566,0]]]},"properties":{"name":"Ukrainian-controlled Bashtanka Raion, Mykolaiv Oblast. ","styleUrl":"#poly-1A237E-1200-69-nodesc","fill-opacity":0.27058823529411763,"fill":"#1a237e","stroke-opacity":1,"stroke":"#1a237e","stroke-width":1.2}},{"type":"Feature","geometry":{"type":"Polygon","coordinates":[[[37.2048859,48.3555062,0],[37.2060661,48.3554135,0],[37.2064201,48.3567111,0],[37.205299,48.356843,0],[37.2052936,48.3572173,0],[37.2048323,48.3572886,0],[37.2013133,48.3576344,0],[37.2014769,48.3582573,0],[37.1994089,48.3584809,0],[37.1983628,48.3585717,0],[37.1976225,48.3545153,0],[37.1985988,48.3542871,0],[37.2003476,48.3543085,0],[37.2007446,48.3542016,0],[37.2013883,48.3541802,0],[37.201399,48.3546792,0],[37.2014634,48.3555989,0],[37.2028582,48.3555989,0],[37.2048859,48.3555062,0]]]},"properties":{"name":"Polygon 32","styleUrl":"#poly-1A237E-1200-87-nodesc","fill-opacity":0.3411764705882353,"fill":"#1a237e","stroke-opacity":1,"stroke":"#1a237e","stroke-width":1.2}},{"type":"Feature","geometry":{"type":"Polygon","coordinates":[[[37.8206142,49.6726294,0],[37.8187669,49.6707593,0],[37.8130162,49.6702593,0],[37.8107846,49.6659264,0],[37.8123296,49.6644264,0],[37.8169645,49.6637042,0],[37.8215993,49.6624264,0],[37.8336585,49.6585928,0],[37.8399242,49.6565092,0],[37.845548,49.6568519,0],[37.8437456,49.65988,0],[37.8434881,49.6647691,0],[37.8421148,49.6678522,0],[37.8338321,49.6708797,0],[37.8344759,49.6722684,0],[37.8279098,49.6724628,0],[37.8253349,49.6718518,0],[37.8206142,49.6726294,0]]]},"properties":{"name":"Polygon 33","styleUrl":"#poly-1A237E-1200-102-nodesc","fill-opacity":0.4,"fill":"#1a237e","stroke-opacity":1,"stroke":"#1a237e","stroke-width":1.2}},{"type":"Feature","geometry":{"type":"Polygon","coordinates":[[[37.7955389,49.6749008,0],[37.7966332,49.6759423,0],[37.7818918,49.6801494,0],[37.7808404,49.6783166,0],[37.7819347,49.6779417,0],[37.782793,49.6782888,0],[37.7953887,49.6749008,0],[37.7955389,49.6749008,0]]]},"properties":{"name":"Polygon 35","styleUrl":"#poly-1A237E-1200-107-nodesc","fill-opacity":0.4196078431372549,"fill":"#1a237e","stroke-opacity":1,"stroke":"#1a237e","stroke-width":1.2}},{"type":"Feature","geometry":{"type":"Polygon","coordinates":[[[37.7420026,49.4658025,0],[37.7436763,49.466932,0],[37.7477747,49.469721,0],[37.7490407,49.4704879,0],[37.7486974,49.4708225,0],[37.7471095,49.4714361,0],[37.7444058,49.4720357,0],[37.7438265,49.4723285,0],[37.7431398,49.4726771,0],[37.7419597,49.4727049,0],[37.740801,49.4724958,0],[37.7398997,49.4722588,0],[37.7391273,49.4719241,0],[37.7385908,49.4714919,0],[37.7375823,49.4705018,0],[37.7379685,49.4701532,0],[37.7391058,49.4697489,0],[37.7393418,49.4693026,0],[37.7397281,49.4681871,0],[37.7401358,49.4664858,0],[37.740801,49.465928,0],[37.7420026,49.4658025,0]]]},"properties":{"name":"Polygon 35","styleUrl":"#poly-1A237E-1200-99-nodesc","fill-opacity":0.38823529411764707,"fill":"#1a237e","stroke-opacity":1,"stroke":"#1a237e","stroke-width":1.2}},{"type":"Feature","geometry":{"type":"Polygon","coordinates":[[[37.847775,49.0554185,0],[37.8483758,49.0501732,0],[37.8514657,49.0498638,0],[37.8561864,49.0495263,0],[37.8553284,49.0379925,0],[37.8551566,49.0341383,0],[37.8569159,49.0341806,0],[37.8573665,49.0376622,0],[37.8609071,49.0378241,0],[37.8612075,49.0482605,0],[37.8621087,49.0497231,0],[37.8586326,49.0510732,0],[37.8518091,49.053042,0],[37.8494916,49.0534639,0],[37.84932,49.0554888,0],[37.847775,49.0554185,0]]]},"properties":{"name":"Polygon 36","styleUrl":"#poly-1A237E-1200-102-nodesc","fill-opacity":0.4,"fill":"#1a237e","stroke-opacity":1,"stroke":"#1a237e","stroke-width":1.2}},{"type":"Feature","geometry":{"type":"Polygon","coordinates":[[[37.8142302,49.0488988,0],[37.8155821,49.0475487,0],[37.8185647,49.04828,0],[37.8227704,49.0483081,0],[37.8237789,49.0473518,0],[37.8251307,49.0477596,0],[37.8257101,49.0473658,0],[37.8287356,49.0488285,0],[37.8288429,49.0495176,0],[37.8281133,49.0501505,0],[37.8274267,49.0502348,0],[37.8262465,49.0496864,0],[37.8240578,49.0487441,0],[37.8192299,49.0488004,0],[37.8177922,49.0503052,0],[37.8140586,49.0491941,0],[37.8142302,49.0488988,0]]]},"properties":{"name":"Polygon 40","styleUrl":"#poly-1A237E-1200-112-nodesc","fill-opacity":0.4392156862745098,"fill":"#1a237e","stroke-opacity":1,"stroke":"#1a237e","stroke-width":1.2}},{"type":"Feature","geometry":{"type":"Polygon","coordinates":[[[37.6784292,49.713545,0],[37.6801029,49.7154042,0],[37.6816478,49.7174575,0],[37.685596,49.7167361,0],[37.6875272,49.7165141,0],[37.6882997,49.7171801,0],[37.6889434,49.7180125,0],[37.6893297,49.7188449,0],[37.6894155,49.721009,0],[37.6896301,49.722424,0],[37.6895442,49.7235061,0],[37.6893297,49.7251429,0],[37.6886001,49.7263081,0],[37.6879993,49.7270849,0],[37.6855531,49.7286661,0],[37.6847806,49.7291932,0],[37.6828065,49.7308576,0],[37.6822486,49.7320226,0],[37.6821199,49.7330767,0],[37.6826349,49.7339366,0],[37.6819053,49.7355731,0],[37.6819482,49.7370709,0],[37.6816049,49.7378197,0],[37.6798454,49.7399276,0],[37.6786867,49.7404268,0],[37.6761976,49.7413698,0],[37.6743093,49.7413143,0],[37.671906,49.7407319,0],[37.6704469,49.7397612,0],[37.6695886,49.7386518,0],[37.6702323,49.7366826,0],[37.669889,49.7350184,0],[37.6685157,49.7336315,0],[37.6664558,49.7300531,0],[37.6661554,49.72825,0],[37.6644388,49.7261694,0],[37.6626792,49.7245326,0],[37.6621642,49.7228402,0],[37.6622072,49.7216194,0],[37.6605764,49.7197882,0],[37.6601472,49.7173188,0],[37.6635805,49.7168471,0],[37.666327,49.7164864,0],[37.6680437,49.7149325,0],[37.6683011,49.7136838,0],[37.6670137,49.7127403,0],[37.6664558,49.7121298,0],[37.6670995,49.7112418,0],[37.6676574,49.7109365,0],[37.6685157,49.710548,0],[37.6699748,49.710548,0],[37.6727,49.7110891,0],[37.6757255,49.7120049,0],[37.6765409,49.7123795,0],[37.6770773,49.7126986,0],[37.6776567,49.7129761,0],[37.678236,49.7132536,0],[37.6784292,49.713545,0]]]},"properties":{"name":"Polygon 43","styleUrl":"#poly-1A237E-1200-82-nodesc","fill-opacity":0.3215686274509804,"fill":"#1a237e","stroke-opacity":1,"stroke":"#1a237e","stroke-width":1.2}},{"type":"Feature","geometry":{"type":"Polygon","coordinates":[[[37.782557,49.650308,0],[37.7829862,49.6500023,0],[37.7853465,49.6495022,0],[37.7878785,49.64953,0],[37.7911401,49.649919,0],[37.7927709,49.6504469,0],[37.7950454,49.6515861,0],[37.7973628,49.6525863,0],[37.8010535,49.6530587,0],[37.8009248,49.6550313,0],[37.798779,49.6550591,0],[37.7967191,49.6546701,0],[37.7949166,49.6542256,0],[37.7931142,49.6537533,0],[37.7912688,49.6526975,0],[37.7871919,49.6535588,0],[37.7847028,49.6537533,0],[37.7829433,49.6532532,0],[37.7821708,49.6521418,0],[37.782557,49.650308,0]]]},"properties":{"name":"Polygon 41","styleUrl":"#poly-1A237E-1200-97-nodesc","fill-opacity":0.3803921568627451,"fill":"#1a237e","stroke-opacity":1,"stroke":"#1a237e","stroke-width":1.2}},{"type":"Feature","geometry":{"type":"Polygon","coordinates":[[[37.7620361,48.5255871,0],[37.7655552,48.5229153,0],[37.7772282,48.5267808,0],[37.7816914,48.5283724,0],[37.7802322,48.5299639,0],[37.7779148,48.5301629,0],[37.7753399,48.5297082,0],[37.7738379,48.5293671,0],[37.7722929,48.5287703,0],[37.7714346,48.5286566,0],[37.7698467,48.5283156,0],[37.7690313,48.5277471,0],[37.768173,48.5270082,0],[37.767658,48.5268661,0],[37.7653835,48.526724,0],[37.7647398,48.5263829,0],[37.7638386,48.5261555,0],[37.7620361,48.5255871,0]]]},"properties":{"name":"Polygon 41","styleUrl":"#poly-1A237E-1200-66-nodesc","fill-opacity":0.25882352941176473,"fill":"#1a237e","stroke-opacity":1,"stroke":"#1a237e","stroke-width":1.2}},{"type":"Feature","geometry":{"type":"Polygon","coordinates":[[[37.74419,49.713283,0],[37.7375874,49.7146869,0],[37.731671,49.716701,0],[37.7321684,49.7228376,0],[37.7326061,49.7238075,0],[37.7241698,49.723495,0],[37.7241535,49.7228206,0],[37.7237031,49.7166749,0],[37.7225124,49.7167196,0],[37.7218128,49.7127235,0],[37.7233578,49.7108365,0],[37.7248169,49.7085609,0],[37.7253319,49.7076728,0],[37.7272201,49.7075617,0],[37.7333142,49.71067,0],[37.7413902,49.7090956,0],[37.7417407,49.7013044,0],[37.7521767,49.7006176,0],[37.7539192,49.7078236,0],[37.7485366,49.709368,0],[37.74419,49.713283,0]]]},"properties":{"name":"Polygon 41","styleUrl":"#poly-1A237E-1200-94-nodesc","fill-opacity":0.3686274509803922,"fill":"#1a237e","stroke-opacity":1,"stroke":"#1a237e","stroke-width":1.2}},{"type":"Feature","geometry":{"type":"Polygon","coordinates":[[[37.7264303,49.6435884,0],[37.7265161,49.6353899,0],[37.7362579,49.634695,0],[37.7362061,49.6379963,0],[37.7447034,49.6374405,0],[37.7449179,49.6405532,0],[37.7480079,49.6401363,0],[37.7540062,49.6394664,0],[37.7535722,49.6408546,0],[37.7479023,49.6415479,0],[37.7485694,49.6490732,0],[37.7357377,49.6495178,0],[37.7347077,49.6431266,0],[37.7264303,49.6435884,0]]]},"properties":{"name":"Polygon 41","styleUrl":"#poly-1A237E-1200-92-nodesc","fill-opacity":0.3607843137254902,"fill":"#1a237e","stroke-opacity":1,"stroke":"#1a237e","stroke-width":1.2}},{"type":"Feature","geometry":{"type":"Polygon","coordinates":[[[36.1926547,47.84613,0],[36.190614,47.8442074,0],[36.1885541,47.8429976,0],[36.1888116,47.8410966,0],[36.1904861,47.8379145,0],[36.1934062,47.8379518,0],[36.1975276,47.8341866,0],[36.1975663,47.8320512,0],[36.2006409,47.8323043,0],[36.2065632,47.8323187,0],[36.2064988,47.8329525,0],[36.2151248,47.8325636,0],[36.235295,47.8327796,0],[36.2400586,47.8328661,0],[36.2535126,47.8324051,0],[36.264456,47.8317137,0],[36.2676103,47.8324627,0],[36.2753994,47.8228396,0],[36.2749273,47.817134,0],[36.2757642,47.8146268,0],[36.2766654,47.8145692,0],[36.2889695,47.8162092,0],[36.2867379,47.8347647,0],[36.2654364,47.8334789,0],[36.2611264,47.8340098,0],[36.2533158,47.8337218,0],[36.2528008,47.8402897,0],[36.2387246,47.8394255,0],[36.2383813,47.8436885,0],[36.2142628,47.8436885,0],[36.2139195,47.8474904,0],[36.1926547,47.84613,0]]]},"properties":{"name":"Ukrainian controlled Dnipropetrovsk Oblast - East. ","styleUrl":"#poly-1A237E-1200-94-nodesc","fill-opacity":0.3686274509803922,"fill":"#1a237e","stroke-opacity":1,"stroke":"#1a237e","stroke-width":1.2}},{"type":"Feature","geometry":{"type":"Polygon","coordinates":[[[34.3099793,51.7284006,0],[34.3135713,51.7268097,0],[34.3186911,51.7267525,0],[34.3217682,51.7270889,0],[34.3255778,51.7249472,0],[34.3272313,51.7230308,0],[34.3284575,51.7218971,0],[34.3306198,51.7210695,0],[34.3344613,51.7202151,0],[34.3378846,51.7191089,0],[34.3416803,51.7187816,0],[34.3442219,51.7187774,0],[34.3477077,51.7186136,0],[34.3485634,51.7179272,0],[34.3491887,51.715001,0],[34.3490706,51.712199,0],[34.3545638,51.7110289,0],[34.3593093,51.7108558,0],[34.3653784,51.7103907,0],[34.3726298,51.7118593,0],[34.3789397,51.7140071,0],[34.3714825,51.7271611,0],[34.3632427,51.7262574,0],[34.3609682,51.7264435,0],[34.356505,51.727746,0],[34.3558613,51.7285168,0],[34.3533293,51.7295801,0],[34.3514839,51.7301117,0],[34.3490807,51.7310154,0],[34.3477503,51.7316267,0],[34.3462053,51.7329823,0],[34.3450466,51.7337796,0],[34.3440167,51.7340986,0],[34.3429009,51.734258,0],[34.3415705,51.7342846,0],[34.338266,51.7344441,0],[34.3365923,51.7344441,0],[34.3357769,51.735268,0],[34.3327299,51.7359059,0],[34.3289963,51.7355071,0],[34.3223444,51.7346035,0],[34.299213,51.7313344,0],[34.292604,51.7316002,0],[34.2840639,51.7146127,0],[34.2892915,51.7126657,0],[34.2908793,51.7132174,0],[34.2918986,51.7140284,0],[34.2918986,51.7145669,0],[34.2930358,51.7150721,0],[34.2937505,51.7170974,0],[34.2941629,51.7173654,0],[34.2947443,51.7190961,0],[34.2957314,51.7201596,0],[34.29677,51.7205093,0],[34.2988299,51.7227425,0],[34.2996668,51.7233007,0],[34.3011044,51.7236065,0],[34.3028425,51.7236463,0],[34.3065547,51.724404,0],[34.307413,51.728604,0],[34.3082284,51.7289496,0],[34.3099793,51.7284006,0]]]},"properties":{"name":"Polygon 25","styleUrl":"#poly-FFD600-1200-77-nodesc","fill-opacity":0.30196078431372547,"fill":"#ffd600","stroke-opacity":1,"stroke":"#ffd600","stroke-width":1.2}},{"type":"Feature","geometry":{"type":"Polygon","coordinates":[[[35.4615253,50.7540478,0],[35.462832,50.7584095,0],[35.4624457,50.7601198,0],[35.4716296,50.7612871,0],[35.4727692,50.7662368,0],[35.4673189,50.7657753,0],[35.4664177,50.7651781,0],[35.4651731,50.7645538,0],[35.4637569,50.7637938,0],[35.4608816,50.7635495,0],[35.4575771,50.7639567,0],[35.4555172,50.7633323,0],[35.4541868,50.7612964,0],[35.4524271,50.7566269,0],[35.4513973,50.7533419,0],[35.45129,50.7496357,0],[35.4527277,50.7488619,0],[35.4547641,50.7475101,0],[35.4549122,50.7430084,0],[35.4592038,50.7439045,0],[35.463507,50.7442693,0],[35.4652666,50.7476909,0],[35.4615658,50.7530083,0],[35.4615253,50.7540478,0]]]},"properties":{"name":"Polygon 7","styleUrl":"#poly-FFD600-1200-77-nodesc","fill-opacity":0.30196078431372547,"fill":"#ffd600","stroke-opacity":1,"stroke":"#ffd600","stroke-width":1.2}},{"type":"Feature","geometry":{"type":"Polygon","coordinates":[[[37.750988,49.7253075,0],[37.7559434,49.7245739,0],[37.7580777,49.725289,0],[37.7598688,49.7251717,0],[37.7605109,49.7367981,0],[37.7466817,49.7419154,0],[37.7448153,49.7437879,0],[37.7212324,49.7447728,0],[37.7202583,49.737723,0],[37.7207425,49.7338574,0],[37.7175606,49.7338303,0],[37.71734,49.7293461,0],[37.7482263,49.7287617,0],[37.750988,49.7253075,0]]]},"properties":{"name":"Polygon 15","styleUrl":"#poly-FFD600-1200-77-nodesc","fill-opacity":0.30196078431372547,"fill":"#ffd600","stroke-opacity":1,"stroke":"#ffd600","stroke-width":1.2}},{"type":"Feature","geometry":{"type":"Polygon","coordinates":[[[34.8813752,51.1097637,0],[34.8866797,51.104824,0],[34.88904,51.105336,0],[34.8910407,51.1150245,0],[34.8813752,51.1097637,0]]]},"properties":{"name":"Polygon 16","styleUrl":"#poly-FFD600-1200-77-nodesc","fill-opacity":0.30196078431372547,"fill":"#ffd600","stroke-opacity":1,"stroke":"#ffd600","stroke-width":1.2}},{"type":"Feature","geometry":{"type":"Polygon","coordinates":[[[34.9106482,51.1222396,0],[34.9200466,51.1184415,0],[34.9209479,51.1182798,0],[34.9217203,51.1198961,0],[34.934831,51.1168251,0],[34.9424699,51.1148585,0],[34.9425986,51.1162325,0],[34.9420837,51.1194651,0],[34.9461177,51.1243406,0],[34.9442663,51.1249468,0],[34.9411117,51.1229745,0],[34.9257051,51.1265837,0],[34.9151908,51.1281459,0],[34.9114215,51.1224231,0],[34.9106482,51.1222396,0]]]},"properties":{"name":"Polygon 17","styleUrl":"#poly-FFD600-1200-77-nodesc","fill-opacity":0.30196078431372547,"fill":"#ffd600","stroke-opacity":1,"stroke":"#ffd600","stroke-width":1.2}},{"type":"Feature","geometry":{"type":"Polygon","coordinates":[[[37.8455433,48.7049706,0],[37.8459296,48.7048573,0],[37.8522976,48.703977,0],[37.8536548,48.7034742,0],[37.857764,48.706317,0],[37.8634819,48.7091053,0],[37.8702468,48.7121039,0],[37.866245,48.716946,0],[37.8656176,48.7172974,0],[37.8624848,48.7212047,0],[37.8604678,48.7212613,0],[37.8561005,48.7160147,0],[37.854298,48.7133813,0],[37.8524098,48.7121354,0],[37.8498348,48.7079442,0],[37.8455433,48.7049706,0]]]},"properties":{"name":"Polygon 18","styleUrl":"#poly-FFD600-1200-77-nodesc","fill-opacity":0.30196078431372547,"fill":"#ffd600","stroke-opacity":1,"stroke":"#ffd600","stroke-width":1.2}},{"type":"Feature","geometry":{"type":"Polygon","coordinates":[[[36.6479435,50.2258061,0],[36.6390825,50.2261016,0],[36.6232897,50.228298,0],[36.6128183,50.2315924,0],[36.5934106,50.2220669,0],[36.5921321,50.221111,0],[36.6169801,50.2130375,0],[36.6237822,50.2105658,0],[36.6259709,50.2101538,0],[36.6299191,50.2093848,0],[36.633009,50.2090827,0],[36.6349402,50.2089179,0],[36.6398325,50.2102912,0],[36.6414204,50.2121862,0],[36.6434374,50.2155091,0],[36.6479435,50.2258061,0]]]},"properties":{"name":"Polygon 19","styleUrl":"#poly-FFD600-1200-77-nodesc","fill-opacity":0.30196078431372547,"fill":"#ffd600","stroke-opacity":1,"stroke":"#ffd600","stroke-width":1.2}},{"type":"Feature","geometry":{"type":"Polygon","coordinates":[[[36.5843163,48.0926642,0],[36.5801955,48.0930329,0],[36.5780068,48.0937495,0],[36.5754319,48.0936635,0],[36.5728141,48.0926029,0],[36.5719129,48.0918576,0],[36.5702821,48.090711,0],[36.5689946,48.0898511,0],[36.5674068,48.0882171,0],[36.5694667,48.0850636,0],[36.5731145,48.0839169,0],[36.5733291,48.0823114,0],[36.5735007,48.0807345,0],[36.574402,48.0794729,0],[36.5756465,48.0793583,0],[36.5778352,48.0794443,0],[36.5805818,48.079817,0],[36.5818263,48.0801324,0],[36.5835429,48.079645,0],[36.5848304,48.0787561,0],[36.5866328,48.0786988,0],[36.5919114,48.0807345,0],[36.5913333,48.0823332,0],[36.5843163,48.0926642,0]]]},"properties":{"name":"Polygon 20","styleUrl":"#poly-FFD600-1200-77-nodesc","fill-opacity":0.30196078431372547,"fill":"#ffd600","stroke-opacity":1,"stroke":"#ffd600","stroke-width":1.2}},{"type":"Feature","geometry":{"type":"Polygon","coordinates":[[[36.7784464,50.2383648,0],[36.778661,50.2374728,0],[36.7794335,50.2357023,0],[36.7800128,50.2342474,0],[36.7811501,50.2339729,0],[36.784755,50.2345356,0],[36.7875874,50.2363199,0],[36.7893254,50.237061,0],[36.7915356,50.2372669,0],[36.7931449,50.2378296,0],[36.795119,50.2389138,0],[36.7970445,50.2397553,0],[36.7956927,50.2401396,0],[36.7928249,50.2399478,0],[36.7866805,50.2399475,0],[36.7812788,50.240794,0],[36.7785697,50.2388175,0],[36.7784464,50.2383648,0]]]},"properties":{"name":"Polygon 9","styleUrl":"#poly-FFD600-1200-77-nodesc","fill-opacity":0.30196078431372547,"fill":"#ffd600","stroke-opacity":1,"stroke":"#ffd600","stroke-width":1.2}},{"type":"Feature","geometry":{"type":"Polygon","coordinates":[[[36.8988134,50.2093856,0],[36.8923844,50.2082921,0],[36.8900325,50.2075556,0],[36.8893543,50.2065444,0],[36.8940328,50.2062832,0],[36.8967365,50.2059124,0],[36.8983029,50.2066677,0],[36.8988134,50.2093856,0]]]},"properties":{"name":"Polygon 10","styleUrl":"#poly-FFD600-1200-77-nodesc","fill-opacity":0.30196078431372547,"fill":"#ffd600","stroke-opacity":1,"stroke":"#ffd600","stroke-width":1.2}},{"type":"Feature","geometry":{"type":"Polygon","coordinates":[[[37.0509116,50.3001386,0],[37.0558683,50.2982745,0],[37.0581428,50.2982471,0],[37.0590869,50.2986035,0],[37.0582501,50.3013722,0],[37.0561188,50.3051151,0],[37.0567625,50.3062252,0],[37.056505,50.3072667,0],[37.0551317,50.3113231,0],[37.0520266,50.3109028,0],[37.0547088,50.3027897,0],[37.0522412,50.3016521,0],[37.0509116,50.3001386,0]]]},"properties":{"name":"Polygon 11","styleUrl":"#poly-FFD600-1200-77-nodesc","fill-opacity":0.30196078431372547,"fill":"#ffd600","stroke-opacity":1,"stroke":"#ffd600","stroke-width":1.2}},{"type":"Feature","geometry":{"type":"Polygon","coordinates":[[[35.4357967,50.6920392,0],[35.4306362,50.6950973,0],[35.4268274,50.702926,0],[35.4275687,50.7046376,0],[35.4204018,50.7046376,0],[35.416754,50.7035776,0],[35.417269,50.7025991,0],[35.4185565,50.701376,0],[35.4200156,50.6997451,0],[35.4222901,50.6973531,0],[35.423363,50.6950696,0],[35.4237492,50.6927317,0],[35.4357967,50.6920392,0]]]},"properties":{"name":"Polygon 12","styleUrl":"#poly-FFD600-1200-77-nodesc","fill-opacity":0.30196078431372547,"fill":"#ffd600","stroke-opacity":1,"stroke":"#ffd600","stroke-width":1.2}},{"type":"Feature","geometry":{"type":"Polygon","coordinates":[[[37.6703005,49.0477191,0],[37.6718669,49.0474379,0],[37.6754113,49.048037,0],[37.6811611,49.0449149,0],[37.6917445,49.0459915,0],[37.6975746,49.0495829,0],[37.6974874,49.0505319,0],[37.6966016,49.0520601,0],[37.6969449,49.0536069,0],[37.6996271,49.0566162,0],[37.6932173,49.0611344,0],[37.6918869,49.0623998,0],[37.6894407,49.0641291,0],[37.6866727,49.0656616,0],[37.686029,49.0651976,0],[37.6845055,49.0642978,0],[37.6840978,49.0628427,0],[37.6834755,49.0623154,0],[37.6804285,49.0606845,0],[37.6786261,49.0590253,0],[37.6765232,49.0573802,0],[37.6773601,49.0557772,0],[37.6754932,49.0536538,0],[37.6733046,49.0501943,0],[37.6703005,49.0477191,0]]]},"properties":{"name":"Polygon 4","styleUrl":"#poly-0288D1-1200-77-nodesc","fill-opacity":0.30196078431372547,"fill":"#0288d1","stroke-opacity":1,"stroke":"#0288d1","stroke-width":1.2}},{"type":"Feature","geometry":{"type":"Polygon","coordinates":[[[37.6417672,49.1468984,0],[37.6454579,49.1426874,0],[37.6468741,49.1408906,0],[37.6462304,49.1380269,0],[37.6471745,49.1356684,0],[37.6493203,49.1340117,0],[37.6520669,49.1330851,0],[37.6543843,49.1327481,0],[37.6564013,49.1343487,0],[37.6603066,49.1394588,0],[37.6612937,49.1410029,0],[37.6558864,49.14367,0],[37.6501357,49.1494248,0],[37.6485908,49.1490879,0],[37.6417672,49.1468984,0]]]},"properties":{"name":"Polygon 5","styleUrl":"#poly-0288D1-1200-77-nodesc","fill-opacity":0.30196078431372547,"fill":"#0288d1","stroke-opacity":1,"stroke":"#0288d1","stroke-width":1.2}},{"type":"Feature","geometry":{"type":"Polygon","coordinates":[[[37.606037,49.0447587,0],[37.6120559,49.0445684,0],[37.6148137,49.0439844,0],[37.6170263,49.0446465,0],[37.626161,49.0465544,0],[37.6247081,49.0544628,0],[37.6224966,49.0578357,0],[37.6193861,49.0593835,0],[37.6190433,49.0604529,0],[37.6167688,49.0598343,0],[37.6156101,49.0589063,0],[37.6119623,49.0573314,0],[37.6081428,49.0562346,0],[37.6060829,49.0554472,0],[37.6043663,49.054266,0],[37.6019201,49.0524378,0],[37.6012763,49.0505534,0],[37.606037,49.0447587,0]]]},"properties":{"name":"Polygon 6","styleUrl":"#poly-0288D1-1200-77-nodesc","fill-opacity":0.30196078431372547,"fill":"#0288d1","stroke-opacity":1,"stroke":"#0288d1","stroke-width":1.2}},{"type":"Feature","geometry":{"type":"Polygon","coordinates":[[[37.6071566,49.7194213,0],[37.6078436,49.7185092,0],[37.6091847,49.7189948,0],[37.6083049,49.7205,0],[37.6068582,49.7200312,0],[37.6071566,49.7194213,0]]]},"properties":{"name":"Polygon 15","styleUrl":"#poly-0288D1-1200-77-nodesc","fill-opacity":0.30196078431372547,"fill":"#0288d1","stroke-opacity":1,"stroke":"#0288d1","stroke-width":1.2}},{"type":"Feature","geometry":{"type":"Polygon","coordinates":[[[36.217842,47.9090263,0],[36.2208365,47.905984,0],[36.22972,47.9061566,0],[36.2352561,47.9015247,0],[36.2415646,47.9046894,0],[36.248474,47.9012658,0],[36.2490319,47.9009205,0],[36.2522076,47.902992,0],[36.2536668,47.9022152,0],[36.2607049,47.9073073,0],[36.2816905,47.8958853,0],[36.2862158,47.8901354,0],[36.3100767,47.8911138,0],[36.3130808,47.8869986,0],[36.3170719,47.8823938,0],[36.321986,47.8782348,0],[36.3287878,47.8774143,0],[36.3400746,47.8699299,0],[36.3501597,47.8629051,0],[36.3597727,47.8686632,0],[36.3633347,47.876119,0],[36.3736773,47.8771553,0],[36.3846636,47.8758024,0],[36.3850498,47.8798609,0],[36.3866377,47.8808683,0],[36.3887835,47.8810986,0],[36.3959503,47.8809115,0],[36.4027524,47.8799905,0],[36.4040962,47.8845491,0],[36.4112633,47.891103,0],[36.4086022,47.9028879,0],[36.3970818,47.9032901,0],[36.3953413,47.9108278,0],[36.3944401,47.9126688,0],[36.3912214,47.9129277,0],[36.3731541,47.9125825,0],[36.3698925,47.9307873,0],[36.3577904,47.9296659,0],[36.3560954,47.9350137,0],[36.3430511,47.9335698,0],[36.3349857,47.9313197,0],[36.3105765,47.9277349,0],[36.3023943,47.9275839,0],[36.305055,47.9196179,0],[36.3046688,47.9190714,0],[36.2932533,47.9173457,0],[36.2844452,47.913159,0],[36.2764734,47.9122834,0],[36.2605518,47.9226197,0],[36.2524406,47.9165734,0],[36.2418447,47.9210602,0],[36.2362546,47.9165727,0],[36.2301926,47.9126599,0],[36.2293451,47.9123715,0],[36.2272407,47.9138341,0],[36.217842,47.9090263,0]]]},"properties":{"name":"Polygon 12","styleUrl":"#poly-0288D1-1200-77-nodesc","fill-opacity":0.30196078431372547,"fill":"#0288d1","stroke-opacity":1,"stroke":"#0288d1","stroke-width":1.2}},{"type":"Feature","geometry":{"type":"Polygon","coordinates":[[[36.509152,47.9401381,0],[36.5109526,47.9321107,0],[36.5301357,47.9333759,0],[36.5303049,47.9342932,0],[36.52876,47.9373697,0],[36.5268288,47.9373984,0],[36.5240393,47.9378009,0],[36.5215931,47.9380884,0],[36.5200481,47.9379734,0],[36.5167008,47.9377434,0],[36.509152,47.9401381,0]]]},"properties":{"name":"Polygon 14","styleUrl":"#poly-0288D1-1200-77-nodesc","fill-opacity":0.30196078431372547,"fill":"#0288d1","stroke-opacity":1,"stroke":"#0288d1","stroke-width":1.2}},{"type":"Feature","geometry":{"type":"Polygon","coordinates":[[[35.4058861,47.6134056,0],[35.4052905,47.6252624,0],[35.3756063,47.6239031,0],[35.3754745,47.6180611,0],[35.3763328,47.6030164,0],[35.3971897,47.6033057,0],[35.3957868,47.6123484,0],[35.4058861,47.6134056,0]]]},"properties":{"name":"Polygon 15","styleUrl":"#poly-0288D1-1200-77-nodesc","fill-opacity":0.30196078431372547,"fill":"#0288d1","stroke-opacity":1,"stroke":"#0288d1","stroke-width":1.2}},{"type":"Feature","geometry":{"type":"Polygon","coordinates":[[[37.8206278,48.5631532,0],[37.8196841,48.5647956,0],[37.8191477,48.5656334,0],[37.8176027,48.5662014,0],[37.816208,48.5664569,0],[37.8154784,48.5667267,0],[37.8157359,48.5683739,0],[37.8167873,48.5694814,0],[37.8167873,48.5702907,0],[37.8157359,48.5708444,0],[37.8140193,48.571171,0],[37.8122812,48.5705889,0],[37.8111869,48.5704185,0],[37.8096419,48.5704895,0],[37.8075605,48.5704185,0],[37.8083244,48.5675667,0],[37.811376,48.564257,0],[37.8121626,48.5640809,0],[37.8141481,48.5633897,0],[37.8168083,48.5628257,0],[37.8206278,48.5631532,0]]]},"properties":{"name":"Polygon 16","styleUrl":"#poly-0288D1-1200-77-nodesc","fill-opacity":0.30196078431372547,"fill":"#0288d1","stroke-opacity":1,"stroke":"#0288d1","stroke-width":1.2}},{"type":"Feature","geometry":{"type":"Polygon","coordinates":[[[36.9144118,50.2244666,0],[36.9150511,50.2245338,0],[36.9257927,50.2231423,0],[36.9272648,50.228505,0],[36.9283958,50.2290928,0],[36.9391461,50.2278849,0],[36.9407554,50.23435,0],[36.9452615,50.2337049,0],[36.9475663,50.2404635,0],[36.9439185,50.2408477,0],[36.9421589,50.2427415,0],[36.9394123,50.2444706,0],[36.9398415,50.2464466,0],[36.9373953,50.2469406,0],[36.9398415,50.2527857,0],[36.9313443,50.2541302,0],[36.9287693,50.2541302,0],[36.9258082,50.2483676,0],[36.9231903,50.2485048,0],[36.9239628,50.246474,0],[36.9224608,50.2366481,0],[36.9178821,50.2376038,0],[36.9155647,50.2299449,0],[36.9144118,50.2244666,0]]]},"properties":{"name":"Polygon 9","styleUrl":"#poly-0288D1-1200-77-nodesc","fill-opacity":0.30196078431372547,"fill":"#0288d1","stroke-opacity":1,"stroke":"#0288d1","stroke-width":1.2}},{"type":"Feature","geometry":{"type":"Point","coordinates":[33.5336634,47.8886679,0]},"properties":{"name":"Kryvyi Rih Air Base","styleUrl":"#icon-1504-01579B-nodesc","icon-opacity":1,"icon-color":"#01579b","icon-scale":1,"icon":"https://www.gstatic.com/mapspro/images/stock/503-wht-blank_maps.png"},"id":115},{"type":"Feature","geometry":{"type":"Point","coordinates":[30.0106486,46.6690718,0]},"properties":{"name":"Lymanske International Airport","styleUrl":"#icon-1504-01579B-nodesc","icon-opacity":1,"icon-color":"#01579b","icon-scale":1,"icon":"https://www.gstatic.com/mapspro/images/stock/503-wht-blank_maps.png"}},{"type":"Feature","geometry":{"type":"Point","coordinates":[38.2265073,46.0573766,0]},"properties":{"name":"Primorsko Akhtarsk Airbase - Geran-2 drone launch point ","styleUrl":"#icon-1563-A52714-nodesc","icon-opacity":1,"icon-color":"#a52714","icon-scale":1,"icon":"https://www.gstatic.com/mapspro/images/stock/503-wht-blank_maps.png"}},{"type":"Feature","geometry":{"type":"Point","coordinates":[40.2975305,48.9526045,0]},"properties":{"name":"Millerovo Airbase Geran-2 drone launch point ","styleUrl":"#icon-1563-A52714-nodesc","icon-opacity":1,"icon-color":"#a52714","icon-scale":1,"icon":"https://www.gstatic.com/mapspro/images/stock/503-wht-blank_maps.png"}},{"type":"Feature","geometry":{"type":"Point","coordinates":[35.8415752,45.0076375,0]},"properties":{"name":"Cape Chauda - Geran-2 drone launch point ","styleUrl":"#icon-1563-A52714-nodesc","icon-opacity":1,"icon-color":"#a52714","icon-scale":1,"icon":"https://www.gstatic.com/mapspro/images/stock/503-wht-blank_maps.png"}},{"type":"Feature","geometry":{"type":"Point","coordinates":[35.2966517,46.8730253,0]},"properties":{"name":"Melitopol Airbase - Geran-2 drone launch point ","styleUrl":"#icon-1563-A52714-nodesc","icon-opacity":1,"icon-color":"#a52714","icon-scale":1,"icon":"https://www.gstatic.com/mapspro/images/stock/503-wht-blank_maps.png"}},{"type":"Feature","geometry":{"type":"Point","coordinates":[33.999305,45.126107,0]},"properties":{"name":"Hvardiiske Training Ground - Geran-2 drone launch point ","styleUrl":"#icon-1563-A52714-nodesc","icon-opacity":1,"icon-color":"#a52714","icon-scale":1,"icon":"https://www.gstatic.com/mapspro/images/stock/503-wht-blank_maps.png"}},{"type":"Feature","geometry":{"type":"Point","coordinates":[36.2891726,51.7589459,0]},"properties":{"name":"Khalino Airbase - Geran-2 drone launch point ","styleUrl":"#icon-1563-A52714-nodesc","icon-opacity":1,"icon-color":"#a52714","icon-scale":1,"icon":"https://www.gstatic.com/mapspro/images/stock/503-wht-blank_maps.png"}},{"type":"Feature","geometry":{"type":"Point","coordinates":[35.8111387,53.3715751,0]},"properties":{"name":"Tsimbulova Test Site - Geran-2 drone launch point (possible location)","styleUrl":"#icon-1563-A52714-nodesc","icon-opacity":1,"icon-color":"#a52714","icon-scale":1,"icon":"https://www.gstatic.com/mapspro/images/stock/503-wht-blank_maps.png"}},{"type":"Feature","geometry":{"type":"Point","coordinates":[32.4845832,54.3336206,0]},"properties":{"name":"Shatalovo Airbase - Geran-2 drone launch point ","styleUrl":"#icon-1563-A52714-nodesc","icon-opacity":1,"icon-color":"#a52714","icon-scale":1,"icon":"https://www.gstatic.com/mapspro/images/stock/503-wht-blank_maps.png"}},{"type":"Feature","geometry":{"type":"Point","coordinates":[33.3233279,53.7180926,0]},"properties":{"name":"Seshcha Airbase - Geran-2 drone launch point","styleUrl":"#icon-1563-A52714-nodesc","icon-opacity":1,"icon-color":"#a52714","icon-scale":1,"icon":"https://www.gstatic.com/mapspro/images/stock/503-wht-blank_maps.png"}},{"type":"Feature","geometry":{"type":"LineString","coordinates":[[35.7948865,53.3723469,0],[35.8131257,53.3698702,0],[35.8229742,53.368577,0],[35.8357412,53.3668786,0]]},"properties":{"name":"Tsumbulova Test site main artery","styleUrl":"#line-E65100-10494-nodesc","stroke-opacity":1,"stroke":"#e65100","stroke-width":10.494}},{"type":"Feature","geometry":{"type":"Polygon","coordinates":[[[35.7942865,53.3719125,0],[35.7939142,53.3712485,0],[35.7954806,53.3709636,0],[35.7958167,53.3716592,0],[35.7942865,53.3719125,0]]]},"properties":{"name":"Tsumbulova underground storage 1","description":"Capacity: 200 units","styleUrl":"#poly-097138-3501-148","fill-opacity":0.5803921568627451,"fill":"#097138","stroke-opacity":1,"stroke":"#097138","stroke-width":3.501}},{"type":"Feature","geometry":{"type":"LineString","coordinates":[[35.7961678,53.3721479,0],[35.7938273,53.3672743,0]]},"properties":{"name":"Tsumbulova Sub-route 1","styleUrl":"#line-FFD600-7975-nodesc","stroke-opacity":1,"stroke":"#ffd600","stroke-width":7.975}},{"type":"Feature","geometry":{"type":"Polygon","coordinates":[[[35.7960177,53.3716218,0],[35.7956869,53.3709384,0],[35.795837,53.3709128,0],[35.7961536,53.3715945,0],[35.7960177,53.3716218,0]]]},"properties":{"name":"Tsumbulova garages (5 units)","description":"1 unit per garage","styleUrl":"#poly-9C27B0-4601-99","fill-opacity":0.38823529411764707,"fill":"#9c27b0","stroke-opacity":1,"stroke":"#9c27b0","stroke-width":4.601}},{"type":"Feature","geometry":{"type":"Polygon","coordinates":[[[35.7942617,53.3683032,0],[35.7945891,53.368955,0],[35.7930548,53.369209,0],[35.79269,53.3685817,0],[35.7942617,53.3683032,0]]]},"properties":{"name":"Tsumbulova underground storage number 2","description":"Capacity: 200 units","styleUrl":"#poly-097138-3201-135","fill-opacity":0.5294117647058824,"fill":"#097138","stroke-opacity":1,"stroke":"#097138","stroke-width":3.201}},{"type":"Feature","geometry":{"type":"Polygon","coordinates":[[[35.7953653,53.3707402,0],[35.7951883,53.3707786,0],[35.7944366,53.3691636,0],[35.7945868,53.3691348,0],[35.7953653,53.3707402,0]]]},"properties":{"name":"Tsumbulova garages (8 units)","description":"1 unit per garage","styleUrl":"#poly-9C27B0-3901-97","fill-opacity":0.3803921568627451,"fill":"#9c27b0","stroke-opacity":1,"stroke":"#9c27b0","stroke-width":3.901}},{"type":"Feature","geometry":{"type":"Polygon","coordinates":[[[35.7945885,53.3682549,0],[35.7957602,53.3706561,0],[35.7955837,53.3706932,0],[35.7943793,53.3682933,0],[35.7945885,53.3682549,0]]]},"properties":{"name":"Tsumbulova garages (12 units)","description":"1 unit per garages","styleUrl":"#poly-9C27B0-4501-99","fill-opacity":0.38823529411764707,"fill":"#9c27b0","stroke-opacity":1,"stroke":"#9c27b0","stroke-width":4.501}},{"type":"Feature","geometry":{"type":"Polygon","coordinates":[[[35.7958787,53.3723045,0],[35.7996124,53.3718468,0],[35.7998001,53.3722501,0],[35.7960397,53.3726854,0],[35.7958787,53.3723045,0]]]},"properties":{"name":"Tsumbulova garages (24 units)","description":"1 unit per garage","styleUrl":"#poly-9C27B0-4301-97","fill-opacity":0.3803921568627451,"fill":"#9c27b0","stroke-opacity":1,"stroke":"#9c27b0","stroke-width":4.301}},{"type":"Feature","geometry":{"type":"Polygon","coordinates":[[[35.7998312,53.372132,0],[35.8010986,53.3719436,0],[35.8013401,53.3725773,0],[35.8000557,53.3727525,0],[35.7998312,53.372132,0]]]},"properties":{"name":"Tsumbulova underground storage number 2","description":"Capacity: 200 units","styleUrl":"#poly-097138-4001-105","fill-opacity":0.4117647058823529,"fill":"#097138","stroke-opacity":1,"stroke":"#097138","stroke-width":4.001}},{"type":"Feature","geometry":{"type":"Polygon","coordinates":[[[35.8007211,53.3710544,0],[35.7994872,53.3712208,0],[35.7991654,53.3705775,0],[35.8003831,53.3703951,0],[35.8007211,53.3710544,0]]]},"properties":{"name":"Tsumbulova underground storage number 4","description":"Capacity: 200 units","styleUrl":"#poly-097138-3501-122","fill-opacity":0.47843137254901963,"fill":"#097138","stroke-opacity":1,"stroke":"#097138","stroke-width":3.501}},{"type":"Feature","geometry":{"type":"Polygon","coordinates":[[[35.8051072,53.3698032,0],[35.8054076,53.3704177,0],[35.8040773,53.3706225,0],[35.8037876,53.3700016,0],[35.8051072,53.3698032,0]]]},"properties":{"name":"Tsumbulova underground storage number 4","description":"Capacity: 200 units","styleUrl":"#poly-097138-4301-117","fill-opacity":0.4588235294117647,"fill":"#097138","stroke-opacity":1,"stroke":"#097138","stroke-width":4.301}},{"type":"Feature","geometry":{"type":"Polygon","coordinates":[[[35.8057819,53.3712487,0],[35.8060609,53.3719081,0],[35.8047573,53.3720905,0],[35.8045052,53.3714248,0],[35.8057819,53.3712487,0]]]},"properties":{"name":"Tsumbulova underground storage number 6","description":"Capacity: 200 units","styleUrl":"#poly-097138-4201-120","fill-opacity":0.47058823529411764,"fill":"#097138","stroke-opacity":1,"stroke":"#097138","stroke-width":4.201}},{"type":"Feature","geometry":{"type":"Polygon","coordinates":[[[35.8112862,53.3697784,0],[35.8110341,53.3692086,0],[35.8123001,53.3689974,0],[35.812579,53.3695863,0],[35.8112862,53.3697784,0]]]},"properties":{"name":"Tsumbulova underground storage number 7","styleUrl":"#poly-097138-4101-107-nodesc","fill-opacity":0.4196078431372549,"fill":"#097138","stroke-opacity":1,"stroke":"#097138","stroke-width":4.101}},{"type":"Feature","geometry":{"type":"Polygon","coordinates":[[[35.8183216,53.3700296,0],[35.8181124,53.3695046,0],[35.8192121,53.3693606,0],[35.8193784,53.3699207,0],[35.8183216,53.3700296,0]]]},"properties":{"name":"Tsumbulova underground storage number 8","description":"Tsumbulova garages (1 unit)","styleUrl":"#poly-097138-4001-99","fill-opacity":0.38823529411764707,"fill":"#097138","stroke-opacity":1,"stroke":"#097138","stroke-width":4.001}},{"type":"Feature","geometry":{"type":"Polygon","coordinates":[[[35.8190638,53.3687851,0],[35.8179534,53.3689548,0],[35.8176745,53.3684618,0],[35.8188439,53.3682634,0],[35.8190638,53.3687851,0]]]},"properties":{"name":"Tsumbulova underground storage number 9","description":"Tsumbulova garages (1 unit)","styleUrl":"#poly-097138-4201-117","fill-opacity":0.4588235294117647,"fill":"#097138","stroke-opacity":1,"stroke":"#097138","stroke-width":4.201}},{"type":"Feature","geometry":{"type":"Polygon","coordinates":[[[35.8216907,53.3691267,0],[35.8228709,53.3689955,0],[35.823064,53.3695172,0],[35.8218463,53.3696613,0],[35.8216907,53.3691267,0]]]},"properties":{"name":"Tsumbulova underground storage number 10","description":"Tsumbulova garages (1 unit)","styleUrl":"#poly-097138-4501-99","fill-opacity":0.38823529411764707,"fill":"#097138","stroke-opacity":1,"stroke":"#097138","stroke-width":4.501}},{"type":"Feature","geometry":{"type":"Polygon","coordinates":[[[35.8269014,53.3690036,0],[35.8256729,53.3691412,0],[35.8254852,53.3686611,0],[35.8266815,53.3685011,0],[35.8269014,53.3690036,0]]]},"properties":{"name":"Tsumbulova underground storage number 11","description":"Tsumbulova garages (1 unit)","styleUrl":"#poly-097138-3901-105","fill-opacity":0.4117647058823529,"fill":"#097138","stroke-opacity":1,"stroke":"#097138","stroke-width":3.901}},{"type":"Feature","geometry":{"type":"Polygon","coordinates":[[[35.8263864,53.3677112,0],[35.8251902,53.3678904,0],[35.8250078,53.3674455,0],[35.8262148,53.3672534,0],[35.8263864,53.3677112,0]]]},"properties":{"name":"Tsumbulova underground storage number 12","description":"Tsumbulova garages (1 unit)","styleUrl":"#poly-097138-4001-99","fill-opacity":0.38823529411764707,"fill":"#097138","stroke-opacity":1,"stroke":"#097138","stroke-width":4.001}},{"type":"Feature","geometry":{"type":"Polygon","coordinates":[[[35.8303051,53.3680671,0],[35.8305198,53.3685761,0],[35.8293878,53.3687137,0],[35.8292001,53.3682336,0],[35.8303051,53.3680671,0]]]},"properties":{"name":"Tsumbulova underground storage number 13","description":"Tsumbulova garages (1 unit)","styleUrl":"#poly-097138-4401-99","fill-opacity":0.38823529411764707,"fill":"#097138","stroke-opacity":1,"stroke":"#097138","stroke-width":4.401}},{"type":"Feature","geometry":{"type":"Polygon","coordinates":[[[35.8344859,53.3676066,0],[35.8347166,53.3680868,0],[35.8336061,53.3682372,0],[35.8334505,53.3677443,0],[35.8344859,53.3676066,0]]]},"properties":{"name":"Tsumbulova underground storage number 14","description":"Tsumbulova garages (1 unit)","styleUrl":"#poly-097138-4201-99","fill-opacity":0.38823529411764707,"fill":"#097138","stroke-opacity":1,"stroke":"#097138","stroke-width":4.201}},{"type":"Feature","geometry":{"type":"Polygon","coordinates":[[[35.8328038,53.3670075,0],[35.8318597,53.3671579,0],[35.831629,53.3666554,0],[35.8325946,53.3664953,0],[35.8328038,53.3670075,0]]]},"properties":{"name":"Tsumbulova underground storage number 15","description":"Tsumbulova garages (1 unit)","styleUrl":"#poly-097138-4301-97","fill-opacity":0.3803921568627451,"fill":"#097138","stroke-opacity":1,"stroke":"#097138","stroke-width":4.301}},{"type":"Feature","geometry":{"type":"LineString","coordinates":[[35.80143,53.3725508,0],[35.8003905,53.3702422,0]]},"properties":{"name":"Tsumbulova sub-route 2","styleUrl":"#line-FFD600-6231-nodesc","stroke-opacity":1,"stroke":"#ffd600","stroke-width":6.231}},{"type":"Feature","geometry":{"type":"LineString","coordinates":[[35.8061423,53.3719699,0],[35.8052089,53.3697039,0]]},"properties":{"name":"Tsumbulova sub-route 3","styleUrl":"#line-FFD600-6038-nodesc","stroke-opacity":1,"stroke":"#ffd600","stroke-width":6.038}},{"type":"Feature","geometry":{"type":"LineString","coordinates":[[35.8128343,53.3698905,0],[35.8124427,53.3689399,0],[35.8109192,53.3691512,0]]},"properties":{"name":"Tsumbulova sub-route 4","styleUrl":"#line-FFD600-6038-nodesc","stroke-opacity":1,"stroke":"#ffd600","stroke-width":6.038}},{"type":"Feature","geometry":{"type":"LineString","coordinates":[[35.8229394,53.3686246,0],[35.8232345,53.3695816,0],[35.8221241,53.3696872,0]]},"properties":{"name":"Tsumbulova sub-route 5","styleUrl":"#line-FFD600-6231-nodesc","stroke-opacity":1,"stroke":"#ffd600","stroke-width":6.231}},{"type":"Feature","geometry":{"type":"LineString","coordinates":[[35.8189341,53.3680928,0],[35.8196368,53.3703173,0],[35.8196832,53.3704176,0],[35.8198736,53.3705345,0],[35.8279067,53.3749512,0]]},"properties":{"name":"Tsumbulova sub-route 6","styleUrl":"#line-FFD600-6231-nodesc","stroke-opacity":1,"stroke":"#ffd600","stroke-width":6.231}},{"type":"Feature","geometry":{"type":"LineString","coordinates":[[35.8249606,53.3673934,0],[35.826232,53.3671886,0],[35.8270045,53.3690194,0],[35.8255776,53.3692147,0]]},"properties":{"name":"Tsumbulova sub-route 7","styleUrl":"#line-FFD600-6231-nodesc","stroke-opacity":1,"stroke":"#ffd600","stroke-width":6.231}},{"type":"Feature","geometry":{"type":"LineString","coordinates":[[35.8302721,53.3676026,0],[35.8306583,53.3685885,0],[35.8294996,53.3687549,0]]},"properties":{"name":"Tsumbulova sub-route 8","styleUrl":"#line-FFD600-6231-nodesc","stroke-opacity":1,"stroke":"#ffd600","stroke-width":6.231}},{"type":"Feature","geometry":{"type":"LineString","coordinates":[[35.8330159,53.3672401,0],[35.8327102,53.3664223,0],[35.8315568,53.3665855,0]]},"properties":{"name":"Tsumbulova sub-route 9","styleUrl":"#line-FFD600-6425-nodesc","stroke-opacity":1,"stroke":"#ffd600","stroke-width":6.425}},{"type":"Feature","geometry":{"type":"LineString","coordinates":[[35.83443,53.3670558,0],[35.8348645,53.3681025,0],[35.833679,53.3682786,0]]},"properties":{"name":"Tsumbulova sub-route 10","styleUrl":"#line-FFD600-6038-nodesc","stroke-opacity":1,"stroke":"#ffd600","stroke-width":6.038}},{"type":"Feature","geometry":{"type":"Polygon","coordinates":[[[35.80408,53.3712205,0],[35.8041605,53.3714606,0],[35.8015426,53.3717998,0],[35.8014514,53.3715598,0],[35.80408,53.3712205,0]]]},"properties":{"name":"Tsumbulova garages (3 units)","description":"1 unit per garage","styleUrl":"#poly-9C27B0-2501-99","fill-opacity":0.38823529411764707,"fill":"#9c27b0","stroke-opacity":1,"stroke":"#9c27b0","stroke-width":2.501}},{"type":"Feature","geometry":{"type":"Polygon","coordinates":[[[35.8165123,53.3697333,0],[35.8072479,53.371052,0],[35.8071299,53.3708024,0],[35.8164533,53.3695317,0],[35.8165123,53.3697333,0]]]},"properties":{"name":"Tsumbulova garages (7 units)","description":"1 unit per garage","styleUrl":"#poly-9C27B0-2901-99","fill-opacity":0.38823529411764707,"fill":"#9c27b0","stroke-opacity":1,"stroke":"#9c27b0","stroke-width":2.901}},{"type":"Feature","geometry":{"type":"Polygon","coordinates":[[[35.8194608,53.3691076,0],[35.8212311,53.3688932,0],[35.8212686,53.3690468,0],[35.8195252,53.3692581,0],[35.8194608,53.3691076,0]]]},"properties":{"name":"Tsumbulova garages (3 units)","description":"1 unit per garage","styleUrl":"#poly-9C27B0-2801-102","fill-opacity":0.4,"fill":"#9c27b0","stroke-opacity":1,"stroke":"#9c27b0","stroke-width":2.801}},{"type":"Feature","geometry":{"type":"Polygon","coordinates":[[[35.8232488,53.3686185,0],[35.8249814,53.3684168,0],[35.8250458,53.3685865,0],[35.8233024,53.3687882,0],[35.8232488,53.3686185,0]]]},"properties":{"name":"Tsumbulova garages (3 units)","description":"1 unit per garage","styleUrl":"#poly-9C27B0-3001-105","fill-opacity":0.4117647058823529,"fill":"#9c27b0","stroke-opacity":1,"stroke":"#9c27b0","stroke-width":3.001}},{"type":"Feature","geometry":{"type":"Polygon","coordinates":[[[35.8269051,53.3681533,0],[35.828611,53.367942,0],[35.8286646,53.3680957,0],[35.8269587,53.3683229,0],[35.8269051,53.3681533,0]]]},"properties":{"name":"Tsumbulova garages (4 units)","description":"1 unit per garage","styleUrl":"#poly-9C27B0-3001-99","fill-opacity":0.38823529411764707,"fill":"#9c27b0","stroke-opacity":1,"stroke":"#9c27b0","stroke-width":3.001}},{"type":"Feature","geometry":{"type":"Polygon","coordinates":[[[35.8306664,53.3676699,0],[35.8325493,53.3674266,0],[35.8326244,53.3676122,0],[35.8307094,53.3678267,0],[35.8306664,53.3676699,0]]]},"properties":{"name":"Tsumbulova garages (3 units)","description":"1 unit per garage","styleUrl":"#poly-9C27B0-3201-97","fill-opacity":0.3803921568627451,"fill":"#9c27b0","stroke-opacity":1,"stroke":"#9c27b0","stroke-width":3.201}},{"type":"Feature","geometry":{"type":"Polygon","coordinates":[[[35.8206858,53.3707739,0],[35.8271472,53.3743393,0],[35.8270024,53.3744225,0],[35.8268281,53.37432,0],[35.8266779,53.3743969,0],[35.8265438,53.3743313,0],[35.8266725,53.3742592,0],[35.8260787,53.3739113,0],[35.8259366,53.3739993,0],[35.8257997,53.3739337,0],[35.8259446,53.3738505,0],[35.8253345,53.3735122,0],[35.8251736,53.3736082,0],[35.8250448,53.373525,0],[35.8252058,53.373429,0],[35.8245459,53.3730738,0],[35.8244118,53.3731666,0],[35.8242509,53.373077,0],[35.8244118,53.372965,0],[35.8235052,53.3724497,0],[35.823355,53.3725585,0],[35.8231458,53.3724401,0],[35.8233121,53.3723345,0],[35.8223761,53.371824,0],[35.8222016,53.3719216,0],[35.82203,53.3718064,0],[35.8221642,53.3717264,0],[35.8209625,53.3710575,0],[35.8208016,53.3711471,0],[35.8206353,53.3710383,0],[35.8207855,53.3709582,0],[35.8205548,53.3708366,0],[35.8206858,53.3707739,0]]]},"properties":{"name":"Tsumbulova garages (23 units)","description":"1 unit per garage","styleUrl":"#poly-9C27B0-3001-97","fill-opacity":0.3803921568627451,"fill":"#9c27b0","stroke-opacity":1,"stroke":"#9c27b0","stroke-width":3.001}},{"type":"Feature","geometry":{"type":"Polygon","coordinates":[[[35.8197539,53.3705317,0],[35.8200812,53.3707349,0],[35.819534,53.3708117,0],[35.819365,53.3705973,0],[35.8197539,53.3705317,0]]]},"properties":{"name":"Tsumbulova Launch racks 1","description":"(2 units per rack)","styleUrl":"#poly-FFD600-2701-97","fill-opacity":0.3803921568627451,"fill":"#ffd600","stroke-opacity":1,"stroke":"#ffd600","stroke-width":2.701}},{"type":"Feature","geometry":{"type":"Polygon","coordinates":[[[35.8210628,53.3712524,0],[35.821374,53.3714476,0],[35.8209126,53.3715148,0],[35.8206042,53.3713036,0],[35.8210628,53.3712524,0]]]},"properties":{"name":"Tsumbulova Launch racks 2","description":"(2 units per rack)","styleUrl":"#poly-FFD600-2701-92","fill-opacity":0.3607843137254902,"fill":"#ffd600","stroke-opacity":1,"stroke":"#ffd600","stroke-width":2.701}},{"type":"Feature","geometry":{"type":"Polygon","coordinates":[[[35.8224525,53.3720219,0],[35.8229004,53.3722619,0],[35.8223345,53.3722747,0],[35.8220796,53.3720491,0],[35.8224525,53.3720219,0]]]},"properties":{"name":"Tsumbulova Launch racks 3","description":"(2 units per rack)","styleUrl":"#poly-FFD600-2501-99","fill-opacity":0.38823529411764707,"fill":"#ffd600","stroke-opacity":1,"stroke":"#ffd600","stroke-width":2.501}},{"type":"Feature","geometry":{"type":"Polygon","coordinates":[[[35.8235733,53.3726163,0],[35.8239836,53.372866,0],[35.8234901,53.3729028,0],[35.8232755,53.3726275,0],[35.8235733,53.3726163,0]]]},"properties":{"name":"Tsumbulova Launch racks 4","description":"(2 units per rack)","styleUrl":"#poly-FFD600-3001-99","fill-opacity":0.38823529411764707,"fill":"#ffd600","stroke-opacity":1,"stroke":"#ffd600","stroke-width":3.001}},{"type":"Feature","geometry":{"type":"Polygon","coordinates":[[[35.8246362,53.3731846,0],[35.8248991,53.3733462,0],[35.824435,53.373383,0],[35.824309,53.3732166,0],[35.8246362,53.3731846,0]]]},"properties":{"name":"Tsumbulova Launch racks 5","description":"(2 units per rack)","styleUrl":"#poly-FFD600-3101-105","fill-opacity":0.4117647058823529,"fill":"#ffd600","stroke-opacity":1,"stroke":"#ffd600","stroke-width":3.101}},{"type":"Feature","geometry":{"type":"Polygon","coordinates":[[[35.8254481,53.3736465,0],[35.8257056,53.3738114,0],[35.8252738,53.373861,0],[35.8250243,53.3737074,0],[35.8254481,53.3736465,0]]]},"properties":{"name":"Tsumbulova Launch racks 6","description":"(2 units per rack)","styleUrl":"#poly-FFD600-3201-99","fill-opacity":0.38823529411764707,"fill":"#ffd600","stroke-opacity":1,"stroke":"#ffd600","stroke-width":3.201}},{"type":"Feature","geometry":{"type":"Polygon","coordinates":[[[35.8261754,53.3740243,0],[35.8264221,53.3741875,0],[35.8259501,53.3742051,0],[35.8258133,53.3740227,0],[35.8261754,53.3740243,0]]]},"properties":{"name":"Tsumbulova Launch racks 7","description":"(2 units per rack)","styleUrl":"#poly-FFD600-2901-99","fill-opacity":0.38823529411764707,"fill":"#ffd600","stroke-opacity":1,"stroke":"#ffd600","stroke-width":2.901}},{"type":"Feature","geometry":{"type":"Polygon","coordinates":[[[35.8268797,53.3744096,0],[35.8270997,53.3745488,0],[35.8266893,53.3746032,0],[35.8265498,53.3744416,0],[35.8268797,53.3744096,0]]]},"properties":{"name":"Tsumbulova Launch racks 8","description":"(2 units per rack)","styleUrl":"#poly-FFD600-2801-97","fill-opacity":0.3803921568627451,"fill":"#ffd600","stroke-opacity":1,"stroke":"#ffd600","stroke-width":2.801}},{"type":"Feature","geometry":{"type":"Point","coordinates":[34.5358517,51.2552799,0]},"properties":{"name":"Suicide attacks","styleUrl":"#icon-1899-0288D1-nodesc","icon-opacity":1,"icon-color":"#0288d1","icon-scale":1,"icon-offset":[32,64],"icon-offset-units":["pixels","insetPixels"],"icon":"https://www.gstatic.com/mapspro/images/stock/503-wht-blank_maps.png"}},{"type":"Feature","geometry":{"type":"Point","coordinates":[35.2805935,51.2739939,0]},"properties":{"name":"Encircled and abandoned","styleUrl":"#icon-1899-0288D1-nodesc","icon-opacity":1,"icon-color":"#0288d1","icon-scale":1,"icon-offset":[32,64],"icon-offset-units":["pixels","insetPixels"],"icon":"https://www.gstatic.com/mapspro/images/stock/503-wht-blank_maps.png"}},{"type":"Feature","geometry":{"type":"Point","coordinates":[35.413807,51.3154223,0]},"properties":{"name":"Suicide attacks","styleUrl":"#icon-1899-0288D1-nodesc","icon-opacity":1,"icon-color":"#0288d1","icon-scale":1,"icon-offset":[32,64],"icon-offset-units":["pixels","insetPixels"],"icon":"https://www.gstatic.com/mapspro/images/stock/503-wht-blank_maps.png"}},{"type":"Feature","geometry":{"type":"Point","coordinates":[35.3522433,50.9554712,0]},"properties":{"name":"Suicide attacks","styleUrl":"#icon-1899-0288D1-nodesc","icon-opacity":1,"icon-color":"#0288d1","icon-scale":1,"icon-offset":[32,64],"icon-offset-units":["pixels","insetPixels"],"icon":"https://www.gstatic.com/mapspro/images/stock/503-wht-blank_maps.png"}},{"type":"Feature","geometry":{"type":"Point","coordinates":[36.9360477,50.2945889,0]},"properties":{"name":"Suicide attacks","styleUrl":"#icon-1899-0288D1-nodesc","icon-opacity":1,"icon-color":"#0288d1","icon-scale":1,"icon-offset":[32,64],"icon-offset-units":["pixels","insetPixels"],"icon":"https://www.gstatic.com/mapspro/images/stock/503-wht-blank_maps.png"}},{"type":"Feature","geometry":{"type":"Point","coordinates":[37.9647763,48.5011076,0]},"properties":{"name":"Useless meatgrinder","styleUrl":"#icon-1899-0288D1-nodesc","icon-opacity":1,"icon-color":"#0288d1","icon-scale":1,"icon-offset":[32,64],"icon-offset-units":["pixels","insetPixels"],"icon":"https://www.gstatic.com/mapspro/images/stock/503-wht-blank_maps.png"}},{"type":"Feature","geometry":{"type":"Point","coordinates":[37.959369,48.5292514,0]},"properties":{"name":"Useless meatgrinder","styleUrl":"#icon-1899-0288D1-nodesc","icon-opacity":1,"icon-color":"#0288d1","icon-scale":1,"icon-offset":[32,64],"icon-offset-units":["pixels","insetPixels"],"icon":"https://www.gstatic.com/mapspro/images/stock/503-wht-blank_maps.png"}},{"type":"Feature","geometry":{"type":"Point","coordinates":[37.7543264,48.098316,0]},"properties":{"name":"Encircled and abandoned","styleUrl":"#icon-1899-0288D1-nodesc","icon-opacity":1,"icon-color":"#0288d1","icon-scale":1,"icon-offset":[32,64],"icon-offset-units":["pixels","insetPixels"],"icon":"https://www.gstatic.com/mapspro/images/stock/503-wht-blank_maps.png"}},{"type":"Feature","geometry":{"type":"Point","coordinates":[37.7581897,48.1342711,0]},"properties":{"name":"Encircled and abandoned","styleUrl":"#icon-1899-0288D1-nodesc","icon-opacity":1,"icon-color":"#0288d1","icon-scale":1,"icon-offset":[32,64],"icon-offset-units":["pixels","insetPixels"],"icon":"https://www.gstatic.com/mapspro/images/stock/503-wht-blank_maps.png"}},{"type":"Feature","geometry":{"type":"Point","coordinates":[37.5157285,48.2710616,0]},"properties":{"name":"Encircled and abandoned ","styleUrl":"#icon-1899-0288D1-nodesc","icon-opacity":1,"icon-color":"#0288d1","icon-scale":1,"icon-offset":[32,64],"icon-offset-units":["pixels","insetPixels"],"icon":"https://www.gstatic.com/mapspro/images/stock/503-wht-blank_maps.png"}},{"type":"Feature","geometry":{"type":"Point","coordinates":[37.1182559,48.2339451,0]},"properties":{"name":"Suicide attacks","styleUrl":"#icon-1899-0288D1-nodesc","icon-opacity":1,"icon-color":"#0288d1","icon-scale":1,"icon-offset":[32,64],"icon-offset-units":["pixels","insetPixels"],"icon":"https://www.gstatic.com/mapspro/images/stock/503-wht-blank_maps.png"}},{"type":"Feature","geometry":{"type":"Point","coordinates":[37.2514173,47.7802471,0]},"properties":{"name":"Encircled and abandoned","styleUrl":"#icon-1899-0288D1-nodesc","icon-opacity":1,"icon-color":"#0288d1","icon-scale":1,"icon-offset":[32,64],"icon-offset-units":["pixels","insetPixels"],"icon":"https://www.gstatic.com/mapspro/images/stock/503-wht-blank_maps.png"}},{"type":"Feature","geometry":{"type":"Point","coordinates":[36.8336231,47.833354,0]},"properties":{"name":"Encircled and abandoned ","styleUrl":"#icon-1899-0288D1-nodesc","icon-opacity":1,"icon-color":"#0288d1","icon-scale":1,"icon-offset":[32,64],"icon-offset-units":["pixels","insetPixels"],"icon":"https://www.gstatic.com/mapspro/images/stock/503-wht-blank_maps.png"}},{"type":"Feature","geometry":{"type":"Point","coordinates":[36.6757794,47.728054,0]},"properties":{"name":"Suicide attacks","styleUrl":"#icon-1899-0288D1-nodesc","icon-opacity":1,"icon-color":"#0288d1","icon-scale":1,"icon-offset":[32,64],"icon-offset-units":["pixels","insetPixels"],"icon":"https://www.gstatic.com/mapspro/images/stock/503-wht-blank_maps.png"}},{"type":"Feature","geometry":{"type":"Point","coordinates":[35.8316981,47.4465546,0]},"properties":{"name":"Suicide attacks","styleUrl":"#icon-1899-0288D1-nodesc","icon-opacity":1,"icon-color":"#0288d1","icon-scale":1,"icon-offset":[32,64],"icon-offset-units":["pixels","insetPixels"],"icon":"https://www.gstatic.com/mapspro/images/stock/503-wht-blank_maps.png"}},{"type":"Feature","geometry":{"type":"Point","coordinates":[35.9526972,47.441795,0]},"properties":{"name":"Suicide attacks","styleUrl":"#icon-1899-0288D1-nodesc","icon-opacity":1,"icon-color":"#0288d1","icon-scale":1,"icon-offset":[32,64],"icon-offset-units":["pixels","insetPixels"],"icon":"https://www.gstatic.com/mapspro/images/stock/503-wht-blank_maps.png"}},{"type":"Feature","geometry":{"type":"Point","coordinates":[35.4309878,47.5028317,0]},"properties":{"name":"Suicide attacks","styleUrl":"#icon-1899-0288D1-nodesc","icon-opacity":1,"icon-color":"#0288d1","icon-scale":1,"icon-offset":[32,64],"icon-offset-units":["pixels","insetPixels"],"icon":"https://www.gstatic.com/mapspro/images/stock/503-wht-blank_maps.png"}},{"type":"Feature","geometry":{"type":"Point","coordinates":[33.0944526,46.7383752,0]},"properties":{"name":"Suicide attacks","styleUrl":"#icon-1899-0288D1-nodesc","icon-opacity":1,"icon-color":"#0288d1","icon-scale":1,"icon-offset":[32,64],"icon-offset-units":["pixels","insetPixels"],"icon":"https://www.gstatic.com/mapspro/images/stock/503-wht-blank_maps.png"}},{"type":"Feature","geometry":{"type":"Point","coordinates":[37.8345069,48.3361505,0]},"properties":{"name":"Encircled and abandoned","styleUrl":"#icon-1899-0288D1-nodesc","icon-opacity":1,"icon-color":"#0288d1","icon-scale":1,"icon-offset":[32,64],"icon-offset-units":["pixels","insetPixels"],"icon":"https://www.gstatic.com/mapspro/images/stock/503-wht-blank_maps.png"}},{"type":"Feature","geometry":{"type":"Point","coordinates":[38.253579,48.9120648,0]},"properties":{"name":"Encircled and abandoned","styleUrl":"#icon-1899-0288D1-nodesc","icon-opacity":1,"icon-color":"#0288d1","icon-scale":1,"icon-offset":[32,64],"icon-offset-units":["pixels","insetPixels"],"icon":"https://www.gstatic.com/mapspro/images/stock/503-wht-blank_maps.png"}},{"type":"Feature","geometry":{"type":"Point","coordinates":[34.5457352,51.2938546,0]},"properties":{"name":"Suicide attacks","styleUrl":"#icon-1899-0288D1-nodesc","icon-opacity":1,"icon-color":"#0288d1","icon-scale":1,"icon-offset":[32,64],"icon-offset-units":["pixels","insetPixels"],"icon":"https://www.gstatic.com/mapspro/images/stock/503-wht-blank_maps.png"}},{"type":"Feature","geometry":{"type":"Point","coordinates":[34.8735544,51.1983377,0]},"properties":{"name":"Suicide attacks","styleUrl":"#icon-1899-0288D1-nodesc","icon-opacity":1,"icon-color":"#0288d1","icon-scale":1,"icon-offset":[32,64],"icon-offset-units":["pixels","insetPixels"],"icon":"https://www.gstatic.com/mapspro/images/stock/503-wht-blank_maps.png"}},{"type":"Feature","geometry":{"type":"Point","coordinates":[35.4041495,51.1375191,0]},"properties":{"name":"Suicide attacks","styleUrl":"#icon-1899-0288D1-nodesc","icon-opacity":1,"icon-color":"#0288d1","icon-scale":1,"icon-offset":[32,64],"icon-offset-units":["pixels","insetPixels"],"icon":"https://www.gstatic.com/mapspro/images/stock/503-wht-blank_maps.png"}},{"type":"Feature","geometry":{"type":"Point","coordinates":[35.5769292,51.0844134,0]},"properties":{"name":"Suicide attacks","styleUrl":"#icon-1899-0288D1-nodesc","icon-opacity":1,"icon-color":"#0288d1","icon-scale":1,"icon-offset":[32,64],"icon-offset-units":["pixels","insetPixels"],"icon":"https://www.gstatic.com/mapspro/images/stock/503-wht-blank_maps.png"}},{"type":"Feature","geometry":{"type":"Point","coordinates":[37.2637825,48.2924864,0]},"properties":{"name":"Encircled and abandoned","styleUrl":"#icon-1899-0288D1-nodesc","icon-opacity":1,"icon-color":"#0288d1","icon-scale":1,"icon-offset":[32,64],"icon-offset-units":["pixels","insetPixels"],"icon":"https://www.gstatic.com/mapspro/images/stock/503-wht-blank_maps.png"}},{"type":"Feature","geometry":{"type":"Point","coordinates":[37.2140007,48.2889457,0]},"properties":{"name":"Encircled and abandoned","styleUrl":"#icon-1899-0288D1-nodesc","icon-opacity":1,"icon-color":"#0288d1","icon-scale":1,"icon-offset":[32,64],"icon-offset-units":["pixels","insetPixels"],"icon":"https://www.gstatic.com/mapspro/images/stock/503-wht-blank_maps.png"}},{"type":"Feature","geometry":{"type":"Point","coordinates":[37.2562294,48.2355775,0]},"properties":{"name":"Encircled and abandoned","styleUrl":"#icon-1899-0288D1-nodesc","icon-opacity":1,"icon-color":"#0288d1","icon-scale":1,"icon-offset":[32,64],"icon-offset-units":["pixels","insetPixels"],"icon":"https://www.gstatic.com/mapspro/images/stock/503-wht-blank_maps.png"}},{"type":"Feature","geometry":{"type":"Point","coordinates":[37.2614951,47.9085103,0]},"properties":{"name":"Encircled and abandoned","styleUrl":"#icon-1899-0288D1-nodesc","icon-opacity":1,"icon-color":"#0288d1","icon-scale":1,"icon-offset":[32,64],"icon-offset-units":["pixels","insetPixels"],"icon":"https://www.gstatic.com/mapspro/images/stock/503-wht-blank_maps.png"}},{"type":"Feature","geometry":{"type":"Point","coordinates":[36.7990207,47.77875,0]},"properties":{"name":"Encircled and abandoned","styleUrl":"#icon-1899-0288D1-nodesc","icon-opacity":1,"icon-color":"#0288d1","icon-scale":1,"icon-offset":[32,64],"icon-offset-units":["pixels","insetPixels"],"icon":"https://www.gstatic.com/mapspro/images/stock/503-wht-blank_maps.png"}},{"type":"Feature","geometry":{"type":"Point","coordinates":[36.5861265,47.9457025,0]},"properties":{"name":"Encircled and abaondoned","styleUrl":"#icon-1899-0288D1-nodesc","icon-opacity":1,"icon-color":"#0288d1","icon-scale":1,"icon-offset":[32,64],"icon-offset-units":["pixels","insetPixels"],"icon":"https://www.gstatic.com/mapspro/images/stock/503-wht-blank_maps.png"}},{"type":"Feature","geometry":{"type":"Polygon","coordinates":[[[31.8071134,46.4657098,0],[31.8675382,46.531883,0],[31.9348295,46.5852355,0],[31.9403227,46.6262765,0],[31.9801481,46.662103,0],[32.0095799,46.7123678,0],[31.9848386,46.7359607,0],[31.9505063,46.7561928,0],[31.8557492,46.7839406,0],[31.8083707,46.7764172,0],[31.7417661,46.7632487,0],[31.6772214,46.769363,0],[31.6188565,46.769363,0],[31.5790644,46.7731784,0],[31.5400279,46.7728374,0],[31.5267746,46.7318919,0],[31.5069667,46.7035327,0],[31.4891139,46.6752723,0],[31.4609614,46.6517107,0],[31.4280024,46.6347399,0],[31.4245692,46.6172922,0],[31.4321223,46.581908,0],[31.4479151,46.5285523,0],[31.5783778,46.5096527,0],[31.6511622,46.4694693,0],[31.7095271,46.4689963,0],[31.8071134,46.4657098,0]]]},"properties":{"name":"Ochakiv Direction","styleUrl":"#poly-FFD600-1200-54-nodesc","fill-opacity":0.21176470588235294,"fill":"#ffd600","stroke-opacity":1,"stroke":"#ffd600","stroke-width":1.2}},{"type":"Feature","geometry":{"type":"Polygon","coordinates":[[[32.2186127,46.4097496,0],[32.244402,46.4656371,0],[32.2770177,46.5207084,0],[32.2851241,46.5673275,0],[32.2807327,46.6662627,0],[32.2059605,46.674219,0],[32.1462224,46.684112,0],[32.0823643,46.70248,0],[32.0095799,46.7123678,0],[31.9801481,46.662103,0],[31.9403227,46.6262765,0],[31.9348295,46.5852355,0],[31.9156034,46.5672998,0],[31.8675382,46.531883,0],[31.8071134,46.4657098,0],[31.852432,46.458615,0],[31.9101103,46.4396911,0],[32.0309599,46.41366,0],[32.2186127,46.4097496,0]]]},"properties":{"name":"Stanislav Direction","styleUrl":"#poly-FFD600-1200-51-nodesc","fill-opacity":0.2,"fill":"#ffd600","stroke-opacity":1,"stroke":"#ffd600","stroke-width":1.2}},{"type":"Feature","geometry":{"type":"Polygon","coordinates":[[[32.244402,46.4656371,0],[32.2186127,46.4097496,0],[32.2917301,46.4075349,0],[32.3648579,46.4175829,0],[32.4452058,46.445246,0],[32.7219239,46.517587,0],[32.8527299,46.5799216,0],[32.8146211,46.6311051,0],[32.7431714,46.7056836,0],[32.6999127,46.7774427,0],[32.637445,46.7733563,0],[32.5519577,46.7625389,0],[32.423555,46.7058297,0],[32.2807327,46.6662627,0],[32.285944,46.6009699,0],[32.285944,46.5691156,0],[32.2838841,46.5457438,0],[32.2770177,46.5207084,0],[32.2632847,46.4968432,0],[32.244402,46.4656371,0]]]},"properties":{"name":"Kherson Direction","styleUrl":"#poly-FFD600-1200-48-nodesc","fill-opacity":0.18823529411764706,"fill":"#ffd600","stroke-opacity":1,"stroke":"#ffd600","stroke-width":1.2}},{"type":"Feature","geometry":{"type":"Polygon","coordinates":[[[32.6999127,46.7774427,0],[32.7431714,46.7056836,0],[32.8123879,46.6334144,0],[32.8527299,46.5799216,0],[33.0036136,46.6325126,0],[33.0798312,46.636756,0],[33.1642886,46.6490127,0],[33.2201542,46.6482547,0],[33.1940617,46.7367988,0],[33.1288304,46.788069,0],[33.0663456,46.8632397,0],[32.8898777,46.8209692,0],[32.7724614,46.7979412,0],[32.6999127,46.7774427,0]]]},"properties":{"name":"Sadove Direction","styleUrl":"#poly-FFD600-1200-56-nodesc","fill-opacity":0.2196078431372549,"fill":"#ffd600","stroke-opacity":1,"stroke":"#ffd600","stroke-width":1.2}},{"type":"Feature","geometry":{"type":"Polygon","coordinates":[[[33.2201542,46.6482547,0],[33.380755,46.6712337,0],[33.4803186,46.6863089,0],[33.5476098,46.6971416,0],[33.6094079,46.7253905,0],[33.6609063,46.7508019,0],[33.7343774,46.7837248,0],[33.7632165,46.8241454,0],[33.7817559,46.8692302,0],[33.6588464,46.9363176,0],[33.5524163,46.9695955,0],[33.4851251,47.0084716,0],[33.411654,46.9817766,0],[33.357409,46.956943,0],[33.2976708,46.9353799,0],[33.248919,46.9119319,0],[33.1953607,46.8908199,0],[33.1315026,46.8800261,0],[33.0663456,46.8632397,0],[33.1288304,46.788069,0],[33.1940617,46.7367988,0],[33.2201542,46.6482547,0]]]},"properties":{"name":"Beryslav Direction","styleUrl":"#poly-FFD600-1200-48-nodesc","fill-opacity":0.18823529411764706,"fill":"#ffd600","stroke-opacity":1,"stroke":"#ffd600","stroke-width":1.2}},{"type":"Feature","geometry":{"type":"Polygon","coordinates":[[[33.7817559,46.8692302,0],[33.8814048,46.9610279,0],[33.9569358,47.0078707,0],[34.0256003,47.0584147,0],[34.080532,47.1238635,0],[34.1285971,47.1836321,0],[34.1697958,47.220487,0],[34.2106333,47.2459018,0],[34.2638663,47.2563842,0],[34.290315,47.2698958,0],[34.2082481,47.3127449,0],[34.0407065,47.443865,0],[33.9284933,47.5060926,0],[33.8395194,47.4995619,0],[33.801807,47.5076561,0],[33.7289695,47.4090244,0],[33.6493186,47.3271747,0],[33.6026267,47.2442657,0],[33.571041,47.1742977,0],[33.5312156,47.094889,0],[33.4851251,47.0084716,0],[33.5524163,46.9695955,0],[33.6588464,46.9363176,0],[33.7817559,46.8692302,0]]]},"properties":{"name":"Dudchany Direction","styleUrl":"#poly-FFD600-1200-51-nodesc","fill-opacity":0.2,"fill":"#ffd600","stroke-opacity":1,"stroke":"#ffd600","stroke-width":1.2}},{"type":"Feature","geometry":{"type":"Polygon","coordinates":[[[34.290315,47.2698958,0],[34.3883619,47.2812157,0],[34.5064649,47.322192,0],[34.5744428,47.331035,0],[34.6561536,47.3147441,0],[34.7227582,47.3110198,0],[34.8935734,47.2621859,0],[35.0020634,47.2370166,0],[35.1201664,47.2407461,0],[35.1998173,47.2482044,0],[35.2423893,47.2696412,0],[35.2437626,47.3571622,0],[35.2423893,47.4268888,0],[35.1970707,47.4946674,0],[35.1677255,47.5290355,0],[35.1629189,47.6499045,0],[35.1380193,47.7233528,0],[34.9574794,47.7284126,0],[34.8084294,47.7427496,0],[34.6532475,47.7288955,0],[34.4802128,47.7261242,0],[34.3470036,47.7307429,0],[34.2151676,47.7307429,0],[34.1341435,47.7187335,0],[34.0036808,47.7021005,0],[33.8979374,47.666044,0],[33.8127934,47.5771835,0],[33.801807,47.5076561,0],[33.8395194,47.4995619,0],[33.9284933,47.5060926,0],[34.0407065,47.443865,0],[34.2082481,47.3127449,0],[34.290315,47.2698958,0]]]},"properties":{"name":"Nikopol Direction","styleUrl":"#poly-FFD600-1200-54-nodesc","fill-opacity":0.21176470588235294,"fill":"#ffd600","stroke-opacity":1,"stroke":"#ffd600","stroke-width":1.2}},{"type":"Feature","geometry":{"type":"Polygon","coordinates":[[[35.1462649,50.8855982,0],[35.2192622,50.9081243,0],[35.4703616,50.9829629,0],[35.6021976,50.9950651,0],[35.5932586,51.0475507,0],[35.580899,51.0915609,0],[35.5397002,51.1398374,0],[35.4991882,51.172568,0],[35.4425615,51.1968904,0],[35.3893249,51.209577,0],[35.3330199,51.1656792,0],[35.1976375,51.073976,0],[35.1138667,51.0346992,0],[34.9964504,50.9854482,0],[35.0493221,50.9530177,0],[35.0973872,50.9244601,0],[35.1462649,50.8855982,0]]]},"properties":{"name":"Myropillya Direction","styleUrl":"#poly-FFD600-1200-51-nodesc","fill-opacity":0.2,"fill":"#ffd600","stroke-opacity":1,"stroke":"#ffd600","stroke-width":1.2}},{"type":"Feature","geometry":{"type":"Polygon","coordinates":[[[34.9964504,50.9854482,0],[35.1138667,51.0346992,0],[35.1976375,51.073976,0],[35.3330199,51.1656792,0],[35.3893249,51.209577,0],[35.3356998,51.239062,0],[35.2969236,51.2722602,0],[35.253989,51.2959872,0],[35.168845,51.3195957,0],[35.1194102,51.3307622,0],[35.0490938,51.3318403,0],[35.0446399,51.3232847,0],[35.0364002,51.3011806,0],[35.0254138,51.2713339,0],[35.0233539,51.2556513,0],[35.008591,51.2455514,0],[35.0043647,51.2380368,0],[34.9883257,51.2126321,0],[34.9832503,51.1978237,0],[34.9794737,51.1865276,0],[34.9624593,51.1547216,0],[34.9109609,51.0741147,0],[34.8800619,51.008923,0],[34.9240072,51.0024419,0],[34.9658926,50.9998493,0],[34.9964504,50.9854482,0]]]},"properties":{"name":"Yunakivka Direction","styleUrl":"#poly-FFD600-1200-54-nodesc","fill-opacity":0.21176470588235294,"fill":"#ffd600","stroke-opacity":1,"stroke":"#ffd600","stroke-width":1.2}},{"type":"Feature","geometry":{"type":"Polygon","coordinates":[[[34.8829256,51.0115359,0],[34.9084045,51.0728343,0],[34.9331237,51.110139,0],[34.9624593,51.1547216,0],[34.9794737,51.1865276,0],[34.9825622,51.195847,0],[34.9856521,51.2053124,0],[34.9883257,51.2126321,0],[35.008591,51.2455514,0],[35.0233539,51.2556513,0],[35.0254138,51.2713339,0],[35.0278078,51.2762483,0],[35.0446399,51.3232847,0],[35.0490938,51.3318403,0],[34.9824892,51.3382752,0],[34.891852,51.3532864,0],[34.8067079,51.3588608,0],[34.7984682,51.348998,0],[34.7627626,51.2975057,0],[34.7304903,51.2446661,0],[34.6824251,51.1840191,0],[34.6185671,51.1357886,0],[34.569083,51.091133,0],[34.6254335,51.0676635,0],[34.681312,51.042243,0],[34.7284304,51.0309723,0],[34.7977816,51.0175836,0],[34.8829256,51.0115359,0]]]},"properties":{"name":"Khotin Direction","styleUrl":"#poly-FFD600-1200-54-nodesc","fill-opacity":0.21176470588235294,"fill":"#ffd600","stroke-opacity":1,"stroke":"#ffd600","stroke-width":1.2}},{"type":"Feature","geometry":{"type":"Polygon","coordinates":[[[34.569083,51.091133,0],[34.614872,51.1331733,0],[34.6824251,51.1840191,0],[34.7295418,51.2420569,0],[34.7627626,51.2975057,0],[34.7984682,51.348998,0],[34.8067079,51.3588608,0],[34.7673073,51.3644044,0],[34.6807899,51.3734066,0],[34.5839729,51.3866923,0],[34.5695534,51.3686914,0],[34.5262947,51.300481,0],[34.4782295,51.2338888,0],[34.4473305,51.1908749,0],[34.4274178,51.1555735,0],[34.4061317,51.117228,0],[34.4658699,51.1068822,0],[34.4943677,51.1004179,0],[34.5201149,51.0999837,0],[34.569083,51.091133,0]]]},"properties":{"name":"Richky Direction","styleUrl":"#poly-FFD600-1200-54-nodesc","fill-opacity":0.21176470588235294,"fill":"#ffd600","stroke-opacity":1,"stroke":"#ffd600","stroke-width":1.2}},{"type":"Feature","geometry":{"type":"Polygon","coordinates":[[[34.4061317,51.117228,0],[34.4505568,51.1974993,0],[34.5262947,51.300481,0],[34.5695534,51.3686914,0],[34.5839729,51.3866923,0],[34.544865,51.3863648,0],[34.5170752,51.3956319,0],[34.4906431,51.4126041,0],[34.4672741,51.3992184,0],[34.4322552,51.3645055,0],[34.3196453,51.3065922,0],[34.2894329,51.2932832,0],[34.2318645,51.2681918,0],[34.1919292,51.2503249,0],[34.1624035,51.2322704,0],[34.1335643,51.211628,0],[34.1588502,51.1914413,0],[34.186316,51.1716416,0],[34.2302613,51.1544176,0],[34.3051057,51.1341712,0],[34.3566041,51.1208124,0],[34.4061317,51.117228,0]]]},"properties":{"name":"Bilopillya Direction","styleUrl":"#poly-FFD600-1200-54-nodesc","fill-opacity":0.21176470588235294,"fill":"#ffd600","stroke-opacity":1,"stroke":"#ffd600","stroke-width":1.2}},{"type":"Feature","geometry":{"type":"Polygon","coordinates":[[[34.1335643,51.211628,0],[34.1624035,51.2322704,0],[34.1919292,51.2503249,0],[34.2766302,51.286968,0],[34.4322552,51.3645055,0],[34.4672741,51.3992184,0],[34.4906431,51.4126041,0],[34.4933897,51.4434289,0],[34.5181089,51.4750882,0],[34.5428282,51.5229633,0],[34.5510679,51.5596904,0],[34.5812803,51.6125936,0],[34.4988828,51.6228258,0],[34.3766599,51.6287935,0],[34.2503172,51.626236,0],[34.1157347,51.5963878,0],[34.0319639,51.5554214,0],[33.9523129,51.4990321,0],[33.9186674,51.4870618,0],[33.9591795,51.4091779,0],[33.9811521,51.3689001,0],[33.996945,51.3354512,0],[34.0147978,51.3015486,0],[34.0436369,51.269769,0],[34.0779691,51.2362478,0],[34.1335643,51.211628,0]]]},"properties":{"name":"Putvyl Direction","styleUrl":"#poly-FFD600-1200-51-nodesc","fill-opacity":0.2,"fill":"#ffd600","stroke-opacity":1,"stroke":"#ffd600","stroke-width":1.2}},{"type":"Feature","geometry":{"type":"Polygon","coordinates":[[[33.9523129,51.4990321,0],[34.0319639,51.5554214,0],[34.1157347,51.5963878,0],[34.2503172,51.626236,0],[34.3766599,51.6287935,0],[34.4988828,51.6228258,0],[34.5812803,51.6125936,0],[34.6404139,51.6305469,0],[34.7269313,51.6969887,0],[34.7708766,51.7599331,0],[34.6871058,51.7752307,0],[34.4225185,51.7980876,0],[34.2270533,51.8007151,0],[34.065005,51.8168478,0],[33.913943,51.8210923,0],[33.8645045,51.8066594,0],[33.8191901,51.8118763,0],[33.8145261,51.7344392,0],[33.7883527,51.6709559,0],[33.8116986,51.6232365,0],[33.8508374,51.5750402,0],[33.8872296,51.5425962,0],[33.9186674,51.4870618,0],[33.9523129,51.4990321,0]]]},"properties":{"name":"Hlukhiv Direction","styleUrl":"#poly-FFD600-1200-51-nodesc","fill-opacity":0.2,"fill":"#ffd600","stroke-opacity":1,"stroke":"#ffd600","stroke-width":1.2}},{"type":"Feature","geometry":{"type":"Polygon","coordinates":[[[34.7708766,51.7599331,0],[34.8022392,51.8040533,0],[34.806359,51.8464922,0],[34.7665336,51.9049923,0],[34.7418144,51.9380239,0],[34.6278312,51.9854114,0],[34.494622,52.0471092,0],[34.4135978,52.1331745,0],[34.3751457,52.2072937,0],[34.333947,52.2754079,0],[34.3140577,52.3161418,0],[34.2803886,52.3895374,0],[34.1362601,52.4340372,0],[34.0147624,52.4658718,0],[33.9865642,52.4190417,0],[33.7008598,52.1887755,0],[33.6459281,52.1154687,0],[33.7042851,52.0882516,0],[33.7379386,52.0492206,0],[33.7642585,51.9407443,0],[33.7841712,51.9047493,0],[33.8033972,51.8581247,0],[33.8191901,51.8118763,0],[33.8645045,51.8066594,0],[33.913943,51.8210923,0],[34.065005,51.8168478,0],[34.2270533,51.8007151,0],[34.4225185,51.7980876,0],[34.6946631,51.7736537,0],[34.7708766,51.7599331,0]]]},"properties":{"name":"Svesa Direction","styleUrl":"#poly-FFD600-1200-48-nodesc","fill-opacity":0.18823529411764706,"fill":"#ffd600","stroke-opacity":1,"stroke":"#ffd600","stroke-width":1.2}},{"type":"Feature","geometry":{"type":"Polygon","coordinates":[[[33.6459281,52.1154687,0],[33.7008598,52.1887755,0],[33.9865642,52.4190417,0],[34.0147624,52.4658718,0],[33.8746867,52.4959811,0],[33.498405,52.5603123,0],[33.2264933,52.5986991,0],[32.9477153,52.6170461,0],[32.8625712,52.5945283,0],[32.8543315,52.4842743,0],[32.8235723,52.1857068,0],[32.8263188,52.0837116,0],[32.8296874,52.0030705,0],[32.9334356,52.0178389,0],[33.1050969,52.0338938,0],[33.242426,52.0676747,0],[33.3385564,52.0963684,0],[33.4854985,52.1098649,0],[33.6459281,52.1154687,0]]]},"properties":{"name":"Novhorod-Siverskyi Direction","styleUrl":"#poly-FFD600-1200-51-nodesc","fill-opacity":0.2,"fill":"#ffd600","stroke-opacity":1,"stroke":"#ffd600","stroke-width":1.2}},{"type":"Feature","geometry":{"type":"Polygon","coordinates":[[[32.8296874,52.0030705,0],[32.8235723,52.1857068,0],[32.8625712,52.5945283,0],[32.506525,52.606088,0],[32.1508427,52.5468349,0],[32.1357364,52.4372983,0],[32.1357364,52.3451102,0],[32.2030277,52.1980503,0],[32.2744388,52.0707662,0],[32.3829288,51.9134791,0],[32.4361784,51.8614657,0],[32.5446684,51.8928343,0],[32.6201994,51.9343429,0],[32.8296874,52.0030705,0]]]},"properties":{"name":"Semenivka Direction","styleUrl":"#poly-FFD600-1200-48-nodesc","fill-opacity":0.18823529411764706,"fill":"#ffd600","stroke-opacity":1,"stroke":"#ffd600","stroke-width":1.2}},{"type":"Feature","geometry":{"type":"Polygon","coordinates":[[[32.4361784,51.8614657,0],[32.3829288,51.9134791,0],[32.2877716,52.0473539,0],[32.2030277,52.1980503,0],[32.1357364,52.3451102,0],[32.1367053,52.4502554,0],[32.1508427,52.5468349,0],[32.0688284,52.539429,0],[31.9484271,52.5294339,0],[31.8742682,52.5196458,0],[31.7808856,52.5281806,0],[31.6743106,52.5623941,0],[31.6537112,52.5502875,0],[31.6482181,52.5425626,0],[31.6334552,52.5425626,0],[31.6241855,52.5536276,0],[31.6111392,52.5481999,0],[31.6128558,52.5394305,0],[31.6022128,52.5358806,0],[31.5912265,52.5197976,0],[31.596033,52.5141568,0],[31.5754337,52.5183352,0],[31.5620441,52.5181263,0],[31.5598829,52.5069248,0],[31.5706271,52.5051717,0],[31.5732724,52.4984608,0],[31.5836734,52.4955577,0],[31.5950031,52.5049627,0],[31.6049594,52.5047537,0],[31.6138858,52.4938854,0],[31.6269321,52.4922132,0],[31.6131992,52.4763234,0],[31.6060598,52.4632287,0],[31.5947127,52.4594849,0],[31.5806365,52.4594849,0],[31.5809798,52.4550916,0],[31.597116,52.4534178,0],[31.6084457,52.4550916,0],[31.6101623,52.4404441,0],[31.5974593,52.4391884,0],[31.6019225,52.4245356,0],[31.5936828,52.4218138,0],[31.5933395,52.4157416,0],[31.6221786,52.4186731,0],[31.6239462,52.3985625,0],[31.6331649,52.3985673,0],[31.6201697,52.3744653,0],[31.6272806,52.3650473,0],[31.6180109,52.3413514,0],[31.6252207,52.3304428,0],[31.6176676,52.3272955,0],[31.604278,52.3289741,0],[31.5963816,52.3266661,0],[31.5901145,52.3287951,0],[31.5812754,52.3275054,0],[31.5833353,52.3205807,0],[31.626594,52.2886715,0],[31.6289972,52.2953911,0],[31.6457328,52.2880724,0],[31.6482233,52.2796404,0],[31.6602396,52.2754392,0],[31.6835855,52.2771197,0],[31.7141413,52.2651447,0],[31.7086481,52.2592611,0],[31.6973185,52.2561088,0],[31.7131113,52.2161606,0],[31.7041849,52.2136363,0],[31.6986917,52.2026962,0],[31.6883921,52.2018546,0],[31.6877054,52.1940685,0],[31.7083048,52.1856496,0],[31.7237543,52.1923848,0],[31.7333268,52.1930161,0],[31.745727,52.1879649,0],[31.7594599,52.1896488,0],[31.7701029,52.1864915,0],[31.7769693,52.1873335,0],[31.7831491,52.1864915,0],[31.7834519,52.1509046,0],[31.787269,52.1374206,0],[31.7838358,52.1351026,0],[31.7913483,52.1256185,0],[31.8016886,52.1205597,0],[31.7837952,52.1140243,0],[31.7518613,52.0907029,0],[31.7035173,52.0095129,0],[31.7141045,51.8892457,0],[31.7813957,51.781475,0],[31.8885124,51.76108,0],[32.0505608,51.7797758,0],[32.18377,51.8145974,0],[32.4361784,51.8614657,0]]]},"properties":{"name":"Snovsk Direction","styleUrl":"#poly-FFD600-1200-46-nodesc","fill-opacity":0.1803921568627451,"fill":"#ffd600","stroke-opacity":1,"stroke":"#ffd600","stroke-width":1.2}},{"type":"Feature","geometry":{"type":"Polygon","coordinates":[[[35.6496926,50.8281704,0],[35.620737,50.8899299,0],[35.6052235,50.9368296,0],[35.6021976,50.9704251,0],[35.6021976,50.9950651,0],[35.5582522,50.990311,0],[35.4703616,50.9829629,0],[35.3909901,50.9595413,0],[35.3467654,50.945772,0],[35.2272891,50.9111491,0],[35.1462649,50.8855982,0],[35.1613711,50.8470289,0],[35.1709842,50.8227441,0],[35.1722484,50.8060486,0],[35.1822047,50.8073504,0],[35.2349587,50.8008381,0],[35.2885171,50.8082151,0],[35.4092917,50.8159809,0],[35.5219766,50.8160247,0],[35.6126138,50.8290378,0],[35.6496926,50.8281704,0]]]},"properties":{"name":"Uhroidy Direction","styleUrl":"#poly-FFD600-1200-54-nodesc","fill-opacity":0.21176470588235294,"fill":"#ffd600","stroke-opacity":1,"stroke":"#ffd600","stroke-width":1.2}},{"type":"Feature","geometry":{"type":"Polygon","coordinates":[[[35.1781393,50.5611321,0],[35.2238012,50.5757423,0],[35.4805796,50.6058713,0],[35.6042028,50.6149714,0],[35.6996465,50.6798453,0],[35.6984445,50.6974385,0],[35.6860849,50.7291778,0],[35.6771585,50.7695817,0],[35.6689187,50.8064794,0],[35.6496926,50.8281704,0],[35.6126138,50.8290378,0],[35.5803414,50.8251342,0],[35.5219766,50.8160247,0],[35.3976937,50.8155908,0],[35.3393289,50.8116862,0],[35.2885171,50.8082151,0],[35.2349587,50.8008381,0],[35.1822047,50.8073504,0],[35.1722484,50.8060486,0],[35.1657252,50.7478666,0],[35.1561122,50.6957019,0],[35.1547389,50.6460916,0],[35.1781393,50.5611321,0]]]},"properties":{"name":"Krasnopillya Direction","styleUrl":"#poly-FFD600-1200-54-nodesc","fill-opacity":0.21176470588235294,"fill":"#ffd600","stroke-opacity":1,"stroke":"#ffd600","stroke-width":1.2}},{"type":"Feature","geometry":{"type":"Polygon","coordinates":[[[35.5736782,50.2678216,0],[35.5911877,50.2923938,0],[35.6513671,50.3337015,0],[35.694551,50.3534278,0],[35.762849,50.4509301,0],[35.8953716,50.552255,0],[35.9091045,50.5906317,0],[35.9104467,50.6171498,0],[35.8871007,50.6223776,0],[35.8349157,50.6323959,0],[35.770371,50.6415413,0],[35.6996465,50.6798453,0],[35.6042028,50.6149714,0],[35.4881598,50.6058208,0],[35.3535772,50.5910019,0],[35.2238012,50.5757423,0],[35.1781393,50.5611321,0],[35.1916956,50.510285,0],[35.2203681,50.4751234,0],[35.2581568,50.4386148,0],[35.3034521,50.3933356,0],[35.3755499,50.3512933,0],[35.4806067,50.296495,0],[35.5609753,50.2353317,0],[35.5736782,50.2678216,0]]]},"properties":{"name":"Velyka Pysarivka direction","styleUrl":"#poly-FFD600-1200-54-nodesc","fill-opacity":0.21176470588235294,"fill":"#ffd600","stroke-opacity":1,"stroke":"#ffd600","stroke-width":1.2}},{"type":"Feature","geometry":{"type":"Polygon","coordinates":[[[36.0437787,50.236597,0],[36.0485823,50.2484543,0],[36.0807659,50.2950259,0],[36.1205914,50.3401857,0],[36.2901928,50.4946313,0],[36.3500197,50.5404228,0],[36.2922527,50.5622883,0],[36.1707165,50.6111156,0],[36.0910656,50.6442196,0],[36.0014168,50.6254927,0],[35.9104467,50.6171498,0],[35.9091045,50.5906317,0],[35.8953716,50.552255,0],[35.762849,50.4509301,0],[35.6948711,50.3563976,0],[35.6540157,50.3351457,0],[35.6231167,50.3138842,0],[35.5911877,50.2923938,0],[35.5736782,50.2678216,0],[35.5609753,50.2353317,0],[35.6413127,50.2138059,0],[35.7230236,50.204138,0],[35.7813885,50.1953474,0],[35.8411266,50.2138059,0],[35.9267452,50.2332979,0],[35.9885433,50.2412032,0],[36.0437787,50.236597,0]]]},"properties":{"name":"Zolochiv Direction","styleUrl":"#poly-FFD600-1200-48-nodesc","fill-opacity":0.18823529411764706,"fill":"#ffd600","stroke-opacity":1,"stroke":"#ffd600","stroke-width":1.2}},{"type":"Feature","geometry":{"type":"Polygon","coordinates":[[[36.2956914,50.1254266,0],[36.3004979,50.1782232,0],[36.3341749,50.2480594,0],[36.4158543,50.3835733,0],[36.4810857,50.5064457,0],[36.4488967,50.5137957,0],[36.3500197,50.5404228,0],[36.2944014,50.4980743,0],[36.1776717,50.3926934,0],[36.1241134,50.3432017,0],[36.0821904,50.2984659,0],[36.0485823,50.2484543,0],[36.0437787,50.236597,0],[36.0774215,50.2221021,0],[36.1687453,50.1618766,0],[36.2956914,50.1254266,0]]]},"properties":{"name":"Derhachi Direction","styleUrl":"#poly-FFD600-1200-54-nodesc","fill-opacity":0.21176470588235294,"fill":"#ffd600","stroke-opacity":1,"stroke":"#ffd600","stroke-width":1.2}},{"type":"Feature","geometry":{"type":"Polygon","coordinates":[[[35.2423893,47.2696412,0],[35.3468034,47.3218835,0],[35.4106614,47.3428252,0],[35.4655931,47.3628283,0],[35.5047319,47.3837537,0],[35.5356309,47.4139647,0],[35.5792178,47.4751613,0],[35.609102,47.5146974,0],[35.5939958,47.6064417,0],[35.6022355,47.7031087,0],[35.5946824,47.7576073,0],[35.5466172,47.7714537,0],[35.4703996,47.7783756,0],[35.3989884,47.7765298,0],[35.3028581,47.7488359,0],[35.1380193,47.7233528,0],[35.1629189,47.6499045,0],[35.1677255,47.5290355,0],[35.2423893,47.4268888,0],[35.2423893,47.2696412,0]]]},"properties":{"name":"Komyshuvakha direction","styleUrl":"#poly-FFD600-1200-61-nodesc","fill-opacity":0.23921568627450981,"fill":"#ffd600","stroke-opacity":1,"stroke":"#ffd600","stroke-width":1.2}},{"type":"Feature","geometry":{"type":"Polygon","coordinates":[[[35.5946824,47.7576073,0],[35.6042955,47.7109637,0],[35.6015489,47.6758381,0],[35.5939958,47.6064417,0],[35.6144389,47.5146756,0],[35.5411241,47.4200048,0],[35.5047319,47.3837537,0],[35.748491,47.3679442,0],[35.8803269,47.3670141,0],[35.9627244,47.4014176,0],[35.9819842,47.5192623,0],[35.9991166,47.5545657,0],[35.9434983,47.5818996,0],[35.8734605,47.599034,0],[35.847368,47.6217168,0],[35.8411882,47.6471654,0],[35.8370683,47.6799989,0],[35.8480546,47.7169697,0],[35.824022,47.7363689,0],[35.7903764,47.7391396,0],[35.7594773,47.7400631,0],[35.7182786,47.7419101,0],[35.6571672,47.7525293,0],[35.5946824,47.7576073,0]]]},"properties":{"name":"Orikhiv direction","styleUrl":"#poly-FFD600-1200-69-nodesc","fill-opacity":0.27058823529411763,"fill":"#ffd600","stroke-opacity":1,"stroke":"#ffd600","stroke-width":1.2}},{"type":"Feature","geometry":{"type":"Polygon","coordinates":[[[35.824022,47.7363689,0],[35.8480546,47.7169697,0],[35.8370683,47.6799989,0],[35.8391282,47.6522537,0],[35.847368,47.6217168,0],[35.8734605,47.599034,0],[35.9414384,47.5846786,0],[35.9991166,47.5545657,0],[35.9819842,47.5192623,0],[35.9627244,47.4014176,0],[36.1522386,47.4116414,0],[36.3225267,47.4576237,0],[36.4289567,47.5137698,0],[36.4296434,47.6041269,0],[36.4392564,47.699874,0],[36.4220903,47.7534526,0],[36.3863847,47.7912939,0],[36.3472459,47.8143543,0],[36.2611264,47.8340098,0],[36.1975572,47.8374045,0],[36.1417997,47.8361899,0],[36.0979936,47.8337172,0],[36.0567948,47.8323344,0],[36.0066697,47.8281857,0],[35.9634111,47.8171209,0],[35.9022996,47.7936004,0],[35.8597276,47.7603768,0],[35.824022,47.7363689,0]]]},"properties":{"name":"Omelnyk direction","styleUrl":"#poly-FFD600-1200-71-nodesc","fill-opacity":0.2784313725490196,"fill":"#ffd600","stroke-opacity":1,"stroke":"#ffd600","stroke-width":1.2}},{"type":"Feature","geometry":{"type":"Polygon","coordinates":[[[36.4220903,47.7534526,0],[36.4283892,47.7831814,0],[36.4434954,47.8011723,0],[36.4817739,47.8252785,0],[36.5218749,47.8286127,0],[36.5492388,47.838057,0],[36.5629717,47.8620181,0],[36.5519854,47.9025423,0],[36.5306994,47.9471744,0],[36.5080401,47.9784399,0],[36.4592883,48.0060114,0],[36.3727709,48.0409141,0],[36.3041064,48.0569798,0],[36.2258288,48.0615691,0],[36.1551043,48.0528491,0],[36.0891863,48.0390777,0],[36.0459277,48.009227,0],[36.0191485,47.934755,0],[36.008845,47.8820486,0],[36.002669,47.8597146,0],[36.0066697,47.8281857,0],[36.0567948,47.8323344,0],[36.1291999,47.8349079,0],[36.1975572,47.8374045,0],[36.2611264,47.8340098,0],[36.3472459,47.8143543,0],[36.3863847,47.7912939,0],[36.4220903,47.7534526,0]]]},"properties":{"name":"Pokrovs'ke direction","styleUrl":"#poly-FFD600-1200-69-nodesc","fill-opacity":0.27058823529411763,"fill":"#ffd600","stroke-opacity":1,"stroke":"#ffd600","stroke-width":1.2}},{"type":"Feature","geometry":{"type":"Polygon","coordinates":[[[36.5629717,47.8620181,0],[36.5691515,47.8652428,0],[36.62065,47.8767578,0],[36.6494891,47.8799816,0],[36.6893145,47.8859681,0],[36.7147204,47.8970182,0],[36.7360064,47.9122082,0],[36.7634722,47.9347549,0],[36.7772051,47.9618899,0],[36.7305132,47.9995794,0],[36.7160937,48.0165765,0],[36.7016741,48.047341,0],[36.6810748,48.081757,0],[36.6323229,48.1065223,0],[36.6117236,48.1408988,0],[36.5849444,48.1647196,0],[36.5464922,48.1706731,0],[36.4743945,48.1752522,0],[36.4277026,48.1642616,0],[36.349425,48.1271509,0],[36.3315722,48.1056053,0],[36.3212725,48.0721229,0],[36.3041064,48.0569798,0],[36.3768908,48.0399959,0],[36.4592883,48.0060114,0],[36.5080401,47.9784399,0],[36.5306994,47.9471744,0],[36.554732,47.8983993,0],[36.5629717,47.8620181,0]]]},"properties":{"name":"Prosyana direction","styleUrl":"#poly-FFD600-1200-77-nodesc","fill-opacity":0.30196078431372547,"fill":"#ffd600","stroke-opacity":1,"stroke":"#ffd600","stroke-width":1.2}},{"type":"Feature","geometry":{"type":"Polygon","coordinates":[[[36.5464922,48.1706731,0],[36.5849444,48.1647196,0],[36.6117236,48.1408988,0],[36.6323229,48.1065223,0],[36.6810748,48.081757,0],[36.7022473,48.0514919,0],[36.7160937,48.0165765,0],[36.7358929,47.9945448,0],[36.7772051,47.9618899,0],[36.8512494,48.0028152,0],[36.9226605,48.0322104,0],[36.9968182,48.0744366,0],[37.0503766,48.1161697,0],[37.0723492,48.1606172,0],[37.0496899,48.1999921,0],[36.9899518,48.2160081,0],[36.9405133,48.2352207,0],[36.8684155,48.2525973,0],[36.8272168,48.2644832,0],[36.7504302,48.3060703,0],[36.6981274,48.2946425,0],[36.6603619,48.3010377,0],[36.6274029,48.2978402,0],[36.6006238,48.2891603,0],[36.5779645,48.2763662,0],[36.5765912,48.2512257,0],[36.5752179,48.227445,0],[36.580711,48.2205831,0],[36.5800244,48.2059415,0],[36.5793377,48.1853445,0],[36.5464922,48.1706731,0]]]},"properties":{"name":"Novopavlivka direction","styleUrl":"#poly-FFD600-1200-77-nodesc","fill-opacity":0.30196078431372547,"fill":"#ffd600","stroke-opacity":1,"stroke":"#ffd600","stroke-width":1.2}},{"type":"Feature","geometry":{"type":"Polygon","coordinates":[[[37.0723492,48.1606172,0],[37.115039,48.1743645,0],[37.1548644,48.1835217,0],[37.200183,48.1926773,0],[37.2455016,48.2036618,0],[37.2681609,48.215559,0],[37.275714,48.2260812,0],[37.3169127,48.2475763,0],[37.3333922,48.2750037,0],[37.3443786,48.3001326,0],[37.3450652,48.3252491,0],[37.3354522,48.3416823,0],[37.3196593,48.3608477,0],[37.320346,48.3745328,0],[37.3169127,48.3873023,0],[37.3175994,48.4087296,0],[37.3244658,48.4214905,0],[37.3375121,48.4410813,0],[37.3546782,48.4579325,0],[37.3560515,48.4711363,0],[37.3547262,48.5012679,0],[37.3750062,48.5126986,0],[37.390382,48.52485,0],[37.396819,48.536246,0],[37.3999968,48.5557411,0],[37.3903838,48.5798231,0],[37.3677245,48.6048016,0],[37.2825805,48.6057097,0],[37.1994964,48.5961741,0],[37.1328917,48.5870908,0],[37.0628539,48.5366492,0],[37.0141021,48.5093624,0],[36.9605437,48.4615753,0],[36.8699065,48.3863903,0],[36.8067351,48.3453334,0],[36.7504302,48.3060703,0],[36.820468,48.2672341,0],[36.9405133,48.2352207,0],[36.9899518,48.2160081,0],[37.0496899,48.1999921,0],[37.0723492,48.1606172,0]]]},"properties":{"name":"Dobropillya direction","styleUrl":"#poly-FFD600-1200-77-nodesc","fill-opacity":0.30196078431372547,"fill":"#ffd600","stroke-opacity":1,"stroke":"#ffd600","stroke-width":1.2}},{"type":"Feature","geometry":{"type":"Polygon","coordinates":[[[37.3567382,48.337118,0],[37.3642913,48.3403131,0],[37.3773375,48.3462461,0],[37.4226561,48.3562851,0],[37.502307,48.3521785,0],[37.5847045,48.3549163,0],[37.6348296,48.3517222,0],[37.6691619,48.35446,0],[37.6787749,48.3841102,0],[37.6671019,48.4283254,0],[37.6348717,48.4774264,0],[37.6190368,48.4952585,0],[37.6066771,48.5139112,0],[37.5977508,48.5530141,0],[37.5695983,48.5784602,0],[37.5208465,48.585274,0],[37.469348,48.5830028,0],[37.4336425,48.5693738,0],[37.4041167,48.5566501,0],[37.39463,48.53025,0],[37.385967,48.518934,0],[37.3644384,48.5050644,0],[37.3572221,48.4987797,0],[37.3546782,48.4579325,0],[37.3340789,48.4360704,0],[37.3175994,48.4087296,0],[37.3169127,48.3873023,0],[37.320346,48.3745328,0],[37.3196593,48.3608477,0],[37.3354522,48.3416823,0],[37.3450652,48.3252491,0],[37.3567382,48.337118,0]]]},"properties":{"name":"Druzhkivka direction","styleUrl":"#poly-FFD600-1200-77-nodesc","fill-opacity":0.30196078431372547,"fill":"#ffd600","stroke-opacity":1,"stroke":"#ffd600","stroke-width":1.2}},{"type":"Feature","geometry":{"type":"Polygon","coordinates":[[[37.6691619,48.35446,0],[37.718563,48.3605557,0],[37.7453422,48.3651179,0],[37.7769279,48.3710481,0],[37.8510856,48.3984092,0],[37.8778648,48.4093495,0],[37.9224967,48.4412454,0],[37.9479033,48.4758491,0],[37.9520232,48.500424,0],[37.9547697,48.5222584,0],[37.958203,48.5586282,0],[37.9588896,48.5917928,0],[37.9520232,48.6126799,0],[37.9314238,48.6399109,0],[37.8874785,48.6653133,0],[37.8442198,48.6802765,0],[37.7906615,48.6947821,0],[37.72955,48.6934224,0],[37.6622543,48.696146,0],[37.6519591,48.6775562,0],[37.6286131,48.6594174,0],[37.6128203,48.6240279,0],[37.5908477,48.5967883,0],[37.5695983,48.5784602,0],[37.5977508,48.5530141,0],[37.6066771,48.5139112,0],[37.6361814,48.4724427,0],[37.6677519,48.4239296,0],[37.6787749,48.3841102,0],[37.6691619,48.35446,0]]]},"properties":{"name":"Kostyantynivka direction","styleUrl":"#poly-FFD600-1200-79-nodesc","fill-opacity":0.30980392156862746,"fill":"#ffd600","stroke-opacity":1,"stroke":"#ffd600","stroke-width":1.2}},{"type":"Feature","geometry":{"type":"Polygon","coordinates":[[[37.72955,48.6934224,0],[37.7961546,48.6952353,0],[37.8874785,48.6653133,0],[37.9362303,48.6394572,0],[37.9520232,48.6126799,0],[38.0138213,48.673929,0],[38.066693,48.7314807,0],[38.0914122,48.7848949,0],[38.1229979,48.8436754,0],[38.1181914,48.9023869,0],[38.0756194,48.9506593,0],[38.0241209,48.9583245,0],[37.9616362,48.9560701,0],[37.915631,48.943895,0],[37.8895384,48.9303635,0],[37.8510863,48.9168284,0],[37.8098875,48.90013,0],[37.7865416,48.8978731,0],[37.7419096,48.8911016,0],[37.7137572,48.8847807,0],[37.717877,48.8626512,0],[37.7288634,48.8328288,0],[37.7309233,48.8161023,0],[37.7206236,48.7962042,0],[37.7068907,48.7622687,0],[37.6801116,48.7133613,0],[37.6622543,48.696146,0],[37.72955,48.6934224,0]]]},"properties":{"name":"Rai-Oleksandrivka direction","styleUrl":"#poly-FFD600-1200-77-nodesc","fill-opacity":0.30196078431372547,"fill":"#ffd600","stroke-opacity":1,"stroke":"#ffd600","stroke-width":1.2}},{"type":"Feature","geometry":{"type":"Polygon","coordinates":[[[37.7137572,48.8847807,0],[37.7371031,48.8906501,0],[37.8016478,48.8983245,0],[37.8325468,48.9087056,0],[37.8895384,48.9303635,0],[37.915631,48.943895,0],[37.9616362,48.9560701,0],[38.0164902,48.9589865,0],[38.0097014,48.9641853,0],[37.9994017,49.0078941,0],[37.9849821,49.0461641,0],[37.9685027,49.0731605,0],[37.9218108,49.10239,0],[37.8201872,49.1059863,0],[37.7680022,49.0956463,0],[37.7336699,49.0808068,0],[37.7007957,49.0503323,0],[37.6787383,49.03176,0],[37.6560789,49.0110468,0],[37.6299864,48.9826648,0],[37.6183135,48.9750034,0],[37.6389128,48.943895,0],[37.6677519,48.9235964,0],[37.6883513,48.910962,0],[37.7137572,48.8847807,0]]]},"properties":{"name":"Lyman direction","styleUrl":"#poly-FFD600-1200-77-nodesc","fill-opacity":0.30196078431372547,"fill":"#ffd600","stroke-opacity":1,"stroke":"#ffd600","stroke-width":1.2}},{"type":"Feature","geometry":{"type":"Polygon","coordinates":[[[37.6299864,48.9826648,0],[37.6560789,49.0110468,0],[37.7336699,49.0808068,0],[37.7680022,49.0956463,0],[37.8201872,49.1059863,0],[37.805081,49.132501,0],[37.772122,49.1513671,0],[37.6917845,49.1648386,0],[37.6357444,49.1725597,0],[37.5805479,49.1765109,0],[37.535916,49.1778575,0],[37.4892241,49.182346,0],[37.4535185,49.1872829,0],[37.4287993,49.1872829,0],[37.4123198,49.1688793,0],[37.3985869,49.1540617,0],[37.3910338,49.1311531,0],[37.3882872,49.1136276,0],[37.3910338,49.0853041,0],[37.3979002,49.0745099,0],[37.4281126,49.0461641,0],[37.4466521,49.0326604,0],[37.4802977,49.0164511,0],[37.5111967,49.0011375,0],[37.5462157,48.9930284,0],[37.6183135,48.9750034,0],[37.6299864,48.9826648,0]]]},"properties":{"name":"Svyatohirsk direction","styleUrl":"#poly-FFD600-1200-77-nodesc","fill-opacity":0.30196078431372547,"fill":"#ffd600","stroke-opacity":1,"stroke":"#ffd600","stroke-width":1.2}},{"type":"Feature","geometry":{"type":"Polygon","coordinates":[[[37.4287993,49.1872829,0],[37.4535185,49.1872829,0],[37.5263029,49.1778575,0],[37.6357444,49.1725597,0],[37.772122,49.1513671,0],[37.805081,49.132501,0],[37.8201872,49.1059863,0],[37.9218108,49.10239,0],[37.9492766,49.1814483,0],[38.0042082,49.2316925,0],[38.0303008,49.2635173,0],[38.033734,49.3302378,0],[38.0296141,49.3651293,0],[37.989102,49.4241201,0],[37.9163176,49.4535889,0],[37.8394133,49.4843783,0],[37.7789885,49.5040021,0],[37.7212833,49.5165435,0],[37.7160906,49.5176301,0],[37.6981005,49.5217398,0],[37.6801115,49.5142568,0],[37.5929076,49.5008806,0],[37.5867274,49.5017661,0],[37.5640685,49.4509107,0],[37.5510222,49.4160801,0],[37.5118834,49.337397,0],[37.491284,49.3006949,0],[37.4706847,49.2603805,0],[37.4596983,49.2200332,0],[37.4287993,49.1872829,0]]]},"properties":{"name":"Borova direction","styleUrl":"#poly-FFD600-1200-77-nodesc","fill-opacity":0.30196078431372547,"fill":"#ffd600","stroke-opacity":1,"stroke":"#ffd600","stroke-width":1.2}},{"type":"Feature","geometry":{"type":"Polygon","coordinates":[[[37.5819213,49.5017725,0],[37.5929076,49.5008806,0],[37.699653,49.5183483,0],[37.7723931,49.5065494,0],[37.8153807,49.4919612,0],[37.989102,49.4241201,0],[38.0447203,49.5142568,0],[38.0625731,49.6131266,0],[38.0145079,49.7197878,0],[37.9485899,49.7597255,0],[37.8799254,49.7836723,0],[37.7714354,49.8031758,0],[37.6533324,49.8386165,0],[37.5640685,49.86518,0],[37.4995238,49.8572125,0],[37.4308592,49.8483582,0],[37.4445921,49.7863323,0],[37.4363524,49.7526278,0],[37.4363524,49.7082441,0],[37.448712,49.653152,0],[37.491284,49.6042276,0],[37.5393492,49.5659435,0],[37.5736815,49.5240636,0],[37.5819213,49.5017725,0]]]},"properties":{"name":"Kupyansk direction","styleUrl":"#poly-FFD600-1200-77-nodesc","fill-opacity":0.30196078431372547,"fill":"#ffd600","stroke-opacity":1,"stroke":"#ffd600","stroke-width":1.2}},{"type":"Feature","geometry":{"type":"Polygon","coordinates":[[[37.4995238,49.8572125,0],[37.5640685,49.86518,0],[37.7714354,49.8031758,0],[37.8799254,49.7836723,0],[37.9238707,49.9651049,0],[37.9128844,50.1238499,0],[37.8964049,50.2197237,0],[37.816754,50.3057579,0],[37.6972777,50.3863834,0],[37.6368653,50.4249033,0],[37.6011473,50.4108944,0],[37.4805467,50.3642632,0],[37.3621947,50.2811926,0],[37.2725033,50.2004144,0],[37.189319,50.122061,0],[37.152112,50.094358,0],[37.2921568,50.0330767,0],[37.3264891,49.9960131,0],[37.382794,49.9518525,0],[37.4308592,49.8483582,0],[37.4995238,49.8572125,0]]]},"properties":{"name":"Velykyi Burluk direction","styleUrl":"#poly-FFD600-1200-77-nodesc","fill-opacity":0.30196078431372547,"fill":"#ffd600","stroke-opacity":1,"stroke":"#ffd600","stroke-width":1.2},"id":252},{"type":"Feature","geometry":{"type":"Polygon","coordinates":[[[37.3621947,50.2811926,0],[37.4805467,50.3642632,0],[37.6011473,50.4108944,0],[37.6368653,50.4249033,0],[37.5375484,50.480008,0],[37.4345516,50.5201899,0],[37.3013424,50.546377,0],[37.1859859,50.5629547,0],[37.0390438,50.5507401,0],[36.879742,50.5324124,0],[36.8321726,50.529672,0],[36.8357967,50.5009767,0],[36.8303035,50.4135457,0],[36.8481563,50.3680177,0],[36.8783687,50.2882384,0],[36.8879818,50.2540063,0],[36.8602957,50.2202184,0],[36.8618892,50.1837096,0],[36.8426632,50.159961,0],[36.8261837,50.1256368,0],[36.8165706,50.0974548,0],[36.94566,50.0895257,0],[37.0568966,50.0886446,0],[37.152112,50.094358,0],[37.196478,50.124364,0],[37.2725033,50.2004144,0],[37.3621947,50.2811926,0]]]},"properties":{"name":"Bilyi Kolodyaz","styleUrl":"#poly-FFD600-1200-71-nodesc","fill-opacity":0.2784313725490196,"fill":"#ffd600","stroke-opacity":1,"stroke":"#ffd600","stroke-width":1.2}},{"type":"Feature","geometry":{"type":"Polygon","coordinates":[[[36.8165706,50.0974548,0],[36.8211863,50.1096638,0],[36.8321726,50.1439996,0],[36.8618892,50.1837096,0],[36.8543207,50.2239524,0],[36.8879818,50.2540063,0],[36.8303035,50.4135457,0],[36.8357967,50.5009767,0],[36.8321726,50.529672,0],[36.6426584,50.5209414,0],[36.6344187,50.497361,0],[36.6206858,50.4536623,0],[36.6014597,50.3113626,0],[36.5774271,50.2652975,0],[36.5279886,50.1932591,0],[36.5197489,50.1666565,0],[36.5159723,50.1380586,0],[36.5094492,50.112306,0],[36.5660975,50.103058,0],[36.6035196,50.0984334,0],[36.6690943,50.0920462,0],[36.7446253,50.0938083,0],[36.8165706,50.0974548,0]]]},"properties":{"name":"Polygon 42","styleUrl":"#poly-FFD600-1200-77-nodesc","fill-opacity":0.30196078431372547,"fill":"#ffd600","stroke-opacity":1,"stroke":"#ffd600","stroke-width":1.2}},{"type":"Feature","geometry":{"type":"Polygon","coordinates":[[[36.5094492,50.112306,0],[36.5159723,50.1380586,0],[36.5279886,50.1932591,0],[36.6015248,50.3037874,0],[36.6206858,50.4536623,0],[36.6426584,50.5209414,0],[36.4810857,50.5064457,0],[36.4092641,50.3756589,0],[36.3341749,50.2480594,0],[36.3004979,50.1782232,0],[36.2956914,50.1254266,0],[36.3605122,50.1209913,0],[36.4367299,50.1165886,0],[36.5094492,50.112306,0]]]},"properties":{"name":"Lyptsi direction","styleUrl":"#poly-FFD600-1200-77-nodesc","fill-opacity":0.30196078431372547,"fill":"#ffd600","stroke-opacity":1,"stroke":"#ffd600","stroke-width":1.2}},{"type":"Feature","geometry":{"type":"Point","coordinates":[38.4885311,47.8019904,0]},"properties":{"name":"Amvrosiivka (Donetsk Oblast)","styleUrl":"#icon-1739-A52714-nodesc","icon-opacity":1,"icon-color":"#a52714","icon-scale":1,"icon":"https://www.gstatic.com/mapspro/images/stock/503-wht-blank_maps.png"}},{"type":"Feature","geometry":{"type":"Point","coordinates":[37.7490733,48.1369964,0]},"properties":{"name":"Avdiivka (Donetsk Oblast)","styleUrl":"#icon-1739-A52714-nodesc","icon-opacity":1,"icon-color":"#a52714","icon-scale":1,"icon":"https://www.gstatic.com/mapspro/images/stock/503-wht-blank_maps.png"}},{"type":"Feature","geometry":{"type":"Point","coordinates":[37.9978635,48.5991359,0]},"properties":{"name":"Bakhmut (Donetsk Oblast)","styleUrl":"#icon-1739-A52714-nodesc","icon-opacity":1,"icon-color":"#a52714","icon-scale":1,"icon":"https://www.gstatic.com/mapspro/images/stock/503-wht-blank_maps.png"}},{"type":"Feature","geometry":{"type":"Point","coordinates":[37.0536707,48.5342735,0]},"properties":{"name":"Bilozerske (Donetsk Oblast)","styleUrl":"#icon-1739-0288D1-nodesc","icon-opacity":1,"icon-color":"#0288d1","icon-scale":1,"icon":"https://www.gstatic.com/mapspro/images/stock/503-wht-blank_maps.png"}},{"type":"Feature","geometry":{"type":"Point","coordinates":[37.1868988,48.4055976,0]},"properties":{"name":"Bilytske (Donetsk Oblast)","styleUrl":"#icon-1739-FFD600-nodesc","icon-opacity":1,"icon-color":"#ffd600","icon-scale":1,"icon":"https://www.gstatic.com/mapspro/images/stock/503-wht-blank_maps.png"}},{"type":"Feature","geometry":{"type":"Point","coordinates":[37.8354218,48.5884808,0]},"properties":{"name":"Chasiv Yar (Donetsk Oblast)","styleUrl":"#icon-1739-FFD600-nodesc","icon-opacity":1,"icon-color":"#ffd600","icon-scale":1,"icon":"https://www.gstatic.com/mapspro/images/stock/503-wht-blank_maps.png"}},{"type":"Feature","geometry":{"type":"Point","coordinates":[38.2724212,48.2233071,0]},"properties":{"name":"Bunhe (Donetsk Oblast)","styleUrl":"#icon-1739-A52714-nodesc","icon-opacity":1,"icon-color":"#a52714","icon-scale":1,"icon":"https://www.gstatic.com/mapspro/images/stock/503-wht-blank_maps.png"}},{"type":"Feature","geometry":{"type":"Point","coordinates":[38.6545258,48.0201627,0]},"properties":{"name":"Chystiakove (Donetsk Oblast)","styleUrl":"#icon-1739-A52714-nodesc","icon-opacity":1,"icon-color":"#a52714","icon-scale":1,"icon":"https://www.gstatic.com/mapspro/images/stock/503-wht-blank_maps.png"}},{"type":"Feature","geometry":{"type":"Point","coordinates":[38.4062034,48.3340595,0]},"properties":{"name":"Debal'tseve (Donetsk Oblast)","styleUrl":"#icon-1739-A52714-nodesc","icon-opacity":1,"icon-color":"#a52714","icon-scale":1,"icon":"https://www.gstatic.com/mapspro/images/stock/503-wht-blank_maps.png"}},{"type":"Feature","geometry":{"type":"Point","coordinates":[37.0871223,48.4691324,0]},"properties":{"name":"Dobropillya (Donetsk Oblast)","styleUrl":"#icon-1739-0288D1-nodesc","icon-opacity":1,"icon-color":"#0288d1","icon-scale":1,"icon":"https://www.gstatic.com/mapspro/images/stock/503-wht-blank_maps.png"}},{"type":"Feature","geometry":{"type":"Point","coordinates":[37.6772484,47.758214,0]},"properties":{"name":"Dokuchajevs'k (Donetsk Oblast)","styleUrl":"#icon-1739-A52714-nodesc","icon-opacity":1,"icon-color":"#a52714","icon-scale":1,"icon":"https://www.gstatic.com/mapspro/images/stock/503-wht-blank_maps.png"}},{"type":"Feature","geometry":{"type":"Point","coordinates":[37.80285,48.015883,0]},"properties":{"name":"Donetsk City (Donetsk Oblast)","styleUrl":"#icon-1739-A52714-nodesc","icon-opacity":1,"icon-color":"#a52714","icon-scale":1,"icon":"https://www.gstatic.com/mapspro/images/stock/503-wht-blank_maps.png"}},{"type":"Feature","geometry":{"type":"Point","coordinates":[37.5272187,48.6161912,0]},"properties":{"name":"Druzhkivka (Donetsk Oblast)","styleUrl":"#icon-1739-0288D1-nodesc","icon-opacity":1,"icon-color":"#0288d1","icon-scale":1,"icon":"https://www.gstatic.com/mapspro/images/stock/503-wht-blank_maps.png"}},{"type":"Feature","geometry":{"type":"Point","coordinates":[37.3703445,48.0535517,0]},"properties":{"name":"Hirnyk (Donetsk Oblast)","styleUrl":"#icon-1739-A52714-nodesc","icon-opacity":1,"icon-color":"#a52714","icon-scale":1,"icon":"https://www.gstatic.com/mapspro/images/stock/503-wht-blank_maps.png"}},{"type":"Feature","geometry":{"type":"Point","coordinates":[38.029633,48.3071,0]},"properties":{"name":"Horlivka (Donetsk Oblast)","styleUrl":"#icon-1739-A52714-nodesc","icon-opacity":1,"icon-color":"#a52714","icon-scale":1,"icon":"https://www.gstatic.com/mapspro/images/stock/503-wht-blank_maps.png"}},{"type":"Feature","geometry":{"type":"Point","coordinates":[38.1957157,47.9257046,0]},"properties":{"name":"Ilovais'k (Donetsk Oblast)","styleUrl":"#icon-1739-A52714-nodesc","icon-opacity":1,"icon-color":"#a52714","icon-scale":1,"icon":"https://www.gstatic.com/mapspro/images/stock/503-wht-blank_maps.png"}},{"type":"Feature","geometry":{"type":"Point","coordinates":[38.1393965,48.043204,0]},"properties":{"name":"Khartsyz'k (Donetsk Oblast)","styleUrl":"#icon-1739-A52714-nodesc","icon-opacity":1,"icon-color":"#a52714","icon-scale":1,"icon":"https://www.gstatic.com/mapspro/images/stock/503-wht-blank_maps.png"}},{"type":"Feature","geometry":{"type":"Point","coordinates":[38.3590696,48.1544677,0]},"properties":{"name":"Khrestivka (Donetsk Oblast)","styleUrl":"#icon-1739-A52714-nodesc","icon-opacity":1,"icon-color":"#a52714","icon-scale":1,"icon":"https://www.gstatic.com/mapspro/images/stock/503-wht-blank_maps.png"}},{"type":"Feature","geometry":{"type":"Point","coordinates":[38.0762839,47.6668709,0]},"properties":{"name":"Kalmiuske (Donetsk Oblast)","styleUrl":"#icon-1739-A52714-nodesc","icon-opacity":1,"icon-color":"#a52714","icon-scale":1,"icon":"https://www.gstatic.com/mapspro/images/stock/503-wht-blank_maps.png"}},{"type":"Feature","geometry":{"type":"Point","coordinates":[37.7075811,48.5239429,0]},"properties":{"name":"Kostyantynivka (Donetsk Oblast)","styleUrl":"#icon-1739-FFD600-nodesc","icon-opacity":1,"icon-color":"#ffd600","icon-scale":1,"icon":"https://www.gstatic.com/mapspro/images/stock/503-wht-blank_maps.png"}},{"type":"Feature","geometry":{"type":"Point","coordinates":[37.58435,48.738967,0]},"properties":{"name":"Kramatorsk (Donetsk Oblast)","styleUrl":"#icon-1739-0288D1-nodesc","icon-opacity":1,"icon-color":"#0288d1","icon-scale":1,"icon":"https://www.gstatic.com/mapspro/images/stock/503-wht-blank_maps.png"}},{"type":"Feature","geometry":{"type":"Point","coordinates":[37.5091505,48.0093421,0]},"properties":{"name":"Krasnohorivka (Donetsk Oblast)","styleUrl":"#icon-1739-A52714-nodesc","icon-opacity":1,"icon-color":"#a52714","icon-scale":1,"icon":"https://www.gstatic.com/mapspro/images/stock/503-wht-blank_maps.png"}},{"type":"Feature","geometry":{"type":"Point","coordinates":[37.2906965,47.9865822,0]},"properties":{"name":"Kurakhove (Donetsk Oblast)","styleUrl":"#icon-1739-A52714-nodesc","icon-opacity":1,"icon-color":"#a52714","icon-scale":1,"icon":"https://www.gstatic.com/mapspro/images/stock/503-wht-blank_maps.png"}},{"type":"Feature","geometry":{"type":"Point","coordinates":[37.8049964,48.9897585,0]},"properties":{"name":"Lyman (Donetsk Oblast)","styleUrl":"#icon-1739-FFD600-nodesc","icon-opacity":1,"icon-color":"#ffd600","icon-scale":1,"icon":"https://www.gstatic.com/mapspro/images/stock/503-wht-blank_maps.png"}},{"type":"Feature","geometry":{"type":"Point","coordinates":[37.9666901,48.0459557,0]},"properties":{"name":"Makiivka (Donetsk Oblast)","styleUrl":"#icon-1739-A52714-nodesc","icon-opacity":1,"icon-color":"#a52714","icon-scale":1,"icon":"https://www.gstatic.com/mapspro/images/stock/503-wht-blank_maps.png"}},{"type":"Feature","geometry":{"type":"Point","coordinates":[37.5040301,47.9422861,0]},"properties":{"name":"Mar'inka (Donetsk Oblast)","styleUrl":"#icon-1739-A52714-nodesc","icon-opacity":1,"icon-color":"#a52714","icon-scale":1,"icon":"https://www.gstatic.com/mapspro/images/stock/503-wht-blank_maps.png"}},{"type":"Feature","geometry":{"type":"Point","coordinates":[37.543367,47.097133,0]},"properties":{"name":"Mariupol (Donetsk Oblast)","styleUrl":"#icon-1739-A52714-nodesc","icon-opacity":1,"icon-color":"#a52714","icon-scale":1,"icon":"https://www.gstatic.com/mapspro/images/stock/503-wht-blank_maps.png"}},{"type":"Feature","geometry":{"type":"Point","coordinates":[38.0671601,47.8748302,0]},"properties":{"name":"Mospyne (Donetsk Oblast)","styleUrl":"#icon-1739-A52714-nodesc","icon-opacity":1,"icon-color":"#a52714","icon-scale":1,"icon":"https://www.gstatic.com/mapspro/images/stock/503-wht-blank_maps.png"}},{"type":"Feature","geometry":{"type":"Point","coordinates":[37.7711543,48.8530442,0]},"properties":{"name":"Mykolaivka (Donetsk Oblast)","styleUrl":"#icon-1739-0288D1-nodesc","icon-opacity":1,"icon-color":"#0288d1","icon-scale":1,"icon":"https://www.gstatic.com/mapspro/images/stock/503-wht-blank_maps.png"}},{"type":"Feature","geometry":{"type":"Point","coordinates":[37.2700035,48.2962118,0]},"properties":{"name":"Myrnohrad (Donetsk Oblast)","styleUrl":"#icon-1739-A52714-nodesc","icon-opacity":1,"icon-color":"#a52714","icon-scale":1,"icon":"https://www.gstatic.com/mapspro/images/stock/503-wht-blank_maps.png"}},{"type":"Feature","geometry":{"type":"Point","coordinates":[38.0670367,47.1190259,0]},"properties":{"name":"Novoazovs'k (Donetsk Oblast)","styleUrl":"#icon-1739-A52714-nodesc","icon-opacity":1,"icon-color":"#a52714","icon-scale":1,"icon":"https://www.gstatic.com/mapspro/images/stock/503-wht-blank_maps.png"}},{"type":"Feature","geometry":{"type":"Point","coordinates":[37.336821,48.2045408,0]},"properties":{"name":"Novohrodivka (Donetsk Oblast)","styleUrl":"#icon-1739-A52714-nodesc","icon-opacity":1,"icon-color":"#a52714","icon-scale":1,"icon":"https://www.gstatic.com/mapspro/images/stock/503-wht-blank_maps.png"}},{"type":"Feature","geometry":{"type":"Point","coordinates":[37.1847804,48.282193,0]},"properties":{"name":"Pokrovsk (Donetsk Oblast)","styleUrl":"#icon-1739-A52714-nodesc","icon-opacity":1,"icon-color":"#a52714","icon-scale":1,"icon":"https://www.gstatic.com/mapspro/images/stock/503-wht-blank_maps.png"}},{"type":"Feature","geometry":{"type":"Point","coordinates":[37.2097768,48.3507226,0]},"properties":{"name":"Rodyns'ke (Donetsk Oblast)","styleUrl":"#icon-1739-FFD600-nodesc","icon-opacity":1,"icon-color":"#ffd600","icon-scale":1,"icon":"https://www.gstatic.com/mapspro/images/stock/503-wht-blank_maps.png"}},{"type":"Feature","geometry":{"type":"Point","coordinates":[37.297136,48.1475145,0]},"properties":{"name":"Selydove (Donetsk Oblast)","styleUrl":"#icon-1739-A52714-nodesc","icon-opacity":1,"icon-color":"#a52714","icon-scale":1,"icon":"https://www.gstatic.com/mapspro/images/stock/503-wht-blank_maps.png"}},{"type":"Feature","geometry":{"type":"Point","coordinates":[38.45053,48.0486753,0]},"properties":{"name":"Shakhtars'k (Donetsk Oblast)","styleUrl":"#icon-1739-A52714-nodesc","icon-opacity":1,"icon-color":"#a52714","icon-scale":1,"icon":"https://www.gstatic.com/mapspro/images/stock/503-wht-blank_maps.png"}},{"type":"Feature","geometry":{"type":"Point","coordinates":[38.1047909,48.873935,0]},"properties":{"name":"Sivers'k (Donetsk Oblast)","styleUrl":"#icon-1739-A52714-nodesc","icon-opacity":1,"icon-color":"#a52714","icon-scale":1,"icon":"https://www.gstatic.com/mapspro/images/stock/503-wht-blank_maps.png"}},{"type":"Feature","geometry":{"type":"Point","coordinates":[37.6053,48.8532,0]},"properties":{"name":"Slovyansk (Donetsk Oblast)","styleUrl":"#icon-1739-0288D1-nodesc","icon-opacity":1,"icon-color":"#0288d1","icon-scale":1,"icon":"https://www.gstatic.com/mapspro/images/stock/503-wht-blank_maps.png"}},{"type":"Feature","geometry":{"type":"Point","coordinates":[38.7656122,48.0282789,0]},"properties":{"name":"Snizhne (Donetsk Oblast)","styleUrl":"#icon-1739-A52714-nodesc","icon-opacity":1,"icon-color":"#a52714","icon-scale":1,"icon":"https://www.gstatic.com/mapspro/images/stock/503-wht-blank_maps.png"}},{"type":"Feature","geometry":{"type":"Point","coordinates":[38.0990815,48.6765178,0]},"properties":{"name":"Soledar (Donetsk Oblast)","styleUrl":"#icon-1739-A52714-nodesc","icon-opacity":1,"icon-color":"#a52714","icon-scale":1,"icon":"https://www.gstatic.com/mapspro/images/stock/503-wht-blank_maps.png"}},{"type":"Feature","geometry":{"type":"Point","coordinates":[37.578484,49.0440881,0]},"properties":{"name":"Svyatohirs'k (Donetsk Oblast)","styleUrl":"#icon-1739-FFD600-nodesc","icon-opacity":1,"icon-color":"#ffd600","icon-scale":1,"icon":"https://www.gstatic.com/mapspro/images/stock/503-wht-blank_maps.png"}},{"type":"Feature","geometry":{"type":"Point","coordinates":[38.220428,48.4346796,0]},"properties":{"name":"Svitlodars'k (Donetsk Oblast)","styleUrl":"#icon-1739-A52714-nodesc","icon-opacity":1,"icon-color":"#a52714","icon-scale":1,"icon":"https://www.gstatic.com/mapspro/images/stock/503-wht-blank_maps.png"}},{"type":"Feature","geometry":{"type":"Point","coordinates":[37.855245,48.3972873,0]},"properties":{"name":"Toretsk (Donetsk Oblast)","styleUrl":"#icon-1739-A52714-nodesc","icon-opacity":1,"icon-color":"#a52714","icon-scale":1,"icon":"https://www.gstatic.com/mapspro/images/stock/503-wht-blank_maps.png"}},{"type":"Feature","geometry":{"type":"Point","coordinates":[37.3625487,48.0968029,0]},"properties":{"name":"Ukrains'k (Donetsk Oblast)","styleUrl":"#icon-1739-A52714-nodesc","icon-opacity":1,"icon-color":"#a52714","icon-scale":1,"icon":"https://www.gstatic.com/mapspro/images/stock/503-wht-blank_maps.png"}},{"type":"Feature","geometry":{"type":"Point","coordinates":[37.4831419,47.5951141,0]},"properties":{"name":"Volnovakha (Donetsk Oblast)","styleUrl":"#icon-1739-A52714-nodesc","icon-opacity":1,"icon-color":"#a52714","icon-scale":1,"icon":"https://www.gstatic.com/mapspro/images/stock/503-wht-blank_maps.png"}},{"type":"Feature","geometry":{"type":"Point","coordinates":[37.2490234,47.779793,0]},"properties":{"name":"Vuhledar (Donetsk Oblast)","styleUrl":"#icon-1739-A52714-nodesc","icon-opacity":1,"icon-color":"#a52714","icon-scale":1,"icon":"https://www.gstatic.com/mapspro/images/stock/503-wht-blank_maps.png"}},{"type":"Feature","geometry":{"type":"Point","coordinates":[38.2778412,48.3115536,0]},"properties":{"name":"Vuhlehirs'k (Donetsk Oblast)","styleUrl":"#icon-1739-A52714-nodesc","icon-opacity":1,"icon-color":"#a52714","icon-scale":1,"icon":"https://www.gstatic.com/mapspro/images/stock/503-wht-blank_maps.png"}},{"type":"Feature","geometry":{"type":"Point","coordinates":[37.8765944,48.1221425,0]},"properties":{"name":"Yasynuvata (Donetsk Oblast)","styleUrl":"#icon-1739-A52714-nodesc","icon-opacity":1,"icon-color":"#a52714","icon-scale":1,"icon":"https://www.gstatic.com/mapspro/images/stock/503-wht-blank_maps.png"}},{"type":"Feature","geometry":{"type":"Point","coordinates":[38.2082157,48.2368992,0]},"properties":{"name":"Yenakijeve (Donetsk Oblast)","styleUrl":"#icon-1739-A52714-nodesc","icon-opacity":1,"icon-color":"#a52714","icon-scale":1,"icon":"https://www.gstatic.com/mapspro/images/stock/503-wht-blank_maps.png"}},{"type":"Feature","geometry":{"type":"Point","coordinates":[37.897705,48.3692563,0]},"properties":{"name":"Zalizne (Donetsk Oblast)","styleUrl":"#icon-1739-A52714-nodesc","icon-opacity":1,"icon-color":"#a52714","icon-scale":1,"icon":"https://www.gstatic.com/mapspro/images/stock/503-wht-blank_maps.png"}},{"type":"Feature","geometry":{"type":"Point","coordinates":[38.2540176,48.1462985,0]},"properties":{"name":"Zhdanivka (Donetsk Oblast)","styleUrl":"#icon-1739-A52714-nodesc","icon-opacity":1,"icon-color":"#a52714","icon-scale":1,"icon":"https://www.gstatic.com/mapspro/images/stock/503-wht-blank_maps.png"}},{"type":"Feature","geometry":{"type":"Point","coordinates":[38.261386,48.0215476,0]},"properties":{"name":"Zuhres (Donetsk Oblast)","styleUrl":"#icon-1739-A52714-nodesc","icon-opacity":1,"icon-color":"#a52714","icon-scale":1,"icon":"https://www.gstatic.com/mapspro/images/stock/503-wht-blank_maps.png"}},{"type":"Feature","geometry":{"type":"Point","coordinates":[38.8134407,48.4713393,0]},"properties":{"name":"Alchevs'k (Luhansk Oblast)","styleUrl":"#icon-1739-A52714-nodesc","icon-opacity":1,"icon-color":"#a52714","icon-scale":1,"icon":"https://www.gstatic.com/mapspro/images/stock/503-wht-blank_maps.png"}},{"type":"Feature","geometry":{"type":"Point","coordinates":[38.5785068,48.5236242,0]},"properties":{"name":"Almazna (Luhansk Oblast)","styleUrl":"#icon-1739-A52714-nodesc","icon-opacity":1,"icon-color":"#a52714","icon-scale":1,"icon":"https://www.gstatic.com/mapspro/images/stock/503-wht-blank_maps.png"}},{"type":"Feature","geometry":{"type":"Point","coordinates":[39.0897865,48.1199505,0]},"properties":{"name":"Antratsyt (Luhansk Oblast)","styleUrl":"#icon-1739-A52714-nodesc","icon-opacity":1,"icon-color":"#a52714","icon-scale":1,"icon":"https://www.gstatic.com/mapspro/images/stock/503-wht-blank_maps.png"}},{"type":"Feature","geometry":{"type":"Point","coordinates":[38.797339,48.1526518,0]},"properties":{"name":"Bokovo-Khrustalne (Luhansk Oblast)","styleUrl":"#icon-1739-A52714-nodesc","icon-opacity":1,"icon-color":"#a52714","icon-scale":1,"icon":"https://www.gstatic.com/mapspro/images/stock/503-wht-blank_maps.png"}},{"type":"Feature","geometry":{"type":"Point","coordinates":[38.6706015,48.4988498,0]},"properties":{"name":"Bryanka (Luhansk Oblast)","styleUrl":"#icon-1739-A52714-nodesc","icon-opacity":1,"icon-color":"#a52714","icon-scale":1,"icon":"https://www.gstatic.com/mapspro/images/stock/503-wht-blank_maps.png"}},{"type":"Feature","geometry":{"type":"Point","coordinates":[39.6707123,48.0764807,0]},"properties":{"name":"Dovzhansk (Luhansk Oblast)","styleUrl":"#icon-1739-A52714-nodesc","icon-opacity":1,"icon-color":"#a52714","icon-scale":1,"icon":"https://www.gstatic.com/mapspro/images/stock/503-wht-blank_maps.png"}},{"type":"Feature","geometry":{"type":"Point","coordinates":[38.4958114,48.7326573,0]},"properties":{"name":"Hirs'ke (Luhansk Oblast)","styleUrl":"#icon-1739-A52714-nodesc","icon-opacity":1,"icon-color":"#a52714","icon-scale":1,"icon":"https://www.gstatic.com/mapspro/images/stock/503-wht-blank_maps.png"}},{"type":"Feature","geometry":{"type":"Point","coordinates":[38.6373936,48.6354729,0]},"properties":{"name":"Holubivka (Luhansk Oblast)","styleUrl":"#icon-1739-A52714-nodesc","icon-opacity":1,"icon-color":"#a52714","icon-scale":1,"icon":"https://www.gstatic.com/mapspro/images/stock/503-wht-blank_maps.png"}},{"type":"Feature","geometry":{"type":"Point","coordinates":[38.5920825,48.600487,0]},"properties":{"name":"Irmino (Luhansk Oblast)","styleUrl":"#icon-1739-A52714-nodesc","icon-opacity":1,"icon-color":"#a52714","icon-scale":1,"icon":"https://www.gstatic.com/mapspro/images/stock/503-wht-blank_maps.png"}},{"type":"Feature","geometry":{"type":"Point","coordinates":[38.6487184,48.560407,0]},"properties":{"name":"Kadiivka (Luhansk Oblast)","styleUrl":"#icon-1739-A52714-nodesc","icon-opacity":1,"icon-color":"#a52714","icon-scale":1,"icon":"https://www.gstatic.com/mapspro/images/stock/503-wht-blank_maps.png"}},{"type":"Feature","geometry":{"type":"Point","coordinates":[38.9367363,48.1406371,0]},"properties":{"name":"Khrustalnyi (Luhansk Oblast)","styleUrl":"#icon-1739-A52714-nodesc","icon-opacity":1,"icon-color":"#a52714","icon-scale":1,"icon":"https://www.gstatic.com/mapspro/images/stock/503-wht-blank_maps.png"}},{"type":"Feature","geometry":{"type":"Point","coordinates":[38.2176555,49.0422268,0]},"properties":{"name":"Kreminna (Luhansk Oblast)","styleUrl":"#icon-1739-A52714-nodesc","icon-opacity":1,"icon-color":"#a52714","icon-scale":1,"icon":"https://www.gstatic.com/mapspro/images/stock/503-wht-blank_maps.png"}},{"type":"Feature","geometry":{"type":"Point","coordinates":[38.7168831,48.4422972,0]},"properties":{"name":"Kypuche (Luhansk Oblast)","styleUrl":"#icon-1739-A52714-nodesc","icon-opacity":1,"icon-color":"#a52714","icon-scale":1,"icon":"https://www.gstatic.com/mapspro/images/stock/503-wht-blank_maps.png"}},{"type":"Feature","geometry":{"type":"Point","coordinates":[39.3152291,48.5687239,0]},"properties":{"name":"Luhansk City (Luhansk Oblast)","styleUrl":"#icon-1739-A52714-nodesc","icon-opacity":1,"icon-color":"#a52714","icon-scale":1,"icon":"https://www.gstatic.com/mapspro/images/stock/503-wht-blank_maps.png"}},{"type":"Feature","geometry":{"type":"Point","coordinates":[39.2015308,48.4005956,0]},"properties":{"name":"Lutuhyne (Luhansk Oblast)","styleUrl":"#icon-1739-A52714-nodesc","icon-opacity":1,"icon-color":"#a52714","icon-scale":1,"icon":"https://www.gstatic.com/mapspro/images/stock/503-wht-blank_maps.png"}},{"type":"Feature","geometry":{"type":"Point","coordinates":[38.4264294,48.9110806,0]},"properties":{"name":"Lysychans'k (Luhansk Oblast)","styleUrl":"#icon-1739-A52714-nodesc","icon-opacity":1,"icon-color":"#a52714","icon-scale":1,"icon":"https://www.gstatic.com/mapspro/images/stock/503-wht-blank_maps.png"}},{"type":"Feature","geometry":{"type":"Point","coordinates":[38.8956842,48.0782559,0]},"properties":{"name":"Miusynsk (Luhansk Oblast)","styleUrl":"#icon-1739-A52714-nodesc","icon-opacity":1,"icon-color":"#a52714","icon-scale":1,"icon":"https://www.gstatic.com/mapspro/images/stock/503-wht-blank_maps.png"}},{"type":"Feature","geometry":{"type":"Point","coordinates":[38.3447822,48.9659719,0]},"properties":{"name":"Novodruzhes'k (Luhansk Oblast)","styleUrl":"#icon-1739-A52714-nodesc","icon-opacity":1,"icon-color":"#a52714","icon-scale":1,"icon":"https://www.gstatic.com/mapspro/images/stock/503-wht-blank_maps.png"}},{"type":"Feature","geometry":{"type":"Point","coordinates":[39.1949396,48.5861652,0]},"properties":{"name":"Oleksandrivs'k (Luhansk Oblast)","styleUrl":"#icon-1739-A52714-nodesc","icon-opacity":1,"icon-color":"#a52714","icon-scale":1,"icon":"https://www.gstatic.com/mapspro/images/stock/503-wht-blank_maps.png"}},{"type":"Feature","geometry":{"type":"Point","coordinates":[39.6490172,48.3477045,0]},"properties":{"name":"Otamanivka (Luhansk Oblast)","styleUrl":"#icon-1739-A52714-nodesc","icon-opacity":1,"icon-color":"#a52714","icon-scale":1,"icon":"https://www.gstatic.com/mapspro/images/stock/503-wht-blank_maps.png"}},{"type":"Feature","geometry":{"type":"Point","coordinates":[38.8180129,48.4401399,0]},"properties":{"name":"Pereval's'k (Luhansk Oblast)","styleUrl":"#icon-1739-A52714-nodesc","icon-opacity":1,"icon-color":"#a52714","icon-scale":1,"icon":"https://www.gstatic.com/mapspro/images/stock/503-wht-blank_maps.png"}},{"type":"Feature","geometry":{"type":"Point","coordinates":[38.8833563,48.2937383,0]},"properties":{"name":"Petrovo-Krasnosillia (Luhansk Oblast)","styleUrl":"#icon-1739-A52714-nodesc","icon-opacity":1,"icon-color":"#a52714","icon-scale":1,"icon":"https://www.gstatic.com/mapspro/images/stock/503-wht-blank_maps.png"}},{"type":"Feature","geometry":{"type":"Point","coordinates":[38.3727154,48.6282422,0]},"properties":{"name":"Popasna (Luhansk Oblast)","styleUrl":"#icon-1739-A52714-nodesc","icon-opacity":1,"icon-color":"#a52714","icon-scale":1,"icon":"https://www.gstatic.com/mapspro/images/stock/503-wht-blank_maps.png"}},{"type":"Feature","geometry":{"type":"Point","coordinates":[38.2999396,49.0071487,0]},"properties":{"name":"Pryvillya (Luhansk Oblast)","styleUrl":"#icon-1739-A52714-nodesc","icon-opacity":1,"icon-color":"#a52714","icon-scale":1,"icon":"https://www.gstatic.com/mapspro/images/stock/503-wht-blank_maps.png"}},{"type":"Feature","geometry":{"type":"Point","coordinates":[39.3699771,48.0823858,0]},"properties":{"name":"Roven'ky (Luhansk Oblast)","styleUrl":"#icon-1739-A52714-nodesc","icon-opacity":1,"icon-color":"#a52714","icon-scale":1,"icon":"https://www.gstatic.com/mapspro/images/stock/503-wht-blank_maps.png"}},{"type":"Feature","geometry":{"type":"Point","coordinates":[38.3751404,49.0161213,0]},"properties":{"name":"Rubizhne (Luhansk Oblast)","styleUrl":"#icon-1739-A52714-nodesc","icon-opacity":1,"icon-color":"#a52714","icon-scale":1,"icon":"https://www.gstatic.com/mapspro/images/stock/503-wht-blank_maps.png"}},{"type":"Feature","geometry":{"type":"Point","coordinates":[39.2311974,48.737247,0]},"properties":{"name":"Schastia (Luhansk Oblast)","styleUrl":"#icon-1739-A52714-nodesc","icon-opacity":1,"icon-color":"#a52714","icon-scale":1,"icon":"https://www.gstatic.com/mapspro/images/stock/503-wht-blank_maps.png"}},{"type":"Feature","geometry":{"type":"Point","coordinates":[38.4878773,48.9481767,0]},"properties":{"name":"Siverskodonetsk (Luhansk Oblast)","styleUrl":"#icon-1739-A52714-nodesc","icon-opacity":1,"icon-color":"#a52714","icon-scale":1,"icon":"https://www.gstatic.com/mapspro/images/stock/503-wht-blank_maps.png"}},{"type":"Feature","geometry":{"type":"Point","coordinates":[38.549778,48.6289793,0]},"properties":{"name":"Sokolohirsk (Luhansk Oblast)","styleUrl":"#icon-1739-A52714-nodesc","icon-opacity":1,"icon-color":"#a52714","icon-scale":1,"icon":"https://www.gstatic.com/mapspro/images/stock/503-wht-blank_maps.png"}},{"type":"Feature","geometry":{"type":"Point","coordinates":[39.7430006,48.3000957,0]},"properties":{"name":"Sorokyne (Luhansk Oblast)","styleUrl":"#icon-1739-A52714-nodesc","icon-opacity":1,"icon-color":"#a52714","icon-scale":1,"icon":"https://www.gstatic.com/mapspro/images/stock/503-wht-blank_maps.png"}},{"type":"Feature","geometry":{"type":"Point","coordinates":[38.9255482,49.2736853,0]},"properties":{"name":"Starobil's'k (Luhansk Oblast)","styleUrl":"#icon-1739-A52714-nodesc","icon-opacity":1,"icon-color":"#a52714","icon-scale":1,"icon":"https://www.gstatic.com/mapspro/images/stock/503-wht-blank_maps.png"}},{"type":"Feature","geometry":{"type":"Point","coordinates":[39.7239205,48.3523068,0]},"properties":{"name":"Sukhodil's'k (Luhansk Oblast)","styleUrl":"#icon-1739-A52714-nodesc","icon-opacity":1,"icon-color":"#a52714","icon-scale":1,"icon":"https://www.gstatic.com/mapspro/images/stock/503-wht-blank_maps.png"}},{"type":"Feature","geometry":{"type":"Point","coordinates":[38.1568889,49.4154809,0]},"properties":{"name":"Svatove (Luhansk Oblast)","styleUrl":"#icon-1739-A52714-nodesc","icon-opacity":1,"icon-color":"#a52714","icon-scale":1,"icon":"https://www.gstatic.com/mapspro/images/stock/503-wht-blank_maps.png"}},{"type":"Feature","geometry":{"type":"Point","coordinates":[39.7955373,48.0778483,0]},"properties":{"name":"Voznesenivka (Luhansk Oblast)","styleUrl":"#icon-1739-A52714-nodesc","icon-opacity":1,"icon-color":"#a52714","icon-scale":1,"icon":"https://www.gstatic.com/mapspro/images/stock/503-wht-blank_maps.png"}},{"type":"Feature","geometry":{"type":"Point","coordinates":[38.5146349,48.6928568,0]},"properties":{"name":"Zolote (Luhansk Oblast)","styleUrl":"#icon-1739-A52714-nodesc","icon-opacity":1,"icon-color":"#a52714","icon-scale":1,"icon":"https://www.gstatic.com/mapspro/images/stock/503-wht-blank_maps.png"}},{"type":"Feature","geometry":{"type":"Point","coordinates":[38.6204799,48.4131636,0]},"properties":{"name":"Zoryns'k (Luhansk Oblast)","styleUrl":"#icon-1739-A52714-nodesc","icon-opacity":1,"icon-color":"#a52714","icon-scale":1,"icon":"https://www.gstatic.com/mapspro/images/stock/503-wht-blank_maps.png"}},{"type":"Feature","geometry":{"type":"Point","coordinates":[38.9229877,48.5864439,0]},"properties":{"name":"Zymohir'ya (Luhansk Oblast)","styleUrl":"#icon-1739-A52714-nodesc","icon-opacity":1,"icon-color":"#a52714","icon-scale":1,"icon":"https://www.gstatic.com/mapspro/images/stock/503-wht-blank_maps.png"}},{"type":"Feature","geometry":{"type":"Point","coordinates":[36.8034779,46.7737707,0]},"properties":{"name":"Berdiansk (Zaporizhzhia Oblast)","styleUrl":"#icon-1739-A52714-nodesc","icon-opacity":1,"icon-color":"#a52714","icon-scale":1,"icon":"https://www.gstatic.com/mapspro/images/stock/503-wht-blank_maps.png"}},{"type":"Feature","geometry":{"type":"Point","coordinates":[34.9938425,47.382476,0]},"properties":{"name":"Dniprorudne  (Zaporizhzhia Oblast)","styleUrl":"#icon-1739-A52714-nodesc","icon-opacity":1,"icon-color":"#a52714","icon-scale":1,"icon":"https://www.gstatic.com/mapspro/images/stock/503-wht-blank_maps.png"}},{"type":"Feature","geometry":{"type":"Point","coordinates":[34.6341859,47.5015067,0]},"properties":{"name":"Enerhodar  (Zaporizhzhia Oblast)","styleUrl":"#icon-1739-A52714-nodesc","icon-opacity":1,"icon-color":"#a52714","icon-scale":1,"icon":"https://www.gstatic.com/mapspro/images/stock/503-wht-blank_maps.png"}},{"type":"Feature","geometry":{"type":"Point","coordinates":[36.2732384,47.6607145,0]},"properties":{"name":"Hulyaipole  (Zaporizhzhia Oblast)","styleUrl":"#icon-1739-A52714-nodesc","icon-opacity":1,"icon-color":"#a52714","icon-scale":1,"icon":"https://www.gstatic.com/mapspro/images/stock/503-wht-blank_maps.png"}},{"type":"Feature","geometry":{"type":"Point","coordinates":[34.4167363,47.4870901,0]},"properties":{"name":"Kam'yanka-Dniprovs'ka  (Zaporizhzhia Oblast)","styleUrl":"#icon-1739-A52714-nodesc","icon-opacity":1,"icon-color":"#a52714","icon-scale":1,"icon":"https://www.gstatic.com/mapspro/images/stock/503-wht-blank_maps.png"}},{"type":"Feature","geometry":{"type":"Point","coordinates":[35.3586996,46.8550216,0]},"properties":{"name":"Melitopol'  (Zaporizhzhia Oblast)","styleUrl":"#icon-1739-A52714-nodesc","icon-opacity":1,"icon-color":"#a52714","icon-scale":1,"icon":"https://www.gstatic.com/mapspro/images/stock/503-wht-blank_maps.png"}},{"type":"Feature","geometry":{"type":"Point","coordinates":[35.5958744,47.2090577,0]},"properties":{"name":"Molochans'k  (Zaporizhzhia Oblast)","styleUrl":"#icon-1739-A52714-nodesc","icon-opacity":1,"icon-color":"#a52714","icon-scale":1,"icon":"https://www.gstatic.com/mapspro/images/stock/503-wht-blank_maps.png"}},{"type":"Feature","geometry":{"type":"Point","coordinates":[35.7876745,47.5658802,0]},"properties":{"name":"Orikhiv  (Zaporizhzhia Oblast)","styleUrl":"#icon-1739-0288D1-nodesc","icon-opacity":1,"icon-color":"#0288d1","icon-scale":1,"icon":"https://www.gstatic.com/mapspro/images/stock/503-wht-blank_maps.png"}},{"type":"Feature","geometry":{"type":"Point","coordinates":[36.2488829,47.4747938,0]},"properties":{"name":"Polohy  (Zaporizhzhia Oblast)","styleUrl":"#icon-1739-A52714-nodesc","icon-opacity":1,"icon-color":"#a52714","icon-scale":1,"icon":"https://www.gstatic.com/mapspro/images/stock/503-wht-blank_maps.png"}},{"type":"Feature","geometry":{"type":"Point","coordinates":[36.354122,46.7230781,0]},"properties":{"name":"Prymors'k  (Zaporizhzhia Oblast)","styleUrl":"#icon-1739-A52714-nodesc","icon-opacity":1,"icon-color":"#a52714","icon-scale":1,"icon":"https://www.gstatic.com/mapspro/images/stock/503-wht-blank_maps.png"}},{"type":"Feature","geometry":{"type":"Point","coordinates":[35.7098364,47.2464085,0]},"properties":{"name":"Tokmak  (Zaporizhzhia Oblast)","styleUrl":"#icon-1739-A52714-nodesc","icon-opacity":1,"icon-color":"#a52714","icon-scale":1,"icon":"https://www.gstatic.com/mapspro/images/stock/503-wht-blank_maps.png"}},{"type":"Feature","geometry":{"type":"Point","coordinates":[35.2867265,47.4414731,0]},"properties":{"name":"Vasylivka  (Zaporizhzhia Oblast)","styleUrl":"#icon-1739-A52714-nodesc","icon-opacity":1,"icon-color":"#a52714","icon-scale":1,"icon":"https://www.gstatic.com/mapspro/images/stock/503-wht-blank_maps.png"}},{"type":"Feature","geometry":{"type":"Point","coordinates":[35.4328125,47.9403226,0]},"properties":{"name":"Vil'nyans'k  (Zaporizhzhia Oblast)","styleUrl":"#icon-1739-0288D1-nodesc","icon-opacity":1,"icon-color":"#0288d1","icon-scale":1,"icon":"https://www.gstatic.com/mapspro/images/stock/503-wht-blank_maps.png"}},{"type":"Feature","geometry":{"type":"Point","coordinates":[35.1387097,47.8392842,0]},"properties":{"name":"Zaporizhzhia City  (Zaporizhzhia Oblast)","styleUrl":"#icon-1739-0288D1-nodesc","icon-opacity":1,"icon-color":"#0288d1","icon-scale":1,"icon":"https://www.gstatic.com/mapspro/images/stock/503-wht-blank_maps.png"}},{"type":"Feature","geometry":{"type":"Point","coordinates":[32.616867,46.635417,0]},"properties":{"name":"Kherson  (Kherson Oblast)","styleUrl":"#icon-1739-0288D1-nodesc","icon-opacity":1,"icon-color":"#0288d1","icon-scale":1,"icon":"https://www.gstatic.com/mapspro/images/stock/503-wht-blank_maps.png"}},{"type":"Feature","geometry":{"type":"Point","coordinates":[33.4273644,46.8433183,0]},"properties":{"name":"Beryslav (Kherson Oblast)","styleUrl":"#icon-1739-0288D1-nodesc","icon-opacity":1,"icon-color":"#0288d1","icon-scale":1,"icon":"https://www.gstatic.com/mapspro/images/stock/503-wht-blank_maps.png"}},{"type":"Feature","geometry":{"type":"Point","coordinates":[34.8068184,46.1784329,0]},"properties":{"name":"Heniches'k (Kherson Oblast)","styleUrl":"#icon-1739-A52714-nodesc","icon-opacity":1,"icon-color":"#a52714","icon-scale":1,"icon":"https://www.gstatic.com/mapspro/images/stock/503-wht-blank_maps.png"}},{"type":"Feature","geometry":{"type":"Point","coordinates":[33.4901963,46.8117208,0]},"properties":{"name":"Kakhovka (Kherson Oblast)","styleUrl":"#icon-1739-A52714-nodesc","icon-opacity":1,"icon-color":"#a52714","icon-scale":1,"icon":"https://www.gstatic.com/mapspro/images/stock/503-wht-blank_maps.png"}},{"type":"Feature","geometry":{"type":"Point","coordinates":[32.7072675,46.6199321,0]},"properties":{"name":"Oleshky (Kherson Oblast)","styleUrl":"#icon-1739-A52714-nodesc","icon-opacity":1,"icon-color":"#a52714","icon-scale":1,"icon":"https://www.gstatic.com/mapspro/images/stock/503-wht-blank_maps.png"}},{"type":"Feature","geometry":{"type":"Point","coordinates":[32.910222,46.1149247,0]},"properties":{"name":"Skadovs'k (Kherson Oblast)","styleUrl":"#icon-1739-A52714-nodesc","icon-opacity":1,"icon-color":"#a52714","icon-scale":1,"icon":"https://www.gstatic.com/mapspro/images/stock/503-wht-blank_maps.png"}},{"type":"Feature","geometry":{"type":"Point","coordinates":[33.4216856,46.7528018,0]},"properties":{"name":"Tavriis'k (Kherson Oblast)","styleUrl":"#icon-1739-A52714-nodesc","icon-opacity":1,"icon-color":"#a52714","icon-scale":1,"icon":"https://www.gstatic.com/mapspro/images/stock/503-wht-blank_maps.png"}},{"type":"Feature","geometry":{"type":"Polygon","coordinates":[[[36.2478913,47.7391311,0],[36.2468614,47.7421326,0],[36.2449731,47.7439795,0],[36.244544,47.7478464,0],[36.2662591,47.7503856,0],[36.2628259,47.7645802,0],[36.2621392,47.7656764,0],[36.2733831,47.7665417,0],[36.2686624,47.7886905,0],[36.256997,47.7875941,0],[36.2480167,47.788311,0],[36.2459022,47.7939868,0],[36.2384112,47.7939205,0],[36.2366459,47.7996693,0],[36.219896,47.7981342,0],[36.1977663,47.7991848,0],[36.1854066,47.7973975,0],[36.1824884,47.7948028,0],[36.1788835,47.7935343,0],[36.1769094,47.7918044,0],[36.1763086,47.7844807,0],[36.1758794,47.7818277,0],[36.1781552,47.7777961,0],[36.1937678,47.7785911,0],[36.2210526,47.7759213,0],[36.2229653,47.7631331,0],[36.2359011,47.7638074,0],[36.2387372,47.7471622,0],[36.2312142,47.7471536,0],[36.2261249,47.7462128,0],[36.1887027,47.7433848,0],[36.1914493,47.7358233,0],[36.193595,47.7313782,0],[36.1953975,47.7254317,0],[36.1950542,47.7226025,0],[36.1959983,47.7194267,0],[36.2002898,47.7119772,0],[36.2021715,47.710508,0],[36.2160761,47.7120096,0],[36.2280924,47.7127603,0],[36.2402803,47.710277,0],[36.2383062,47.7198055,0],[36.2558157,47.7215378,0],[36.2524683,47.7363751,0],[36.2478913,47.7391311,0]]]},"properties":{"name":"Polygon 2","styleUrl":"#poly-9C27B0-1200-66-nodesc","fill-opacity":0.25882352941176473,"fill":"#9c27b0","stroke-opacity":1,"stroke":"#9c27b0","stroke-width":1.2}},{"type":"Feature","geometry":{"type":"Polygon","coordinates":[[[36.1936143,47.8778929,0],[36.1941514,47.8746113,0],[36.191276,47.8687963,0],[36.1900744,47.8634125,0],[36.1899456,47.861944,0],[36.1960396,47.8588343,0],[36.1969296,47.857499,0],[36.1961141,47.8539409,0],[36.2123765,47.8529492,0],[36.2226759,47.865677,0],[36.2436215,47.8634304,0],[36.2462822,47.8744278,0],[36.2283436,47.8754065,0],[36.2309185,47.8800695,0],[36.2334973,47.8814833,0],[36.2344414,47.885455,0],[36.2360722,47.8871818,0],[36.2402779,47.8851672,0],[36.2441403,47.8851672,0],[36.2436253,47.8830375,0],[36.243797,47.8815408,0],[36.246286,47.8805622,0],[36.2485176,47.8808501,0],[36.2500626,47.8806774,0],[36.2522942,47.8813106,0],[36.2534958,47.8828648,0],[36.2552124,47.8841887,0],[36.2558133,47.8843038,0],[36.258474,47.884016,0],[36.2596756,47.8821165,0],[36.2589032,47.8806198,0],[36.2592465,47.8787201,0],[36.2605339,47.8775688,0],[36.262508,47.8768204,0],[36.2647396,47.8775112,0],[36.2660271,47.8794685,0],[36.2686879,47.8796988,0],[36.2703186,47.8780869,0],[36.2712628,47.8776839,0],[36.2745243,47.8771082,0],[36.2773568,47.8765901,0],[36.2836881,47.8787433,0],[36.2908121,47.8807005,0],[36.2869497,47.891464,0],[36.2826582,47.8959529,0],[36.2634963,47.9075739,0],[36.252957,47.9074722,0],[36.2467342,47.9119022,0],[36.2415453,47.9079789,0],[36.2478967,47.9017649,0],[36.240172,47.8977368,0],[36.2343355,47.8919819,0],[36.2301298,47.8882985,0],[36.2228342,47.8882985,0],[36.2114187,47.8975066,0],[36.2047239,47.8936509,0],[36.2092729,47.8870898,0],[36.1940809,47.8788008,0],[36.1936143,47.8778929,0]]]},"properties":{"name":"Polygon 4","styleUrl":"#poly-9C27B0-1200-77-nodesc","fill-opacity":0.30196078431372547,"fill":"#9c27b0","stroke-opacity":1,"stroke":"#9c27b0","stroke-width":1.2}},{"type":"Feature","geometry":{"type":"Polygon","coordinates":[[[36.337967,47.9183164,0],[36.337967,47.9057749,0],[36.3398553,47.8828702,0],[36.3673211,47.8824097,0],[36.3832856,47.8788407,0],[36.4026834,47.8797617,0],[36.4001084,47.8901225,0],[36.3930703,47.889547,0],[36.3872338,47.9139445,0],[36.3750459,47.9134842,0],[36.3716126,47.9284394,0],[36.3537599,47.9248736,0],[36.3534165,47.9202721,0],[36.337967,47.9183164,0]]]},"properties":{"name":"Polygon 6","styleUrl":"#poly-9C27B0-1200-77-nodesc","fill-opacity":0.30196078431372547,"fill":"#9c27b0","stroke-opacity":1,"stroke":"#9c27b0","stroke-width":1.2}},{"type":"Feature","geometry":{"type":"Polygon","coordinates":[[[36.654613,48.0469627,0],[36.65201,48.0562273,0],[36.6395646,48.0548504,0],[36.6375046,48.0628243,0],[36.6392212,48.0632832,0],[36.6375046,48.0691911,0],[36.6311532,48.0685602,0],[36.6302949,48.0737793,0],[36.6211968,48.0733205,0],[36.6206818,48.0754424,0],[36.6116696,48.0752704,0],[36.6086655,48.0732632,0],[36.6044598,48.0691911,0],[36.6048312,48.0672711,0],[36.6092086,48.0609041,0],[36.6116118,48.0562574,0],[36.6129851,48.0515529,0],[36.6250014,48.0528725,0],[36.631782,48.0535036,0],[36.6340995,48.0447823,0],[36.654613,48.0469627,0]]]},"properties":{"name":"Polygon 7","styleUrl":"#poly-9C27B0-1200-77-nodesc","fill-opacity":0.30196078431372547,"fill":"#9c27b0","stroke-opacity":1,"stroke":"#9c27b0","stroke-width":1.2}},{"type":"Feature","geometry":{"type":"Polygon","coordinates":[[[36.761475,48.1225563,0],[36.7482865,48.1161515,0],[36.7494587,48.1153366,0],[36.751347,48.1136175,0],[36.7489438,48.1120702,0],[36.7492013,48.1105802,0],[36.7479996,48.109434,0],[36.747313,48.1081732,0],[36.7507462,48.1067977,0],[36.7507462,48.1054222,0],[36.7497162,48.1022698,0],[36.7537503,48.1008941,0],[36.7575268,48.0970536,0],[36.7683415,48.0959644,0],[36.7710881,48.0857022,0],[36.7842202,48.0873649,0],[36.7822461,48.0957351,0],[36.7794137,48.113904,0],[36.7764096,48.1156804,0],[36.761475,48.1225563,0]]]},"properties":{"name":"Polygon 8","styleUrl":"#poly-9C27B0-1200-77-nodesc","fill-opacity":0.30196078431372547,"fill":"#9c27b0","stroke-opacity":1,"stroke":"#9c27b0","stroke-width":1.2}},{"type":"Feature","geometry":{"type":"Polygon","coordinates":[[[37.2082239,48.2982072,0],[37.2072142,48.3078196,0],[37.2060125,48.3139848,0],[37.1984594,48.3129573,0],[37.1991461,48.3103315,0],[37.1903055,48.3094181,0],[37.1787184,48.3114732,0],[37.1671312,48.3105598,0],[37.1564024,48.3099318,0],[37.157034,48.3051575,0],[37.145361,48.3064706,0],[37.1327439,48.3056713,0],[37.1342889,48.3003045,0],[37.1257916,48.3002474,0],[37.1250191,48.2979064,0],[37.1269932,48.2975638,0],[37.1336023,48.297735,0],[37.1390954,48.30059,0],[37.1466485,48.3016177,0],[37.1548024,48.299448,0],[37.155489,48.2912824,0],[37.1597806,48.292139,0],[37.1674195,48.29054,0],[37.1766892,48.2879701,0],[37.1795216,48.2887125,0],[37.178835,48.2909969,0],[37.184929,48.2918535,0],[37.1824399,48.29882,0],[37.1649304,48.3004187,0],[37.1637713,48.3057285,0],[37.1686423,48.3064992,0],[37.1775475,48.3068131,0],[37.1927396,48.3051575,0],[37.1912804,48.3011609,0],[37.1938902,48.3005482,0],[37.2082239,48.2982072,0]]]},"properties":{"name":"Polygon 9","styleUrl":"#poly-9C27B0-1200-77-nodesc","fill-opacity":0.30196078431372547,"fill":"#9c27b0","stroke-opacity":1,"stroke":"#9c27b0","stroke-width":1.2}},{"type":"Feature","geometry":{"type":"Polygon","coordinates":[[[37.2193583,48.3402084,0],[37.2334828,48.3387682,0],[37.2335686,48.3436746,0],[37.2331394,48.3502348,0],[37.2433533,48.3510333,0],[37.2431816,48.3549119,0],[37.241465,48.354969,0],[37.2383751,48.355026,0],[37.2358002,48.3561667,0],[37.2344269,48.3587332,0],[37.2322811,48.3595316,0],[37.2273459,48.3586476,0],[37.2255005,48.3581058,0],[37.2224964,48.357621,0],[37.2197069,48.3569366,0],[37.218677,48.3560241,0],[37.2187628,48.3544556,0],[37.2170891,48.3504915,0],[37.2147288,48.3509193,0],[37.2112955,48.3505485,0],[37.2106518,48.3532293,0],[37.2064461,48.352773,0],[37.2068753,48.3500351,0],[37.2082485,48.3502348,0],[37.2094073,48.3471259,0],[37.2164883,48.3477819,0],[37.2175612,48.3486661,0],[37.2203025,48.3428328,0],[37.2193583,48.3402084,0]]]},"properties":{"name":"Polygon 10","styleUrl":"#poly-9C27B0-1200-77-nodesc","fill-opacity":0.30196078431372547,"fill":"#9c27b0","stroke-opacity":1,"stroke":"#9c27b0","stroke-width":1.2}},{"type":"Feature","geometry":{"type":"Polygon","coordinates":[[[38.0401002,48.8350212,0],[38.0405293,48.8297668,0],[38.0392419,48.8276762,0],[38.0399285,48.8251334,0],[38.0383836,48.8209517,0],[38.0377828,48.8185781,0],[38.0430184,48.8177304,0],[38.0489407,48.8169957,0],[38.0526315,48.8276762,0],[38.0589829,48.8281847,0],[38.0592404,48.8330438,0],[38.0589829,48.8367161,0],[38.050314,48.8355862,0],[38.0469666,48.8350777,0],[38.0401002,48.8350212,0]]]},"properties":{"name":"Polygon 15","styleUrl":"#poly-9C27B0-1200-77-nodesc","fill-opacity":0.30196078431372547,"fill":"#9c27b0","stroke-opacity":1,"stroke":"#9c27b0","stroke-width":1.2}},{"type":"Feature","geometry":{"type":"Polygon","coordinates":[[[38.0608396,48.9020343,0],[38.0598097,48.9033884,0],[38.0548315,48.9098762,0],[38.0531149,48.9092557,0],[38.0516557,48.9102147,0],[38.0469351,48.9120762,0],[38.0374937,48.9172092,0],[38.0367212,48.9160811,0],[38.0334596,48.9165323,0],[38.0310564,48.9141069,0],[38.0263357,48.9101018,0],[38.0235891,48.9069991,0],[38.0191259,48.9041783,0],[38.0179243,48.901188,0],[38.022645,48.8985361,0],[38.0248766,48.8966741,0],[38.0260782,48.8932319,0],[38.0278806,48.8907489,0],[38.0325155,48.8895638,0],[38.0521707,48.8931191,0],[38.0489092,48.8960534,0],[38.0523424,48.898254,0],[38.0562048,48.9004545,0],[38.0608396,48.9020343,0]]]},"properties":{"name":"Polygon 16","styleUrl":"#poly-9C27B0-1200-77-nodesc","fill-opacity":0.30196078431372547,"fill":"#9c27b0","stroke-opacity":1,"stroke":"#9c27b0","stroke-width":1.2}},{"type":"Feature","geometry":{"type":"Polygon","coordinates":[[[37.9477944,49.0044776,0],[37.9430288,49.0048468,0],[37.9380506,49.0054098,0],[37.9374498,49.0033265,0],[37.9357332,48.9992723,0],[37.9360356,48.990343,0],[37.9362073,48.984598,0],[37.9204144,48.9829081,0],[37.9141488,48.9813309,0],[37.9128613,48.9825138,0],[37.8911462,48.9820632,0],[37.8905453,48.9795846,0],[37.8793874,48.9781762,0],[37.8799882,48.9750777,0],[37.8768983,48.9737819,0],[37.874495,48.9702324,0],[37.8782716,48.9682604,0],[37.8824773,48.9679786,0],[37.8895154,48.9678096,0],[37.8966393,48.9674715,0],[37.9004159,48.9668517,0],[37.9058232,48.9654993,0],[37.9103722,48.9651612,0],[37.9150929,48.9649922,0],[37.9186978,48.9657247,0],[37.9240193,48.9660628,0],[37.9238477,48.969838,0],[37.9284825,48.9715283,0],[37.9425587,48.9716973,0],[37.9474511,48.9747397,0],[37.948996,48.9806549,0],[37.9485669,48.9858935,0],[37.9476228,48.9926521,0],[37.9472794,48.9989594,0],[37.9477944,49.0044776,0]]]},"properties":{"name":"Polygon 17","styleUrl":"#poly-9C27B0-1200-77-nodesc","fill-opacity":0.30196078431372547,"fill":"#9c27b0","stroke-opacity":1,"stroke":"#9c27b0","stroke-width":1.2}},{"type":"Feature","geometry":{"type":"Polygon","coordinates":[[[37.7194275,49.1664306,0],[37.7272526,49.1619721,0],[37.7321449,49.1635997,0],[37.7372089,49.1632629,0],[37.7410713,49.1625333,0],[37.7444187,49.1643854,0],[37.7456203,49.1668548,0],[37.7469078,49.1699975,0],[37.7497402,49.1722983,0],[37.750856,49.1737572,0],[37.7538601,49.1754406,0],[37.7591816,49.1766751,0],[37.765533,49.1766751,0],[37.7692238,49.179761,0],[37.7619282,49.1823979,0],[37.7555271,49.1848999,0],[37.7524868,49.1834078,0],[37.7499977,49.1830151,0],[37.7469078,49.1818369,0],[37.7374232,49.1756209,0],[37.732712,49.173586,0],[37.7293125,49.1715127,0],[37.7274242,49.1694925,0],[37.7253091,49.1689101,0],[37.7237731,49.1674714,0],[37.7194275,49.1664306,0]]]},"properties":{"name":"Polygon 18","styleUrl":"#poly-9C27B0-1200-77-nodesc","fill-opacity":0.30196078431372547,"fill":"#9c27b0","stroke-opacity":1,"stroke":"#9c27b0","stroke-width":1.2}},{"type":"Feature","geometry":{"type":"Polygon","coordinates":[[[37.7634567,48.4810869,0],[37.7614826,48.4742022,0],[37.7594226,48.4655524,0],[37.7609676,48.4594055,0],[37.7511829,48.4507531,0],[37.7520412,48.4471096,0],[37.7547878,48.4440352,0],[37.7589076,48.4428964,0],[37.7637142,48.4415299,0],[37.7685207,48.4402772,0],[37.7740138,48.4360635,0],[37.778992,48.4320772,0],[37.7855152,48.4325328,0],[37.7903217,48.4319633,0],[37.7966732,48.4349246,0],[37.8030246,48.4381135,0],[37.8064578,48.4406189,0],[37.8066295,48.4459709,0],[37.8133243,48.4505254,0],[37.8150409,48.4546241,0],[37.8061145,48.4594055,0],[37.7970165,48.4636173,0],[37.7846569,48.4723813,0],[37.7722972,48.4801197,0],[37.7868885,48.4888808,0],[37.780022,48.4928627,0],[37.7748722,48.4951379,0],[37.7676624,48.4968442,0],[37.7628559,48.4974129,0],[37.7618259,48.4933177,0],[37.7640575,48.4905874,0],[37.7635425,48.4864916,0],[37.7634567,48.4810869,0]]]},"properties":{"name":"Polygon 17","styleUrl":"#poly-9C27B0-1200-77-nodesc","fill-opacity":0.30196078431372547,"fill":"#9c27b0","stroke-opacity":1,"stroke":"#9c27b0","stroke-width":1.2}},{"type":"Feature","geometry":{"type":"Polygon","coordinates":[[[37.6557443,48.4325845,0],[37.6569459,48.4340082,0],[37.6587483,48.4378235,0],[37.6590917,48.4435175,0],[37.6595208,48.4467628,0],[37.6602075,48.4508618,0],[37.6503369,48.4534804,0],[37.6460454,48.4502925,0],[37.6453587,48.4463642,0],[37.6406381,48.4416385,0],[37.6253602,48.4382791,0],[37.6206395,48.4376527,0],[37.6154897,48.4357166,0],[37.6191804,48.4334957,0],[37.6234719,48.4304204,0],[37.6317975,48.4292244,0],[37.6557443,48.4325845,0]]]},"properties":{"name":"Polygon 19","styleUrl":"#poly-9C27B0-1200-77-nodesc","fill-opacity":0.30196078431372547,"fill":"#9c27b0","stroke-opacity":1,"stroke":"#9c27b0","stroke-width":1.2}},{"type":"Feature","geometry":{"type":"Polygon","coordinates":[[[37.3306731,48.4611064,0],[37.3387411,48.4616756,0],[37.3435477,48.4631554,0],[37.3469809,48.4643506,0],[37.3514441,48.4668547,0],[37.352989,48.4693587,0],[37.3519591,48.4737404,0],[37.3456934,48.4754474,0],[37.3396853,48.4745939,0],[37.3338488,48.4729437,0],[37.3239783,48.4694725,0],[37.3188284,48.4683343,0],[37.3138502,48.4657165,0],[37.3126486,48.4624155,0],[37.3179701,48.4615048,0],[37.3306731,48.4611064,0]]]},"properties":{"name":"Polygon 20","styleUrl":"#poly-9C27B0-1200-77-nodesc","fill-opacity":0.30196078431372547,"fill":"#9c27b0","stroke-opacity":1,"stroke":"#9c27b0","stroke-width":1.2}},{"type":"Feature","geometry":{"type":"Polygon","coordinates":[[[37.2722566,48.315304,0],[37.2744024,48.316731,0],[37.2713125,48.3196419,0],[37.2652185,48.3200985,0],[37.2576654,48.3198132,0],[37.2524297,48.318158,0],[37.2494257,48.3155894,0],[37.24213,48.3130208,0],[37.2364652,48.3099382,0],[37.2424734,48.305885,0],[37.2489965,48.3061704,0],[37.2554338,48.3079402,0],[37.2601545,48.310452,0],[37.2646177,48.3116508,0],[37.2693384,48.3135345,0],[37.2722566,48.315304,0]]]},"properties":{"name":"Polygon 21","styleUrl":"#poly-9C27B0-1200-77-nodesc","fill-opacity":0.30196078431372547,"fill":"#9c27b0","stroke-opacity":1,"stroke":"#9c27b0","stroke-width":1.2}},{"type":"Feature","geometry":{"type":"Polygon","coordinates":[[[35.2968979,47.5963032,0],[35.3074135,47.5971796,0],[35.3086151,47.598395,0],[35.3093017,47.6067866,0],[35.3069843,47.6099693,0],[35.3013195,47.6103743,0],[35.3017486,47.6152347,0],[35.2987446,47.6194582,0],[35.2995495,47.6272497,0],[35.2974037,47.6291586,0],[35.293713,47.6299684,0],[35.2905373,47.6322821,0],[35.2869324,47.6354632,0],[35.2838425,47.635174,0],[35.2798084,47.6336124,0],[35.2795509,47.6309517,0],[35.2810959,47.6284066,0],[35.2812675,47.6255143,0],[35.2812675,47.6221591,0],[35.2821259,47.6177043,0],[35.2829933,47.6140115,0],[35.2818775,47.6111184,0],[35.2800822,47.608385,0],[35.2829075,47.6042322,0],[35.2894306,47.5948562,0],[35.2968979,47.5963032,0]]]},"properties":{"name":"Polygon 23","styleUrl":"#poly-9C27B0-1200-77-nodesc","fill-opacity":0.30196078431372547,"fill":"#9c27b0","stroke-opacity":1,"stroke":"#9c27b0","stroke-width":1.2}},{"type":"Feature","geometry":{"type":"Polygon","coordinates":[[[35.3888339,47.5951778,0],[35.3825683,47.5899103,0],[35.3850574,47.5854528,0],[35.3887481,47.5847581,0],[35.3958721,47.5864949,0],[35.4022235,47.5896209,0],[35.4064292,47.5913575,0],[35.4074592,47.5954672,0],[35.4052276,47.5993451,0],[35.4029102,47.6039171,0],[35.3980178,47.6062319,0],[35.3944129,47.6036856,0],[35.3927822,47.6000974,0],[35.3888339,47.5951778,0]]]},"properties":{"name":"Polygon 24","styleUrl":"#poly-9C27B0-1200-77-nodesc","fill-opacity":0.30196078431372547,"fill":"#9c27b0","stroke-opacity":1,"stroke":"#9c27b0","stroke-width":1.2}},{"type":"Feature","geometry":{"type":"Polygon","coordinates":[[[36.8870479,50.1931788,0],[36.8818981,50.1968053,0],[36.8712551,50.199003,0],[36.8655902,50.1983437,0],[36.8609554,50.1944975,0],[36.8609554,50.190761,0],[36.8595821,50.1825175,0],[36.8559772,50.1797694,0],[36.852544,50.1761416,0],[36.8532306,50.1691051,0],[36.8551189,50.1630573,0],[36.8588954,50.1543691,0],[36.8681652,50.1506294,0],[36.8774349,50.1535992,0],[36.8827564,50.1583285,0],[36.8880779,50.1627274,0],[36.885503,50.1697648,0],[36.8841297,50.1741627,0],[36.8894512,50.1800992,0],[36.8911678,50.1824076,0],[36.8963176,50.1872439,0],[36.896146,50.1905412,0],[36.8904811,50.1921897,0],[36.8870479,50.1931788,0]]]},"properties":{"name":"Polygon 26","styleUrl":"#poly-558B2F-1200-77-nodesc","fill-opacity":0.30196078431372547,"fill":"#558b2f","stroke-opacity":1,"stroke":"#558b2f","stroke-width":1.2}},{"type":"Feature","geometry":{"type":"Polygon","coordinates":[[[37.5796688,49.7256137,0],[37.5786389,49.7291092,0],[37.5758923,49.7317167,0],[37.5720299,49.7362102,0],[37.569455,49.7382627,0],[37.5668801,49.7377635,0],[37.5635327,49.7364876,0],[37.5610436,49.7352117,0],[37.5566662,49.7372087,0],[37.5526322,49.7388174,0],[37.5516022,49.7363767,0],[37.5540913,49.7334365,0],[37.5603569,49.7287208,0],[37.563361,49.7257802,0],[37.5666226,49.7240046,0],[37.5706566,49.7222845,0],[37.5753773,49.7211747,0],[37.5772656,49.72234,0],[37.5796688,49.7256137,0]]]},"properties":{"name":"Polygon 28","styleUrl":"#poly-558B2F-1200-77-nodesc","fill-opacity":0.30196078431372547,"fill":"#558b2f","stroke-opacity":1,"stroke":"#558b2f","stroke-width":1.2}},{"type":"Feature","geometry":{"type":"Polygon","coordinates":[[[37.7221401,49.6572599,0],[37.7259166,49.6572599,0],[37.7269466,49.6594268,0],[37.7260024,49.6633715,0],[37.722655,49.6645937,0],[37.7181918,49.6644826,0],[37.7109821,49.6647604,0],[37.6999957,49.6644271,0],[37.6994808,49.6622604,0],[37.7011115,49.6593157,0],[37.703429,49.6577044,0],[37.7088363,49.6569265,0],[37.7157028,49.656871,0],[37.7221401,49.6572599,0]]]},"properties":{"name":"Polygon 29","styleUrl":"#poly-558B2F-1200-77-nodesc","fill-opacity":0.30196078431372547,"fill":"#558b2f","stroke-opacity":1,"stroke":"#558b2f","stroke-width":1.2}},{"type":"Feature","geometry":{"type":"Polygon","coordinates":[[[37.6890064,49.6369924,0],[37.6896072,49.6407722,0],[37.6904655,49.6422729,0],[37.6890064,49.6433289,0],[37.6850582,49.644496,0],[37.6825691,49.6458299,0],[37.678535,49.6460522,0],[37.6789642,49.6426619,0],[37.6765609,49.642384,0],[37.6721836,49.6442181,0],[37.6720119,49.6457743,0],[37.6686645,49.6465524,0],[37.6675487,49.6493311,0],[37.6688362,49.6516095,0],[37.6714111,49.6535544,0],[37.6690078,49.6566105,0],[37.662313,49.6574995,0],[37.6596523,49.6558881,0],[37.6575065,49.6519429,0],[37.6546741,49.6481084,0],[37.6518417,49.6432733,0],[37.6540733,49.6402163,0],[37.659309,49.6385488,0],[37.664373,49.6372148,0],[37.6704669,49.6356028,0],[37.6751876,49.6332124,0],[37.6803375,49.6325453,0],[37.6823974,49.6333236,0],[37.6890064,49.6369924,0]]]},"properties":{"name":"Polygon 30","styleUrl":"#poly-558B2F-1200-77-nodesc","fill-opacity":0.30196078431372547,"fill":"#558b2f","stroke-opacity":1,"stroke":"#558b2f","stroke-width":1.2}},{"type":"Feature","geometry":{"type":"Polygon","coordinates":[[[37.6334144,49.6880009,0],[37.6335003,49.6867792,0],[37.6336719,49.6852244,0],[37.6337578,49.6818924,0],[37.6329853,49.6785046,0],[37.6359035,49.6772827,0],[37.6419117,49.6781714,0],[37.6419975,49.67906,0],[37.6407101,49.6817258,0],[37.6416542,49.6837805,0],[37.6433708,49.6856131,0],[37.6439716,49.6876677,0],[37.6428558,49.690333,0],[37.6402809,49.6919987,0],[37.637706,49.6907772,0],[37.6341869,49.6880009,0],[37.6334144,49.6880009,0]]]},"properties":{"name":"Polygon 31","styleUrl":"#poly-558B2F-1200-77-nodesc","fill-opacity":0.30196078431372547,"fill":"#558b2f","stroke-opacity":1,"stroke":"#558b2f","stroke-width":1.2}},{"type":"Feature","geometry":{"type":"Polygon","coordinates":[[[37.6626139,48.9860295,0],[37.6691371,48.9856915,0],[37.6753169,48.9876066,0],[37.6754885,48.991887,0],[37.6789218,48.9959418,0],[37.6976328,49.000672,0],[37.6996928,49.0077665,0],[37.6984911,49.012383,0],[37.6905947,49.0166613,0],[37.6864749,49.0195883,0],[37.6816683,49.0208266,0],[37.6761752,49.0213895,0],[37.6651888,49.0287061,0],[37.6626139,49.0291563,0],[37.6545458,49.0251042,0],[37.6531725,49.0236409,0],[37.6572924,49.0208266,0],[37.6684504,49.0186877,0],[37.6665621,49.0162109,0],[37.6542025,49.012383,0],[37.6511126,49.0110318,0],[37.647851,49.0063026,0],[37.6425295,49.0065278,0],[37.6368647,49.0068656,0],[37.6308566,49.0034874,0],[37.6238185,48.9993206,0],[37.6231318,48.9942523,0],[37.6313716,48.9924502,0],[37.6318865,48.989071,0],[37.6257067,48.9860295,0],[37.6299864,48.9826648,0],[37.6404696,48.9787066,0],[37.648881,48.9792699,0],[37.6626139,48.9860295,0]]]},"properties":{"name":"Polygon 32","styleUrl":"#poly-558B2F-1200-77-nodesc","fill-opacity":0.30196078431372547,"fill":"#558b2f","stroke-opacity":1,"stroke":"#558b2f","stroke-width":1.2}},{"type":"Feature","geometry":{"type":"Polygon","coordinates":[[[37.7291578,48.5447356,0],[37.7354234,48.5437128,0],[37.7425474,48.5451334,0],[37.7501005,48.5459857,0],[37.7579969,48.549338,0],[37.7573102,48.5553036,0],[37.7555936,48.5607003,0],[37.7496713,48.5641085,0],[37.7460664,48.5686524,0],[37.7410024,48.5701291,0],[37.7374833,48.5683684,0],[37.7339643,48.5634269,0],[37.7301019,48.5605867,0],[37.7266687,48.5567806,0],[37.7232355,48.5540537,0],[37.7291578,48.5447356,0]]]},"properties":{"name":"Polygon 33","styleUrl":"#poly-558B2F-1200-77-nodesc","fill-opacity":0.30196078431372547,"fill":"#558b2f","stroke-opacity":1,"stroke":"#558b2f","stroke-width":1.2}},{"type":"Feature","geometry":{"type":"Polygon","coordinates":[[[37.2567544,48.4942748,0],[37.2588144,48.4979719,0],[37.260016,48.4996781,0],[37.2608743,48.5029766,0],[37.2639642,48.5063318,0],[37.2618184,48.5111652,0],[37.2567544,48.5155433,0],[37.2516046,48.5173058,0],[37.2414766,48.5162824,0],[37.2352109,48.5113358,0],[37.2359834,48.5055357,0],[37.2368417,48.49928,0],[37.2381292,48.4921702,0],[37.2425065,48.4898949,0],[37.2490297,48.4901224,0],[37.2567544,48.4942748,0]]]},"properties":{"name":"Polygon 34","styleUrl":"#poly-558B2F-1200-77-nodesc","fill-opacity":0.30196078431372547,"fill":"#558b2f","stroke-opacity":1,"stroke":"#558b2f","stroke-width":1.2}}]}