{
  "type": "FeatureCollection",
"updated": "2026-06-30 07:24",
  "features": [
    {
      "type": "Feature",
      "geometry": {
        "type": "Polygon",
        "coordinates": [
          [
            [
              33.7304935,
              44.3921579,
              0
            ],
            [
              33.73633,
              44.3881099,
              0
            ],
            [
              33.741909,
              44.3876805,
              0
            ],
            [
              33.749033,
              44.3895206,
              0
            ],
            [
              33.7592746,
              44.3916366,
              0
            ],
            [
              33.7594034,
              44.3909619,
              0
            ],
            [
              33.7779428,
              44.3885085,
              0
            ],
            [
              33.8129617,
              44.3943965,
              0
            ],
            [
              33.8267739,
              44.3997048,
              0
            ],
            [
              33.8384469,
              44.4014218,
              0
            ],
            [
              33.8429101,
              44.4051011,
              0
            ],
            [
              33.8693459,
              44.4053463,
              0
            ],
            [
              33.9077981,
              44.4021577,
              0
            ],
            [
              33.9445336,
              44.3911188,
              0
            ],
            [
              33.9754327,
              44.3911188,
              0
            ],
            [
              33.9836724,
              44.3987236,
              0
            ],
            [
              34.0004952,
              44.4009313,
              0
            ],
            [
              34.0169747,
              44.4063274,
              0
            ],
            [
              34.0265878,
              44.4053463,
              0
            ],
            [
              34.0350416,
              44.4066035,
              0
            ],
            [
              34.0427239,
              44.4122136,
              0
            ],
            [
              34.0633233,
              44.4207964,
              0
            ],
            [
              34.0773995,
              44.4227581,
              0
            ],
            [
              34.0945657,
              44.4286426,
              0
            ],
            [
              34.1031487,
              44.4269263,
              0
            ],
            [
              34.1089852,
              44.4293781,
              0
            ],
            [
              34.1179116,
              44.4269263,
              0
            ],
            [
              34.1264947,
              44.4291329,
              0
            ],
            [
              34.1333611,
              44.4391841,
              0
            ],
            [
              34.1426309,
              44.4538901,
              0
            ],
            [
              34.1553338,
              44.476677,
              0
            ],
            [
              34.1652902,
              44.4911287,
              0
            ],
            [
              34.1752465,
              44.497496,
              0
            ],
            [
              34.1872628,
              44.4992102,
              0
            ],
            [
              34.2040856,
              44.4999448,
              0
            ],
            [
              34.2161019,
              44.5036178,
              0
            ],
            [
              34.2312081,
              44.5041076,
              0
            ],
            [
              34.2507775,
              44.5058215,
              0
            ],
            [
              34.2627938,
              44.5141459,
              0
            ],
            [
              34.2710336,
              44.5241825,
              0
            ],
            [
              34.2724069,
              44.5305462,
              0
            ],
            [
              34.2758401,
              44.5427823,
              0
            ],
            [
              34.2954095,
              44.5474313,
              0
            ],
            [
              34.310859,
              44.5537925,
              0
            ],
            [
              34.323562,
              44.550612,
              0
            ],
            [
              34.3324883,
              44.5464526,
              0
            ],
            [
              34.3451913,
              44.547676,
              0
            ],
            [
              34.3479379,
              44.5540372,
              0
            ],
            [
              34.3458779,
              44.5628438,
              0
            ],
            [
              34.3475945,
              44.5709154,
              0
            ],
            [
              34.3503411,
              44.5811868,
              0
            ],
            [
              34.3558343,
              44.5892558,
              0
            ],
            [
              34.3688806,
              44.5904783,
              0
            ],
            [
              34.3730004,
              44.595368,
              0
            ],
            [
              34.3709405,
              44.6046573,
              0
            ],
            [
              34.375747,
              44.6075904,
              0
            ],
            [
              34.374717,
              44.6132119,
              0
            ],
            [
              34.3822701,
              44.6173665,
              0
            ],
            [
              34.3822701,
              44.6222539,
              0
            ],
            [
              34.3857034,
              44.6290956,
              0
            ],
            [
              34.4038995,
              44.6386238,
              0
            ],
            [
              34.4025262,
              44.6474177,
              0
            ],
            [
              34.4063027,
              44.6588965,
              0
            ],
            [
              34.4114526,
              44.664513,
              0
            ],
            [
              34.4172891,
              44.6747678,
              0
            ],
            [
              34.4378884,
              44.6903907,
              0
            ],
            [
              34.4464715,
              44.702105,
              0
            ],
            [
              34.4646676,
              44.7165007,
              0
            ],
            [
              34.4814904,
              44.7208919,
              0
            ],
            [
              34.4907601,
              44.7262584,
              0
            ],
            [
              34.5110162,
              44.7347951,
              0
            ],
            [
              34.5292123,
              44.7374778,
              0
            ],
            [
              34.5391686,
              44.7421113,
              0
            ],
            [
              34.5401986,
              44.745769,
              0
            ],
            [
              34.5573647,
              44.755278,
              0
            ],
            [
              34.5752175,
              44.7574721,
              0
            ],
            [
              34.5844872,
              44.7596662,
              0
            ],
            [
              34.5975335,
              44.7684417,
              0
            ],
            [
              34.6133264,
              44.7750225,
              0
            ],
            [
              34.636329,
              44.7813588,
              0
            ],
            [
              34.6548684,
              44.788669,
              0
            ],
            [
              34.6689446,
              44.787207,
              0
            ],
            [
              34.6854241,
              44.7959783,
              0
            ],
            [
              34.7073968,
              44.8052355,
              0
            ],
            [
              34.7314294,
              44.8120556,
              0
            ],
            [
              34.7496255,
              44.8098635,
              0
            ],
            [
              34.7575219,
              44.8164395,
              0
            ],
            [
              34.7750314,
              44.8188749,
              0
            ],
            [
              34.7877343,
              44.8183878,
              0
            ],
            [
              34.8021539,
              44.8213102,
              0
            ],
            [
              34.8162301,
              44.8191184,
              0
            ],
            [
              34.8337396,
              44.8200925,
              0
            ],
            [
              34.8450692,
              44.8147347,
              0
            ],
            [
              34.8646386,
              44.8217972,
              0
            ],
            [
              34.8845513,
              44.8220407,
              0
            ],
            [
              34.8855813,
              44.8176572,
              0
            ],
            [
              34.8931344,
              44.8149782,
              0
            ],
            [
              34.9034341,
              44.8196055,
              0
            ],
            [
              34.9188836,
              44.8227713,
              0
            ],
            [
              34.9147637,
              44.8259369,
              0
            ],
            [
              34.9175103,
              44.8303198,
              0
            ],
            [
              34.9339898,
              44.8327545,
              0
            ],
            [
              34.9477227,
              44.8373804,
              0
            ],
            [
              34.959739,
              44.8390845,
              0
            ],
            [
              34.9655755,
              44.8410321,
              0
            ],
            [
              34.9779351,
              44.8395714,
              0
            ],
            [
              34.9861749,
              44.8351892,
              0
            ],
            [
              34.9875482,
              44.8303198,
              0
            ],
            [
              34.9933846,
              44.8305632,
              0
            ],
            [
              35.0026544,
              44.8361631,
              0
            ],
            [
              35.0084908,
              44.8317806,
              0
            ],
            [
              35.013984,
              44.8347023,
              0
            ],
            [
              35.0232537,
              44.832998,
              0
            ],
            [
              35.0318368,
              44.8303198,
              0
            ],
            [
              35.0417932,
              44.8210666,
              0
            ],
            [
              35.0503762,
              44.8135169,
              0
            ],
            [
              35.0493463,
              44.8023123,
              0
            ],
            [
              35.0606759,
              44.7979273,
              0
            ],
            [
              35.0702889,
              44.7976837,
              0
            ],
            [
              35.0774987,
              44.7945165,
              0
            ],
            [
              35.0823052,
              44.7932984,
              0
            ],
            [
              35.088485,
              44.8010943,
              0
            ],
            [
              35.0974114,
              44.8032867,
              0
            ],
            [
              35.1008447,
              44.8079149,
              0
            ],
            [
              35.1097711,
              44.8081585,
              0
            ],
            [
              35.1090844,
              44.8110813,
              0
            ],
            [
              35.1221307,
              44.8222842,
              0
            ],
            [
              35.1327737,
              44.8242323,
              0
            ],
            [
              35.1283105,
              44.8288588,
              0
            ],
            [
              35.1300271,
              44.8354327,
              0
            ],
            [
              35.1324304,
              44.8446835,
              0
            ],
            [
              35.134147,
              44.8512556,
              0
            ],
            [
              35.1375802,
              44.8607472,
              0
            ],
            [
              35.1420434,
              44.868534,
              0
            ],
            [
              35.1430734,
              44.8748601,
              0
            ],
            [
              35.155433,
              44.8901856,
              0
            ],
            [
              35.165046,
              44.9008868,
              0
            ],
            [
              35.1750024,
              44.9018595,
              0
            ],
            [
              35.186332,
              44.9091545,
              0
            ],
            [
              35.2031548,
              44.9123154,
              0
            ],
            [
              35.2120812,
              44.911586,
              0
            ],
            [
              35.2237542,
              44.9128016,
              0
            ],
            [
              35.2395471,
              44.9193659,
              0
            ],
            [
              35.2443536,
              44.9252002,
              0
            ],
            [
              35.2529366,
              44.9378391,
              0
            ],
            [
              35.2474435,
              44.9487744,
              0
            ],
            [
              35.2484734,
              44.9558204,
              0
            ],
            [
              35.2580865,
              44.964809,
              0
            ],
            [
              35.2742227,
              44.9696671,
              0
            ],
            [
              35.2907021,
              44.9667523,
              0
            ],
            [
              35.2944787,
              44.9618939,
              0
            ],
            [
              35.296882,
              44.9657806,
              0
            ],
            [
              35.3099282,
              44.96991,
              0
            ],
            [
              35.3250344,
              44.9701529,
              0
            ],
            [
              35.327781,
              44.9652948,
              0
            ],
            [
              35.3391107,
              44.9672381,
              0
            ],
            [
              35.3521569,
              44.9633515,
              0
            ],
            [
              35.3528436,
              44.958007,
              0
            ],
            [
              35.3652032,
              44.9548486,
              0
            ],
            [
              35.3758462,
              44.9514471,
              0
            ],
            [
              35.3806527,
              44.9473164,
              0
            ],
            [
              35.3864892,
              44.9458585,
              0
            ],
            [
              35.3844293,
              44.9497463,
              0
            ],
            [
              35.3906091,
              44.9550916,
              0
            ],
            [
              35.3837426,
              44.9558204,
              0
            ],
            [
              35.3758462,
              44.9546057,
              0
            ],
            [
              35.3693231,
              44.9567922,
              0
            ],
            [
              35.3648599,
              44.9652948,
              0
            ],
            [
              35.36177,
              44.9701529,
              0
            ],
            [
              35.3521569,
              44.975982,
              0
            ],
            [
              35.3573068,
              44.9849674,
              0
            ],
            [
              35.3627999,
              44.9937086,
              0
            ],
            [
              35.3741296,
              44.9980787,
              0
            ],
            [
              35.3882058,
              45.0000208,
              0
            ],
            [
              35.4019387,
              45.0034195,
              0
            ],
            [
              35.4242547,
              45.0131287,
              0
            ],
            [
              35.4170449,
              45.02016680000001,
              0
            ],
            [
              35.4094918,
              45.0238069,
              0
            ],
            [
              35.4009088,
              45.0247776,
              0
            ],
            [
              35.3906091,
              45.02502030000001,
              0
            ],
            [
              35.383056,
              45.03035850000001,
              0
            ],
            [
              35.3827126,
              45.03860760000001,
              0
            ],
            [
              35.3868325,
              45.0480683,
              0
            ],
            [
              35.3995355,
              45.0628627,
              0
            ],
            [
              35.4228814,
              45.0827442,
              0
            ],
            [
              35.4465707,
              45.0975296,
              0
            ],
            [
              35.4839929,
              45.1137648,
              0
            ],
            [
              35.5186685,
              45.1222441,
              0
            ],
            [
              35.5499108,
              45.1283,
              0
            ],
            [
              35.5828698,
              45.1312066,
              0
            ],
            [
              35.6199487,
              45.1258777,
              0
            ],
            [
              35.6693871,
              45.1144917,
              0
            ],
            [
              35.7050927,
              45.103588,
              0
            ],
            [
              35.7256921,
              45.09389420000001,
              0
            ],
            [
              35.772384,
              45.0713495,
              0
            ],
            [
              35.7823403,
              45.0631052,
              0
            ],
            [
              35.7888635,
              45.05704240000001,
              0
            ],
            [
              35.803283,
              45.0485534,
              0
            ],
            [
              35.8091195,
              45.0434594,
              0
            ],
            [
              35.8170159,
              45.03254219999999,
              0
            ],
            [
              35.8128961,
              45.02016680000001,
              0
            ],
            [
              35.8177026,
              45.0225936,
              0
            ],
            [
              35.825599,
              45.0174973,
              0
            ],
            [
              35.8369286,
              45.01045879999999,
              0
            ],
            [
              35.8307488,
              45.0051187,
              0
            ],
            [
              35.8338387,
              45.00050640000001,
              0
            ],
            [
              35.8424218,
              44.9992925,
              0
            ],
            [
              35.8623345,
              45.0014774,
              0
            ],
            [
              35.8791573,
              45.0119151,
              0
            ],
            [
              35.8963235,
              45.01482759999999,
              0
            ],
            [
              35.9028466,
              45.01895340000001,
              0
            ],
            [
              35.9251626,
              45.0230789,
              0
            ],
            [
              35.9406121,
              45.0165265,
              0
            ],
            [
              35.9557183,
              45.0114297,
              0
            ],
            [
              35.9646447,
              45.0172546,
              0
            ],
            [
              35.9835275,
              45.0240496,
              0
            ],
            [
              35.9917672,
              45.0342406,
              0
            ],
            [
              36.0055001,
              45.0446723,
              0
            ],
            [
              36.0226663,
              45.0480683,
              0
            ],
            [
              36.0353692,
              45.0502513,
              0
            ],
            [
              36.0858376,
              45.0478257,
              0
            ],
            [
              36.1177667,
              45.0429743,
              0
            ],
            [
              36.1534722,
              45.0376372,
              0
            ],
            [
              36.2046273,
              45.0330275,
              0
            ],
            [
              36.2204202,
              45.0289027,
              0
            ],
            [
              36.2314065,
              45.0318143,
              0
            ],
            [
              36.2465127,
              45.040791,
              0
            ],
            [
              36.2465127,
              45.0490385,
              0
            ],
            [
              36.2592156,
              45.0521917,
              0
            ],
            [
              36.2791284,
              45.0546171,
              0
            ],
            [
              36.3055642,
              45.0589825,
              0
            ],
            [
              36.3344033,
              45.0597101,
              0
            ],
            [
              36.356376,
              45.05849749999999,
              0
            ],
            [
              36.3728555,
              45.05849749999999,
              0
            ],
            [
              36.3821252,
              45.0645601,
              0
            ],
            [
              36.3958581,
              45.0677124,
              0
            ],
            [
              36.4044412,
              45.071107,
              0
            ],
            [
              36.4140542,
              45.0752288,
              0
            ],
            [
              36.4236672,
              45.0781381,
              0
            ],
            [
              36.4456399,
              45.09098569999999,
              0
            ],
            [
              36.4549096,
              45.0989837,
              0
            ],
            [
              36.4525063,
              45.1060113,
              0
            ],
            [
              36.4439233,
              45.1108574,
              0
            ],
            [
              36.4384301,
              45.1161876,
              0
            ],
            [
              36.430877,
              45.1205484,
              0
            ],
            [
              36.4243539,
              45.1273311,
              0
            ],
            [
              36.421264,
              45.1367771,
              0
            ],
            [
              36.4168008,
              45.1532434,
              0
            ],
            [
              36.4143975,
              45.162443,
              0
            ],
            [
              36.4089044,
              45.1668002,
              0
            ],
            [
              36.4030679,
              45.17527159999999,
              0
            ],
            [
              36.4047845,
              45.190396,
              0
            ],
            [
              36.4054711,
              45.1995897,
              0
            ],
            [
              36.4027245,
              45.206363,
              0
            ],
            [
              36.4020379,
              45.2136192,
              0
            ],
            [
              36.4075311,
              45.22280909999999,
              0
            ],
            [
              36.4198907,
              45.2363494,
              0
            ],
            [
              36.419204,
              45.24360179999999,
              0
            ],
            [
              36.4356835,
              45.2619705,
              0
            ],
            [
              36.4253838,
              45.2701861,
              0
            ],
            [
              36.4178307,
              45.2764678,
              0
            ],
            [
              36.4185174,
              45.2837151,
              0
            ],
            [
              36.4363702,
              45.2957918,
              0
            ],
            [
              36.4672692,
              45.3025537,
              0
            ],
            [
              36.4830621,
              45.3069002,
              0
            ],
            [
              36.4913018,
              45.318972,
              0
            ],
            [
              36.4796288,
              45.32380000000001,
              0
            ],
            [
              36.4727624,
              45.3305585,
              0
            ],
            [
              36.4707025,
              45.34117739999999,
              0
            ],
            [
              36.4748223,
              45.3503467,
              0
            ],
            [
              36.4768823,
              45.358067,
              0
            ],
            [
              36.4974816,
              45.3633741,
              0
            ],
            [
              36.5201409,
              45.356137,
              0
            ],
            [
              36.5386804,
              45.3513118,
              0
            ],
            [
              36.55104,
              45.3484164,
              0
            ],
            [
              36.6025384,
              45.3474513,
              0
            ],
            [
              36.6121514,
              45.3566195,
              0
            ],
            [
              36.6293176,
              45.3653039,
              0
            ],
            [
              36.6300042,
              45.3754339,
              0
            ],
            [
              36.6471703,
              45.3831508,
              0
            ],
            [
              36.6409905,
              45.38749109999999,
              0
            ],
            [
              36.6197045,
              45.39906360000001,
              0
            ],
            [
              36.6073449,
              45.41111579999999,
              0
            ],
            [
              36.6128381,
              45.4226835,
              0
            ],
            [
              36.5977319,
              45.43569419999999,
              0
            ],
            [
              36.5812524,
              45.44099409999999,
              0
            ],
            [
              36.5688928,
              45.4371397,
              0
            ],
            [
              36.5688928,
              45.4279845,
              0
            ],
            [
              36.5579064,
              45.4250931,
              0
            ],
            [
              36.529754,
              45.4279845,
              0
            ],
            [
              36.5105279,
              45.4385851,
              0
            ],
            [
              36.4892419,
              45.448702,
              0
            ],
            [
              36.4761956,
              45.45496399999999,
              0
            ],
            [
              36.4446099,
              45.45400059999999,
              0
            ],
            [
              36.430877,
              45.4477386,
              0
            ],
            [
              36.4130242,
              45.44677510000001,
              0
            ],
            [
              36.3814385,
              45.4621884,
              0
            ],
            [
              36.3628991,
              45.469412,
              0
            ],
            [
              36.3525994,
              45.4742271,
              0
            ],
            [
              36.343673,
              45.4828934,
              0
            ],
            [
              36.3326867,
              45.4732641,
              0
            ],
            [
              36.3162072,
              45.4684489,
              0
            ],
            [
              36.3024743,
              45.477116,
              0
            ],
            [
              36.2901147,
              45.4795233,
              0
            ],
            [
              36.2660821,
              45.4785604,
              0
            ],
            [
              36.2358697,
              45.4742271,
              0
            ],
            [
              36.1548455,
              45.4660411,
              0
            ],
            [
              36.11708,
              45.4607436,
              0
            ],
            [
              36.0813745,
              45.44677510000001,
              0
            ],
            [
              36.0710748,
              45.4390669,
              0
            ],
            [
              36.0731347,
              45.42171960000001,
              0
            ],
            [
              36.074508,
              45.41111579999999,
              0
            ],
            [
              36.0600884,
              45.3937599,
              0
            ],
            [
              36.0429223,
              45.38170400000001,
              0
            ],
            [
              36.0182031,
              45.3725398,
              0
            ],
            [
              35.9907372,
              45.3681984,
              0
            ],
            [
              35.9509118,
              45.3754339,
              0
            ],
            [
              35.9255059,
              45.3865266,
              0
            ],
            [
              35.8939202,
              45.40292059999999,
              0
            ],
            [
              35.8705743,
              45.4164179,
              0
            ],
            [
              35.8465417,
              45.4458117,
              0
            ],
            [
              35.8520349,
              45.4544823,
              0
            ],
            [
              35.8733209,
              45.460262,
              0
            ],
            [
              35.8705743,
              45.4698935,
              0
            ],
            [
              35.8547814,
              45.4732641,
              0
            ],
            [
              35.8424218,
              45.4718196,
              0
            ],
            [
              35.8280023,
              45.4684489,
              0
            ],
            [
              35.8218224,
              45.4592988,
              0
            ],
            [
              35.8231957,
              45.4506289,
              0
            ],
            [
              35.8328088,
              45.4400305,
              0
            ],
            [
              35.8211358,
              45.4289483,
              0
            ],
            [
              35.8060296,
              45.4246112,
              0
            ],
            [
              35.79161,
              45.4173819,
              0
            ],
            [
              35.7751306,
              45.40677729999999,
              0
            ],
            [
              35.7483514,
              45.38990230000001,
              0
            ],
            [
              35.751098,
              45.3836331,
              0
            ],
            [
              35.7662042,
              45.3831508,
              0
            ],
            [
              35.7579644,
              45.3754339,
              0
            ],
            [
              35.7538445,
              45.36385660000001,
              0
            ],
            [
              35.7332452,
              45.3546895,
              0
            ],
            [
              35.7236321,
              45.3503467,
              0
            ],
            [
              35.7291253,
              45.34117739999999,
              0
            ],
            [
              35.7195123,
              45.33297210000001,
              0
            ],
            [
              35.6975396,
              45.33345479999999,
              0
            ],
            [
              35.6728204,
              45.3281449,
              0
            ],
            [
              35.6371148,
              45.3218688,
              0
            ],
            [
              35.6041558,
              45.3131778,
              0
            ],
            [
              35.5739434,
              45.30062180000001,
              0
            ],
            [
              35.5272515,
              45.2822657,
              0
            ],
            [
              35.5039056,
              45.2870968,
              0
            ],
            [
              35.491546,
              45.2919276,
              0
            ],
            [
              35.4524072,
              45.3097976,
              0
            ],
            [
              35.3720696,
              45.3575845,
              0
            ],
            [
              35.2491601,
              45.46267,
              0
            ],
            [
              35.199035,
              45.5204318,
              0
            ],
            [
              35.1008447,
              45.605042,
              0
            ],
            [
              35.0177606,
              45.699117,
              0
            ],
            [
              34.975221,
              45.7635462,
              0
            ],
            [
              34.9482505,
              45.8073754,
              0
            ],
            [
              34.8902409,
              45.9029719,
              0
            ],
            [
              34.8747914,
              45.94333300000001,
              0
            ],
            [
              34.8569386,
              45.9805633,
              0
            ],
            [
              34.8353635,
              46.0863681,
              0
            ],
            [
              34.8270626,
              46.1316599,
              0
            ],
            [
              34.8222561,
              46.1417707,
              0
            ],
            [
              34.8164196,
              46.1481931,
              0
            ],
            [
              34.8114414,
              46.15758749999999,
              0
            ],
            [
              34.8181362,
              46.1642458,
              0
            ],
            [
              34.8215694,
              46.1697145,
              0
            ],
            [
              34.8215694,
              46.1793429,
              0
            ],
            [
              34.8231144,
              46.1869494,
              0
            ],
            [
              34.8262189,
              46.1963244,
              0
            ],
            [
              34.8337574,
              46.2054857,
              0
            ],
            [
              34.8533511,
              46.2160854,
              0
            ],
            [
              34.8609042,
              46.2195299,
              0
            ],
            [
              34.8703456,
              46.2245181,
              0
            ],
            [
              34.8811603,
              46.22914959999999,
              0
            ],
            [
              34.8945499,
              46.23568049999999,
              0
            ],
            [
              34.9019313,
              46.2397174,
              0
            ],
            [
              34.9182391,
              46.2432792,
              0
            ],
            [
              34.9266505,
              46.2444664,
              0
            ],
            [
              34.9475932,
              46.2485026,
              0
            ],
            [
              35.0061298,
              46.25586210000001,
              0
            ],
            [
              35.0408054,
              46.2627459,
              0
            ],
            [
              35.0576282,
              46.2708155,
              0
            ],
            [
              35.0792575,
              46.2810194,
              0
            ],
            [
              35.1062218352325,
              46.3020955553626,
              0
            ],
            [
              35.1073206,
              46.3021064,
              0
            ],
            [
              35.1210587,
              46.3290818,
              0
            ],
            [
              35.1244061,
              46.33672669999999,
              0
            ],
            [
              35.1278393,
              46.3430078,
              0
            ],
            [
              35.1329892,
              46.34697760000001,
              0
            ],
            [
              35.1420872,
              46.3518357,
              0
            ],
            [
              35.1722343,
              46.36252300000001,
              0
            ],
            [
              35.181504,
              46.3673797,
              0
            ],
            [
              35.1904304,
              46.3749601,
              0
            ],
            [
              35.1938636,
              46.37946039999999,
              0
            ],
            [
              35.20279,
              46.3823026,
              0
            ],
            [
              35.2170379,
              46.3814736,
              0
            ],
            [
              35.2419288,
              46.3773287,
              0
            ],
            [
              35.2518852,
              46.3764997,
              0
            ],
            [
              35.25652,
              46.3738942,
              0
            ],
            [
              35.2628715,
              46.36560290000001,
              0
            ],
            [
              35.2663047,
              46.35742880000001,
              0
            ],
            [
              35.2680213,
              46.3520973,
              0
            ],
            [
              35.2795227,
              46.3545854,
              0
            ],
            [
              35.3063018,
              46.34842410000001,
              0
            ],
            [
              35.31231,
              46.3419066,
              0
            ],
            [
              35.3148849,
              46.3328993,
              0
            ],
            [
              35.3162477,
              46.3136461,
              0
            ],
            [
              35.3056906,
              46.3148318,
              0
            ],
            [
              35.3001116,
              46.3137647,
              0
            ],
            [
              35.298395,
              46.3099111,
              0
            ],
            [
              35.2960775,
              46.3072431,
              0
            ],
            [
              35.2945326,
              46.3041599,
              0
            ],
            [
              35.2988241,
              46.29811149999999,
              0
            ],
            [
              35.2987383,
              46.2961545,
              0
            ],
            [
              35.295173,
              46.2921468,
              0
            ],
            [
              35.2925122,
              46.28941859999999,
              0
            ],
            [
              35.2917398,
              46.2865716,
              0
            ],
            [
              35.2901948,
              46.285148,
              0
            ],
            [
              35.2859033,
              46.2814704,
              0
            ],
            [
              35.2835812,
              46.2795865,
              0
            ],
            [
              35.2822126,
              46.27702129999999,
              0
            ],
            [
              35.2803243,
              46.27435160000001,
              0
            ],
            [
              35.2771486,
              46.2710292,
              0
            ],
            [
              35.2753461,
              46.26835929999999,
              0
            ],
            [
              35.2750028,
              46.26563,
              0
            ],
            [
              35.2747128,
              46.2649214,
              0
            ],
            [
              35.2781395,
              46.26420270000001,
              0
            ],
            [
              35.2812179,
              46.2685587,
              0
            ],
            [
              35.2884442,
              46.27969689999999,
              0
            ],
            [
              35.2936799,
              46.28479830000001,
              0
            ],
            [
              35.296684,
              46.28794190000001,
              0
            ],
            [
              35.301233,
              46.2941693,
              0
            ],
            [
              35.3034646,
              46.2963635,
              0
            ],
            [
              35.3072411,
              46.2989135,
              0
            ],
            [
              35.3111035,
              46.3017005,
              0
            ],
            [
              35.3137643,
              46.3043095,
              0
            ],
            [
              35.3176267,
              46.3094086,
              0
            ],
            [
              35.338997,
              46.3324778,
              0
            ],
            [
              35.3451339,
              46.3409518,
              0
            ],
            [
              35.3571658,
              46.3543061,
              0
            ],
            [
              35.3769068,
              46.3732596,
              0
            ],
            [
              35.3957896,
              46.39167379999999,
              0
            ],
            [
              35.4217963,
              46.4157035,
              0
            ],
            [
              35.4445788,
              46.435906,
              0
            ],
            [
              35.460715,
              46.4454877,
              0
            ],
            [
              35.471873,
              46.449864,
              0
            ],
            [
              35.4850909,
              46.45222939999999,
              0
            ],
            [
              35.4919573,
              46.4531755,
              0
            ],
            [
              35.5019137,
              46.4549495,
              0
            ],
            [
              35.5108401,
              46.4576694,
              0
            ],
            [
              35.5172153,
              46.4591257,
              0
            ],
            [
              35.5286929,
              46.46417309999999,
              0
            ],
            [
              35.5386492,
              46.4685479,
              0
            ],
            [
              35.5484339,
              46.4711489,
              0
            ],
            [
              35.5589053,
              46.4746956,
              0
            ],
            [
              35.5673167,
              46.4782421,
              0
            ],
            [
              35.5855128,
              46.4843887,
              0
            ],
            [
              35.5939242,
              46.48781629999999,
              0
            ],
            [
              35.600619,
              46.492071,
              0
            ],
            [
              35.647592,
              46.521893,
              0
            ],
            [
              35.6549734,
              46.52744419999999,
              0
            ],
            [
              35.6638998,
              46.5351204,
              0
            ],
            [
              35.6741995,
              46.5432678,
              0
            ],
            [
              35.6947988,
              46.5630999,
              0
            ],
            [
              35.7030386,
              46.569119,
              0
            ],
            [
              35.7087034,
              46.57313129999999,
              0
            ],
            [
              35.7169432,
              46.57796930000001,
              0
            ],
            [
              35.721063,
              46.58233490000001,
              0
            ],
            [
              35.7241529,
              46.5861103,
              0
            ],
            [
              35.7301611,
              46.5892955,
              0
            ],
            [
              35.7447523,
              46.5947219,
              0
            ],
            [
              35.7536787,
              46.5992041,
              0
            ],
            [
              35.7807303,
              46.6080076,
              0
            ],
            [
              35.8001281,
              46.6140217,
              0
            ],
            [
              35.813861,
              46.618856,
              0
            ],
            [
              35.8241607,
              46.62392570000001,
              0
            ],
            [
              35.8330718,
              46.625843,
              0
            ],
            [
              35.8439017,
              46.6301737,
              0
            ],
            [
              35.8480216,
              46.6330028,
              0
            ],
            [
              35.8531714,
              46.6378354,
              0
            ],
            [
              35.8583213,
              46.64125339999999,
              0
            ],
            [
              35.8651877,
              46.6443176,
              0
            ],
            [
              35.8694793,
              46.6454961,
              0
            ],
            [
              35.877204,
              46.6469102,
              0
            ],
            [
              35.8802939,
              46.64844220000001,
              0
            ],
            [
              35.8877362,
              46.651462,
              0
            ],
            [
              35.8955038,
              46.6533768,
              0
            ],
            [
              35.8997525,
              46.65467290000001,
              0
            ],
            [
              35.9044731,
              46.6559101,
              0
            ],
            [
              35.9116829,
              46.6572061,
              0
            ],
            [
              35.915202,
              46.6577069,
              0
            ],
            [
              35.9170473,
              46.6585611,
              0
            ],
            [
              35.9244095,
              46.6606468,
              0
            ],
            [
              35.9285154,
              46.6611985,
              0
            ],
            [
              35.93428,
              46.6615304,
              0
            ],
            [
              35.9415756,
              46.6623551,
              0
            ],
            [
              35.9511887,
              46.66264959999999,
              0
            ],
            [
              35.9803711,
              46.663651,
              0
            ],
            [
              35.9955631,
              46.6650647,
              0
            ],
            [
              36.011871,
              46.6679508,
              0
            ],
            [
              36.029372,
              46.6700424,
              0
            ],
            [
              36.0455081,
              46.6695713,
              0
            ],
            [
              36.0559795,
              46.6682755,
              0
            ],
            [
              36.0648908,
              46.6670575,
              0
            ],
            [
              36.0760639,
              46.6645058,
              0
            ],
            [
              36.0976932,
              46.6588509,
              0
            ],
            [
              36.1122844,
              46.6588509,
              0
            ],
            [
              36.1232707,
              46.6616784,
              0
            ],
            [
              36.1332271,
              46.6656839,
              0
            ],
            [
              36.1452434,
              46.6686289,
              0
            ],
            [
              36.1696193,
              46.67074920000001,
              0
            ],
            [
              36.1929233,
              46.6699693,
              0
            ],
            [
              36.2126643,
              46.6652573,
              0
            ],
            [
              36.221419,
              46.6593668,
              0
            ],
            [
              36.2298304,
              46.6531221,
              0
            ],
            [
              36.2385852,
              46.6453447,
              0
            ],
            [
              36.2471682,
              46.6399234,
              0
            ],
            [
              36.2530047,
              46.6343838,
              0
            ],
            [
              36.2576396,
              46.628372,
              0
            ],
            [
              36.2609311,
              46.6197101,
              0
            ],
            [
              36.2616177,
              46.6095695,
              0
            ],
            [
              36.2607594,
              46.6036729,
              0
            ],
            [
              36.2590428,
              46.5976577,
              0
            ],
            [
              36.2537213,
              46.5922316,
              0
            ],
            [
              36.2487431,
              46.5876309,
              0
            ],
            [
              36.2429067,
              46.58019809999999,
              0
            ],
            [
              36.2396451,
              46.5752423,
              0
            ],
            [
              36.2362119,
              46.57241020000001,
              0
            ],
            [
              36.2307187,
              46.56780770000001,
              0
            ],
            [
              36.2279721,
              46.5639131,
              0
            ],
            [
              36.2250539,
              46.56131649999999,
              0
            ],
            [
              36.2132815,
              46.5488272,
              0
            ],
            [
              36.2073592,
              46.5448721,
              0
            ],
            [
              36.2030677,
              46.5421565,
              0
            ],
            [
              36.1996345,
              46.536902,
              0
            ],
            [
              36.1942271,
              46.53182420000001,
              0
            ],
            [
              36.1871032,
              46.52804499999999,
              0
            ],
            [
              36.1822108,
              46.5269821,
              0
            ],
            [
              36.1756019,
              46.5252105,
              0
            ],
            [
              36.1695937,
              46.5243837,
              0
            ],
            [
              36.1640147,
              46.52473800000001,
              0
            ],
            [
              36.161354,
              46.5262735,
              0
            ],
            [
              36.1609248,
              46.5293441,
              0
            ],
            [
              36.1616115,
              46.5324737,
              0
            ],
            [
              36.1586074,
              46.5374924,
              0
            ],
            [
              36.1556033,
              46.5414481,
              0
            ],
            [
              36.1522559,
              46.5422155,
              0
            ],
            [
              36.1528567,
              46.5367839,
              0
            ],
            [
              36.1532001,
              46.53182420000001,
              0
            ],
            [
              36.1524276,
              46.52733640000001,
              0
            ],
            [
              36.1518268,
              46.52243480000001,
              0
            ],
            [
              36.1513976,
              46.5184778,
              0
            ],
            [
              36.1514834,
              46.5135164,
              0
            ],
            [
              36.1465911,
              46.5066051,
              0
            ],
            [
              36.1429004,
              46.5048328,
              0
            ],
            [
              36.139553,
              46.5045965,
              0
            ],
            [
              36.1352614,
              46.50365130000001,
              0
            ],
            [
              36.1352614,
              46.5017608,
              0
            ],
            [
              36.142557,
              46.50164259999999,
              0
            ],
            [
              36.1479644,
              46.5025879,
              0
            ],
            [
              36.1544017,
              46.5028242,
              0
            ],
            [
              36.161354,
              46.4999883,
              0
            ],
            [
              36.1656455,
              46.4981568,
              0
            ],
            [
              36.1700229,
              46.49898389999999,
              0
            ],
            [
              36.1766318,
              46.5045965,
              0
            ],
            [
              36.1974029,
              46.5223758,
              0
            ],
            [
              36.2323359,
              46.5589792,
              0
            ],
            [
              36.2729069,
              46.60751470000001,
              0
            ],
            [
              36.2953087,
              46.63539800000001,
              0
            ],
            [
              36.3248465,
              46.670214,
              0
            ],
            [
              36.3492224,
              46.6915893,
              0
            ],
            [
              36.3578913,
              46.6974763,
              0
            ],
            [
              36.3639853,
              46.7013026,
              0
            ],
            [
              36.3725684,
              46.7078359,
              0
            ],
            [
              36.3821254,
              46.71298410000001,
              0
            ],
            [
              36.3931117,
              46.7176919,
              0
            ],
            [
              36.4072738,
              46.7225169,
              0
            ],
            [
              36.416286,
              46.7261649,
              0
            ],
            [
              36.4272723,
              46.7291066,
              0
            ],
            [
              36.437057,
              46.73181280000001,
              0
            ],
            [
              36.4448676,
              46.73540129999999,
              0
            ],
            [
              36.4837292,
              46.7458476,
              0
            ],
            [
              36.5085342,
              46.7511406,
              0
            ],
            [
              36.5275887,
              46.7569035,
              0
            ],
            [
              36.5434673,
              46.75931439999999,
              0
            ],
            [
              36.5562561,
              46.7604903,
              0
            ],
            [
              36.5680149,
              46.76190149999999,
              0
            ],
            [
              36.5778854,
              46.76407690000001,
              0
            ],
            [
              36.5866402,
              46.766605,
              0
            ],
            [
              36.5936783,
              46.7701324,
              0
            ],
            [
              36.5990856,
              46.7725426,
              0
            ],
            [
              36.604493,
              46.7751879,
              0
            ],
            [
              36.6091278,
              46.7774804,
              0
            ],
            [
              36.6136768,
              46.77889110000001,
              0
            ],
            [
              36.6184834,
              46.7795376,
              0
            ],
            [
              36.6290399,
              46.78032829999999,
              0
            ],
            [
              36.6389105,
              46.7810924,
              0
            ],
            [
              36.6510126,
              46.781739,
              0
            ],
            [
              36.6551325,
              46.78162140000001,
              0
            ],
            [
              36.6584799,
              46.78162140000001,
              0
            ],
            [
              36.6653463,
              46.7813275,
              0
            ],
            [
              36.6717836,
              46.7802108,
              0
            ],
            [
              36.6780493,
              46.7793291,
              0
            ],
            [
              36.6849157,
              46.7791528,
              0
            ],
            [
              36.6943571,
              46.7799757,
              0
            ],
            [
              36.6994211,
              46.7808573,
              0
            ],
            [
              36.7054292,
              46.78162140000001,
              0
            ],
            [
              36.7118665,
              46.7808573,
              0
            ],
            [
              36.7172739,
              46.7798581,
              0
            ],
            [
              36.723282,
              46.7779772,
              0
            ],
            [
              36.7265436,
              46.7769192,
              0
            ],
            [
              36.7297193,
              46.7754497,
              0
            ],
            [
              36.7319509,
              46.7749794,
              0
            ],
            [
              36.7316934,
              46.7735686,
              0
            ],
            [
              36.7436239,
              46.7688657,
              0
            ],
            [
              36.7454263,
              46.77080569999999,
              0
            ],
            [
              36.7547819,
              46.76698439999999,
              0
            ],
            [
              36.7602751,
              46.763986,
              0
            ],
            [
              36.7715214,
              46.758018,
              0
            ],
            [
              36.7731522,
              46.7561951,
              0
            ],
            [
              36.7720364,
              46.7542546,
              0
            ],
            [
              36.7738388,
              46.7482561,
              0
            ],
            [
              36.7766712,
              46.74954990000001,
              0
            ],
            [
              36.7779587,
              46.7522552,
              0
            ],
            [
              36.7796753,
              46.75243160000001,
              0
            ],
            [
              36.7832802,
              46.7509614,
              0
            ],
            [
              36.7886017,
              46.7497852,
              0
            ],
            [
              36.793494,
              46.7468446,
              0
            ],
            [
              36.7984722,
              46.7431393,
              0
            ],
            [
              36.8030212,
              46.7389042,
              0
            ],
            [
              36.8060253,
              46.73590429999999,
              0
            ],
            [
              36.8100594,
              46.7326688,
              0
            ],
            [
              36.8134926,
              46.72796229999999,
              0
            ],
            [
              36.8187786,
              46.7221958,
              0
            ],
            [
              36.8209507,
              46.7181793,
              0
            ],
            [
              36.8239548,
              46.71341269999999,
              0
            ],
            [
              36.8260147,
              46.7094697,
              0
            ],
            [
              36.8278172,
              46.707292,
              0
            ],
            [
              36.8291271,
              46.7045061,
              0
            ],
            [
              36.8285038,
              46.7014061,
              0
            ],
            [
              36.8276455,
              46.6985806,
              0
            ],
            [
              36.8242123,
              46.695284,
              0
            ],
            [
              36.8219807,
              46.69163399999999,
              0
            ],
            [
              36.8206932,
              46.68933789999999,
              0
            ],
            [
              36.8183758,
              46.68698280000001,
              0
            ],
            [
              36.8164875,
              46.6856285,
              0
            ],
            [
              36.8109943,
              46.6820367,
              0
            ],
            [
              36.8085052,
              46.6802113,
              0
            ],
            [
              36.8062736,
              46.67962250000001,
              0
            ],
            [
              36.8032696,
              46.6836855,
              0
            ],
            [
              36.8041279,
              46.6957549,
              0
            ],
            [
              36.8059303,
              46.7009352,
              0
            ],
            [
              36.8086769,
              46.704408,
              0
            ],
            [
              36.8088486,
              46.706468,
              0
            ],
            [
              36.8063595,
              46.7067034,
              0
            ],
            [
              36.8048145,
              46.7041725,
              0
            ],
            [
              36.8033554,
              46.7008763,
              0
            ],
            [
              36.8022396,
              46.6985217,
              0
            ],
            [
              36.8019821,
              46.69705,
              0
            ],
            [
              36.8018105,
              46.69281139999999,
              0
            ],
            [
              36.8018963,
              46.6875127,
              0
            ],
            [
              36.8014671,
              46.68356769999999,
              0
            ],
            [
              36.8006947,
              46.6799169,
              0
            ],
            [
              36.8011238,
              46.6783858,
              0
            ],
            [
              36.8036129,
              46.67632470000001,
              0
            ],
            [
              36.8036129,
              46.6728501,
              0
            ],
            [
              36.8023254,
              46.6699642,
              0
            ],
            [
              36.8012096,
              46.667785,
              0
            ],
            [
              36.7976047,
              46.667785,
              0
            ],
            [
              36.7967464,
              46.6701409,
              0
            ],
            [
              36.7982056,
              46.6729679,
              0
            ],
            [
              36.7946865,
              46.6744402,
              0
            ],
            [
              36.7923917,
              46.6722416,
              0
            ],
            [
              36.7908241,
              46.6697286,
              0
            ],
            [
              36.7912533,
              46.667785,
              0
            ],
            [
              36.7912533,
              46.66472209999999,
              0
            ],
            [
              36.7796399,
              46.6570978,
              0
            ],
            [
              36.7732885,
              46.653239,
              0
            ],
            [
              36.7692115,
              46.65070560000001,
              0
            ],
            [
              36.7658212,
              46.6496156,
              0
            ],
            [
              36.7623021,
              46.650794,
              0
            ],
            [
              36.7592552,
              46.6532979,
              0
            ],
            [
              36.7596843,
              46.6554483,
              0
            ],
            [
              36.7618301,
              46.65698,
              0
            ],
            [
              36.7647483,
              46.6580993,
              0
            ],
            [
              36.7671945,
              46.65957199999999,
              0
            ],
            [
              36.7678382,
              46.6608091,
              0
            ],
            [
              36.7668512,
              46.6614571,
              0
            ],
            [
              36.7650916,
              46.6602789,
              0
            ],
            [
              36.7630317,
              46.6588946,
              0
            ],
            [
              36.7617013,
              46.6580109,
              0
            ],
            [
              36.7601135,
              46.6574218,
              0
            ],
            [
              36.7579677,
              46.6565087,
              0
            ],
            [
              36.7575815,
              46.6553305,
              0
            ],
            [
              36.7580535,
              46.653239,
              0
            ],
            [
              36.7593839,
              46.6482015,
              0
            ],
            [
              36.757324,
              46.6461687,
              0
            ],
            [
              36.7550065,
              46.6460804,
              0
            ],
            [
              36.7516591,
              46.6456679,
              0
            ],
            [
              36.7498567,
              46.644018,
              0
            ],
            [
              36.7489126,
              46.6414547,
              0
            ],
            [
              36.7485263,
              46.6390681,
              0
            ],
            [
              36.7486551,
              46.63688760000001,
              0
            ],
            [
              36.7487409,
              46.6352374,
              0
            ],
            [
              36.7498567,
              46.63255579999999,
              0
            ],
            [
              36.7546632,
              46.63125920000001,
              0
            ],
            [
              36.7615297,
              46.63064030000001,
              0
            ],
            [
              36.7686965,
              46.6328505,
              0
            ],
            [
              36.7726877,
              46.63520800000001,
              0
            ],
            [
              36.7768504,
              46.63847879999999,
              0
            ],
            [
              36.7839744,
              46.64395909999999,
              0
            ],
            [
              36.8019393,
              46.66169660000001,
              0
            ],
            [
              36.8197062,
              46.6826042,
              0
            ],
            [
              36.8220236,
              46.6872558,
              0
            ],
            [
              36.8233969,
              46.6901996,
              0
            ],
            [
              36.8293193,
              46.6980883,
              0
            ],
            [
              36.8343479,
              46.70818510000001,
              0
            ],
            [
              36.8353779,
              46.7092445,
              0
            ],
            [
              36.8388111,
              46.7170127,
              0
            ],
            [
              36.8409568,
              46.7199549,
              0
            ],
            [
              36.8446476,
              46.7253681,
              0
            ],
            [
              36.8497974,
              46.7374871,
              0
            ],
            [
              36.8598476,
              46.75678379999999,
              0
            ],
            [
              36.8765846,
              46.7835323,
              0
            ],
            [
              36.8914333,
              46.8028651,
              0
            ],
            [
              36.8986213,
              46.8108248,
              0
            ],
            [
              36.9166457,
              46.82351180000001,
              0
            ],
            [
              36.9431674,
              46.8385445,
              0
            ],
            [
              36.9674575,
              46.8539838,
              0
            ],
            [
              36.9826021,
              46.86124680000001,
              0
            ],
            [
              36.9961633,
              46.86641109999999,
              0
            ],
            [
              37.0032015,
              46.86858229999999,
              0
            ],
            [
              37.011527,
              46.87004930000001,
              0
            ],
            [
              37.018136,
              46.87004930000001,
              0
            ],
            [
              37.0257749,
              46.8698146,
              0
            ],
            [
              37.0322122,
              46.87034269999999,
              0
            ],
            [
              37.0362463,
              46.871927,
              0
            ],
            [
              37.0398512,
              46.8743327,
              0
            ],
            [
              37.0444002,
              46.8763862,
              0
            ],
            [
              37.0491209,
              46.878381,
              0
            ],
            [
              37.0564165,
              46.8816078,
              0
            ],
            [
              37.0625366204271,
              46.88400601101661,
              0
            ],
            [
              37.0630584,
              46.88340840000001,
              0
            ],
            [
              37.0927569,
              46.8940817,
              0
            ],
            [
              37.1133562,
              46.9027615,
              0
            ],
            [
              37.1279475,
              46.9083909,
              0
            ],
            [
              37.1379038,
              46.91026729999999,
              0
            ],
            [
              37.1497484,
              46.9110882,
              0
            ],
            [
              37.158221,
              46.9127541,
              0
            ],
            [
              37.1639963,
              46.9143715,
              0
            ],
            [
              37.1772143,
              46.9222274,
              0
            ],
            [
              37.1828791,
              46.9251584,
              0
            ],
            [
              37.1866556,
              46.92832369999999,
              0
            ],
            [
              37.1907755,
              46.9324266,
              0
            ],
            [
              37.1935972,
              46.93382099999999,
              0
            ],
            [
              37.2021802,
              46.9335866,
              0
            ],
            [
              37.2066434,
              46.93352789999999,
              0
            ],
            [
              37.2124799,
              46.9346415,
              0
            ],
            [
              37.2189172,
              46.9405606,
              0
            ],
            [
              37.2212347,
              46.9437836,
              0
            ],
            [
              37.2254468,
              46.9468264,
              0
            ],
            [
              37.2299894,
              46.9488228,
              0
            ],
            [
              37.2328218,
              46.9503461,
              0
            ],
            [
              37.2390016,
              46.950932,
              0
            ],
            [
              37.2462972,
              46.94987740000001,
              0
            ],
            [
              37.2561677,
              46.9471236,
              0
            ],
            [
              37.2644075,
              46.9447797,
              0
            ],
            [
              37.2711881,
              46.94231860000001,
              0
            ],
            [
              37.2752222,
              46.9406192,
              0
            ],
            [
              37.2810586,
              46.9376304,
              0
            ],
            [
              37.2906717,
              46.9331763,
              0
            ],
            [
              37.2958215,
              46.930363,
              0
            ],
            [
              37.3001989,
              46.9270219,
              0
            ],
            [
              37.3155083,
              46.91646519999999,
              0
            ],
            [
              37.3210015,
              46.9096639,
              0
            ],
            [
              37.3210015,
              46.90626290000001,
              0
            ],
            [
              37.3230614,
              46.9019235,
              0
            ],
            [
              37.3240055,
              46.8988739,
              0
            ],
            [
              37.3244347,
              46.8945925,
              0
            ],
            [
              37.324778,
              46.8900761,
              0
            ],
            [
              37.3210873,
              46.8842101,
              0
            ],
            [
              37.3180832,
              46.8815702,
              0
            ],
            [
              37.3130192,
              46.87869549999999,
              0
            ],
            [
              37.3082127,
              46.875938,
              0
            ],
            [
              37.3039212,
              46.8743538,
              0
            ],
            [
              37.2983422,
              46.87247620000001,
              0
            ],
            [
              37.2943081,
              46.87077459999999,
              0
            ],
            [
              37.2898449,
              46.8691903,
              0
            ],
            [
              37.2876992,
              46.8696597,
              0
            ],
            [
              37.2870125,
              46.8710093,
              0
            ],
            [
              37.2864117,
              46.87341500000001,
              0
            ],
            [
              37.2849526,
              46.8743538,
              0
            ],
            [
              37.2841801,
              46.87230020000001,
              0
            ],
            [
              37.2852959,
              46.86948370000001,
              0
            ],
            [
              37.2855534,
              46.8677233,
              0
            ],
            [
              37.2887291,
              46.8674299,
              0
            ],
            [
              37.292334,
              46.8673125,
              0
            ],
            [
              37.2967114,
              46.867782,
              0
            ],
            [
              37.3022904,
              46.8691903,
              0
            ],
            [
              37.3081269,
              46.8707159,
              0
            ],
            [
              37.3131909,
              46.87241759999999,
              0
            ],
            [
              37.3187699,
              46.87552729999999,
              0
            ],
            [
              37.3331036,
              46.8874952,
              0
            ],
            [
              37.3400559,
              46.89295019999999,
              0
            ],
            [
              37.3441758,
              46.8968799,
              0
            ],
            [
              37.3483815,
              46.9020994,
              0
            ],
            [
              37.3515572,
              46.9056179,
              0
            ],
            [
              37.3549046,
              46.9097812,
              0
            ],
            [
              37.372414,
              46.92813080000001,
              0
            ],
            [
              37.3972125,
              46.9535375,
              0
            ],
            [
              37.4132628,
              46.9661323,
              0
            ],
            [
              37.4248499,
              46.9753861,
              0
            ],
            [
              37.4427722,
              46.99091019999999,
              0
            ],
            [
              37.4512695,
              47.00062799999999,
              0
            ],
            [
              37.4557327,
              47.0065398,
              0
            ],
            [
              37.4728552,
              47.0272562,
              0
            ],
            [
              37.47852,
              47.032112,
              0
            ],
            [
              37.4832407,
              47.035505,
              0
            ],
            [
              37.4870172,
              47.0389562,
              0
            ],
            [
              37.4909654,
              47.0417639,
              0
            ],
            [
              37.4933687,
              47.0428752,
              0
            ],
            [
              37.4949995,
              47.0425827,
              0
            ],
            [
              37.4973169,
              47.040711,
              0
            ],
            [
              37.4986832,
              47.0415183,
              0
            ],
            [
              37.4970739,
              47.04341920000001,
              0
            ],
            [
              37.5014942,
              47.0479665,
              0
            ],
            [
              37.4991124,
              47.0493262,
              0
            ],
            [
              37.5047557,
              47.0548818,
              0
            ],
            [
              37.5067298,
              47.0541801,
              0
            ],
            [
              37.5110438,
              47.057806,
              0
            ],
            [
              37.5152066,
              47.0610804,
              0
            ],
            [
              37.5183824,
              47.0605834,
              0
            ],
            [
              37.5189403,
              47.0698501,
              0
            ],
            [
              37.5210765,
              47.072327,
              0
            ],
            [
              37.5282863,
              47.0769888,
              0
            ],
            [
              37.5331106,
              47.0792744,
              0
            ],
            [
              37.53369,
              47.0790552,
              0
            ],
            [
              37.5348701,
              47.0796397,
              0
            ],
            [
              37.5347092,
              47.0799977,
              0
            ],
            [
              37.5362649,
              47.0805895,
              0
            ],
            [
              37.5379815,
              47.080984,
              0
            ],
            [
              37.5402131,
              47.0814005,
              0
            ],
            [
              37.5436628,
              47.0817349,
              0
            ],
            [
              37.5473214,
              47.08264820000001,
              0
            ],
            [
              37.5488771,
              47.082787,
              0
            ],
            [
              37.5499285,
              47.082787,
              0
            ],
            [
              37.5506259,
              47.0828893,
              0
            ],
            [
              37.5555718,
              47.0835687,
              0
            ],
            [
              37.5579107,
              47.0838098,
              0
            ],
            [
              37.5591767,
              47.0839705,
              0
            ],
            [
              37.560035,
              47.0841896,
              0
            ],
            [
              37.5658179,
              47.0850736,
              0
            ],
            [
              37.5673843,
              47.0852489,
              0
            ],
            [
              37.5696803,
              47.0852928,
              0
            ],
            [
              37.5716329,
              47.08516130000001,
              0
            ],
            [
              37.5730062,
              47.0853658,
              0
            ],
            [
              37.5744224,
              47.08581880000001,
              0
            ],
            [
              37.5732916,
              47.0871605,
              0
            ],
            [
              37.5767249,
              47.0879202,
              0
            ],
            [
              37.5793427,
              47.0891475,
              0
            ],
            [
              37.5824326,
              47.08946890000001,
              0
            ],
            [
              37.5834197,
              47.0876865,
              0
            ],
            [
              37.5823468,
              47.08485210000001,
              0
            ],
            [
              37.5804585,
              47.0819006,
              0
            ],
            [
              37.5804585,
              47.0814038,
              0
            ],
            [
              37.5836557,
              47.0810166,
              0
            ],
            [
              37.5844165,
              47.0800034,
              0
            ],
            [
              37.5852104,
              47.0791778,
              0
            ],
            [
              37.5857147,
              47.0789001,
              0
            ],
            [
              37.5866695,
              47.07873210000001,
              0
            ],
            [
              37.5873347,
              47.07871750000001,
              0
            ],
            [
              37.5886544,
              47.07879049999999,
              0
            ],
            [
              37.5913902,
              47.0797111,
              0
            ],
            [
              37.592667,
              47.08003260000001,
              0
            ],
            [
              37.5935789,
              47.0803687,
              0
            ],
            [
              37.5942978,
              47.08069010000001,
              0
            ],
            [
              37.5948449,
              47.08129649999999,
              0
            ],
            [
              37.5951453,
              47.081786,
              0
            ],
            [
              37.5952955,
              47.08234860000001,
              0
            ],
            [
              37.595199,
              47.0827577,
              0
            ],
            [
              37.5936169,
              47.0859789,
              0
            ],
            [
              37.59587,
              47.0862857,
              0
            ],
            [
              37.6018996,
              47.0863442,
              0
            ],
            [
              37.604217,
              47.0863588,
              0
            ],
            [
              37.6070065,
              47.0857744,
              0
            ],
            [
              37.6071996,
              47.0846201,
              0
            ],
            [
              37.60853,
              47.0839626,
              0
            ],
            [
              37.6110835,
              47.08454709999999,
              0
            ],
            [
              37.6203098,
              47.0876157,
              0
            ],
            [
              37.6258888,
              47.092802,
              0
            ],
            [
              37.6267256,
              47.0936347,
              0
            ],
            [
              37.6268115,
              47.0943067,
              0
            ],
            [
              37.6294273,
              47.0948471,
              0
            ],
            [
              37.6304251,
              47.0948325,
              0
            ],
            [
              37.633334,
              47.0943385,
              0
            ],
            [
              37.6331301,
              47.09376880000001,
              0
            ],
            [
              37.63357,
              47.09342550000001,
              0
            ],
            [
              37.6349648,
              47.0930676,
              0
            ],
            [
              37.6362308,
              47.0928923,
              0
            ],
            [
              37.6367887,
              47.0933597,
              0
            ],
            [
              37.6383336,
              47.0931406,
              0
            ],
            [
              37.6415415,
              47.092359,
              0
            ],
            [
              37.6443632,
              47.0917455,
              0
            ],
            [
              37.6453288,
              47.0914241,
              0
            ],
            [
              37.6509615,
              47.0902298,
              0
            ],
            [
              37.6549741,
              47.0889734,
              0
            ],
            [
              37.6579781,
              47.0881699,
              0
            ],
            [
              37.6621195,
              47.0871326,
              0
            ],
            [
              37.6769319,
              47.0825845,
              0
            ],
            [
              37.6777043,
              47.07861,
              0
            ],
            [
              37.6812663,
              47.07735330000001,
              0
            ],
            [
              37.6845708,
              47.0781717,
              0
            ],
            [
              37.6868024,
              47.0795452,
              0
            ],
            [
              37.6938405,
              47.0808311,
              0
            ],
            [
              37.702724,
              47.0803927,
              0
            ],
            [
              37.7101483,
              47.0802758,
              0
            ],
            [
              37.7159848,
              47.0804512,
              0
            ],
            [
              37.7207484,
              47.08097719999999,
              0
            ],
            [
              37.7243104,
              47.0813279,
              0
            ],
            [
              37.7370534,
              47.08326349999999,
              0
            ],
            [
              37.7368818,
              47.08400869999999,
              0
            ],
            [
              37.7341137,
              47.08421330000001,
              0
            ],
            [
              37.7328692,
              47.08500220000001,
              0
            ],
            [
              37.7335558,
              47.0861127,
              0
            ],
            [
              37.7361307,
              47.0865656,
              0
            ],
            [
              37.7379117,
              47.087486,
              0
            ],
            [
              37.7404866,
              47.087749,
              0
            ],
            [
              37.7418814,
              47.08852330000001,
              0
            ],
            [
              37.7432118,
              47.08883010000001,
              0
            ],
            [
              37.7478252,
              47.0883772,
              0
            ],
            [
              37.7489195,
              47.0879389,
              0
            ],
            [
              37.7485333,
              47.0858497,
              0
            ],
            [
              37.7491126,
              47.08497299999999,
              0
            ],
            [
              37.75349,
              47.08614189999999,
              0
            ],
            [
              37.7585755,
              47.0869016,
              0
            ],
            [
              37.7613006,
              47.0872669,
              0
            ],
            [
              37.7650136,
              47.08805679999999,
              0
            ],
            [
              37.7706355,
              47.08840740000001,
              0
            ],
            [
              37.7741117,
              47.08849510000001,
              0
            ],
            [
              37.7779311,
              47.0882029,
              0
            ],
            [
              37.7822227,
              47.0879107,
              0
            ],
            [
              37.7854842,
              47.0875016,
              0
            ],
            [
              37.7879733,
              47.0866834,
              0
            ],
            [
              37.7911061,
              47.0854854,
              0
            ],
            [
              37.794196,
              47.0849302,
              0
            ],
            [
              37.7979726,
              47.0860406,
              0
            ],
            [
              37.8014058,
              47.0866834,
              0
            ],
            [
              37.8063411,
              47.0878522,
              0
            ],
            [
              37.8138513,
              47.0895762,
              0
            ],
            [
              37.818057,
              47.0901606,
              0
            ],
            [
              37.8237218,
              47.0924688,
              0
            ],
            [
              37.8270692,
              47.0948062,
              0
            ],
            [
              37.831232,
              47.0969681,
              0
            ],
            [
              37.8335065,
              47.098312,
              0
            ],
            [
              37.8367252,
              47.0995682,
              0
            ],
            [
              37.8389568,
              47.10018170000001,
              0
            ],
            [
              37.8409018,
              47.101265,
              0
            ],
            [
              37.8490906,
              47.10316180000001,
              0
            ],
            [
              37.8973273,
              47.1114572,
              0
            ],
            [
              37.9423026,
              47.1001237,
              0
            ],
            [
              37.9714849,
              47.0900734,
              0
            ],
            [
              37.9860782,
              47.0866717,
              0
            ],
            [
              37.9843595,
              47.09451440000001,
              0
            ],
            [
              37.9871061,
              47.09802030000001,
              0
            ],
            [
              37.9996374,
              47.0994226,
              0
            ],
            [
              38.0295064,
              47.09042400000001,
              0
            ],
            [
              38.0380894,
              47.0914758,
              0
            ],
            [
              38.040836,
              47.09802030000001,
              0
            ],
            [
              38.0569722,
              47.1105226,
              0
            ],
            [
              38.0636455,
              47.1117932,
              0
            ],
            [
              38.0679155,
              47.11084389999999,
              0
            ],
            [
              38.0868806,
              47.1074683,
              0
            ],
            [
              38.1082988,
              47.0960337,
              0
            ],
            [
              38.1328463,
              47.06762859999999,
              0
            ],
            [
              38.1362795,
              47.0575722,
              0
            ],
            [
              38.1294132,
              47.0510228,
              0
            ],
            [
              38.1043506,
              47.0395594,
              0
            ],
            [
              38.0880428,
              47.0249342,
              0
            ],
            [
              38.1266666,
              47.046929,
              0
            ],
            [
              38.143661,
              47.05476539999999,
              0
            ],
            [
              38.164947,
              47.07160389999999,
              0
            ],
            [
              38.185718,
              47.0952156,
              0
            ],
            [
              38.2054781,
              47.1073182,
              0
            ],
            [
              38.2294915,
              47.1203354,
              0
            ],
            [
              38.2288897,
              47.1223458,
              0
            ],
            [
              38.2290179,
              47.1273805,
              0
            ],
            [
              38.2320646,
              47.1298458,
              0
            ],
            [
              38.2342958,
              47.1355351,
              0
            ],
            [
              38.2365273,
              47.1386553,
              0
            ],
            [
              38.2356714,
              47.2025052,
              0
            ],
            [
              38.2338687,
              47.20375880000001,
              0
            ],
            [
              38.2369155,
              47.2063682,
              0
            ],
            [
              38.2376344,
              47.2081867,
              0
            ],
            [
              38.2395549,
              47.2087224,
              0
            ],
            [
              38.2413362,
              47.2108434,
              0
            ],
            [
              38.2418511,
              47.2126215,
              0
            ],
            [
              38.2413791,
              47.2138822,
              0
            ],
            [
              38.2422803,
              47.2150264,
              0
            ],
            [
              38.2432245,
              47.2171981,
              0
            ],
            [
              38.2427617,
              47.2182275,
              0
            ],
            [
              38.2404779,
              47.2187722,
              0
            ],
            [
              38.2399629,
              47.220696,
              0
            ],
            [
              38.2330964,
              47.2285069,
              0
            ],
            [
              38.2451126,
              47.2342185,
              0
            ],
            [
              38.2526657,
              47.2345682,
              0
            ],
            [
              38.2603905,
              47.2365496,
              0
            ],
            [
              38.2890579,
              47.2388807,
              0
            ],
            [
              38.2881996,
              47.25694249999999,
              0
            ],
            [
              38.3247634,
              47.2571756,
              0
            ],
            [
              38.3314582,
              47.26346660000001,
              0
            ],
            [
              38.3281966,
              47.2663789,
              0
            ],
            [
              38.3331748,
              47.269291,
              0
            ],
            [
              38.3324882,
              47.2738336,
              0
            ],
            [
              38.3254501,
              47.2769782,
              0
            ],
            [
              38.3245894,
              47.27979019999999,
              0
            ],
            [
              38.3233901,
              47.2816366,
              0
            ],
            [
              38.3311149,
              47.2900206,
              0
            ],
            [
              38.3328315,
              47.2951435,
              0
            ],
            [
              38.3300849,
              47.2975884,
              0
            ],
            [
              38.3268234,
              47.298054,
              0
            ],
            [
              38.3336898,
              47.3025941,
              0
            ],
            [
              38.3352348,
              47.3060863,
              0
            ],
            [
              38.2209085,
              47.3056207,
              0
            ],
            [
              38.2215951,
              47.3271505,
              0
            ],
            [
              38.226745,
              47.3298266,
              0
            ],
            [
              38.2222818,
              47.3336659,
              0
            ],
            [
              38.2306906,
              47.3396159,
              0
            ],
            [
              38.2306932,
              47.3439028,
              0
            ],
            [
              38.2435677,
              47.346927,
              0
            ],
            [
              38.2499192,
              47.35809160000001,
              0
            ],
            [
              38.2452843,
              47.3639055,
              0
            ],
            [
              38.2573006,
              47.3726253,
              0
            ],
            [
              38.2881996,
              47.373439,
              0
            ],
            [
              38.2871697,
              47.3918036,
              0
            ],
            [
              38.3022172,
              47.3923719,
              0
            ],
            [
              38.3048334,
              47.4750826,
              0
            ],
            [
              38.2936839,
              47.4750096,
              0
            ],
            [
              38.2885341,
              47.47663399999999,
              0
            ],
            [
              38.2869891,
              47.4868431,
              0
            ],
            [
              38.2919673,
              47.49101900000001,
              0
            ],
            [
              38.2902507,
              47.4972822,
              0
            ],
            [
              38.2933406,
              47.50180520000001,
              0
            ],
            [
              38.2902507,
              47.5070235,
              0
            ],
            [
              38.2844142,
              47.508415,
              0
            ],
            [
              38.2856158,
              47.5448119,
              0
            ],
            [
              38.3074265,
              47.54473359999999,
              0
            ],
            [
              38.31085,
              47.55222729999999,
              0
            ],
            [
              38.3115366,
              47.5750461,
              0
            ],
            [
              38.3513621,
              47.57632000000001,
              0
            ],
            [
              38.3499984,
              47.6160628,
              0
            ],
            [
              38.4564186,
              47.61753,
              0
            ],
            [
              38.4567619,
              47.6440214,
              0
            ],
            [
              38.6174265,
              47.64485740000001,
              0
            ],
            [
              38.6267822,
              47.6537041,
              0
            ],
            [
              38.6294428,
              47.65329940000001,
              0
            ],
            [
              38.6300436,
              47.66937,
              0
            ],
            [
              38.6662641,
              47.6692543,
              0
            ],
            [
              38.6655775,
              47.69878129999999,
              0
            ],
            [
              38.7333837,
              47.6997056,
              0
            ],
            [
              38.7364736,
              47.6988969,
              0
            ],
            [
              38.7357868,
              47.69543079999999,
              0
            ],
            [
              38.7323536,
              47.6925422,
              0
            ],
            [
              38.7290063,
              47.6913867,
              0
            ],
            [
              38.7316671,
              47.6893068,
              0
            ],
            [
              38.7338749,
              47.6876394,
              0
            ],
            [
              38.7375035,
              47.6876313,
              0
            ],
            [
              38.7388767,
              47.6854934,
              0
            ],
            [
              38.7373319,
              47.6830665,
              0
            ],
            [
              38.7351861,
              47.6816797,
              0
            ],
            [
              38.7366215,
              47.6792031,
              0
            ],
            [
              38.740336,
              47.6809285,
              0
            ],
            [
              38.7427391,
              47.68063959999999,
              0
            ],
            [
              38.7460866,
              47.6860134,
              0
            ],
            [
              38.7502064,
              47.6846845,
              0
            ],
            [
              38.7526956,
              47.6849156,
              0
            ],
            [
              38.7540688,
              47.6865334,
              0
            ],
            [
              38.7569012,
              47.6848,
              0
            ],
            [
              38.7720074,
              47.6852622,
              0
            ],
            [
              38.7723507,
              47.71991950000001,
              0
            ],
            [
              38.7708059,
              47.72159400000001,
              0
            ],
            [
              38.7722649,
              47.7275988,
              0
            ],
            [
              38.7761274,
              47.730139,
              0
            ],
            [
              38.7767282,
              47.73452640000001,
              0
            ],
            [
              38.7799038,
              47.7367777,
              0
            ],
            [
              38.7894311,
              47.7375282,
              0
            ],
            [
              38.7894312,
              47.7685165,
              0
            ],
            [
              38.7936126,
              47.7686483,
              0
            ],
            [
              38.7932935,
              47.7720932,
              0
            ],
            [
              38.7944952,
              47.7738237,
              0
            ],
            [
              38.7965551,
              47.774862,
              0
            ],
            [
              38.7953534,
              47.7771692,
              0
            ],
            [
              38.7902036,
              47.7775152,
              0
            ],
            [
              38.7884012,
              47.7784957,
              0
            ],
            [
              38.7932078,
              47.7844363,
              0
            ],
            [
              38.7857404,
              47.7849553,
              0
            ],
            [
              38.7835087,
              47.79043370000001,
              0
            ],
            [
              38.7896887,
              47.7952773,
              0
            ],
            [
              38.790032,
              47.8003511,
              0
            ],
            [
              38.7888304,
              47.8161459,
              0
            ],
            [
              38.8287415,
              47.81585780000001,
              0
            ],
            [
              38.8287415,
              47.82375340000001,
              0
            ],
            [
              38.8327756,
              47.8263466,
              0
            ],
            [
              38.8320031,
              47.8277296,
              0
            ],
            [
              38.8280058,
              47.83066829999999,
              0
            ],
            [
              38.8280548,
              47.8329154,
              0
            ],
            [
              38.8256517,
              47.8347592,
              0
            ],
            [
              38.82548,
              47.84293989999999,
              0
            ],
            [
              38.8282266,
              47.84795149999999,
              0
            ],
            [
              38.8387837,
              47.851177,
              0
            ],
            [
              38.8428178,
              47.8511194,
              0
            ],
            [
              38.8435043,
              47.8644803,
              0
            ],
            [
              38.8772359,
              47.8671865,
              0
            ],
            [
              38.8780395,
              47.87085059999999,
              0
            ],
            [
              38.8796392,
              47.8734623,
              0
            ],
            [
              38.8780083,
              47.87570759999999,
              0
            ],
            [
              38.8881364,
              47.8753622,
              0
            ],
            [
              38.9009251,
              47.8729442,
              0
            ],
            [
              38.9077056,
              47.87254120000001,
              0
            ],
            [
              38.9131988,
              47.8755926,
              0
            ],
            [
              38.9414373,
              47.87352,
              0
            ],
            [
              38.9525953,
              47.8700655,
              0
            ],
            [
              39.0743921,
              47.86975069999999,
              0
            ],
            [
              39.0831905,
              47.86957739999999,
              0
            ],
            [
              39.0835338,
              47.8518406,
              0
            ],
            [
              39.109798,
              47.851495,
              0
            ],
            [
              39.1094547,
              47.8428548,
              0
            ],
            [
              39.1485935,
              47.8420483,
              0
            ],
            [
              39.1485935,
              47.8518406,
              0
            ],
            [
              39.1607814,
              47.8516102,
              0
            ],
            [
              39.1719394,
              47.846311,
              0
            ],
            [
              39.1827541,
              47.8541444,
              0
            ],
            [
              39.2363124,
              47.8541445,
              0
            ],
            [
              39.2327075,
              47.8597885,
              0
            ],
            [
              39.2376857,
              47.8616312,
              0
            ],
            [
              39.2366557,
              47.8643953,
              0
            ],
            [
              39.2423206,
              47.867044,
              0
            ],
            [
              39.3513255,
              47.8671592,
              0
            ],
            [
              39.3484073,
              47.87153500000001,
              0
            ],
            [
              39.3556171,
              47.8728017,
              0
            ],
            [
              39.3875461,
              47.87072899999999,
              0
            ],
            [
              39.4115198,
              47.82851669999999,
              0
            ],
            [
              39.4218784,
              47.83236930000001,
              0
            ],
            [
              39.4279993,
              47.8363527,
              0
            ],
            [
              39.4381862,
              47.83928299999999,
              0
            ],
            [
              39.4320064,
              47.8443525,
              0
            ],
            [
              39.4402461,
              47.8558722,
              0
            ],
            [
              39.4469409,
              47.8556419,
              0
            ],
            [
              39.4464259,
              47.852647,
              0
            ],
            [
              39.4512325,
              47.85253180000001,
              0
            ],
            [
              39.4601589,
              47.85552670000001,
              0
            ],
            [
              39.4663387,
              47.8593276,
              0
            ],
            [
              39.4721751,
              47.85829100000001,
              0
            ],
            [
              39.477325,
              47.8600187,
              0
            ],
            [
              39.5210986,
              47.82556989999999,
              0
            ],
            [
              39.5343166,
              47.8328302,
              0
            ],
            [
              39.5415263,
              47.8248784,
              0
            ],
            [
              39.5624204,
              47.8370163,
              0
            ],
            [
              39.6323352,
              47.8381308,
              0
            ],
            [
              39.6436649,
              47.8354806,
              0
            ],
            [
              39.6520763,
              47.8324845,
              0
            ],
            [
              39.7382503,
              47.8269529,
              0
            ],
            [
              39.7561031,
              47.84619579999999,
              0
            ],
            [
              39.7629695,
              47.845159,
              0
            ],
            [
              39.7629695,
              47.8714198,
              0
            ],
            [
              39.7948985,
              47.86957739999999,
              0
            ],
            [
              39.7936969,
              47.9193,
              0
            ],
            [
              39.80125,
              47.9264322,
              0
            ],
            [
              39.8009067,
              47.93494359999999,
              0
            ],
            [
              39.8067432,
              47.9350586,
              0
            ],
            [
              39.8058849,
              47.9502374,
              0
            ],
            [
              39.8204761,
              47.9509273,
              0
            ],
            [
              39.8231053,
              47.9578878,
              0
            ],
            [
              39.8165279,
              47.9646073,
              0
            ],
            [
              39.8161845,
              47.9723079,
              0
            ],
            [
              39.8232228,
              47.9823054,
              0
            ],
            [
              39.8165279,
              47.9835693,
              0
            ],
            [
              39.8148113,
              47.9929903,
              0
            ],
            [
              39.8175578,
              48.001261,
              0
            ],
            [
              39.7919803,
              48.01171229999999,
              0
            ],
            [
              39.7744708,
              48.040299,
              0
            ],
            [
              39.8838191,
              48.0420206,
              0
            ],
            [
              39.8838191,
              48.0486769,
              0
            ],
            [
              39.8457104,
              48.0594628,
              0
            ],
            [
              39.8338657,
              48.0666902,
              0
            ],
            [
              39.8691207,
              48.0817553,
              0
            ],
            [
              39.8739272,
              48.10789609999999,
              0
            ],
            [
              39.8699146,
              48.11702569999999,
              0
            ],
            [
              39.8793559,
              48.1206929,
              0
            ],
            [
              39.888454,
              48.13077630000001,
              0
            ],
            [
              39.8965221,
              48.1326094,
              0
            ],
            [
              39.9061995,
              48.15097650000001,
              0
            ],
            [
              39.9068862,
              48.1688396,
              0
            ],
            [
              39.9092251,
              48.1795609,
              0
            ],
            [
              39.9222714,
              48.1819646,
              0
            ],
            [
              39.9370343,
              48.18047659999999,
              0
            ],
            [
              39.9437148,
              48.22871900000001,
              0
            ],
            [
              40.0024371,
              48.22349599999999,
              0
            ],
            [
              40.0101619,
              48.2245252,
              0
            ],
            [
              40.0063854,
              48.2415625,
              0
            ],
            [
              40.0209766,
              48.2535652,
              0
            ],
            [
              40.0132518,
              48.26693640000001,
              0
            ],
            [
              40.0156552,
              48.2681933,
              0
            ],
            [
              40.0135951,
              48.27025,
              0
            ],
            [
              40.0091319,
              48.2699073,
              0
            ],
            [
              39.9936824,
              48.30177629999999,
              0
            ],
            [
              39.9938541,
              48.31228080000001,
              0
            ],
            [
              39.9909358,
              48.3163906,
              0
            ],
            [
              39.9861293,
              48.3170756,
              0
            ],
            [
              39.9729114,
              48.31319420000001,
              0
            ],
            [
              39.9720532,
              48.307714,
              0
            ],
            [
              39.9653583,
              48.3050878,
              0
            ],
            [
              39.9602084,
              48.301548,
              0
            ],
            [
              39.9521404,
              48.3032609,
              0
            ],
            [
              39.9497371,
              48.2975512,
              0
            ],
            [
              39.9430423,
              48.2930972,
              0
            ],
            [
              39.9351317,
              48.292717,
              0
            ],
            [
              39.9351459,
              48.2838454,
              0
            ],
            [
              39.9293094,
              48.28293149999999,
              0
            ],
            [
              39.9329143,
              48.2805326,
              0
            ],
            [
              39.9245029,
              48.27344939999999,
              0
            ],
            [
              39.90974,
              48.27105000000001,
              0
            ],
            [
              39.9105983,
              48.2750489,
              0
            ],
            [
              39.9160916,
              48.2828173,
              0
            ],
            [
              39.9105983,
              48.2867011,
              0
            ],
            [
              39.91077,
              48.2911556,
              0
            ],
            [
              39.9007994,
              48.2940875,
              0
            ],
            [
              39.8870808,
              48.3056587,
              0
            ],
            [
              39.8867375,
              48.30954079999999,
              0
            ],
            [
              39.8695712,
              48.30954079999999,
              0
            ],
            [
              39.8400455,
              48.3106824,
              0
            ],
            [
              39.8424345,
              48.3180654,
              0
            ],
            [
              39.8393588,
              48.3291747,
              0
            ],
            [
              39.8455386,
              48.329403,
              0
            ],
            [
              39.8455386,
              48.33305499999999,
              0
            ],
            [
              39.8613315,
              48.33533740000001,
              0
            ],
            [
              39.8781543,
              48.3335115,
              0
            ],
            [
              39.9179797,
              48.341271,
              0
            ],
            [
              39.919353,
              48.34743209999999,
              0
            ],
            [
              39.9348026,
              48.3483448,
              0
            ],
            [
              39.9409825,
              48.3451503,
              0
            ],
            [
              39.9457889,
              48.3533644,
              0
            ],
            [
              39.9341159,
              48.35655839999999,
              0
            ],
            [
              39.9324827,
              48.3633672,
              0
            ],
            [
              39.9447589,
              48.3850674,
              0
            ],
            [
              39.9361758,
              48.3866634,
              0
            ],
            [
              39.9289661,
              48.3764023,
              0
            ],
            [
              39.9220996,
              48.3764023,
              0
            ],
            [
              39.9169498,
              48.3823312,
              0
            ],
            [
              39.9052768,
              48.39031130000001,
              0
            ],
            [
              39.9170331,
              48.3980274,
              0
            ],
            [
              39.9075084,
              48.4046723,
              0
            ],
            [
              39.9105983,
              48.41048390000001,
              0
            ],
            [
              39.9105983,
              48.4213077,
              0
            ],
            [
              39.8975142,
              48.4284479,
              0
            ],
            [
              39.8899989,
              48.4428345,
              0
            ],
            [
              39.8984103,
              48.44408709999999,
              0
            ],
            [
              39.9002608,
              48.44780830000001,
              0
            ],
            [
              39.8872145,
              48.4514518,
              0
            ],
            [
              39.8511656,
              48.4664785,
              0
            ],
            [
              39.8460536,
              48.4773268,
              0
            ],
            [
              39.8495757,
              48.502772,
              0
            ],
            [
              39.8622787,
              48.5002697,
              0
            ],
            [
              39.859532,
              48.5152819,
              0
            ],
            [
              39.8605621,
              48.53301780000001,
              0
            ],
            [
              39.8526656,
              48.54892940000001,
              0
            ],
            [
              39.8554122,
              48.56551760000001,
              0
            ],
            [
              39.8385893,
              48.575059,
              0
            ],
            [
              39.807347,
              48.5882323,
              0
            ],
            [
              39.7785079,
              48.5945906,
              0
            ],
            [
              39.7561919,
              48.5839172,
              0
            ],
            [
              39.7461189,
              48.5874917,
              0
            ],
            [
              39.7232329,
              48.5861884,
              0
            ],
            [
              39.7028603,
              48.5877188,
              0
            ],
            [
              39.6942772,
              48.5860155,
              0
            ],
            [
              39.6818753,
              48.5869609,
              0
            ],
            [
              39.6761246,
              48.5883235,
              0
            ],
            [
              39.6690007,
              48.5879829,
              0
            ],
            [
              39.6761446,
              48.5883376,
              0
            ],
            [
              39.6818953,
              48.586975,
              0
            ],
            [
              39.6897853,
              48.5864752,
              0
            ],
            [
              39.6868854,
              48.5877071,
              0
            ],
            [
              39.6873146,
              48.5892968,
              0
            ],
            [
              39.6848255,
              48.5901484,
              0
            ],
            [
              39.6832805,
              48.5913974,
              0
            ],
            [
              39.6822506,
              48.5927031,
              0
            ],
            [
              39.6791607,
              48.5921921,
              0
            ],
            [
              39.6792465,
              48.5905458,
              0
            ],
            [
              39.6769291,
              48.5906593,
              0
            ],
            [
              39.6753841,
              48.5922489,
              0
            ],
            [
              39.6752983,
              48.5940087,
              0
            ],
            [
              39.6766716,
              48.595655,
              0
            ],
            [
              39.6807915,
              48.59644970000001,
              0
            ],
            [
              39.6796757,
              48.5979255,
              0
            ],
            [
              39.6765858,
              48.5980958,
              0
            ],
            [
              39.6745258,
              48.5966767,
              0
            ],
            [
              39.6709209,
              48.59542789999999,
              0
            ],
            [
              39.668346,
              48.5969038,
              0
            ],
            [
              39.6679169,
              48.6007069,
              0
            ],
            [
              39.6712643,
              48.6041691,
              0
            ],
            [
              39.6670585,
              48.60519069999999,
              0
            ],
            [
              39.6639686,
              48.6052475,
              0
            ],
            [
              39.6611362,
              48.6064961,
              0
            ],
            [
              39.6613079,
              48.60990120000001,
              0
            ],
            [
              39.6692901,
              48.6221009,
              0
            ],
            [
              39.6731525,
              48.6249376,
              0
            ],
            [
              39.6790748,
              48.62783090000001,
              0
            ],
            [
              39.6855121,
              48.6314047,
              0
            ],
            [
              39.6897178,
              48.6341842,
              0
            ],
            [
              39.6927219,
              48.6361694,
              0
            ],
            [
              39.694181,
              48.6385516,
              0
            ],
            [
              39.6924644,
              48.64359919999999,
              0
            ],
            [
              39.6901431,
              48.64524039999999,
              0
            ],
            [
              39.6923747,
              48.6475087,
              0
            ],
            [
              39.7004428,
              48.6527255,
              0
            ],
            [
              39.7064509,
              48.657148,
              0
            ],
            [
              39.7093692,
              48.65419970000001,
              0
            ],
            [
              39.7131457,
              48.6554471,
              0
            ],
            [
              39.7098842,
              48.6614568,
              0
            ],
            [
              39.7116008,
              48.6674658,
              0
            ],
            [
              39.7031894,
              48.6664454,
              0
            ],
            [
              39.7021594,
              48.6713202,
              0
            ],
            [
              39.7098842,
              48.6743809,
              0
            ],
            [
              39.7126308,
              48.6774413,
              0
            ],
            [
              39.716064,
              48.6801616,
              0
            ],
            [
              39.7219005,
              48.6820884,
              0
            ],
            [
              39.7191539,
              48.68548839999999,
              0
            ],
            [
              39.7172656,
              48.6874149,
              0
            ],
            [
              39.716064,
              48.6911545,
              0
            ],
            [
              39.7177806,
              48.6950072,
              0
            ],
            [
              39.7210422,
              48.69704670000001,
              0
            ],
            [
              39.7167506,
              48.70237160000001,
              0
            ],
            [
              39.7119441,
              48.699426,
              0
            ],
            [
              39.7069659,
              48.7018052,
              0
            ],
            [
              39.7052493,
              48.71030140000001,
              0
            ],
            [
              39.7119441,
              48.71234029999999,
              0
            ],
            [
              39.7121158,
              48.71539849999999,
              0
            ],
            [
              39.7050777,
              48.7197022,
              0
            ],
            [
              39.7086825,
              48.72219370000001,
              0
            ],
            [
              39.7122874,
              48.7258175,
              0
            ],
            [
              39.7186389,
              48.7292145,
              0
            ],
            [
              39.7225871,
              48.7323849,
              0
            ],
            [
              39.7232738,
              48.7347626,
              0
            ],
            [
              39.7237887,
              48.7380458,
              0
            ],
            [
              39.7263637,
              48.74008359999999,
              0
            ],
            [
              39.7299686,
              48.7430268,
              0
            ],
            [
              39.7347751,
              48.7451776,
              0
            ],
            [
              39.7395816,
              48.7430268,
              0
            ],
            [
              39.7359767,
              48.750837,
              0
            ],
            [
              39.7327151,
              48.7529874,
              0
            ],
            [
              39.7294327,
              48.7499067,
              0
            ],
            [
              39.7243037,
              48.7518557,
              0
            ],
            [
              39.7279086,
              48.7567222,
              0
            ],
            [
              39.7303119,
              48.7598908,
              0
            ],
            [
              39.7387233,
              48.7654354,
              0
            ],
            [
              39.7440448,
              48.76928240000001,
              0
            ],
            [
              39.7500529,
              48.7732421,
              0
            ],
            [
              39.7526279,
              48.77120570000001,
              0
            ],
            [
              39.7512546,
              48.7679246,
              0
            ],
            [
              39.7598376,
              48.763625,
              0
            ],
            [
              39.7668758,
              48.7643039,
              0
            ],
            [
              39.7680774,
              48.77018749999999,
              0
            ],
            [
              39.7623252,
              48.77434889999999,
              0
            ],
            [
              39.7642135,
              48.7787608,
              0
            ],
            [
              39.7721099,
              48.78305910000001,
              0
            ],
            [
              39.7803497,
              48.7880357,
              0
            ],
            [
              39.7849845,
              48.7954996,
              0
            ],
            [
              39.7832679,
              48.80217099999999,
              0
            ],
            [
              39.7779464,
              48.81008510000001,
              0
            ],
            [
              39.7803497,
              48.8133634,
              0
            ],
            [
              39.7839546,
              48.8170936,
              0
            ],
            [
              39.7829246,
              48.8219538,
              0
            ],
            [
              39.7872161,
              48.8250053,
              0
            ],
            [
              39.7935676,
              48.82398809999999,
              0
            ],
            [
              39.7976875,
              48.8252313,
              0
            ],
            [
              39.7973441,
              48.8287346,
              0
            ],
            [
              39.7937393,
              48.8325767,
              0
            ],
            [
              39.7932243,
              48.83641850000001,
              0
            ],
            [
              39.7978591,
              48.8413898,
              0
            ],
            [
              39.8045539,
              48.84218059999999,
              0
            ],
            [
              39.8079871,
              48.83935610000001,
              0
            ],
            [
              39.8252964,
              48.83518,
              0
            ],
            [
              39.8870945,
              48.8209409,
              0
            ],
            [
              39.9500942,
              48.79629559999999,
              0
            ],
            [
              39.9614239,
              48.7961825,
              0
            ],
            [
              39.9768734,
              48.79312920000001,
              0
            ],
            [
              40.080652,
              48.870868,
              0
            ],
            [
              40.0725615,
              48.8748953,
              0
            ],
            [
              40.0574553,
              48.90300019999999,
              0
            ],
            [
              40.0622618,
              48.90852899999999,
              0
            ],
            [
              40.0574553,
              48.9103342,
              0
            ],
            [
              40.0426924,
              48.91213930000001,
              0
            ],
            [
              40.0378859,
              48.9136059,
              0
            ],
            [
              40.0288104,
              48.9153355,
              0
            ],
            [
              40.0268995,
              48.9120265,
              0
            ],
            [
              40.0198614,
              48.9093188,
              0
            ],
            [
              40.0191972,
              48.9065354,
              0
            ],
            [
              40.0172865,
              48.90288730000001,
              0
            ],
            [
              40.0033819,
              48.9017589,
              0
            ],
            [
              39.9929106,
              48.8685724,
              0
            ],
            [
              39.9532568,
              48.8751211,
              0
            ],
            [
              39.9453604,
              48.8804273,
              0
            ],
            [
              39.9395239,
              48.8861843,
              0
            ],
            [
              39.9340307,
              48.8909249,
              0
            ],
            [
              39.9256193,
              48.8956651,
              0
            ],
            [
              39.8524916,
              48.89036060000001,
              0
            ],
            [
              39.8518049,
              48.8935208,
              0
            ],
            [
              39.8483717,
              48.898825,
              0
            ],
            [
              39.8439085,
              48.9022103,
              0
            ],
            [
              39.8403036,
              48.9022103,
              0
            ],
            [
              39.8360121,
              48.900969,
              0
            ],
            [
              39.8342955,
              48.89905069999999,
              0
            ],
            [
              39.8349821,
              48.8943108,
              0
            ],
            [
              39.8351538,
              48.8913764,
              0
            ],
            [
              39.8330939,
              48.887426,
              0
            ],
            [
              39.8291456,
              48.88663579999999,
              0
            ],
            [
              39.8253691,
              48.8884418,
              0
            ],
            [
              39.8217642,
              48.89284360000001,
              0
            ],
            [
              39.8185026,
              48.8964551,
              0
            ],
            [
              39.8203909,
              48.8993892,
              0
            ],
            [
              39.8203909,
              48.90345150000001,
              0
            ],
            [
              39.816786,
              48.9079649,
              0
            ],
            [
              39.8092329,
              48.91168799999999,
              0
            ],
            [
              39.7956717,
              48.9142828,
              0
            ],
            [
              39.7900068,
              48.9134931,
              0
            ],
            [
              39.7824537,
              48.9177799,
              0
            ],
            [
              39.775759,
              48.9239839,
              0
            ],
            [
              39.7759306,
              48.9280442,
              0
            ],
            [
              39.7798788,
              48.9397722,
              0
            ],
            [
              39.773699,
              48.9450715,
              0
            ],
            [
              39.7755873,
              48.94710080000001,
              0
            ],
            [
              39.7767889,
              48.9519484,
              0
            ],
            [
              39.7673475,
              48.9556683,
              0
            ],
            [
              39.765283,
              48.9607172,
              0
            ],
            [
              39.7666563,
              48.9649999,
              0
            ],
            [
              39.7606482,
              48.96804270000001,
              0
            ],
            [
              39.7577299,
              48.9710853,
              0
            ],
            [
              39.7567,
              48.9751418,
              0
            ],
            [
              39.7515501,
              48.97728260000001,
              0
            ],
            [
              39.7501768,
              48.98122599999999,
              0
            ],
            [
              39.7524084,
              48.9835918,
              0
            ],
            [
              39.7529234,
              48.9871967,
              0
            ],
            [
              39.746057,
              48.98775990000001,
              0
            ],
            [
              39.7397055,
              48.9842677,
              0
            ],
            [
              39.7336974,
              48.980888,
              0
            ],
            [
              39.7283758,
              48.9770573,
              0
            ],
            [
              39.723226,
              48.97683190000001,
              0
            ],
            [
              39.7192778,
              48.9806626,
              0
            ],
            [
              39.7168745,
              48.9849437,
              0
            ],
            [
              39.7142996,
              48.9892243,
              0
            ],
            [
              39.7094931,
              48.9942931,
              0
            ],
            [
              39.7026266,
              48.99958649999999,
              0
            ],
            [
              39.6961035,
              49.00048749999999,
              0
            ],
            [
              39.6892371,
              48.997672,
              0
            ],
            [
              39.677591,
              48.9899609,
              0
            ],
            [
              39.6635146,
              49.00099860000001,
              0
            ],
            [
              39.6713273,
              49.0034062,
              0
            ],
            [
              39.6790521,
              49.0132025,
              0
            ],
            [
              39.6713273,
              49.0156794,
              0
            ],
            [
              39.6711556,
              49.01680519999999,
              0
            ],
            [
              39.6764772,
              49.021646,
              0
            ],
            [
              39.6761338,
              49.0265989,
              0
            ],
            [
              39.682657,
              49.030876,
              0
            ],
            [
              39.6809403,
              49.03301439999999,
              0
            ],
            [
              39.6840303,
              49.0334646,
              0
            ],
            [
              39.6819703,
              49.0385288,
              0
            ],
            [
              39.6780221,
              49.0366157,
              0
            ],
            [
              39.6713273,
              49.0399917,
              0
            ],
            [
              39.6926973,
              49.0505258,
              0
            ],
            [
              39.7134622,
              49.0469161,
              0
            ],
            [
              39.7299416,
              49.04399059999999,
              0
            ],
            [
              39.7412713,
              49.04286539999999,
              0
            ],
            [
              39.7773202,
              49.0446657,
              0
            ],
            [
              39.8087403,
              49.06110020000001,
              0
            ],
            [
              39.8149202,
              49.0563758,
              0
            ],
            [
              39.8787781,
              49.0637998,
              0
            ],
            [
              39.9094994,
              49.0570413,
              0
            ],
            [
              39.939203,
              49.05525089999999,
              0
            ],
            [
              39.9429796,
              49.06874850000001,
              0
            ],
            [
              39.9395463,
              49.0835916,
              0
            ],
            [
              39.997262,
              49.1449753,
              0
            ],
            [
              40.0309076,
              49.17730480000001,
              0
            ],
            [
              40.0782488,
              49.1864713,
              0
            ],
            [
              40.0954149,
              49.2041954,
              0
            ],
            [
              40.1151714,
              49.2101511,
              0
            ],
            [
              40.1239107,
              49.2324511,
              0
            ],
            [
              40.1376435,
              49.2398488,
              0
            ],
            [
              40.1749096,
              49.2375067,
              0
            ],
            [
              40.2087116,
              49.2407454,
              0
            ],
            [
              40.2214144,
              49.2492623,
              0
            ],
            [
              40.2279375,
              49.2604666,
              0
            ],
            [
              40.184866,
              49.2843347,
              0
            ],
            [
              40.1810894,
              49.3020237,
              0
            ],
            [
              40.1900158,
              49.30941090000001,
              0
            ],
            [
              40.1876125,
              49.31903499999999,
              0
            ],
            [
              40.1920757,
              49.3317896,
              0
            ],
            [
              40.1967338,
              49.3387723,
              0
            ],
            [
              40.2005104,
              49.3456507,
              0
            ],
            [
              40.1807693,
              49.3518572,
              0
            ],
            [
              40.1762203,
              49.3561063,
              0
            ],
            [
              40.1696113,
              49.3564417,
              0
            ],
            [
              40.1594833,
              49.3667273,
              0
            ],
            [
              40.16239,
              49.3678656,
              0
            ],
            [
              40.1586563,
              49.3714147,
              0
            ],
            [
              40.1569826,
              49.3701572,
              0
            ],
            [
              40.1540215,
              49.37147060000001,
              0
            ],
            [
              40.1556952,
              49.372784,
              0
            ],
            [
              40.1470588,
              49.3770022,
              0
            ],
            [
              40.1226829,
              49.3839311,
              0
            ],
            [
              40.0794243,
              49.4089566,
              0
            ],
            [
              40.0514043,
              49.4466445,
              0
            ],
            [
              40.0321782,
              49.4533405,
              0
            ],
            [
              40.0424779,
              49.49907159999999,
              0
            ],
            [
              40.0380146,
              49.52114110000001,
              0
            ],
            [
              40.1676174,
              49.5687013,
              0
            ],
            [
              40.1401516,
              49.59519029999999,
              0
            ],
            [
              40.1370617,
              49.6172164,
              0
            ],
            [
              40.063764,
              49.59863979999999,
              0
            ],
            [
              40.0574108,
              49.6060933,
              0
            ],
            [
              39.9538604,
              49.5972972,
              0
            ],
            [
              39.9346343,
              49.5737037,
              0
            ],
            [
              39.8893559,
              49.557679,
              0
            ],
            [
              39.8687164,
              49.5603438,
              0
            ],
            [
              39.8440373,
              49.562801,
              0
            ],
            [
              39.8073017,
              49.5574562,
              0
            ],
            [
              39.7506535,
              49.5984174,
              0
            ],
            [
              39.7204009,
              49.60619739999999,
              0
            ],
            [
              39.6950352,
              49.6048701,
              0
            ],
            [
              39.6837055,
              49.6135465,
              0
            ],
            [
              39.6586429,
              49.6148812,
              0
            ],
            [
              39.6373569,
              49.6351196,
              0
            ],
            [
              39.612981,
              49.6933415,
              0
            ],
            [
              39.590665,
              49.7195409,
              0
            ],
            [
              39.6081744,
              49.7344105,
              0
            ],
            [
              39.5336334,
              49.7364,
              0
            ],
            [
              39.4773284,
              49.7563661,
              0
            ],
            [
              39.447116,
              49.7599147,
              0
            ],
            [
              39.4114105,
              49.75414800000001,
              0
            ],
            [
              39.380208,
              49.73884839999999,
              0
            ],
            [
              39.359952,
              49.741067,
              0
            ],
            [
              39.3125735,
              49.7517156,
              0
            ],
            [
              39.2886835,
              49.7554246,
              0
            ],
            [
              39.272748,
              49.76834939999999,
              0
            ],
            [
              39.2624483,
              49.7696798,
              0
            ],
            [
              39.2511187,
              49.7778835,
              0
            ],
            [
              39.2481714,
              49.7891272,
              0
            ],
            [
              39.229146,
              49.8055883,
              0
            ],
            [
              39.2260561,
              49.83992020000001,
              0
            ],
            [
              39.2040835,
              49.86913850000001,
              0
            ],
            [
              39.1948138,
              49.8737852,
              0
            ],
            [
              39.1903506,
              49.8828561,
              0
            ],
            [
              39.1834841,
              49.8879438,
              0
            ],
            [
              39.1680346,
              49.8835197,
              0
            ],
            [
              39.1810413,
              49.8877514,
              0
            ],
            [
              39.177608,
              49.9003581,
              0
            ],
            [
              39.1923709,
              49.9231302,
              0
            ],
            [
              39.2136569,
              49.9271087,
              0
            ],
            [
              39.2081638,
              49.9368325,
              0
            ],
            [
              39.190311,
              49.9370534,
              0
            ],
            [
              39.189281,
              49.9425774,
              0
            ],
            [
              39.2085071,
              49.9483217,
              0
            ],
            [
              39.2064471,
              49.96952540000001,
              0
            ],
            [
              39.2181201,
              49.9761497,
              0
            ],
            [
              39.2620654,
              49.9916027,
              0
            ],
            [
              39.2795749,
              50.0352859,
              0
            ],
            [
              39.2569156,
              50.0430035,
              0
            ],
            [
              39.254169,
              50.0335216,
              0
            ],
            [
              39.2315097,
              50.0410191,
              0
            ],
            [
              39.2349429,
              50.0485153,
              0
            ],
            [
              39.2229266,
              50.0452083,
              0
            ],
            [
              39.2177768,
              50.0485153,
              0
            ],
            [
              39.2267032,
              50.0643859,
              0
            ],
            [
              39.2198367,
              50.06835269999999,
              0
            ],
            [
              39.2074771,
              50.075404,
              0
            ],
            [
              39.2078204,
              50.078709,
              0
            ],
            [
              39.2428394,
              50.084437,
              0
            ],
            [
              39.2464442,
              50.09368849999999,
              0
            ],
            [
              39.2345996,
              50.0955606,
              0
            ],
            [
              39.2388911,
              50.09919450000001,
              0
            ],
            [
              39.2237849,
              50.0980934,
              0
            ],
            [
              39.2107387,
              50.0921467,
              0
            ],
            [
              39.2047305,
              50.0942392,
              0
            ],
            [
              39.1954608,
              50.0903846,
              0
            ],
            [
              39.1703983,
              50.1157088,
              0
            ],
            [
              39.1515155,
              50.12231289999999,
              0
            ],
            [
              39.1597553,
              50.1437699,
              0
            ],
            [
              39.1381259,
              50.153505,
              0
            ],
            [
              39.11478,
              50.1556497,
              0
            ],
            [
              39.1173549,
              50.1608737,
              0
            ],
            [
              39.1252171,
              50.1739056,
              0
            ],
            [
              39.1200672,
              50.1726962,
              0
            ],
            [
              39.1190373,
              50.17544470000001,
              0
            ],
            [
              39.1301952,
              50.1770938,
              0
            ],
            [
              39.1300236,
              50.17984209999999,
              0
            ],
            [
              39.1293369,
              50.1852283,
              0
            ],
            [
              39.1401516,
              50.18885539999999,
              0
            ],
            [
              39.1403233,
              50.2102826,
              0
            ],
            [
              39.13895,
              50.22555049999999,
              0
            ],
            [
              39.126762,
              50.2265389,
              0
            ],
            [
              39.1231571,
              50.2254406,
              0
            ],
            [
              39.1198956,
              50.2260996,
              0
            ],
            [
              39.1190373,
              50.2309315,
              0
            ],
            [
              39.1109692,
              50.23213939999999,
              0
            ],
            [
              39.105991,
              50.24377760000001,
              0
            ],
            [
              39.1029011,
              50.2562911,
              0
            ],
            [
              39.107021,
              50.2576081,
              0
            ],
            [
              39.1114842,
              50.2650705,
              0
            ],
            [
              39.1133724,
              50.2663872,
              0
            ],
            [
              39.1039311,
              50.27099559999999,
              0
            ],
            [
              39.0895115,
              50.2754939,
              0
            ],
            [
              39.0550076,
              50.2763715,
              0
            ],
            [
              39.0447079,
              50.2768104,
              0
            ],
            [
              39.0345799,
              50.2881087,
              0
            ],
            [
              39.0386069,
              50.3031923,
              0
            ],
            [
              39.0435851,
              50.31634789999999,
              0
            ],
            [
              39.0636695,
              50.3207322,
              0
            ],
            [
              39.0701926,
              50.320513,
              0
            ],
            [
              39.1021217,
              50.33936119999999,
              0
            ],
            [
              39.0909637,
              50.34604399999999,
              0
            ],
            [
              39.0901054,
              50.35163050000001,
              0
            ],
            [
              39.0751708,
              50.3528353,
              0
            ],
            [
              39.0653861,
              50.3541497,
              0
            ],
            [
              39.036547,
              50.3808667,
              0
            ],
            [
              39.0353454,
              50.38852870000001,
              0
            ],
            [
              39.0394653,
              50.398925,
              0
            ],
            [
              39.0351737,
              50.4043959,
              0
            ],
            [
              39.0334571,
              50.4112883,
              0
            ],
            [
              39.026934,
              50.4146794,
              0
            ],
            [
              39.0089095,
              50.4135855,
              0
            ],
            [
              39.0047897,
              50.4211328,
              0
            ],
            [
              38.9927734,
              50.4218984,
              0
            ],
            [
              38.9943183,
              50.4241951,
              0
            ],
            [
              38.9862502,
              50.43513040000001,
              0
            ],
            [
              38.9970649,
              50.4433302,
              0
            ],
            [
              39.015776,
              50.4555726,
              0
            ],
            [
              39.0228141,
              50.4568841,
              0
            ],
            [
              39.0119994,
              50.4643152,
              0
            ],
            [
              39.0341438,
              50.4770983,
              0
            ],
            [
              39.0413535,
              50.4717451,
              0
            ],
            [
              39.0456451,
              50.4765521,
              0
            ],
            [
              39.0525115,
              50.4767706,
              0
            ],
            [
              39.0511382,
              50.4857277,
              0
            ],
            [
              39.0451301,
              50.4859462,
              0
            ],
            [
              39.0454734,
              50.49206229999999,
              0
            ],
            [
              39.0617812,
              50.49184379999999,
              0
            ],
            [
              39.0825523,
              50.4997062,
              0
            ],
            [
              39.0763725,
              50.504292,
              0
            ],
            [
              39.1021217,
              50.5023267,
              0
            ],
            [
              39.1266692,
              50.5076765,
              0
            ],
            [
              39.1256393,
              50.5341979,
              0
            ],
            [
              39.1028083,
              50.524486,
              0
            ],
            [
              39.0964568,
              50.5167369,
              0
            ],
            [
              39.0926803,
              50.5159728,
              0
            ],
            [
              39.0835822,
              50.5293968,
              0
            ],
            [
              39.0842689,
              50.5497982,
              0
            ],
            [
              39.0921653,
              50.5796752,
              0
            ],
            [
              39.0760262,
              50.592205,
              0
            ],
            [
              39.0820344,
              50.5932948,
              0
            ],
            [
              39.0840943,
              50.5969998,
              0
            ],
            [
              39.0835793,
              50.60604310000001,
              0
            ],
            [
              39.0454705,
              50.6183522,
              0
            ],
            [
              39.0545685,
              50.62543120000001,
              0
            ],
            [
              39.0918191,
              50.6111632,
              0
            ],
            [
              39.0969689,
              50.61453999999999,
              0
            ],
            [
              39.1153367,
              50.6202037,
              0
            ],
            [
              39.1210015,
              50.62357990000001,
              0
            ],
            [
              39.0559418,
              50.6430697,
              0
            ],
            [
              39.0514786,
              50.65210410000001,
              0
            ],
            [
              39.0288193,
              50.6464442,
              0
            ],
            [
              39.0236695,
              50.6544985,
              0
            ],
            [
              38.997577,
              50.64970959999999,
              0
            ],
            [
              38.996032,
              50.6526483,
              0
            ],
            [
              38.9665063,
              50.65297480000001,
              0
            ],
            [
              38.9625581,
              50.654825,
              0
            ],
            [
              38.9673646,
              50.6694062,
              0
            ],
            [
              38.9608414,
              50.6821338,
              0
            ],
            [
              38.9732011,
              50.6830039,
              0
            ],
            [
              38.9797242,
              50.68626680000001,
              0
            ],
            [
              38.9807542,
              50.69322689999999,
              0
            ],
            [
              38.9893372,
              50.6951842,
              0
            ],
            [
              38.9872773,
              50.6986637,
              0
            ],
            [
              38.963588,
              50.6993161,
              0
            ],
            [
              38.953975,
              50.6982288,
              0
            ],
            [
              38.9217026,
              50.7014906,
              0
            ],
            [
              38.8962968,
              50.7047522,
              0
            ],
            [
              38.8904603,
              50.69322689999999,
              0
            ],
            [
              38.8647111,
              50.701708,
              0
            ],
            [
              38.8805039,
              50.7012731,
              0
            ],
            [
              38.8808472,
              50.706709,
              0
            ],
            [
              38.8732941,
              50.7121443,
              0
            ],
            [
              38.8681443,
              50.7145356,
              0
            ],
            [
              38.8629945,
              50.7132313,
              0
            ],
            [
              38.8568146,
              50.716492,
              0
            ],
            [
              38.8300355,
              50.7138834,
              0
            ],
            [
              38.8248856,
              50.7217088,
              0
            ],
            [
              38.8200384,
              50.7230132,
              0
            ],
            [
              38.8169055,
              50.7243716,
              0
            ],
            [
              38.8140731,
              50.72317619999999,
              0
            ],
            [
              38.805533,
              50.7155141,
              0
            ],
            [
              38.7842899,
              50.71814979999999,
              0
            ],
            [
              38.7948471,
              50.747404,
              0
            ],
            [
              38.7996536,
              50.76184790000001,
              0
            ],
            [
              38.8022285,
              50.7658653,
              0
            ],
            [
              38.7986236,
              50.76738529999999,
              0
            ],
            [
              38.7946754,
              50.7653224,
              0
            ],
            [
              38.7922721,
              50.7674939,
              0
            ],
            [
              38.7883239,
              50.7667339,
              0
            ],
            [
              38.7943321,
              50.777807,
              0
            ],
            [
              38.7999969,
              50.7820401,
              0
            ],
            [
              38.8211113,
              50.77726419999999,
              0
            ],
            [
              38.8372474,
              50.7754189,
              0
            ],
            [
              38.8425689,
              50.7750932,
              0
            ],
            [
              38.8530403,
              50.77433330000001,
              0
            ],
            [
              38.8454872,
              50.7814974,
              0
            ],
            [
              38.8492637,
              50.78442780000001,
              0
            ],
            [
              38.8411956,
              50.78811770000001,
              0
            ],
            [
              38.8427406,
              50.7900711,
              0
            ],
            [
              38.8238578,
              50.7928925,
              0
            ],
            [
              38.8223129,
              50.7895285,
              0
            ],
            [
              38.8135582,
              50.7913733,
              0
            ],
            [
              38.8101249,
              50.7941946,
              0
            ],
            [
              38.8109832,
              50.79690720000001,
              0
            ],
            [
              38.8034301,
              50.79603920000001,
              0
            ],
            [
              38.7948471,
              50.8020066,
              0
            ],
            [
              38.7845474,
              50.79603920000001,
              0
            ],
            [
              38.774591,
              50.7905052,
              0
            ],
            [
              38.7690979,
              50.7868155,
              0
            ],
            [
              38.7660079,
              50.7839937,
              0
            ],
            [
              38.7608581,
              50.78442780000001,
              0
            ],
            [
              38.7551933,
              50.7859472,
              0
            ],
            [
              38.7509017,
              50.78659840000001,
              0
            ],
            [
              38.7414604,
              50.785079,
              0
            ],
            [
              38.7318473,
              50.787141,
              0
            ],
            [
              38.732019,
              50.7900711,
              0
            ],
            [
              38.7263215,
              50.7922032,
              0
            ],
            [
              38.7077821,
              50.8020768,
              0
            ],
            [
              38.7105286,
              50.820625,
              0
            ],
            [
              38.708812,
              50.8284325,
              0
            ],
            [
              38.7266648,
              50.8373228,
              0
            ],
            [
              38.7342179,
              50.8403582,
              0
            ],
            [
              38.740741,
              50.8507635,
              0
            ],
            [
              38.731128,
              50.85748240000001,
              0
            ],
            [
              38.7259782,
              50.8579159,
              0
            ],
            [
              38.7218583,
              50.8756836,
              0
            ],
            [
              38.7489808,
              50.8663672,
              0
            ],
            [
              38.7506974,
              50.87395050000001,
              0
            ],
            [
              38.7421143,
              50.8802328,
              0
            ],
            [
              38.747032,
              50.8895113,
              0
            ],
            [
              38.7435988,
              50.89405920000001,
              0
            ],
            [
              38.7463454,
              50.8981735,
              0
            ],
            [
              38.7341574,
              50.89838999999999,
              0
            ],
            [
              38.7269476,
              50.900014,
              0
            ],
            [
              38.7401656,
              50.9042361,
              0
            ],
            [
              38.7712363,
              50.9079165,
              0
            ],
            [
              38.7765578,
              50.9181986,
              0
            ],
            [
              38.7959555,
              50.91711639999999,
              0
            ],
            [
              38.8186148,
              50.9034783,
              0
            ],
            [
              38.8174132,
              50.89828179999999,
              0
            ],
            [
              38.8205031,
              50.8946006,
              0
            ],
            [
              38.8366393,
              50.8938426,
              0
            ],
            [
              38.8390425,
              50.89979749999999,
              0
            ],
            [
              38.845909,
              50.89979749999999,
              0
            ],
            [
              38.8562087,
              50.9030453,
              0
            ],
            [
              38.8680533,
              50.9026122,
              0
            ],
            [
              38.8707999,
              50.9041278,
              0
            ],
            [
              38.8742331,
              50.90401960000001,
              0
            ],
            [
              38.8785246,
              50.8966577,
              0
            ],
            [
              38.8838461,
              50.8921102,
              0
            ],
            [
              38.8883093,
              50.8901611,
              0
            ],
            [
              38.8912276,
              50.891677,
              0
            ],
            [
              38.8840178,
              50.8964412,
              0
            ],
            [
              38.8817862,
              50.9019627,
              0
            ],
            [
              38.8805846,
              50.9057516,
              0
            ],
            [
              38.8795546,
              50.9084577,
              0
            ],
            [
              38.8754347,
              50.9130037,
              0
            ],
            [
              38.8725165,
              50.9153848,
              0
            ],
            [
              38.8709715,
              50.9176575,
              0
            ],
            [
              38.8754347,
              50.91982190000001,
              0
            ],
            [
              38.8774947,
              50.92252719999999,
              0
            ],
            [
              38.8754347,
              50.9263144,
              0
            ],
            [
              38.8757781,
              50.9296685,
              0
            ],
            [
              38.8828162,
              50.9317242,
              0
            ],
            [
              38.8896826,
              50.9321569,
              0
            ],
            [
              38.8913992,
              50.9364842,
              0
            ],
            [
              38.8615302,
              50.93626789999999,
              0
            ],
            [
              38.8503722,
              50.9388641,
              0
            ],
            [
              38.8476256,
              50.95162670000001,
              0
            ],
            [
              38.8441924,
              50.9595204,
              0
            ],
            [
              38.8053969,
              50.9845984,
              0
            ],
            [
              38.8644484,
              51.00685470000001,
              0
            ],
            [
              38.8582686,
              51.0377364,
              0
            ],
            [
              38.8431624,
              51.0332026,
              0
            ],
            [
              38.8386992,
              51.04097459999999,
              0
            ],
            [
              38.8304594,
              51.0396793,
              0
            ],
            [
              38.8294295,
              51.0506876,
              0
            ],
            [
              38.8180998,
              51.04615510000001,
              0
            ],
            [
              38.8105467,
              51.048961,
              0
            ],
            [
              38.8016203,
              51.076795,
              0
            ],
            [
              38.7806777,
              51.0733436,
              0
            ],
            [
              38.7590483,
              51.073775,
              0
            ],
            [
              38.7425688,
              51.0711864,
              0
            ],
            [
              38.7298659,
              51.0644983,
              0
            ],
            [
              38.7226561,
              51.0595356,
              0
            ],
            [
              38.7192229,
              51.05370909999999,
              0
            ],
            [
              38.7168196,
              51.0506876,
              0
            ],
            [
              38.70343,
              51.0560829,
              0
            ],
            [
              38.6955336,
              51.0625564,
              0
            ],
            [
              38.6869505,
              51.05737770000001,
              0
            ],
            [
              38.6999968,
              51.0217582,
              0
            ],
            [
              38.6800841,
              51.015279,
              0
            ],
            [
              38.6728743,
              51.0066386,
              0
            ],
            [
              38.6594847,
              51.0120391,
              0
            ],
            [
              38.6313323,
              51.0008055,
              0
            ],
            [
              38.6145094,
              51.0172229,
              0
            ],
            [
              38.586357,
              51.0122551,
              0
            ],
            [
              38.5458449,
              51.0269409,
              0
            ],
            [
              38.531082,
              51.0496085,
              0
            ],
            [
              38.5176924,
              51.05327750000001,
              0
            ],
            [
              38.5018996,
              51.0459393,
              0
            ],
            [
              38.5029295,
              51.0668716,
              0
            ],
            [
              38.5091094,
              51.0711864,
              0
            ],
            [
              38.4881667,
              51.07593219999999,
              0
            ],
            [
              38.4648207,
              51.0765793,
              0
            ],
            [
              38.4476546,
              51.0675189,
              0
            ],
            [
              38.4404448,
              51.0640668,
              0
            ],
            [
              38.4287718,
              51.0651456,
              0
            ],
            [
              38.4092024,
              51.07010770000001,
              0
            ],
            [
              38.3865431,
              51.0765793,
              0
            ],
            [
              38.3923796,
              51.0938323,
              0
            ],
            [
              38.4064558,
              51.0992226,
              0
            ],
            [
              38.4081725,
              51.1309046,
              0
            ],
            [
              38.3796767,
              51.1289655,
              0
            ],
            [
              38.3834532,
              51.1494295,
              0
            ],
            [
              38.3958128,
              51.1513678,
              0
            ],
            [
              38.3971861,
              51.161273,
              0
            ],
            [
              38.4081725,
              51.16170360000001,
              0
            ],
            [
              38.4112624,
              51.1660095,
              0
            ],
            [
              38.4864501,
              51.1625648,
              0
            ],
            [
              38.4881667,
              51.1679471,
              0
            ],
            [
              38.5224989,
              51.1642872,
              0
            ],
            [
              38.5163191,
              51.17117609999999,
              0
            ],
            [
              38.5053328,
              51.1774183,
              0
            ],
            [
              38.5077361,
              51.1836596,
              0
            ],
            [
              38.5273055,
              51.1890394,
              0
            ],
            [
              38.5207823,
              51.2103371,
              0
            ],
            [
              38.5032729,
              51.209907,
              0
            ],
            [
              38.4919432,
              51.2172192,
              0
            ],
            [
              38.4785536,
              51.21205770000001,
              0
            ],
            [
              38.4538344,
              51.21807929999999,
              0
            ],
            [
              38.4579543,
              51.2249602,
              0
            ],
            [
              38.4713438,
              51.2243152,
              0
            ],
            [
              38.4510878,
              51.251184,
              0
            ],
            [
              38.4476546,
              51.2657941,
              0
            ],
            [
              38.4363249,
              51.26772740000001,
              0
            ],
            [
              38.4366683,
              51.2846944,
              0
            ],
            [
              38.3958128,
              51.28576799999999,
              0
            ],
            [
              38.3796767,
              51.2700903,
              0
            ],
            [
              38.3590773,
              51.2645052,
              0
            ],
            [
              38.3384779,
              51.2559113,
              0
            ],
            [
              38.3178786,
              51.2776077,
              0
            ],
            [
              38.3110121,
              51.2855533,
              0
            ],
            [
              38.3110121,
              51.2926388,
              0
            ],
            [
              38.2989958,
              51.2919947,
              0
            ],
            [
              38.2897261,
              51.2969324,
              0
            ],
            [
              38.2963911,
              51.29864910000001,
              0
            ],
            [
              38.3365599,
              51.3044447,
              0
            ],
            [
              38.347477,
              51.29574840000001,
              0
            ],
            [
              38.3660856,
              51.3106688,
              0
            ],
            [
              38.3619658,
              51.3235436,
              0
            ],
            [
              38.3358732,
              51.3229,
              0
            ],
            [
              38.3289376,
              51.340809,
              0
            ],
            [
              38.3338133,
              51.360217,
              0
            ],
            [
              38.3719221,
              51.3612889,
              0
            ],
            [
              38.3777586,
              51.3670766,
              0
            ],
            [
              38.3736387,
              51.3741495,
              0
            ],
            [
              38.3776894,
              51.38625390000001,
              0
            ],
            [
              38.337864,
              51.3815401,
              0
            ],
            [
              38.3193937,
              51.3741495,
              0
            ],
            [
              38.2946053,
              51.3901104,
              0
            ],
            [
              38.2987252,
              51.3965371,
              0
            ],
            [
              38.2966653,
              51.40724629999999,
              0
            ],
            [
              38.2994118,
              51.4192375,
              0
            ],
            [
              38.2794991,
              51.43507830000001,
              0
            ],
            [
              38.3193937,
              51.446744,
              0
            ],
            [
              38.3062783,
              51.4547646,
              0
            ],
            [
              38.3152047,
              51.4598988,
              0
            ],
            [
              38.3021584,
              51.47230399999999,
              0
            ],
            [
              38.311154,
              51.4831049,
              0
            ],
            [
              38.2781258,
              51.4915467,
              0
            ],
            [
              38.2781258,
              51.4992415,
              0
            ],
            [
              38.2980386,
              51.52103649999999,
              0
            ],
            [
              38.2829324,
              51.5347064,
              0
            ],
            [
              38.2417336,
              51.55563060000001,
              0
            ],
            [
              38.2245675,
              51.5654488,
              0
            ],
            [
              38.2135812,
              51.5859321,
              0
            ],
            [
              38.1848112,
              51.6163227,
              0
            ],
            [
              38.1374327,
              51.63337370000001,
              0
            ],
            [
              38.1675759,
              51.67075430000001,
              0
            ],
            [
              38.2342497,
              51.6627716,
              0
            ],
            [
              38.2238808,
              51.70097909999999,
              0
            ],
            [
              38.2403603,
              51.6984256,
              0
            ],
            [
              38.2437936,
              51.7039579,
              0
            ],
            [
              38.2891122,
              51.6954465,
              0
            ],
            [
              38.2939187,
              51.70268129999999,
              0
            ],
            [
              38.3316842,
              51.6962977,
              0
            ],
            [
              38.3337441,
              51.68948749999999,
              0
            ],
            [
              38.3461037,
              51.6873591,
              0
            ],
            [
              38.3728829,
              51.6852306,
              0
            ],
            [
              38.3886758,
              51.6848049,
              0
            ],
            [
              38.4188882,
              51.6877848,
              0
            ],
            [
              38.4401742,
              51.6877848,
              0
            ],
            [
              38.4471098,
              51.6883195,
              0
            ],
            [
              38.4566537,
              51.7018302,
              0
            ],
            [
              38.4655801,
              51.707362,
              0
            ],
            [
              38.4779397,
              51.7175728,
              0
            ],
            [
              38.4813729,
              51.7324595,
              0
            ],
            [
              38.4971658,
              51.7443653,
              0
            ],
            [
              38.5191384,
              51.7477664,
              0
            ],
            [
              38.5157052,
              51.75754310000001,
              0
            ],
            [
              38.4930459,
              51.7507421,
              0
            ],
            [
              38.479313,
              51.7413891,
              0
            ],
            [
              38.4745065,
              51.74053880000001,
              0
            ],
            [
              38.4566537,
              51.7447904,
              0
            ],
            [
              38.4319344,
              51.763493,
              0
            ],
            [
              38.4188882,
              51.7698672,
              0
            ],
            [
              38.401722,
              51.77878939999999,
              0
            ],
            [
              38.4044686,
              51.7945053,
              0
            ],
            [
              38.4106484,
              51.8029981,
              0
            ],
            [
              38.4209481,
              51.8093666,
              0
            ],
            [
              38.4264413,
              51.8174321,
              0
            ],
            [
              38.4422341,
              51.8339831,
              0
            ],
            [
              38.4470406,
              51.8420442,
              0
            ],
            [
              38.4188882,
              51.853497,
              0
            ],
            [
              38.4072152,
              51.8687629,
              0
            ],
            [
              38.4416166,
              51.8938792,
              0
            ],
            [
              38.4326211,
              51.9060576,
              0
            ],
            [
              38.4154549,
              51.9085993,
              0
            ],
            [
              38.4257546,
              51.9204586,
              0
            ],
            [
              38.4470406,
              51.9217291,
              0
            ],
            [
              38.4312478,
              51.94374470000001,
              0
            ],
            [
              38.3873025,
              51.9352784,
              0
            ],
            [
              38.3406106,
              51.9382418,
              0
            ],
            [
              38.3399239,
              51.922576,
              0
            ],
            [
              38.3186379,
              51.9229995,
              0
            ],
            [
              38.316578,
              51.95644099999999,
              0
            ],
            [
              38.2822457,
              51.9691338,
              0
            ],
            [
              38.241047,
              51.9424748,
              0
            ],
            [
              38.241047,
              51.9251168,
              0
            ],
            [
              38.1929818,
              51.9301979,
              0
            ],
            [
              38.1826821,
              51.92088210000001,
              0
            ],
            [
              38.1710091,
              51.9331616,
              0
            ],
            [
              38.1401101,
              51.933585,
              0
            ],
            [
              38.1263772,
              51.9373951,
              0
            ],
            [
              38.1105843,
              51.9255403,
              0
            ],
            [
              38.120884,
              51.9111408,
              0
            ],
            [
              38.0851784,
              51.9060576,
              0
            ],
            [
              38.0494729,
              51.9026685,
              0
            ],
            [
              38.0477563,
              51.887626,
              0
            ],
            [
              38.03368,
              51.8865665,
              0
            ],
            [
              38.0254403,
              51.8914401,
              0
            ],
            [
              37.9966012,
              51.89440630000001,
              0
            ],
            [
              37.9210702,
              51.8914401,
              0
            ],
            [
              37.9193536,
              51.89610119999999,
              0
            ],
            [
              37.9190102,
              51.9130469,
              0
            ],
            [
              37.9004708,
              51.9126234,
              0
            ],
            [
              37.8987542,
              51.9013975,
              0
            ],
            [
              37.8881112,
              51.9005501,
              0
            ],
            [
              37.8671685,
              51.9003383,
              0
            ],
            [
              37.8685418,
              51.9045749,
              0
            ],
            [
              37.8558388,
              51.9081757,
              0
            ],
            [
              37.8565255,
              51.9236347,
              0
            ],
            [
              37.8318063,
              51.9460726,
              0
            ],
            [
              37.8256264,
              51.9727294,
              0
            ],
            [
              37.81876,
              51.9759018,
              0
            ],
            [
              37.8012505,
              51.9814001,
              0
            ],
            [
              37.7950707,
              51.98710909999999,
              0
            ],
            [
              37.7899209,
              51.99345160000001,
              0
            ],
            [
              37.784771,
              51.99915899999999,
              0
            ],
            [
              37.7703515,
              52.00782460000001,
              0
            ],
            [
              37.7590218,
              52.0107831,
              0
            ],
            [
              37.754902,
              52.014798,
              0
            ],
            [
              37.7415124,
              52.01691099999999,
              0
            ],
            [
              37.7418557,
              52.0109945,
              0
            ],
            [
              37.7346459,
              52.0042318,
              0
            ],
            [
              37.7246896,
              52.00085,
              0
            ],
            [
              37.7161065,
              51.9970453,
              0
            ],
            [
              37.7164498,
              51.98922330000001,
              0
            ],
            [
              37.7229729,
              51.9828802,
              0
            ],
            [
              37.7123299,
              51.9735754,
              0
            ],
            [
              37.7068368,
              51.9682877,
              0
            ],
            [
              37.7010003,
              51.9695568,
              0
            ],
            [
              37.6821175,
              51.9746329,
              0
            ],
            [
              37.6690713,
              51.9778051,
              0
            ],
            [
              37.6529351,
              51.98351459999999,
              0
            ],
            [
              37.6381722,
              51.9885891,
              0
            ],
            [
              37.6299325,
              51.9968339,
              0
            ],
            [
              37.6282159,
              52.0035977,
              0
            ],
            [
              37.5063363,
              52.01691099999999,
              0
            ],
            [
              37.4840203,
              51.966384,
              0
            ],
            [
              37.4795571,
              51.95813359999999,
              0
            ],
            [
              37.4527779,
              51.9481888,
              0
            ],
            [
              37.4332085,
              51.93718350000001,
              0
            ],
            [
              37.4259988,
              51.93718350000001,
              0
            ],
            [
              37.4150124,
              51.9386651,
              0
            ],
            [
              37.3937264,
              51.9477656,
              0
            ],
            [
              37.3851434,
              51.9558063,
              0
            ],
            [
              37.3696938,
              51.9657494,
              0
            ],
            [
              37.3617974,
              51.9680762,
              0
            ],
            [
              37.3439446,
              51.9807657,
              0
            ],
            [
              37.3350182,
              51.9976794,
              0
            ],
            [
              37.3274651,
              52.0086699,
              0
            ],
            [
              37.3137322,
              52.01036049999999,
              0
            ],
            [
              37.3058358,
              52.0145867,
              0
            ],
            [
              37.2907296,
              52.00655650000001,
              0
            ],
            [
              37.27734,
              52.003809,
              0
            ],
            [
              37.2766534,
              52.0086699,
              0
            ],
            [
              37.2649804,
              52.01331889999999,
              0
            ],
            [
              37.2567406,
              52.0177561,
              0
            ],
            [
              37.2426644,
              52.019869,
              0
            ],
            [
              37.2224084,
              52.0224042,
              0
            ],
            [
              37.212452,
              52.0270518,
              0
            ],
            [
              37.1970025,
              52.03254379999999,
              0
            ],
            [
              37.180523,
              52.0420475,
              0
            ],
            [
              37.1846429,
              52.0458485,
              0
            ],
            [
              37.1925393,
              52.0500713,
              0
            ],
            [
              37.1997491,
              52.054716,
              0
            ],
            [
              37.2073022,
              52.0716018,
              0
            ],
            [
              37.2062722,
              52.0800423,
              0
            ],
            [
              37.1983758,
              52.084051,
              0
            ],
            [
              37.1798363,
              52.08531680000001,
              0
            ],
            [
              37.16782,
              52.0808863,
              0
            ],
            [
              37.1575204,
              52.0754002,
              0
            ],
            [
              37.1437875,
              52.07455620000001,
              0
            ],
            [
              37.1283379,
              52.07729930000001,
              0
            ],
            [
              37.1118584,
              52.0832071,
              0
            ],
            [
              37.1001855,
              52.09101259999999,
              0
            ],
            [
              37.08892,
              52.0920286,
              0
            ],
            [
              37.082676,
              52.08046430000001,
              0
            ],
            [
              37.0768395,
              52.0743452,
              0
            ],
            [
              37.06036,
              52.07455620000001,
              0
            ],
            [
              37.0486871,
              52.07962029999999,
              0
            ],
            [
              37.0370141,
              52.0863716,
              0
            ],
            [
              37.0339242,
              52.0916454,
              0
            ],
            [
              37.0449105,
              52.0964967,
              0
            ],
            [
              37.0442239,
              52.1019801,
              0
            ],
            [
              37.0208779,
              52.1089389,
              0
            ],
            [
              37.0112649,
              52.10746289999999,
              0
            ],
            [
              36.9971886,
              52.1064086,
              0
            ],
            [
              36.9927254,
              52.0996603,
              0
            ],
            [
              36.9855157,
              52.0937547,
              0
            ],
            [
              36.9807091,
              52.0880593,
              0
            ],
            [
              36.9618264,
              52.089325,
              0
            ],
            [
              36.9566766,
              52.0880593,
              0
            ],
            [
              36.9419137,
              52.0922782,
              0
            ],
            [
              36.9463769,
              52.0998712,
              0
            ],
            [
              36.9384804,
              52.1028237,
              0
            ],
            [
              36.9230309,
              52.1083064,
              0
            ],
            [
              36.9165078,
              52.1078846,
              0
            ],
            [
              36.9079247,
              52.10683029999999,
              0
            ],
            [
              36.8972817,
              52.1112583,
              0
            ],
            [
              36.8808022,
              52.11315579999999,
              0
            ],
            [
              36.8766824,
              52.11800480000001,
              0
            ],
            [
              36.8584862,
              52.117794,
              0
            ],
            [
              36.857113,
              52.11315579999999,
              0
            ],
            [
              36.8399468,
              52.1165291,
              0
            ],
            [
              36.8234673,
              52.12053450000001,
              0
            ],
            [
              36.811451,
              52.1243287,
              0
            ],
            [
              36.800808,
              52.1270688,
              0
            ],
            [
              36.7953149,
              52.1306518,
              0
            ],
            [
              36.7806161,
              52.1379889,
              0
            ],
            [
              36.7774621,
              52.1439273,
              0
            ],
            [
              36.7716256,
              52.1479302,
              0
            ],
            [
              36.7716256,
              52.15488179999999,
              0
            ],
            [
              36.7729989,
              52.1605687,
              0
            ],
            [
              36.767849,
              52.1641489,
              0
            ],
            [
              36.7637292,
              52.1683606,
              0
            ],
            [
              36.7530862,
              52.1732036,
              0
            ],
            [
              36.7424432,
              52.1727825,
              0
            ],
            [
              36.7352334,
              52.1736247,
              0
            ],
            [
              36.7221871,
              52.1795197,
              0
            ],
            [
              36.715664,
              52.174888,
              0
            ],
            [
              36.7129174,
              52.1744669,
              0
            ],
            [
              36.6978112,
              52.1776249,
              0
            ],
            [
              36.6878548,
              52.1790986,
              0
            ],
            [
              36.6778985,
              52.1757301,
              0
            ],
            [
              36.6689721,
              52.1746774,
              0
            ],
            [
              36.6569558,
              52.178046,
              0
            ],
            [
              36.6521493,
              52.18162490000001,
              0
            ],
            [
              36.6435662,
              52.18646639999999,
              0
            ],
            [
              36.6363564,
              52.1925701,
              0
            ],
            [
              36.6370431,
              52.1999356,
              0
            ],
            [
              36.6428796,
              52.2047751,
              0
            ],
            [
              36.6375581,
              52.2076155,
              0
            ],
            [
              36.6276017,
              52.2103505,
              0
            ],
            [
              36.6198769,
              52.213506,
              0
            ],
            [
              36.6150704,
              52.2129801,
              0
            ],
            [
              36.6087189,
              52.2141371,
              0
            ],
            [
              36.6059724,
              52.21508370000001,
              0
            ],
            [
              36.6013375,
              52.213506,
              0
            ],
            [
              36.5953294,
              52.2134008,
              0
            ],
            [
              36.5906945,
              52.21455779999999,
              0
            ],
            [
              36.5881196,
              52.2168716,
              0
            ],
            [
              36.5767899,
              52.2216041,
              0
            ],
            [
              36.56248,
              52.2117205,
              0
            ],
            [
              36.5242615,
              52.220868,
              0
            ],
            [
              36.5240899,
              52.2230764,
              0
            ],
            [
              36.5201417,
              52.22612579999999,
              0
            ],
            [
              36.5158501,
              52.2284391,
              0
            ],
            [
              36.509842,
              52.23054200000001,
              0
            ],
            [
              36.5026322,
              52.2325396,
              0
            ],
            [
              36.498684,
              52.234432,
              0
            ],
            [
              36.4969674,
              52.2375858,
              0
            ],
            [
              36.4933625,
              52.24105469999999,
              0
            ],
            [
              36.4892426,
              52.2444183,
              0
            ],
            [
              36.486496,
              52.247151,
              0
            ],
            [
              36.486949,
              52.250832,
              0
            ],
            [
              36.4969674,
              52.2580801,
              0
            ],
            [
              36.4930634,
              52.2657235,
              0
            ],
            [
              36.4872269,
              52.26908520000001,
              0
            ],
            [
              36.4813904,
              52.2745474,
              0
            ],
            [
              36.4717774,
              52.27769840000001,
              0
            ],
            [
              36.4422517,
              52.3154925,
              0
            ],
            [
              36.4398484,
              52.3245163,
              0
            ],
            [
              36.4155379,
              52.3465725,
              0
            ],
            [
              36.4092927,
              52.3465435,
              0
            ],
            [
              36.4082627,
              52.3509476,
              0
            ],
            [
              36.3952164,
              52.35577060000001,
              0
            ],
            [
              36.3567643,
              52.3738,
              0
            ],
            [
              36.326274,
              52.366702,
              0
            ],
            [
              36.3265519,
              52.37505759999999,
              0
            ],
            [
              36.3179688,
              52.37924929999999,
              0
            ],
            [
              36.3076691,
              52.374848,
              0
            ],
            [
              36.2973694,
              52.37987799999999,
              0
            ],
            [
              36.2891297,
              52.3752672,
              0
            ],
            [
              36.2784867,
              52.37505759999999,
              0
            ],
            [
              36.2366013,
              52.3612222,
              0
            ],
            [
              36.2201218,
              52.3563997,
              0
            ],
            [
              36.216002,
              52.35367370000001,
              0
            ],
            [
              36.2135987,
              52.34360709999999,
              0
            ],
            [
              36.2036423,
              52.3362655,
              0
            ],
            [
              36.1878495,
              52.3276637,
              0
            ],
            [
              36.1816697,
              52.3291324,
              0
            ],
            [
              36.1744599,
              52.3306011,
              0
            ],
            [
              36.1724,
              52.3354264,
              0
            ],
            [
              36.1555772,
              52.3316501,
              0
            ],
            [
              36.1542039,
              52.3276637,
              0
            ],
            [
              36.1504273,
              52.322208,
              0
            ],
            [
              36.1415009,
              52.3203194,
              0
            ],
            [
              36.1363511,
              52.31801089999999,
              0
            ],
            [
              36.1346345,
              52.3142332,
              0
            ],
            [
              36.1298279,
              52.3121343,
              0
            ],
            [
              36.1209016,
              52.3136035,
              0
            ],
            [
              36.1092286,
              52.3157023,
              0
            ],
            [
              36.1020188,
              52.3178011,
              0
            ],
            [
              36.0900679,
              52.320978,
              0
            ],
            [
              36.0855393,
              52.3201095,
              0
            ],
            [
              36.0769562,
              52.3178011,
              0
            ],
            [
              36.0694031,
              52.31675169999999,
              0
            ],
            [
              36.0608201,
              52.31717150000001,
              0
            ],
            [
              36.0525803,
              52.31927009999999,
              0
            ],
            [
              36.0402207,
              52.31696160000001,
              0
            ],
            [
              36.0371308,
              52.3108749,
              0
            ],
            [
              36.0278611,
              52.3096155,
              0
            ],
            [
              36.0082917,
              52.3119244,
              0
            ],
            [
              35.9997086,
              52.31045510000001,
              0
            ],
            [
              36.0003953,
              52.3047874,
              0
            ],
            [
              35.9942155,
              52.3010085,
              0
            ],
            [
              35.9722428,
              52.2938698,
              0
            ],
            [
              35.9698395,
              52.28882999999999,
              0
            ],
            [
              35.9643464,
              52.2848397,
              0
            ],
            [
              35.9523301,
              52.2779084,
              0
            ],
            [
              35.9464936,
              52.2770682,
              0
            ],
            [
              35.9344773,
              52.2783285,
              0
            ],
            [
              35.9221177,
              52.2785386,
              0
            ],
            [
              35.9052949,
              52.2812692,
              0
            ],
            [
              35.9008317,
              52.2856798,
              0
            ],
            [
              35.8888154,
              52.2928199,
              0
            ],
            [
              35.8754258,
              52.2995389,
              0
            ],
            [
              35.8664994,
              52.3001687,
              0
            ],
            [
              35.84693,
              52.299119,
              0
            ],
            [
              35.8283906,
              52.2997488,
              0
            ],
            [
              35.815001,
              52.2972293,
              0
            ],
            [
              35.8036713,
              52.2940798,
              0
            ],
            [
              35.7923417,
              52.2921899,
              0
            ],
            [
              35.7841019,
              52.28882999999999,
              0
            ],
            [
              35.7645325,
              52.2814792,
              0
            ],
            [
              35.7559495,
              52.2768581,
              0
            ],
            [
              35.7326035,
              52.2663538,
              0
            ],
            [
              35.7223038,
              52.2594196,
              0
            ],
            [
              35.7099442,
              52.2556369,
              0
            ],
            [
              35.6979279,
              52.2501724,
              0
            ],
            [
              35.6845383,
              52.2495418,
              0
            ],
            [
              35.6646256,
              52.24680920000001,
              0
            ],
            [
              35.6498627,
              52.24470719999999,
              0
            ],
            [
              35.6447129,
              52.2526945,
              0
            ],
            [
              35.6443696,
              52.2629919,
              0
            ],
            [
              35.6481461,
              52.2711861,
              0
            ],
            [
              35.6526093,
              52.2783285,
              0
            ],
            [
              35.6502061,
              52.2873599,
              0
            ],
            [
              35.6557476,
              52.2916797,
              0
            ],
            [
              35.6635956,
              52.2995389,
              0
            ],
            [
              35.6681072,
              52.312254,
              0
            ],
            [
              35.6708538,
              52.3332383,
              0
            ],
            [
              35.6481945,
              52.3458241,
              0
            ],
            [
              35.6340699,
              52.36101249999999,
              0
            ],
            [
              35.6227886,
              52.3768538,
              0
            ],
            [
              35.5966961,
              52.3856556,
              0
            ],
            [
              35.6015026,
              52.4371735,
              0
            ],
            [
              35.5994426,
              52.44219639999999,
              0
            ],
            [
              35.5685436,
              52.4413593,
              0
            ],
            [
              35.5417644,
              52.4447077,
              0
            ],
            [
              35.5266582,
              52.424195,
              0
            ],
            [
              35.4971325,
              52.424195,
              0
            ],
            [
              35.4827129,
              52.41917,
              0
            ],
            [
              35.4538738,
              52.42921940000001,
              0
            ],
            [
              35.4312145,
              52.4279633,
              0
            ],
            [
              35.4305278,
              52.41917,
              0
            ],
            [
              35.4167949,
              52.4162385,
              0
            ],
            [
              35.4085552,
              52.4053484,
              0
            ],
            [
              35.414735,
              52.3986454,
              0
            ],
            [
              35.393449,
              52.3927795,
              0
            ],
            [
              35.3961956,
              52.38900819999999,
              0
            ],
            [
              35.4140484,
              52.3902653,
              0
            ],
            [
              35.4140484,
              52.38439830000001,
              0
            ],
            [
              35.4044353,
              52.38020709999999,
              0
            ],
            [
              35.4010021,
              52.3743387,
              0
            ],
            [
              35.36049,
              52.3722427,
              0
            ],
            [
              35.3343975,
              52.3768538,
              0
            ],
            [
              35.3144364,
              52.3761056,
              0
            ],
            [
              35.3021251,
              52.3810453,
              0
            ],
            [
              35.2838807,
              52.3939171,
              0
            ],
            [
              35.2465069,
              52.38439830000001,
              0
            ],
            [
              35.2300274,
              52.3755963,
              0
            ],
            [
              35.2080547,
              52.38020709999999,
              0
            ],
            [
              35.1902019,
              52.3625996,
              0
            ],
            [
              35.1970684,
              52.3458241,
              0
            ],
            [
              35.1730358,
              52.3487603,
              0
            ],
            [
              35.1709758,
              52.35756760000001,
              0
            ],
            [
              35.1572429,
              52.3491797,
              0
            ],
            [
              35.1544964,
              52.337434,
              0
            ],
            [
              35.1146709,
              52.33701439999999,
              0
            ],
            [
              35.0666057,
              52.3307207,
              0
            ],
            [
              35.0652324,
              52.32064890000001,
              0
            ],
            [
              35.0411998,
              52.31897,
              0
            ],
            [
              35.0294785,
              52.33374810000001,
              0
            ],
            [
              35.0322251,
              52.351367,
              0
            ],
            [
              35.0016694,
              52.34780179999999,
              0
            ],
            [
              34.9779801,
              52.3543028,
              0
            ],
            [
              34.9594979,
              52.3552921,
              0
            ],
            [
              34.9643045,
              52.3672428,
              0
            ],
            [
              34.9231057,
              52.3705968,
              0
            ],
            [
              34.9015927,
              52.37931660000001,
              0
            ],
            [
              34.8864865,
              52.3730289,
              0
            ],
            [
              34.8710369,
              52.3679981,
              0
            ],
            [
              34.8638272,
              52.3721905,
              0
            ],
            [
              34.8617672,
              52.3868606,
              0
            ],
            [
              34.8545574,
              52.3853939,
              0
            ],
            [
              34.8494076,
              52.3994312,
              0
            ],
            [
              34.8521542,
              52.4029922,
              0
            ],
            [
              34.8617672,
              52.4032017,
              0
            ],
            [
              34.858334,
              52.4086473,
              0
            ],
            [
              34.8627972,
              52.41723339999999,
              0
            ],
            [
              34.8686337,
              52.4182803,
              0
            ],
            [
              34.8669171,
              52.4245616,
              0
            ],
            [
              34.8720669,
              52.4320979,
              0
            ],
            [
              34.8672604,
              52.4408886,
              0
            ],
            [
              34.8545574,
              52.45511759999999,
              0
            ],
            [
              34.8627972,
              52.4546991,
              0
            ],
            [
              34.8899197,
              52.4733155,
              0
            ],
            [
              34.9053692,
              52.4756158,
              0
            ],
            [
              34.9094891,
              52.48690670000001,
              0
            ],
            [
              34.9173855,
              52.50780820000001,
              0
            ],
            [
              34.9300884,
              52.51240510000001,
              0
            ],
            [
              34.9544644,
              52.51428560000001,
              0
            ],
            [
              34.9716305,
              52.5048826,
              0
            ],
            [
              34.9887966,
              52.5065544,
              0
            ],
            [
              34.9960064,
              52.5303705,
              0
            ],
            [
              35.0045895,
              52.5274464,
              0
            ],
            [
              35.0049769,
              52.5582106,
              0
            ],
            [
              35.0042903,
              52.58241599999999,
              0
            ],
            [
              35.0255763,
              52.608276,
              0
            ],
            [
              35.0077235,
              52.6307867,
              0
            ],
            [
              34.9960505,
              52.6495369,
              0
            ],
            [
              35.0097834,
              52.6595337,
              0
            ],
            [
              35.0406825,
              52.6578677,
              0
            ],
            [
              35.0674616,
              52.6695281,
              0
            ],
            [
              35.0969874,
              52.6882617,
              0
            ],
            [
              35.1162135,
              52.70157840000001,
              0
            ],
            [
              35.0921809,
              52.7165548,
              0
            ],
            [
              35.0372492,
              52.6978335,
              0
            ],
            [
              35.0159632,
              52.7115633,
              0
            ],
            [
              35.0228297,
              52.72570460000001,
              0
            ],
            [
              35.0448023,
              52.7406728,
              0
            ],
            [
              35.0434291,
              52.7543891,
              0
            ],
            [
              35.0132167,
              52.7589602,
              0
            ],
            [
              35.0090968,
              52.76394640000001,
              0
            ],
            [
              34.9878108,
              52.7514799,
              0
            ],
            [
              34.9871241,
              52.76103790000001,
              0
            ],
            [
              34.9713313,
              52.7681011,
              0
            ],
            [
              34.9768244,
              52.7809781,
              0
            ],
            [
              34.9624049,
              52.7809781,
              0
            ],
            [
              34.9383723,
              52.79634250000001,
              0
            ],
            [
              34.9191462,
              52.7996638,
              0
            ],
            [
              34.9081599,
              52.77724000000001,
              0
            ],
            [
              34.8889338,
              52.79219049999999,
              0
            ],
            [
              34.8834406,
              52.8013244,
              0
            ],
            [
              34.8635279,
              52.8058906,
              0
            ],
            [
              34.8635279,
              52.81211650000001,
              0
            ],
            [
              34.8346888,
              52.8457209,
              0
            ],
            [
              34.828509,
              52.86230609999999,
              0
            ],
            [
              34.8058497,
              52.8635497,
              0
            ],
            [
              34.79761,
              52.86023329999999,
              0
            ],
            [
              34.7948634,
              52.8643788,
              0
            ],
            [
              34.8037898,
              52.8693529,
              0
            ],
            [
              34.8250758,
              52.8685239,
              0
            ],
            [
              34.8388087,
              52.8618915,
              0
            ],
            [
              34.8490911,
              52.8672044,
              0
            ],
            [
              34.8641973,
              52.8690696,
              0
            ],
            [
              34.8525243,
              52.8757009,
              0
            ],
            [
              34.8528677,
              52.88440289999999,
              0
            ],
            [
              34.8693472,
              52.8823311,
              0
            ],
            [
              34.8806768,
              52.8860602,
              0
            ],
            [
              34.8767617,
              52.888941,
              0
            ],
            [
              34.8745301,
              52.8906887,
              0
            ],
            [
              34.8720292,
              52.8976966,
              0
            ],
            [
              34.8668793,
              52.90163150000001,
              0
            ],
            [
              34.8534897,
              52.89831790000001,
              0
            ],
            [
              34.8682526,
              52.9103283,
              0
            ],
            [
              34.8751191,
              52.9169532,
              0
            ],
            [
              34.8885086,
              52.9161251,
              0
            ],
            [
              34.9132279,
              52.9194373,
              0
            ],
            [
              34.9043015,
              52.9285444,
              0
            ],
            [
              34.9379471,
              52.9291653,
              0
            ],
            [
              34.9571732,
              52.92399110000001,
              0
            ],
            [
              34.963353,
              52.9134338,
              0
            ],
            [
              34.963353,
              52.9299931,
              0
            ],
            [
              34.9626664,
              52.9488216,
              0
            ],
            [
              34.9781159,
              52.9515107,
              0
            ],
            [
              34.997342,
              52.9498559,
              0
            ],
            [
              34.9839524,
              52.96578100000001,
              0
            ],
            [
              34.9945954,
              52.96970959999999,
              0
            ],
            [
              35.0110749,
              52.9653674,
              0
            ],
            [
              35.0124482,
              52.95626800000001,
              0
            ],
            [
              35.0423172,
              52.95068330000001,
              0
            ],
            [
              35.038884,
              52.95874980000001,
              0
            ],
            [
              35.0347641,
              52.9632995,
              0
            ],
            [
              35.0509003,
              52.96784869999999,
              0
            ],
            [
              35.0649765,
              52.9649538,
              0
            ],
            [
              35.0756195,
              52.9539929,
              0
            ],
            [
              35.0896958,
              52.95668169999999,
              0
            ],
            [
              35.0896958,
              52.95089020000001,
              0
            ],
            [
              35.1137284,
              52.9622655,
              0
            ],
            [
              35.1109818,
              52.9655742,
              0
            ],
            [
              35.1363877,
              52.96578100000001,
              0
            ],
            [
              35.1374176,
              52.9595771,
              0
            ],
            [
              35.1470307,
              52.95730209999999,
              0
            ],
            [
              35.1556137,
              52.9597839,
              0
            ],
            [
              35.1508072,
              52.96578100000001,
              0
            ],
            [
              35.1460007,
              52.9719839,
              0
            ],
            [
              35.1549271,
              52.9765322,
              0
            ],
            [
              35.1521805,
              52.9879008,
              0
            ],
            [
              35.1648835,
              52.9901742,
              0
            ],
            [
              35.1755716,
              53.0119753,
              0
            ],
            [
              35.2208902,
              53.0053649,
              0
            ],
            [
              35.2373697,
              52.9929677,
              0
            ],
            [
              35.2524759,
              53.0045385,
              0
            ],
            [
              35.2524759,
              53.0161063,
              0
            ],
            [
              35.2627756,
              53.0231281,
              0
            ],
            [
              35.2895548,
              53.0189978,
              0
            ],
            [
              35.2799417,
              53.0318005,
              0
            ],
            [
              35.2909281,
              53.04047109999999,
              0
            ],
            [
              35.2710154,
              53.0470761,
              0
            ],
            [
              35.2765085,
              53.0561564,
              0
            ],
            [
              35.2909281,
              53.0582198,
              0
            ],
            [
              35.3060343,
              53.0697732,
              0
            ],
            [
              35.3293802,
              53.0809111,
              0
            ],
            [
              35.2881815,
              53.0825609,
              0
            ],
            [
              35.2730753,
              53.0825609,
              0
            ],
            [
              35.2662088,
              53.0879223,
              0
            ],
            [
              35.2758219,
              53.0949324,
              0
            ],
            [
              35.262089,
              53.1089491,
              0
            ],
            [
              35.271702,
              53.1081247,
              0
            ],
            [
              35.2380564,
              53.12584560000001,
              0
            ],
            [
              35.2243235,
              53.1192526,
              0
            ],
            [
              35.2160837,
              53.12584560000001,
              0
            ],
            [
              35.1741983,
              53.1176042,
              0
            ],
            [
              35.1611521,
              53.14397100000001,
              0
            ],
            [
              35.1426126,
              53.13861659999999,
              0
            ],
            [
              35.1254465,
              53.1373808,
              0
            ],
            [
              35.1254465,
              53.150972,
              0
            ],
            [
              35.1178934,
              53.1616771,
              0
            ],
            [
              35.130253,
              53.1653821,
              0
            ],
            [
              35.1329996,
              53.1806104,
              0
            ],
            [
              35.1151468,
              53.1801989,
              0
            ],
            [
              35.1124002,
              53.1851367,
              0
            ],
            [
              35.1343729,
              53.1999467,
              0
            ],
            [
              35.1165201,
              53.21680739999999,
              0
            ],
            [
              35.1055338,
              53.2279071,
              0
            ],
            [
              35.1062204,
              53.2558493,
              0
            ],
            [
              35.1233866,
              53.2587247,
              0
            ],
            [
              35.130253,
              53.2640642,
              0
            ],
            [
              35.1316263,
              53.2804891,
              0
            ],
            [
              35.1100662,
              53.2893871,
              0
            ],
            [
              35.0908401,
              53.29513309999999,
              0
            ],
            [
              35.073674,
              53.3074435,
              0
            ],
            [
              35.0887802,
              53.3271326,
              0
            ],
            [
              35.0695541,
              53.3238517,
              0
            ],
            [
              35.0695541,
              53.3336936,
              0
            ],
            [
              35.0214889,
              53.3353337,
              0
            ],
            [
              35.019429,
              53.34435320000001,
              0
            ],
            [
              35.0283554,
              53.3595179,
              0
            ],
            [
              35.0139358,
              53.364435,
              0
            ],
            [
              34.9940231,
              53.3722193,
              0
            ],
            [
              34.9590042,
              53.3746772,
              0
            ],
            [
              34.9425404,
              53.3732376,
              0
            ],
            [
              34.9300091,
              53.37211099999999,
              0
            ],
            [
              34.9212544,
              53.3722134,
              0
            ],
            [
              34.9161045,
              53.3748762,
              0
            ],
            [
              34.9061482,
              53.3726231,
              0
            ],
            [
              34.9018566,
              53.3728279,
              0
            ],
            [
              34.9071781,
              53.3466019,
              0
            ],
            [
              34.879369,
              53.3441423,
              0
            ],
            [
              34.8730175,
              53.34752410000001,
              0
            ],
            [
              34.8680393,
              53.3455771,
              0
            ],
            [
              34.8632328,
              53.3425026,
              0
            ],
            [
              34.858598,
              53.3435274,
              0
            ],
            [
              34.8707859,
              53.3533648,
              0
            ],
            [
              34.8810856,
              53.3588973,
              0
            ],
            [
              34.8862355,
              53.3601267,
              0
            ],
            [
              34.890012,
              53.3611511,
              0
            ],
            [
              34.890012,
              53.3631999,
              0
            ],
            [
              34.9009983,
              53.37303279999999,
              0
            ],
            [
              34.8955052,
              53.3725207,
              0
            ],
            [
              34.8948274,
              53.3697177,
              0
            ],
            [
              34.8883042,
              53.36403290000001,
              0
            ],
            [
              34.8844419,
              53.3669522,
              0
            ],
            [
              34.8688207,
              53.3623939,
              0
            ],
            [
              34.8680482,
              53.3607548,
              0
            ],
            [
              34.8604093,
              53.3615744,
              0
            ],
            [
              34.865935,
              53.37033700000001,
              0
            ],
            [
              34.8587252,
              53.3756625,
              0
            ],
            [
              34.8697115,
              53.37771059999999,
              0
            ],
            [
              34.8618151,
              53.3885639,
              0
            ],
            [
              34.8432757,
              53.3822161,
              0
            ],
            [
              34.8384692,
              53.3770962,
              0
            ],
            [
              34.8161532,
              53.3805778,
              0
            ],
            [
              34.8123766,
              53.3875401,
              0
            ],
            [
              34.7828509,
              53.38119220000001,
              0
            ],
            [
              34.7612215,
              53.3818065,
              0
            ],
            [
              34.7416522,
              53.3801682,
              0
            ],
            [
              34.7292925,
              53.3842639,
              0
            ],
            [
              34.7032,
              53.3787346,
              0
            ],
            [
              34.6788241,
              53.3801682,
              0
            ],
            [
              34.6365954,
              53.3826257,
              0
            ],
            [
              34.639342,
              53.3977768,
              0
            ],
            [
              34.6256091,
              53.40514559999999,
              0
            ],
            [
              34.6029498,
              53.4131271,
              0
            ],
            [
              34.6060397,
              53.42703999999999,
              0
            ],
            [
              34.5730807,
              53.4280628,
              0
            ],
            [
              34.5675875,
              53.4472873,
              0
            ],
            [
              34.5552279,
              53.45178539999999,
              0
            ],
            [
              34.5631243,
              53.4589405,
              0
            ],
            [
              34.5703341,
              53.4705905,
              0
            ],
            [
              34.5566012,
              53.4712036,
              0
            ],
            [
              34.5555712,
              53.4777424,
              0
            ],
            [
              34.5438982,
              53.48121580000001,
              0
            ],
            [
              34.5483614,
              53.4861189,
              0
            ],
            [
              34.5363451,
              53.4979656,
              0
            ],
            [
              34.5246722,
              53.4959233,
              0
            ],
            [
              34.5164324,
              53.51062579999999,
              0
            ],
            [
              34.5312989,
              53.54360400000001,
              0
            ],
            [
              34.5024598,
              53.5411558,
              0
            ],
            [
              34.49422,
              53.5876463,
              0
            ],
            [
              34.5148194,
              53.5957973,
              0
            ],
            [
              34.4983399,
              53.6169825,
              0
            ],
            [
              34.4708741,
              53.63815699999999,
              0
            ],
            [
              34.4928467,
              53.6430419,
              0
            ],
            [
              34.4887269,
              53.6755936,
              0
            ],
            [
              34.4502747,
              53.68210089999999,
              0
            ],
            [
              34.4228089,
              53.70161679999999,
              0
            ],
            [
              34.4145691,
              53.724374,
              0
            ],
            [
              34.3953431,
              53.7300613,
              0
            ],
            [
              34.366504,
              53.72884270000001,
              0
            ],
            [
              34.3500245,
              53.749555,
              0
            ],
            [
              34.3582642,
              53.7674163,
              0
            ],
            [
              34.3369782,
              53.7832416,
              0
            ],
            [
              34.3253052,
              53.78243010000001,
              0
            ],
            [
              34.3198121,
              53.7954108,
              0
            ],
            [
              34.298526,
              53.7945996,
              0
            ],
            [
              34.2978394,
              53.8083873,
              0
            ],
            [
              34.2909729,
              53.8246024,
              0
            ],
            [
              34.2799866,
              53.8278447,
              0
            ],
            [
              34.2600739,
              53.8270341,
              0
            ],
            [
              34.2490876,
              53.8237918,
              0
            ],
            [
              34.2298615,
              53.8270341,
              0
            ],
            [
              34.2271149,
              53.8391906,
              0
            ],
            [
              34.2332947,
              53.86308809999999,
              0
            ],
            [
              34.2209351,
              53.8987065,
              0
            ],
            [
              34.2072022,
              53.9144822,
              0
            ],
            [
              34.1721833,
              53.9007293,
              0
            ],
            [
              34.1412842,
              53.8877813,
              0
            ],
            [
              34.1138184,
              53.8873766,
              0
            ],
            [
              34.0849793,
              53.87725809999999,
              0
            ],
            [
              34.0904725,
              53.8715907,
              0
            ],
            [
              34.0575135,
              53.8667323,
              0
            ],
            [
              34.0479004,
              53.870781,
              0
            ],
            [
              34.0479004,
              53.8659225,
              0
            ],
            [
              34.0300477,
              53.8594436,
              0
            ],
            [
              33.998462,
              53.8594436,
              0
            ],
            [
              34.0108216,
              53.8691616,
              0
            ],
            [
              33.9991486,
              53.8845437,
              0
            ],
            [
              33.9627564,
              53.87968680000001,
              0
            ],
            [
              33.9586365,
              53.8724004,
              0
            ],
            [
              33.9243042,
              53.8732101,
              0
            ],
            [
              33.9194977,
              53.8691616,
              0
            ],
            [
              33.8975251,
              53.86835180000001,
              0
            ],
            [
              33.8817322,
              53.875639,
              0
            ],
            [
              33.8858521,
              53.8809011,
              0
            ],
            [
              33.8283912,
              53.8813311,
              0
            ],
            [
              33.8036719,
              53.897518,
              0
            ],
            [
              33.7968055,
              53.9355324,
              0
            ],
            [
              33.8119117,
              53.94199950000001,
              0
            ],
            [
              33.8338843,
              53.9363409,
              0
            ],
            [
              33.8352576,
              53.94927379999999,
              0
            ],
            [
              33.8174048,
              53.94927379999999,
              0
            ],
            [
              33.7981788,
              53.946041,
              0
            ],
            [
              33.7992003,
              53.9676749,
              0
            ],
            [
              33.8160232,
              53.97635810000001,
              0
            ],
            [
              33.8167098,
              53.9910953,
              0
            ],
            [
              33.8029769,
              53.99008599999999,
              0
            ],
            [
              33.7621215,
              53.9995718,
              0
            ],
            [
              33.765898,
              54.0056254,
              0
            ],
            [
              33.7535384,
              54.000379,
              0
            ],
            [
              33.7442687,
              54.0040112,
              0
            ],
            [
              33.7404921,
              54.01349380000001,
              0
            ],
            [
              33.7157729,
              54.023781,
              0
            ],
            [
              33.6951735,
              54.023176,
              0
            ],
            [
              33.6656478,
              54.0270079,
              0
            ],
            [
              33.6429885,
              54.0207556,
              0
            ],
            [
              33.6292556,
              54.0205539,
              0
            ],
            [
              33.6230758,
              54.03043610000001,
              0
            ],
            [
              33.6134627,
              54.0213607,
              0
            ],
            [
              33.5986999,
              54.0221675,
              0
            ],
            [
              33.5990432,
              54.02962949999999,
              0
            ],
            [
              33.5150873,
              54.0030237,
              0
            ],
            [
              33.4587823,
              54.0078662,
              0
            ],
            [
              33.4368097,
              53.97637949999999,
              0
            ],
            [
              33.3818781,
              53.9335516,
              0
            ],
            [
              33.3365594,
              53.9303175,
              0
            ],
            [
              33.3324396,
              53.94971819999999,
              0
            ],
            [
              33.2706415,
              53.9278918,
              0
            ],
            [
              33.3090936,
              53.9109078,
              0
            ],
            [
              33.2830011,
              53.8987721,
              0
            ],
            [
              33.2486688,
              53.88582350000001,
              0
            ],
            [
              33.2418024,
              53.87044190000001,
              0
            ],
            [
              33.2706415,
              53.8635588,
              0
            ],
            [
              33.2575952,
              53.8526244,
              0
            ],
            [
              33.2665216,
              53.8437129,
              0
            ],
            [
              33.2905542,
              53.8445231,
              0
            ],
            [
              33.2905542,
              53.83439420000001,
              0
            ],
            [
              33.3036005,
              53.82507350000001,
              0
            ],
            [
              33.2933008,
              53.8145345,
              0
            ],
            [
              33.2802545,
              53.80561489999999,
              0
            ],
            [
              33.2582819,
              53.8023709,
              0
            ],
            [
              33.2431757,
              53.8007488,
              0
            ],
            [
              33.2335626,
              53.79588220000001,
              0
            ],
            [
              33.221203,
              53.7983155,
              0
            ],
            [
              33.2163965,
              53.80642579999999,
              0
            ],
            [
              33.1944238,
              53.80642579999999,
              0
            ],
            [
              33.1937372,
              53.8003433,
              0
            ],
            [
              33.2067834,
              53.7948682,
              0
            ],
            [
              33.2153665,
              53.7960849,
              0
            ],
            [
              33.2191431,
              53.79202899999999,
              0
            ],
            [
              33.20953,
              53.7774244,
              0
            ],
            [
              33.2229196,
              53.76809100000001,
              0
            ],
            [
              33.2236063,
              53.75104199999999,
              0
            ],
            [
              33.2301294,
              53.7477938,
              0
            ],
            [
              33.2256662,
              53.742921,
              0
            ],
            [
              33.232876,
              53.7356108,
              0
            ],
            [
              33.2109033,
              53.723018,
              0
            ],
            [
              33.1947672,
              53.7278931,
              0
            ],
            [
              33.1751978,
              53.72443990000001,
              0
            ],
            [
              33.1452222,
              53.7243797,
              0
            ],
            [
              33.1235929,
              53.7164567,
              0
            ],
            [
              33.1318326,
              53.70731299999999,
              0
            ],
            [
              33.1222196,
              53.70019979999999,
              0
            ],
            [
              33.1132932,
              53.7056872,
              0
            ],
            [
              33.0892606,
              53.69267880000001,
              0
            ],
            [
              33.0614515,
              53.68617309999999,
              0
            ],
            [
              33.0696912,
              53.6766161,
              0
            ],
            [
              33.0686612,
              53.6686841,
              0
            ],
            [
              33.0858274,
              53.66990449999999,
              0
            ],
            [
              33.088574,
              53.6654296,
              0
            ],
            [
              33.0803342,
              53.6619713,
              0
            ],
            [
              33.0573316,
              53.661361,
              0
            ],
            [
              33.0398221,
              53.66278499999999,
              0
            ],
            [
              33.0350156,
              53.6605472,
              0
            ],
            [
              33.0477185,
              53.6528157,
              0
            ],
            [
              33.0276929,
              53.6443049,
              0
            ],
            [
              33.0239163,
              53.6359598,
              0
            ],
            [
              33.0156766,
              53.6265949,
              0
            ],
            [
              32.9998837,
              53.620079,
              0
            ],
            [
              32.990614,
              53.617228,
              0
            ],
            [
              32.979971,
              53.61885720000001,
              0
            ],
            [
              32.970358,
              53.6141731,
              0
            ],
            [
              32.9511319,
              53.60419230000001,
              0
            ],
            [
              32.9566251,
              53.596043,
              0
            ],
            [
              32.9511319,
              53.5872807,
              0
            ],
            [
              32.9380856,
              53.5880959,
              0
            ],
            [
              32.9229794,
              53.5870769,
              0
            ],
            [
              32.9106198,
              53.5797396,
              0
            ],
            [
              32.9064999,
              53.57280870000001,
              0
            ],
            [
              32.9064999,
              53.56750790000001,
              0
            ],
            [
              32.8968869,
              53.56037109999999,
              0
            ],
            [
              32.8972302,
              53.55608850000001,
              0
            ],
            [
              32.9082166,
              53.5489498,
              0
            ],
            [
              32.9099332,
              53.5422179,
              0
            ],
            [
              32.9099332,
              53.5365051,
              0
            ],
            [
              32.9068433,
              53.5303835,
              0
            ],
            [
              32.8972302,
              53.524465,
              0
            ],
            [
              32.882124,
              53.5267101,
              0
            ],
            [
              32.8711377,
              53.5211993,
              0
            ],
            [
              32.861868,
              53.49506470000001,
              0
            ],
            [
              32.8738843,
              53.4917967,
              0
            ],
            [
              32.8783475,
              53.4966986,
              0
            ],
            [
              32.8920804,
              53.4993535,
              0
            ],
            [
              32.903925,
              53.4966986,
              0
            ],
            [
              32.9018651,
              53.494452,
              0
            ],
            [
              32.8972302,
              53.4955753,
              0
            ],
            [
              32.8888188,
              53.487405,
              0
            ],
            [
              32.8798924,
              53.48832419999999,
              0
            ],
            [
              32.868615,
              53.48190799999999,
              0
            ],
            [
              32.8698166,
              53.4732242,
              0
            ],
            [
              32.8821762,
              53.473122,
              0
            ],
            [
              32.8832062,
              53.4713851,
              0
            ],
            [
              32.8722199,
              53.47021,
              0
            ],
            [
              32.8650101,
              53.4716916,
              0
            ],
            [
              32.8705891,
              53.4689838,
              0
            ],
            [
              32.8873261,
              53.46627590000001,
              0
            ],
            [
              32.8870686,
              53.46923930000001,
              0
            ],
            [
              32.8926476,
              53.46954580000001,
              0
            ],
            [
              32.9029888,
              53.4609726,
              0
            ],
            [
              32.8933758,
              53.4532045,
              0
            ],
            [
              32.8827328,
              53.4487066,
              0
            ],
            [
              32.8875393,
              53.4409363,
              0
            ],
            [
              32.8820461,
              53.4343917,
              0
            ],
            [
              32.8655666,
              53.4350053,
              0
            ],
            [
              32.8580135,
              53.4278462,
              0
            ],
            [
              32.8429073,
              53.4300964,
              0
            ],
            [
              32.8298611,
              53.4356189,
              0
            ],
            [
              32.798962,
              53.4393002,
              0
            ],
            [
              32.7900356,
              53.4380732,
              0
            ],
            [
              32.799992,
              53.4251868,
              0
            ],
            [
              32.7835125,
              53.4163891,
              0
            ],
            [
              32.7697796,
              53.4131151,
              0
            ],
            [
              32.7653164,
              53.42457310000001,
              0
            ],
            [
              32.7577633,
              53.42170890000001,
              0
            ],
            [
              32.7529568,
              53.4262097,
              0
            ],
            [
              32.7399105,
              53.4219135,
              0
            ],
            [
              32.7460903,
              53.4159799,
              0
            ],
            [
              32.7405971,
              53.4098408,
              0
            ],
            [
              32.7491802,
              53.4006306,
              0
            ],
            [
              32.7598232,
              53.3991977,
              0
            ],
            [
              32.7666897,
              53.4024728,
              0
            ],
            [
              32.7793926,
              53.3938751,
              0
            ],
            [
              32.776646,
              53.3893709,
              0
            ],
            [
              32.7708095,
              53.38978040000001,
              0
            ],
            [
              32.7656597,
              53.3955129,
              0
            ],
            [
              32.7519268,
              53.3955129,
              0
            ],
            [
              32.7405971,
              53.3928515,
              0
            ],
            [
              32.744717,
              53.3862995,
              0
            ],
            [
              32.7275509,
              53.3766746,
              0
            ],
            [
              32.7241177,
              53.371554,
              0
            ],
            [
              32.7289242,
              53.363155,
              0
            ],
            [
              32.7275509,
              53.35823769999999,
              0
            ],
            [
              32.7529568,
              53.3395879,
              0
            ],
            [
              32.7515835,
              53.33610289999999,
              0
            ],
            [
              32.735104,
              53.3307725,
              0
            ],
            [
              32.7213711,
              53.3311825,
              0
            ],
            [
              32.7124447,
              53.33241270000001,
              0
            ],
            [
              32.7052349,
              53.3307725,
              0
            ],
            [
              32.6901287,
              53.3332327,
              0
            ],
            [
              32.6901287,
              53.34102270000001,
              0
            ],
            [
              32.6705593,
              53.3338478,
              0
            ],
            [
              32.6599163,
              53.3207248,
              0
            ],
            [
              32.6527065,
              53.3158026,
              0
            ],
            [
              32.6444668,
              53.3223654,
              0
            ],
            [
              32.6324505,
              53.3250312,
              0
            ],
            [
              32.6242107,
              53.3315926,
              0
            ],
            [
              32.626614,
              53.3363079,
              0
            ],
            [
              32.6218075,
              53.3371279,
              0
            ],
            [
              32.6132244,
              53.33610289999999,
              0
            ],
            [
              32.6200909,
              53.3149822,
              0
            ],
            [
              32.5994915,
              53.312726,
              0
            ],
            [
              32.592625,
              53.30821310000001,
              0
            ],
            [
              32.5902218,
              53.296929,
              0
            ],
            [
              32.5847286,
              53.290978,
              0
            ],
            [
              32.5709957,
              53.29836530000001,
              0
            ],
            [
              32.5555462,
              53.30205850000001,
              0
            ],
            [
              32.5449032,
              53.3012379,
              0
            ],
            [
              32.5387234,
              53.2987757,
              0
            ],
            [
              32.5253338,
              53.2942614,
              0
            ],
            [
              32.5243038,
              53.3090337,
              0
            ],
            [
              32.4881902,
              53.30367849999999,
              0
            ],
            [
              32.4895635,
              53.2981388,
              0
            ],
            [
              32.5153127,
              53.2938296,
              0
            ],
            [
              32.5129095,
              53.2847995,
              0
            ],
            [
              32.5043264,
              53.276794,
              0
            ],
            [
              32.4947134,
              53.25893000000001,
              0
            ],
            [
              32.4806371,
              53.2433187,
              0
            ],
            [
              32.4689642,
              53.2307843,
              0
            ],
            [
              32.4545446,
              53.22071309999999,
              0
            ],
            [
              32.4480215,
              53.208789,
              0
            ],
            [
              32.4332586,
              53.2075553,
              0
            ],
            [
              32.4284521,
              53.198507,
              0
            ],
            [
              32.4157027,
              53.1867783,
              0
            ],
            [
              32.3854903,
              53.1921267,
              0
            ],
            [
              32.3593978,
              53.1843095,
              0
            ],
            [
              32.3374251,
              53.1723753,
              0
            ],
            [
              32.3456648,
              53.1563206,
              0
            ],
            [
              32.3305586,
              53.1456141,
              0
            ],
            [
              32.2955397,
              53.1262534,
              0
            ],
            [
              32.2646407,
              53.1262534,
              0
            ],
            [
              32.2515944,
              53.13284530000001,
              0
            ],
            [
              32.2399214,
              53.12295710000001,
              0
            ],
            [
              32.233055,
              53.1007003,
              0
            ],
            [
              32.1911696,
              53.1085327,
              0
            ],
            [
              32.17675,
              53.1007003,
              0
            ],
            [
              32.1698836,
              53.0883304,
              0
            ],
            [
              32.0943526,
              53.076782,
              0
            ],
            [
              32.0710066,
              53.0788445,
              0
            ],
            [
              32.0504073,
              53.0870932,
              0
            ],
            [
              32.0195082,
              53.09080469999999,
              0
            ],
            [
              32.0140151,
              53.1007003,
              0
            ],
            [
              31.992729,
              53.0924541,
              0
            ],
            [
              31.992729,
              53.0854436,
              0
            ],
            [
              31.9426039,
              53.0821442,
              0
            ],
            [
              31.9123915,
              53.0883304,
              0
            ],
            [
              31.9233779,
              53.105235,
              0
            ],
            [
              31.8856124,
              53.1163637,
              0
            ],
            [
              31.8753127,
              53.1068839,
              0
            ],
            [
              31.8272475,
              53.1097692,
              0
            ],
            [
              31.8162612,
              53.12336910000001,
              0
            ],
            [
              31.7997817,
              53.146026,
              0
            ],
            [
              31.7915419,
              53.1789601,
              0
            ],
            [
              31.7668227,
              53.1822521,
              0
            ],
            [
              31.7489699,
              53.2007651,
              0
            ],
            [
              31.7338637,
              53.1954177,
              0
            ],
            [
              31.6857985,
              53.2122802,
              0
            ],
            [
              31.6631392,
              53.21186900000001,
              0
            ],
            [
              31.659706,
              53.2209145,
              0
            ],
            [
              31.6473464,
              53.2188589,
              0
            ],
            [
              31.6322402,
              53.229136,
              0
            ],
            [
              31.6130141,
              53.21186900000001,
              0
            ],
            [
              31.5979079,
              53.2057005,
              0
            ],
            [
              31.5786818,
              53.1937722,
              0
            ],
            [
              31.5443495,
              53.1859554,
              0
            ],
            [
              31.5340499,
              53.2007651,
              0
            ],
            [
              31.508644,
              53.1978858,
              0
            ],
            [
              31.5031508,
              53.2073455,
              0
            ],
            [
              31.4784316,
              53.2069343,
              0
            ],
            [
              31.4605788,
              53.2106354,
              0
            ],
            [
              31.4468459,
              53.2106354,
              0
            ],
            [
              31.4070204,
              53.20940170000001,
              0
            ],
            [
              31.4083937,
              53.1962404,
              0
            ],
            [
              31.4186934,
              53.1863668,
              0
            ],
            [
              31.4186934,
              53.1748447,
              0
            ],
            [
              31.3967207,
              53.17114060000001,
              0
            ],
            [
              31.3974074,
              53.1575558,
              0
            ],
            [
              31.367195,
              53.143143,
              0
            ],
            [
              31.3637618,
              53.1262534,
              0
            ],
            [
              31.3829878,
              53.12336910000001,
              0
            ],
            [
              31.4022139,
              53.1134787,
              0
            ],
            [
              31.3939742,
              53.0969897,
              0
            ],
            [
              31.3411025,
              53.0932788,
              0
            ],
            [
              31.3308028,
              53.0693564,
              0
            ],
            [
              31.3335494,
              53.042531,
              0
            ],
            [
              31.3053969,
              53.0359253,
              0
            ],
            [
              31.2614516,
              53.0433567,
              0
            ],
            [
              31.239544,
              53.0288017,
              0
            ],
            [
              31.2869225,
              53.0110409,
              0
            ],
            [
              31.3253746,
              52.9924461,
              0
            ],
            [
              31.3466607,
              52.9858327,
              0
            ],
            [
              31.3652001,
              52.9622642,
              0
            ],
            [
              31.3796196,
              52.9527505,
              0
            ],
            [
              31.3768731,
              52.9382691,
              0
            ],
            [
              31.3734398,
              52.9283362,
              0
            ],
            [
              31.3830529,
              52.92129899999999,
              0
            ],
            [
              31.3933525,
              52.9076353,
              0
            ],
            [
              31.4105187,
              52.91136210000001,
              0
            ],
            [
              31.4232216,
              52.9001805,
              0
            ],
            [
              31.4359246,
              52.8819524,
              0
            ],
            [
              31.4548073,
              52.87594369999999,
              0
            ],
            [
              31.4805565,
              52.8608147,
              0
            ],
            [
              31.5114556,
              52.8550105,
              0
            ],
            [
              31.5368615,
              52.86019289999999,
              0
            ],
            [
              31.5423546,
              52.8537666,
              0
            ],
            [
              31.539608,
              52.84443639999999,
              0
            ],
            [
              31.5358315,
              52.8388373,
              0
            ],
            [
              31.5220986,
              52.83303,
              0
            ],
            [
              31.5320549,
              52.81871599999999,
              0
            ],
            [
              31.5526543,
              52.80813309999999,
              0
            ],
            [
              31.561924,
              52.80834059999999,
              0
            ],
            [
              31.5674172,
              52.7967173,
              0
            ],
            [
              31.5808068,
              52.7933957,
              0
            ],
            [
              31.5876732,
              52.7948489,
              0
            ],
            [
              31.593853,
              52.7850908,
              0
            ],
            [
              31.593853,
              52.7676452,
              0
            ],
            [
              31.5893898,
              52.7591275,
              0
            ],
            [
              31.5965996,
              52.7572576,
              0
            ],
            [
              31.6058693,
              52.7441657,
              0
            ],
            [
              31.5935097,
              52.74229509999999,
              0
            ],
            [
              31.5904198,
              52.7333567,
              0
            ],
            [
              31.5756569,
              52.72608,
              0
            ],
            [
              31.5718804,
              52.7181781,
              0
            ],
            [
              31.5643273,
              52.7090267,
              0
            ],
            [
              31.5026492,
              52.6984668,
              0
            ],
            [
              31.4978427,
              52.6943054,
              0
            ],
            [
              31.5136356,
              52.684941,
              0
            ],
            [
              31.5150088,
              52.6768235,
              0
            ],
            [
              31.543848,
              52.6645403,
              0
            ],
            [
              31.543848,
              52.6570438,
              0
            ],
            [
              31.5575809,
              52.6518371,
              0
            ],
            [
              31.5596408,
              52.6416303,
              0
            ],
            [
              31.5713138,
              52.63538,
              0
            ],
            [
              31.5658206,
              52.61787449999999,
              0
            ],
            [
              31.5658206,
              52.5945229,
              0
            ],
            [
              31.5798969,
              52.59535709999999,
              0
            ],
            [
              31.5922565,
              52.5845112,
              0
            ],
            [
              31.6186923,
              52.57658369999999,
              0
            ],
            [
              31.6293353,
              52.5640637,
              0
            ],
            [
              31.6743106,
              52.56239409999999,
              0
            ],
            [
              31.6537112,
              52.55028750000001,
              0
            ],
            [
              31.6482181,
              52.5425626,
              0
            ],
            [
              31.6334552,
              52.5425626,
              0
            ],
            [
              31.6241855,
              52.5536276,
              0
            ],
            [
              31.6111392,
              52.5481999,
              0
            ],
            [
              31.6128558,
              52.53943049999999,
              0
            ],
            [
              31.6022128,
              52.5358806,
              0
            ],
            [
              31.5912265,
              52.5197976,
              0
            ],
            [
              31.596033,
              52.5141568,
              0
            ],
            [
              31.5754337,
              52.5183352,
              0
            ],
            [
              31.5620441,
              52.5181263,
              0
            ],
            [
              31.5610141,
              52.5072614,
              0
            ],
            [
              31.5706271,
              52.50517169999999,
              0
            ],
            [
              31.5720004,
              52.49890190000001,
              0
            ],
            [
              31.5836734,
              52.4955577,
              0
            ],
            [
              31.5950031,
              52.5049627,
              0
            ],
            [
              31.6049594,
              52.5047537,
              0
            ],
            [
              31.6138858,
              52.4938854,
              0
            ],
            [
              31.6269321,
              52.4922132,
              0
            ],
            [
              31.6131992,
              52.4763234,
              0
            ],
            [
              31.6074157,
              52.4636686,
              0
            ],
            [
              31.5947127,
              52.4594849,
              0
            ],
            [
              31.5806365,
              52.4594849,
              0
            ],
            [
              31.5809798,
              52.4550916,
              0
            ],
            [
              31.597116,
              52.4534178,
              0
            ],
            [
              31.6084457,
              52.4550916,
              0
            ],
            [
              31.6101623,
              52.44044410000001,
              0
            ],
            [
              31.5974593,
              52.43918839999999,
              0
            ],
            [
              31.6019225,
              52.4245356,
              0
            ],
            [
              31.5936828,
              52.4218138,
              0
            ],
            [
              31.5933395,
              52.4157416,
              0
            ],
            [
              31.6221786,
              52.4186731,
              0
            ],
            [
              31.6245818,
              52.4000336,
              0
            ],
            [
              31.6331649,
              52.3985673,
              0
            ],
            [
              31.6221308,
              52.3759474,
              0
            ],
            [
              31.6272806,
              52.36504730000001,
              0
            ],
            [
              31.6180109,
              52.3413514,
              0
            ],
            [
              31.6252207,
              52.33044279999999,
              0
            ],
            [
              31.6176676,
              52.3272955,
              0
            ],
            [
              31.604278,
              52.32897410000001,
              0
            ],
            [
              31.5963816,
              52.3266661,
              0
            ],
            [
              31.5877985,
              52.32792500000001,
              0
            ],
            [
              31.5812754,
              52.3275054,
              0
            ],
            [
              31.5833353,
              52.3205807,
              0
            ],
            [
              31.626594,
              52.2886715,
              0
            ],
            [
              31.6289972,
              52.2953911,
              0
            ],
            [
              31.6482233,
              52.2872014,
              0
            ],
            [
              31.6482233,
              52.27964039999999,
              0
            ],
            [
              31.6602396,
              52.27543919999999,
              0
            ],
            [
              31.6835855,
              52.2771197,
              0
            ],
            [
              31.7141413,
              52.26514470000001,
              0
            ],
            [
              31.7086481,
              52.2592611,
              0
            ],
            [
              31.69731850000001,
              52.2561088,
              0
            ],
            [
              31.7131113,
              52.2161606,
              0
            ],
            [
              31.7041849,
              52.2136363,
              0
            ],
            [
              31.6986917,
              52.2026962,
              0
            ],
            [
              31.6883921,
              52.2018546,
              0
            ],
            [
              31.6877054,
              52.1940685,
              0
            ],
            [
              31.7083048,
              52.1856496,
              0
            ],
            [
              31.7237543,
              52.1923848,
              0
            ],
            [
              31.7357706,
              52.1925953,
              0
            ],
            [
              31.745727,
              52.1879649,
              0
            ],
            [
              31.7594599,
              52.1896488,
              0
            ],
            [
              31.7701029,
              52.1864915,
              0
            ],
            [
              31.7769693,
              52.18733349999999,
              0
            ],
            [
              31.7831491,
              52.1864915,
              0
            ],
            [
              31.7828058,
              52.1494301,
              0
            ],
            [
              31.787269,
              52.1374206,
              0
            ],
            [
              31.7838358,
              52.1351026,
              0
            ],
            [
              31.7941355,
              52.12477549999999,
              0
            ],
            [
              31.8016886,
              52.1205597,
              0
            ],
            [
              31.7905809,
              52.11782940000001,
              0
            ],
            [
              31.7880918,
              52.11556310000001,
              0
            ],
            [
              31.7888214,
              52.1129541,
              0
            ],
            [
              31.7895939,
              52.1114387,
              0
            ],
            [
              31.793821,
              52.1109643,
              0
            ],
            [
              31.7997304,
              52.1067726,
              0
            ],
            [
              31.8047086,
              52.1049275,
              0
            ],
            [
              31.8165532,
              52.10487470000001,
              0
            ],
            [
              31.824793,
              52.10614,
              0
            ],
            [
              31.8359509,
              52.10729969999999,
              0
            ],
            [
              31.8425599,
              52.1112533,
              0
            ],
            [
              31.8542329,
              52.1120439,
              0
            ],
            [
              31.8687383,
              52.11330889999999,
              0
            ],
            [
              31.8795529,
              52.110568,
              0
            ],
            [
              31.8837586,
              52.1084595,
              0
            ],
            [
              31.8974057,
              52.1078269,
              0
            ],
            [
              31.9071046,
              52.104084,
              0
            ],
            [
              31.9135419,
              52.10049890000001,
              0
            ],
            [
              31.9264165,
              52.09712440000001,
              0
            ],
            [
              31.932768,
              52.0939606,
              0
            ],
            [
              31.9391194,
              52.0908493,
              0
            ],
            [
              31.9402352,
              52.0887926,
              0
            ],
            [
              31.957058,
              52.0825691,
              0
            ],
            [
              31.9619504,
              52.0785076,
              0
            ],
            [
              31.964182,
              52.0718078,
              0
            ],
            [
              31.9640103,
              52.06795630000001,
              0
            ],
            [
              31.9578305,
              52.0658458,
              0
            ],
            [
              31.9523374,
              52.06178269999999,
              0
            ],
            [
              31.9473592,
              52.058722,
              0
            ],
            [
              31.946458,
              52.0568749,
              0
            ],
            [
              31.940836,
              52.055793,
              0
            ],
            [
              31.9302789,
              52.0560832,
              0
            ],
            [
              31.9284764,
              52.0534443,
              0
            ],
            [
              31.9310084,
              52.0494857,
              0
            ],
            [
              31.9349566,
              52.04922180000001,
              0
            ],
            [
              31.9391194,
              52.05199289999999,
              0
            ],
            [
              31.9424668,
              52.0539193,
              0
            ],
            [
              31.957573,
              52.0550805,
              0
            ],
            [
              31.9642844,
              52.057968,
              0
            ],
            [
              31.9729533,
              52.0596568,
              0
            ],
            [
              31.9983592,
              52.06150379999999,
              0
            ],
            [
              32.0180145,
              52.0640367,
              0
            ],
            [
              32.0330348,
              52.06366729999999,
              0
            ],
            [
              32.0623031,
              52.0618732,
              0
            ],
            [
              32.0926013,
              52.0622425,
              0
            ],
            [
              32.1077075,
              52.0669915,
              0
            ],
            [
              32.1288219,
              52.0712124,
              0
            ],
            [
              32.1471896,
              52.07290059999999,
              0
            ],
            [
              32.1574893,
              52.0742723,
              0
            ],
            [
              32.1700206,
              52.0780705,
              0
            ],
            [
              32.1763721,
              52.0820793,
              0
            ],
            [
              32.178947,
              52.08861929999999,
              0
            ],
            [
              32.2031513,
              52.0909397,
              0
            ],
            [
              32.2172275,
              52.0953693,
              0
            ],
            [
              32.24332,
              52.0997984,
              0
            ],
            [
              32.2652927,
              52.109077,
              0
            ],
            [
              32.2791972,
              52.10992040000001,
              0
            ],
            [
              32.2862354,
              52.1125559,
              0
            ],
            [
              32.286922,
              52.1191969,
              0
            ],
            [
              32.2894969,
              52.1247829,
              0
            ],
            [
              32.29911,
              52.1274176,
              0
            ],
            [
              32.3082938,
              52.13279190000001,
              0
            ],
            [
              32.3172202,
              52.13742800000001,
              0
            ],
            [
              32.3240867,
              52.1400619,
              0
            ],
            [
              32.3295799,
              52.13942980000001,
              0
            ],
            [
              32.3332706,
              52.1422743,
              0
            ],
            [
              32.3422828,
              52.1430117,
              0
            ],
            [
              32.352325,
              52.1440652,
              0
            ],
            [
              32.3567024,
              52.14643540000001,
              0
            ],
            [
              32.3577323,
              52.1498588,
              0
            ],
            [
              32.356359,
              52.1527553,
              0
            ],
            [
              32.3464885,
              52.1509121,
              0
            ],
            [
              32.3318973,
              52.1489108,
              0
            ],
            [
              32.3222842,
              52.1489634,
              0
            ],
            [
              32.3154178,
              52.1514387,
              0
            ],
            [
              32.3212543,
              52.1590216,
              0
            ],
            [
              32.3207393,
              52.1674982,
              0
            ],
            [
              32.3278797,
              52.1750602,
              0
            ],
            [
              32.3335445,
              52.1830601,
              0
            ],
            [
              32.3368061,
              52.19021670000001,
              0
            ],
            [
              32.3229015,
              52.2029484,
              0
            ],
            [
              32.3201549,
              52.2112589,
              0
            ],
            [
              32.3162067,
              52.2178851,
              0
            ],
            [
              32.3149629,
              52.2262864,
              0
            ],
            [
              32.3206277,
              52.2313334,
              0
            ],
            [
              32.342772,
              52.2493084,
              0
            ],
            [
              32.3647447,
              52.2484676,
              0
            ],
            [
              32.3789926,
              52.2481523,
              0
            ],
            [
              32.3865457,
              52.2462605,
              0
            ],
            [
              32.3872323,
              52.25340689999999,
              0
            ],
            [
              32.3815675,
              52.2607623,
              0
            ],
            [
              32.3729844,
              52.27021750000001,
              0
            ],
            [
              32.3644014,
              52.2748393,
              0
            ],
            [
              32.3530717,
              52.28912170000001,
              0
            ],
            [
              32.3499818,
              52.30067040000001,
              0
            ],
            [
              32.3446603,
              52.3136853,
              0
            ],
            [
              32.342772,
              52.3236537,
              0
            ],
            [
              32.3529,
              52.33026319999999,
              0
            ],
            [
              32.3631997,
              52.33582269999999,
              0
            ],
            [
              32.3741861,
              52.3400181,
              0
            ],
            [
              32.387404,
              52.3436888,
              0
            ],
            [
              32.3995919,
              52.3449473,
              0
            ],
            [
              32.40869,
              52.3421157,
              0
            ],
            [
              32.4124665,
              52.3363472,
              0
            ],
            [
              32.4224229,
              52.3313122,
              0
            ],
            [
              32.4306626,
              52.3282699,
              0
            ],
            [
              32.4538369,
              52.330473,
              0
            ],
            [
              32.4711747,
              52.33278079999999,
              0
            ],
            [
              32.4776979,
              52.3282699,
              0
            ],
            [
              32.4921174,
              52.3264865,
              0
            ],
            [
              32.4996705,
              52.3309975,
              0
            ],
            [
              32.515635,
              52.33110239999999,
              0
            ],
            [
              32.5310846,
              52.3314171,
              0
            ],
            [
              32.5628419,
              52.3292141,
              0
            ],
            [
              32.5676484,
              52.31893209999999,
              0
            ],
            [
              32.5758882,
              52.310222,
              0
            ],
            [
              32.5827546,
              52.3036096,
              0
            ],
            [
              32.5944276,
              52.30728329999999,
              0
            ],
            [
              32.6121087,
              52.3086477,
              0
            ],
            [
              32.6282449,
              52.29909580000001,
              0
            ],
            [
              32.6385446,
              52.2944765,
              0
            ],
            [
              32.6471276,
              52.2888067,
              0
            ],
            [
              32.6886497,
              52.2718486,
              0
            ],
            [
              32.699636,
              52.2626039,
              0
            ],
            [
              32.7198921,
              52.2622887,
              0
            ],
            [
              32.7382598,
              52.270588,
              0
            ],
            [
              32.7526794,
              52.272899,
              0
            ],
            [
              32.7669273,
              52.2716385,
              0
            ],
            [
              32.7854667,
              52.26848709999999,
              0
            ],
            [
              32.8012596,
              52.2694325,
              0
            ],
            [
              32.8165374,
              52.26638599999999,
              0
            ],
            [
              32.8318153,
              52.2838218,
              0
            ],
            [
              32.8460632,
              52.2823516,
              0
            ],
            [
              32.8658042,
              52.27909590000001,
              0
            ],
            [
              32.8822837,
              52.2787808,
              0
            ],
            [
              32.8985916,
              52.2715334,
              0
            ],
            [
              32.8913818,
              52.2635495,
              0
            ],
            [
              32.8930984,
              52.2547234,
              0
            ],
            [
              32.9032264,
              52.25178090000001,
              0
            ],
            [
              32.9140411,
              52.2571402,
              0
            ],
            [
              32.9231391,
              52.2648102,
              0
            ],
            [
              32.9346404,
              52.2698527,
              0
            ],
            [
              32.9521499,
              52.2741594,
              0
            ],
            [
              32.9675994,
              52.2789909,
              0
            ],
            [
              32.9856239,
              52.2785708,
              0
            ],
            [
              32.9904304,
              52.2842418,
              0
            ],
            [
              32.9892288,
              52.2920121,
              0
            ],
            [
              33.0048499,
              52.29379699999999,
              0
            ],
            [
              33.0153213,
              52.2985213,
              0
            ],
            [
              33.0201278,
              52.3041898,
              0
            ],
            [
              33.0304275,
              52.308808,
              0
            ],
            [
              33.035749,
              52.3161543,
              0
            ],
            [
              33.0414138,
              52.3232894,
              0
            ],
            [
              33.0522285,
              52.3321018,
              0
            ],
            [
              33.0652748,
              52.3362976,
              0
            ],
            [
              33.0781494,
              52.3307381,
              0
            ],
            [
              33.0929122,
              52.3270664,
              0
            ],
            [
              33.1063018,
              52.33367530000001,
              0
            ],
            [
              33.1196914,
              52.3381856,
              0
            ],
            [
              33.1231246,
              52.3429052,
              0
            ],
            [
              33.1365142,
              52.34909230000001,
              0
            ],
            [
              33.1439817,
              52.348252,
              0
            ],
            [
              33.155998,
              52.3477277,
              0
            ],
            [
              33.1608046,
              52.3590514,
              0
            ],
            [
              33.1590879,
              52.3754027,
              0
            ],
            [
              33.180374,
              52.3845191,
              0
            ],
            [
              33.2066381,
              52.3857764,
              0
            ],
            [
              33.2253492,
              52.3790705,
              0
            ],
            [
              33.2342756,
              52.373726,
              0
            ],
            [
              33.245262,
              52.3700578,
              0
            ],
            [
              33.2540167,
              52.3675423,
              0
            ],
            [
              33.2837141,
              52.3650266,
              0
            ],
            [
              33.3050001,
              52.3620915,
              0
            ],
            [
              33.3130682,
              52.3616722,
              0
            ],
            [
              33.3228529,
              52.3586321,
              0
            ],
            [
              33.3343542,
              52.3582127,
              0
            ],
            [
              33.3424223,
              52.35999489999999,
              0
            ],
            [
              33.3461988,
              52.367123,
              0
            ],
            [
              33.3482588,
              52.3729923,
              0
            ],
            [
              33.3556402,
              52.37739379999999,
              0
            ],
            [
              33.3721197,
              52.3796992,
              0
            ],
            [
              33.3925474,
              52.3805375,
              0
            ],
            [
              33.4066237,
              52.37456439999999,
              0
            ],
            [
              33.4145201,
              52.36911450000001,
              0
            ],
            [
              33.4407843,
              52.3736212,
              0
            ],
            [
              33.4557188,
              52.37236349999999,
              0
            ],
            [
              33.4627569,
              52.37236349999999,
              0
            ],
            [
              33.4725416,
              52.36963849999999,
              0
            ],
            [
              33.4807814,
              52.3677519,
              0
            ],
            [
              33.4854162,
              52.36293020000001,
              0
            ],
            [
              33.4938276,
              52.3618819,
              0
            ],
            [
              33.5151136,
              52.36020460000001,
              0
            ],
            [
              33.5257566,
              52.35664010000001,
              0
            ],
            [
              33.5261,
              52.3511881,
              0
            ],
            [
              33.5278166,
              52.3436379,
              0
            ],
            [
              33.5202635,
              52.33335919999999,
              0
            ],
            [
              33.5097921,
              52.3291632,
              0
            ],
            [
              33.5015524,
              52.3268552,
              0
            ],
            [
              33.4939993,
              52.3221339,
              0
            ],
            [
              33.494171,
              52.3172022,
              0
            ],
            [
              33.502239,
              52.31373930000001,
              0
            ],
            [
              33.5101355,
              52.31111559999999,
              0
            ],
            [
              33.525585,
              52.31111559999999,
              0
            ],
            [
              33.5410345,
              52.30880669999999,
              0
            ],
            [
              33.5540808,
              52.3074422,
              0
            ],
            [
              33.5582006,
              52.3096463,
              0
            ],
            [
              33.5551107,
              52.3132145,
              0
            ],
            [
              33.5413778,
              52.3182516,
              0
            ],
            [
              33.536228,
              52.323393,
              0
            ],
            [
              33.5389746,
              52.3267503,
              0
            ],
            [
              33.546871,
              52.32832389999999,
              0
            ],
            [
              33.557514,
              52.3268552,
              0
            ],
            [
              33.5680161,
              52.3226698,
              0
            ],
            [
              33.5846673,
              52.3281254,
              0
            ],
            [
              33.592907,
              52.3349439,
              0
            ],
            [
              33.6073266,
              52.3410273,
              0
            ],
            [
              33.6332474,
              52.3435443,
              0
            ],
            [
              33.6498986,
              52.344593,
              0
            ],
            [
              33.6613999,
              52.3473195,
              0
            ],
            [
              33.669983,
              52.35088480000001,
              0
            ],
            [
              33.6737595,
              52.356232,
              0
            ],
            [
              33.6837159,
              52.3616835,
              0
            ],
            [
              33.6988221,
              52.3632559,
              0
            ],
            [
              33.7116967,
              52.3657716,
              0
            ],
            [
              33.7240563,
              52.36514270000001,
              0
            ],
            [
              33.7273179,
              52.35927240000001,
              0
            ],
            [
              33.7400208,
              52.36115929999999,
              0
            ],
            [
              33.7589036,
              52.366715,
              0
            ],
            [
              33.7781297,
              52.3720604,
              0
            ],
            [
              33.7925492,
              52.37258439999999,
              0
            ],
            [
              33.8097153,
              52.3708027,
              0
            ],
            [
              33.8364945,
              52.3653524,
              0
            ],
            [
              33.8462792,
              52.3590627,
              0
            ],
            [
              33.8468759,
              52.35032830000001,
              0
            ],
            [
              33.8604372,
              52.3397366,
              0
            ],
            [
              33.8739984,
              52.3272539,
              0
            ],
            [
              33.8801782,
              52.3213785,
              0
            ],
            [
              33.8939111,
              52.3119343,
              0
            ],
            [
              33.9055841,
              52.3107798,
              0
            ],
            [
              33.9268701,
              52.3078411,
              0
            ],
            [
              33.9423196,
              52.2999687,
              0
            ],
            [
              33.9553659,
              52.2903099,
              0
            ],
            [
              33.9594375,
              52.2713478,
              0
            ],
            [
              33.9712821,
              52.2508596,
              0
            ],
            [
              33.9930831,
              52.2415055,
              0
            ],
            [
              34.0038977,
              52.2298362,
              0
            ],
            [
              34.018489,
              52.217533,
              0
            ],
            [
              34.0141974,
              52.2095392,
              0
            ],
            [
              34.0246688,
              52.2044898,
              0
            ],
            [
              34.03926,
              52.2062782,
              0
            ],
            [
              34.0471564,
              52.2125896,
              0
            ],
            [
              34.061061,
              52.21048589999999,
              0
            ],
            [
              34.0747939,
              52.20648860000001,
              0
            ],
            [
              34.0814887,
              52.1951259,
              0
            ],
            [
              34.0837203,
              52.1851285,
              0
            ],
            [
              34.1304027,
              52.1510244,
              0
            ],
            [
              34.1331493,
              52.145863,
              0
            ],
            [
              34.1240512,
              52.13111290000001,
              0
            ],
            [
              34.1185581,
              52.12141729999999,
              0
            ],
            [
              34.1152965,
              52.109084,
              0
            ],
            [
              34.1091167,
              52.0917905,
              0
            ],
            [
              34.1034519,
              52.0851455,
              0
            ],
            [
              34.0902339,
              52.077761,
              0
            ],
            [
              34.0972721,
              52.0706918,
              0
            ],
            [
              34.1039669,
              52.0473662,
              0
            ],
            [
              34.1055118,
              52.03934189999999,
              0
            ],
            [
              34.1013919,
              52.0323722,
              0
            ],
            [
              34.1043102,
              52.0213876,
              0
            ],
            [
              34.1080867,
              52.01219639999999,
              0
            ],
            [
              34.1254245,
              52.0131473,
              0
            ],
            [
              34.1496288,
              52.0034261,
              0
            ],
            [
              34.1534053,
              51.9961337,
              0
            ],
            [
              34.1472255,
              51.98862880000001,
              0
            ],
            [
              34.1446506,
              51.9835543,
              0
            ],
            [
              34.1467105,
              51.97594149999999,
              0
            ],
            [
              34.1482555,
              51.9725577,
              0
            ],
            [
              34.173318,
              51.9763645,
              0
            ],
            [
              34.1935741,
              51.9736152,
              0
            ],
            [
              34.2162334,
              51.9632507,
              0
            ],
            [
              34.2126285,
              51.9514027,
              0
            ],
            [
              34.21795,
              51.9449484,
              0
            ],
            [
              34.2237865,
              51.93679989999999,
              0
            ],
            [
              34.2351161,
              51.9284382,
              0
            ],
            [
              34.2663585,
              51.92367449999999,
              0
            ],
            [
              34.2715084,
              51.91499270000001,
              0
            ],
            [
              34.2783748,
              51.90599149999999,
              0
            ],
            [
              34.292451,
              51.89497579999999,
              0
            ],
            [
              34.3079006,
              51.8897848,
              0
            ],
            [
              34.3206511,
              51.8860244,
              0
            ],
            [
              34.332839,
              51.8780242,
              0
            ],
            [
              34.3393622,
              51.8796667,
              0
            ],
            [
              34.3415938,
              51.878607,
              0
            ],
            [
              34.3442545,
              51.8795078,
              0
            ],
            [
              34.3487177,
              51.8773883,
              0
            ],
            [
              34.3635664,
              51.86376850000001,
              0
            ],
            [
              34.35128160423703,
              51.853710980496,
              0
            ],
            [
              34.36368968182477,
              51.84155379172553,
              0
            ],
            [
              34.37901160489083,
              51.84103055340793,
              0
            ],
            [
              34.4022344,
              51.8369766,
              0
            ],
            [
              34.4162756,
              51.8284864,
              0
            ],
            [
              34.4197439,
              51.811725,
              0
            ],
            [
              34.4175635,
              51.8001822,
              0
            ],
            [
              34.4096671,
              51.7886096,
              0
            ],
            [
              34.4162539,
              51.7813371,
              0
            ],
            [
              34.4295798,
              51.7778838,
              0
            ],
            [
              34.4398795,
              51.7637558,
              0
            ],
            [
              34.4454352,
              51.74970520000001,
              0
            ],
            [
              34.4419162,
              51.7351432,
              0
            ],
            [
              34.4343863,
              51.728576,
              0
            ],
            [
              34.428054,
              51.72756819999999,
              0
            ],
            [
              34.4261465,
              51.72230239999999,
              0
            ],
            [
              34.412242,
              51.7191121,
              0
            ],
            [
              34.4013185,
              51.71449,
              0
            ],
            [
              34.3939372,
              51.7157256,
              0
            ],
            [
              34.3859778,
              51.7152834,
              0
            ],
            [
              34.3789397,
              51.71400710000001,
              0
            ],
            [
              34.3726298,
              51.71185929999999,
              0
            ],
            [
              34.3653784,
              51.7103907,
              0
            ],
            [
              34.3545638,
              51.7110289,
              0
            ],
            [
              34.3490706,
              51.712199,
              0
            ],
            [
              34.3491887,
              51.715001,
              0
            ],
            [
              34.3489042,
              51.7166028,
              0
            ],
            [
              34.3485634,
              51.7179272,
              0
            ],
            [
              34.3477077,
              51.7186136,
              0
            ],
            [
              34.3442219,
              51.7187774,
              0
            ],
            [
              34.3416803,
              51.7187816,
              0
            ],
            [
              34.3378846,
              51.7191089,
              0
            ],
            [
              34.3334969,
              51.7203723,
              0
            ],
            [
              34.3306198,
              51.7210695,
              0
            ],
            [
              34.3284575,
              51.7218971,
              0
            ],
            [
              34.3272313,
              51.7230308,
              0
            ],
            [
              34.3258493,
              51.7246687,
              0
            ],
            [
              34.3239998,
              51.72589260000001,
              0
            ],
            [
              34.3217682,
              51.7270889,
              0
            ],
            [
              34.3186911,
              51.7267525,
              0
            ],
            [
              34.3135713,
              51.7268097,
              0
            ],
            [
              34.3115242,
              51.727736,
              0
            ],
            [
              34.3099793,
              51.7284006,
              0
            ],
            [
              34.3082284,
              51.72894960000001,
              0
            ],
            [
              34.307413,
              51.728604,
              0
            ],
            [
              34.306898,
              51.72661039999999,
              0
            ],
            [
              34.3065547,
              51.724404,
              0
            ],
            [
              34.3028425,
              51.7236463,
              0
            ],
            [
              34.3011044,
              51.7236065,
              0
            ],
            [
              34.2996668,
              51.7233007,
              0
            ],
            [
              34.2988299,
              51.72274250000001,
              0
            ],
            [
              34.2980059,
              51.7217016,
              0
            ],
            [
              34.29677,
              51.7205093,
              0
            ],
            [
              34.2957314,
              51.7201596,
              0
            ],
            [
              34.2947443,
              51.7190961,
              0
            ],
            [
              34.2941629,
              51.7173654,
              0
            ],
            [
              34.2936908,
              51.7169134,
              0
            ],
            [
              34.2930358,
              51.7150721,
              0
            ],
            [
              34.2918986,
              51.7145669,
              0
            ],
            [
              34.2918986,
              51.71402839999999,
              0
            ],
            [
              34.2908793,
              51.7132174,
              0
            ],
            [
              34.2892915,
              51.7126657,
              0
            ],
            [
              34.2876714,
              51.710565,
              0
            ],
            [
              34.2854827,
              51.7062104,
              0
            ],
            [
              34.2857462,
              51.7046752,
              0
            ],
            [
              34.2860477,
              51.7028667,
              0
            ],
            [
              34.2714796,
              51.70198689999999,
              0
            ],
            [
              34.2578073,
              51.6994645,
              0
            ],
            [
              34.2498685,
              51.6998893,
              0
            ],
            [
              34.2366092,
              51.6959511,
              0
            ],
            [
              34.2313742,
              51.6956855,
              0
            ],
            [
              34.2269969,
              51.6988244,
              0
            ],
            [
              34.2210112,
              51.6996463,
              0
            ],
            [
              34.2132864,
              51.70039109999999,
              0
            ],
            [
              34.2107115,
              51.69730560000001,
              0
            ],
            [
              34.2042511,
              51.69302609999999,
              0
            ],
            [
              34.1997252,
              51.6919854,
              0
            ],
            [
              34.1899405,
              51.6934751,
              0
            ],
            [
              34.1842524,
              51.6916948,
              0
            ],
            [
              34.1789542,
              51.69060200000001,
              0
            ],
            [
              34.174491,
              51.688048,
              0
            ],
            [
              34.1698329,
              51.68648039999999,
              0
            ],
            [
              34.1605864,
              51.68400389999999,
              0
            ],
            [
              34.1497717,
              51.6836846,
              0
            ],
            [
              34.1411887,
              51.68400389999999,
              0
            ],
            [
              34.1353522,
              51.6842167,
              0
            ],
            [
              34.1228209,
              51.68176880000001,
              0
            ],
            [
              34.1145811,
              51.6790014,
              0
            ],
            [
              34.1068564,
              51.6767661,
              0
            ],
            [
              34.1032515,
              51.6730403,
              0
            ],
            [
              34.1051398,
              51.6698465,
              0
            ],
            [
              34.1068564,
              51.6664396,
              0
            ],
            [
              34.1077147,
              51.6627129,
              0
            ],
            [
              34.108573,
              51.65877299999999,
              0
            ],
            [
              34.1113196,
              51.6547262,
              0
            ],
            [
              34.1157596,
              51.65326390000001,
              0
            ],
            [
              34.1340418,
              51.65166730000001,
              0
            ],
            [
              34.1339557,
              51.6463408,
              0
            ],
            [
              34.1508017,
              51.6455664,
              0
            ],
            [
              34.1657362,
              51.6470577,
              0
            ],
            [
              34.1722594,
              51.6446077,
              0
            ],
            [
              34.1758301,
              51.6343159,
              0
            ],
            [
              34.1796067,
              51.6299473,
              0
            ],
            [
              34.1866448,
              51.6246191,
              0
            ],
            [
              34.1869881,
              51.6158796,
              0
            ],
            [
              34.1914623,
              51.60232739999999,
              0
            ],
            [
              34.2178872,
              51.60415319999999,
              0
            ],
            [
              34.2364266,
              51.5897043,
              0
            ],
            [
              34.2503312,
              51.5820247,
              0
            ],
            [
              34.2535069,
              51.5793579,
              0
            ],
            [
              34.259515,
              51.57354369999999,
              0
            ],
            [
              34.2631199,
              51.5642075,
              0
            ],
            [
              34.266124,
              51.5572173,
              0
            ],
            [
              34.2693856,
              51.55086659999999,
              0
            ],
            [
              34.2663815,
              51.54552919999999,
              0
            ],
            [
              34.2642357,
              51.54291359999999,
              0
            ],
            [
              34.2630341,
              51.5391768,
              0
            ],
            [
              34.2654374,
              51.5381091,
              0
            ],
            [
              34.2705872,
              51.53741509999999,
              0
            ],
            [
              34.2753937,
              51.5366143,
              0
            ],
            [
              34.2802002,
              51.5370414,
              0
            ],
            [
              34.2848351,
              51.5377354,
              0
            ],
            [
              34.2968514,
              51.5366677,
              0
            ],
            [
              34.3014004,
              51.5281782,
              0
            ],
            [
              34.303632,
              51.5265228,
              0
            ],
            [
              34.3093827,
              51.5251344,
              0
            ],
            [
              34.311271,
              51.5221972,
              0
            ],
            [
              34.3128159,
              51.5184588,
              0
            ],
            [
              34.3129876,
              51.5157348,
              0
            ],
            [
              34.3080952,
              51.5124231,
              0
            ],
            [
              34.2999413,
              51.5052113,
              0
            ],
            [
              34.3023446,
              51.4966091,
              0
            ],
            [
              34.3028256,
              51.4944847,
              0
            ],
            [
              34.3001988,
              51.49089129999999,
              0
            ],
            [
              34.2955639,
              51.4871502,
              0
            ],
            [
              34.2956476,
              51.4845427,
              0
            ],
            [
              34.2949609,
              51.4814426,
              0
            ],
            [
              34.2930727,
              51.4789837,
              0
            ],
            [
              34.288352,
              51.4759366,
              0
            ],
            [
              34.2850904,
              51.473424,
              0
            ],
            [
              34.2819147,
              51.4723547,
              0
            ],
            [
              34.2786531,
              51.47288930000001,
              0
            ],
            [
              34.2744474,
              51.47369129999999,
              0
            ],
            [
              34.2701559,
              51.47182010000001,
              0
            ],
            [
              34.2673235,
              51.4681309,
              0
            ],
            [
              34.2623453,
              51.46492270000001,
              0
            ],
            [
              34.2606287,
              51.46219549999999,
              0
            ],
            [
              34.2581396,
              51.45952170000001,
              0
            ],
            [
              34.2529039,
              51.4564733,
              0
            ],
            [
              34.2488699,
              51.4541736,
              0
            ],
            [
              34.249299,
              51.4512853,
              0
            ],
            [
              34.2547064,
              51.4484504,
              0
            ],
            [
              34.2562513,
              51.4456687,
              0
            ],
            [
              34.2600279,
              51.44213800000001,
              0
            ],
            [
              34.2581396,
              51.43892790000001,
              0
            ],
            [
              34.2523031,
              51.4360387,
              0
            ],
            [
              34.2517881,
              51.4335774,
              0
            ],
            [
              34.2517881,
              51.42951050000001,
              0
            ],
            [
              34.2480116,
              51.4283332,
              0
            ],
            [
              34.2399435,
              51.4283332,
              0
            ],
            [
              34.2337637,
              51.4282262,
              0
            ],
            [
              34.2296438,
              51.4261926,
              0
            ],
            [
              34.2299871,
              51.4224462,
              0
            ],
            [
              34.2296438,
              51.41805719999999,
              0
            ],
            [
              34.2306738,
              51.4128113,
              0
            ],
            [
              34.2305021,
              51.4055302,
              0
            ],
            [
              34.2305381,
              51.40090070000001,
              0
            ],
            [
              34.2359953,
              51.4016751,
              0
            ],
            [
              34.2416601,
              51.4030672,
              0
            ],
            [
              34.2474966,
              51.40370979999999,
              0
            ],
            [
              34.2547064,
              51.4014609,
              0
            ],
            [
              34.2584993,
              51.39908019999999,
              0
            ],
            [
              34.2641477,
              51.3961059,
              0
            ],
            [
              34.2682676,
              51.3929998,
              0
            ],
            [
              34.2742758,
              51.3916073,
              0
            ],
            [
              34.287837,
              51.3909646,
              0
            ],
            [
              34.2952184,
              51.390429,
              0
            ],
            [
              34.3060331,
              51.3897863,
              0
            ],
            [
              34.3328123,
              51.38325149999999,
              0
            ],
            [
              34.3400221,
              51.3772515,
              0
            ],
            [
              34.3456869,
              51.3729654,
              0
            ],
            [
              34.3462019,
              51.3692146,
              0
            ],
            [
              34.3479185,
              51.3673927,
              0
            ],
            [
              34.3534116,
              51.3649277,
              0
            ],
            [
              34.3570165,
              51.36106909999999,
              0
            ],
            [
              34.3556432,
              51.3567814,
              0
            ],
            [
              34.3499784,
              51.3550663,
              0
            ],
            [
              34.3436269,
              51.3524934,
              0
            ],
            [
              34.3396787,
              51.3489554,
              0
            ],
            [
              34.331954,
              51.3427365,
              0
            ],
            [
              34.3280058,
              51.33973390000001,
              0
            ],
            [
              34.3245725,
              51.3332992,
              0
            ],
            [
              34.3211393,
              51.3268637,
              0
            ],
            [
              34.3183927,
              51.3188179,
              0
            ],
            [
              34.3173628,
              51.3086246,
              0
            ],
            [
              34.3017416,
              51.29451120000001,
              0
            ],
            [
              34.2948751,
              51.292901,
              0
            ],
            [
              34.2866291,
              51.2883104,
              0
            ],
            [
              34.277194,
              51.28710389999999,
              0
            ],
            [
              34.2730461,
              51.2837403,
              0
            ],
            [
              34.2715652,
              51.27907629999999,
              0
            ],
            [
              34.2694204,
              51.2768885,
              0
            ],
            [
              34.260457,
              51.2734135,
              0
            ],
            [
              34.2566986,
              51.2735147,
              0
            ],
            [
              34.25568,
              51.2709312,
              0
            ],
            [
              34.2491998,
              51.2686624,
              0
            ],
            [
              34.246818,
              51.2689309,
              0
            ],
            [
              34.2459596,
              51.26870269999999,
              0
            ],
            [
              34.2445864,
              51.268743,
              0
            ],
            [
              34.2431702,
              51.2682059,
              0
            ],
            [
              34.2430414,
              51.26740039999999,
              0
            ],
            [
              34.2437066,
              51.2644198,
              0
            ],
            [
              34.2495565,
              51.26396200000001,
              0
            ],
            [
              34.2552888,
              51.26339889999999,
              0
            ],
            [
              34.2561497,
              51.2623501,
              0
            ],
            [
              34.2560906,
              51.2603459,
              0
            ],
            [
              34.2607086,
              51.2574536,
              0
            ],
            [
              34.2704352,
              51.2589561,
              0
            ],
            [
              34.2728599,
              51.2596007,
              0
            ],
            [
              34.2751341,
              51.25945040000001,
              0
            ],
            [
              34.2857872,
              51.2634894,
              0
            ],
            [
              34.2897354,
              51.2644293,
              0
            ],
            [
              34.2962156,
              51.26507380000001,
              0
            ],
            [
              34.3096057,
              51.26244379999999,
              0
            ],
            [
              34.3439703,
              51.2491364,
              0
            ],
            [
              34.3633960509102,
              51.2615083206159,
              0
            ],
            [
              34.3605022,
              51.25958649999999,
              0
            ],
            [
              34.3450538,
              51.2490683,
              0
            ],
            [
              34.355217,
              51.2453982,
              0
            ],
            [
              34.3636633,
              51.24715380000001,
              0
            ],
            [
              34.3764402,
              51.2544345,
              0
            ],
            [
              34.3817536,
              51.2573644,
              0
            ],
            [
              34.3766467,
              51.26192979999999,
              0
            ],
            [
              34.3733555,
              51.26765039999999,
              0
            ],
            [
              34.3666309,
              51.2640256,
              0
            ],
            [
              34.3755044,
              51.2689984,
              0
            ],
            [
              34.3791092,
              51.2706059,
              0
            ],
            [
              34.3808775,
              51.27199050000001,
              0
            ],
            [
              34.3837228,
              51.2737856,
              0
            ],
            [
              34.3812765,
              51.27221219999999,
              0
            ],
            [
              34.3797596,
              51.2710133,
              0
            ],
            [
              34.389551,
              51.2674113,
              0
            ],
            [
              34.3950442,
              51.2662298,
              0
            ],
            [
              34.3988636,
              51.2665789,
              0
            ],
            [
              34.4001163,
              51.26842630000001,
              0
            ],
            [
              34.4031977,
              51.2691609,
              0
            ],
            [
              34.4049101,
              51.2685884,
              0
            ],
            [
              34.4064282,
              51.2679897,
              0
            ],
            [
              34.4077451,
              51.267838,
              0
            ],
            [
              34.408897,
              51.2671579,
              0
            ],
            [
              34.410333,
              51.266847,
              0
            ],
            [
              34.411561,
              51.2659032,
              0
            ],
            [
              34.4136924,
              51.2648372,
              0
            ],
            [
              34.412605,
              51.26312670000001,
              0
            ],
            [
              34.4128766,
              51.2630088,
              0
            ],
            [
              34.4222825,
              51.2618834,
              0
            ],
            [
              34.4317741,
              51.2621268,
              0
            ],
            [
              34.4412092,
              51.2625901,
              0
            ],
            [
              34.4476049,
              51.2634097,
              0
            ],
            [
              34.4685934,
              51.2544132,
              0
            ],
            [
              34.4691074,
              51.2527479,
              0
            ],
            [
              34.4774323,
              51.2498469,
              0
            ],
            [
              34.482581,
              51.2493093,
              0
            ],
            [
              34.4862596,
              51.250157,
              0
            ],
            [
              34.5147444,
              51.2521843,
              0
            ],
            [
              34.5178573,
              51.2579312,
              0
            ],
            [
              34.5285849,
              51.2575412,
              0
            ],
            [
              34.538683,
              51.2606975,
              0
            ],
            [
              34.5479826,
              51.2620531,
              0
            ],
            [
              34.55133,
              51.2561446,
              0
            ],
            [
              34.570237,
              51.2594258,
              0
            ],
            [
              34.5775084,
              51.2431972,
              0
            ],
            [
              34.5964769,
              51.2484089,
              0
            ],
            [
              34.5979361,
              51.2521157,
              0
            ],
            [
              34.6003393,
              51.255124,
              0
            ],
            [
              34.60403,
              51.2557149,
              0
            ],
            [
              34.6102229,
              51.2570718,
              0
            ],
            [
              34.6197371,
              51.2575412,
              0
            ],
            [
              34.6296076,
              51.2551777,
              0
            ],
            [
              34.6435122,
              51.2524381,
              0
            ],
            [
              34.6475462,
              51.2514174,
              0
            ],
            [
              34.6529535,
              51.25173970000001,
              0
            ],
            [
              34.6589617,
              51.2522232,
              0
            ],
            [
              34.664369,
              51.251686,
              0
            ],
            [
              34.6711496,
              51.2495908,
              0
            ],
            [
              34.6739821,
              51.247603,
              0
            ],
            [
              34.6763853,
              51.2430897,
              0
            ],
            [
              34.6743886,
              51.2328865,
              0
            ],
            [
              34.6735303,
              51.2303067,
              0
            ],
            [
              34.6725862,
              51.22702809999999,
              0
            ],
            [
              34.6741311,
              51.2129971,
              0
            ],
            [
              34.6785085,
              51.2047701,
              0
            ],
            [
              34.6822851,
              51.199177,
              0
            ],
            [
              34.6935289,
              51.1855679,
              0
            ],
            [
              34.7087638,
              51.1763674,
              0
            ],
            [
              34.7225826,
              51.1873702,
              0
            ],
            [
              34.7306507,
              51.18244749999999,
              0
            ],
            [
              34.7314418,
              51.1829003,
              0
            ],
            [
              34.73677,
              51.1792269,
              0
            ],
            [
              34.75137776571919,
              51.15518960472303,
              0
            ],
            [
              34.7634462628534,
              51.15198052109881,
              0
            ],
            [
              34.78251792864002,
              51.14636801476035,
              0
            ],
            [
              34.81404211064724,
              51.13350771669355,
              0
            ],
            [
              34.8246331,
              51.1055396,
              0
            ],
            [
              34.87871236146973,
              51.0863494306283,
              0
            ],
            [
              34.8973906002566,
              51.08701025694925,
              0
            ],
            [
              34.89097687576513,
              51.10564644648474,
              0
            ],
            [
              34.91930098244961,
              51.11104072698432,
              0
            ],
            [
              34.94381960628986,
              51.10825996448602,
              0
            ],
            [
              34.9643366,
              51.1038667,
              0
            ],
            [
              34.9713373,
              51.1049096,
              0
            ],
            [
              34.9933529,
              51.0983881,
              0
            ],
            [
              34.9977303,
              51.10067879999999,
              0
            ],
            [
              35.0080277,
              51.1039269,
              0
            ],
            [
              35.0236911,
              51.0990023,
              0
            ],
            [
              35.0286258,
              51.1058404,
              0
            ],
            [
              35.0304927,
              51.10815769999999,
              0
            ],
            [
              35.0249347,
              51.11085540000001,
              0
            ],
            [
              35.026286,
              51.11216550000001,
              0
            ],
            [
              35.0293437,
              51.1138224,
              0
            ],
            [
              35.0288341,
              51.1146037,
              0
            ],
            [
              35.0286974,
              51.1150348,
              0
            ],
            [
              35.0295476,
              51.115385,
              0
            ],
            [
              35.0325732,
              51.1167589,
              0
            ],
            [
              35.036761,
              51.118454,
              0
            ],
            [
              35.0407736,
              51.11725550000001,
              0
            ],
            [
              35.0463311,
              51.116649,
              0
            ],
            [
              35.0501162,
              51.1207353,
              0
            ],
            [
              35.057326,
              51.1200619,
              0
            ],
            [
              35.0761015,
              51.1095434,
              0
            ],
            [
              35.0789769,
              51.11000140000001,
              0
            ],
            [
              35.0793202,
              51.1129112,
              0
            ],
            [
              35.0790627,
              51.11501259999999,
              0
            ],
            [
              35.0773032,
              51.11646739999999,
              0
            ],
            [
              35.0762303,
              51.1189727,
              0
            ],
            [
              35.0806506,
              51.1198617,
              0
            ],
            [
              35.0859292,
              51.1178413,
              0
            ],
            [
              35.0885256,
              51.1172083,
              0
            ],
            [
              35.0916864,
              51.1172359,
              0
            ],
            [
              35.0957139,
              51.11689839999999,
              0
            ],
            [
              35.0983594,
              51.1158761,
              0
            ],
            [
              35.1019717,
              51.1150942,
              0
            ],
            [
              35.1071293,
              51.118407,
              0
            ],
            [
              35.1125796,
              51.1197,
              0
            ],
            [
              35.1130517,
              51.122286,
              0
            ],
            [
              35.1290376,
              51.1240871,
              0
            ],
            [
              35.1304967,
              51.1156287,
              0
            ],
            [
              35.1312692,
              51.1134465,
              0
            ],
            [
              35.1355608,
              51.1104289,
              0
            ],
            [
              35.1370199,
              51.1072495,
              0
            ],
            [
              35.1364191,
              51.1037735,
              0
            ],
            [
              35.1371057,
              51.09477230000001,
              0
            ],
            [
              35.1404654,
              51.0897722,
              0
            ],
            [
              35.1474246,
              51.0821805,
              0
            ],
            [
              35.1473199,
              51.0751666,
              0
            ],
            [
              35.1484906,
              51.072221,
              0
            ],
            [
              35.1556026,
              51.0686139,
              0
            ],
            [
              35.1581346,
              51.06432590000001,
              0
            ],
            [
              35.1665031,
              51.06303130000001,
              0
            ],
            [
              35.1824515,
              51.0621397,
              0
            ],
            [
              35.1830825,
              51.0620321,
              0
            ],
            [
              35.1845846,
              51.0604677,
              0
            ],
            [
              35.1887393,
              51.05688600000001,
              0
            ],
            [
              35.1904986,
              51.0563802,
              0
            ],
            [
              35.1903352,
              51.0554236,
              0
            ],
            [
              35.1902842,
              51.0536693,
              0
            ],
            [
              35.1922664,
              51.0529418,
              0
            ],
            [
              35.1947984,
              51.05205160000001,
              0
            ],
            [
              35.1969092,
              51.0511975,
              0
            ],
            [
              35.1962923,
              51.0504388,
              0
            ],
            [
              35.1973114,
              51.0498655,
              0
            ],
            [
              35.1996908,
              51.05202460000001,
              0
            ],
            [
              35.2007637,
              51.052699,
              0
            ],
            [
              35.203639,
              51.0509455,
              0
            ],
            [
              35.2061094,
              51.0503647,
              0
            ],
            [
              35.2142526,
              51.0491683,
              0
            ],
            [
              35.2202662,
              51.0466041,
              0
            ],
            [
              35.2289494,
              51.0410661,
              0
            ],
            [
              35.23651367030635,
              51.02189763999137,
              0
            ],
            [
              35.24822778651087,
              51.01818183631047,
              0
            ],
            [
              35.24951072307682,
              51.0034560294055,
              0
            ],
            [
              35.28669500255438,
              50.99521533048553,
              0
            ],
            [
              35.32015026208481,
              50.96584086038606,
              0
            ],
            [
              35.30452335836825,
              50.94794617539849,
              0
            ],
            [
              35.30399182029172,
              50.93740844441496,
              0
            ],
            [
              35.3373552,
              50.9362965,
              0
            ],
            [
              35.3395868,
              50.9365669,
              0
            ],
            [
              35.3441358,
              50.9366751,
              0
            ],
            [
              35.3496129,
              50.9372806,
              0
            ],
            [
              35.3542477,
              50.9371184,
              0
            ],
            [
              35.3594834,
              50.935658,
              0
            ],
            [
              35.3631741,
              50.935658,
              0
            ],
            [
              35.3678948,
              50.9354416,
              0
            ],
            [
              35.3714997,
              50.9349548,
              0
            ],
            [
              35.3759629,
              50.9340352,
              0
            ],
            [
              35.3732592,
              50.92370259999999,
              0
            ],
            [
              35.3738035,
              50.9233429,
              0
            ],
            [
              35.3733194,
              50.92350429999999,
              0
            ],
            [
              35.3690381,
              50.91775019999999,
              0
            ],
            [
              35.3715272,
              50.9152069,
              0
            ],
            [
              35.377707,
              50.91233879999999,
              0
            ],
            [
              35.3862704,
              50.9134408,
              0
            ],
            [
              35.3967534,
              50.9169686,
              0
            ],
            [
              35.4021842,
              50.91499099999999,
              0
            ],
            [
              35.4067332,
              50.91141940000001,
              0
            ],
            [
              35.4063899,
              50.9087134,
              0
            ],
            [
              35.4072482,
              50.90638609999999,
              0
            ],
            [
              35.4090506,
              50.9034633,
              0
            ],
            [
              35.4060466,
              50.9015147,
              0
            ],
            [
              35.4020125,
              50.8992412,
              0
            ],
            [
              35.3976352,
              50.8977796,
              0
            ],
            [
              35.3929145,
              50.895939,
              0
            ],
            [
              35.3900821,
              50.8933946,
              0
            ],
            [
              35.392142,
              50.88965880000001,
              0
            ],
            [
              35.3948886,
              50.8878179,
              0
            ],
            [
              35.3981501,
              50.885273,
              0
            ],
            [
              35.4007251,
              50.8842983,
              0
            ],
            [
              35.4049308,
              50.8826738,
              0
            ],
            [
              35.408364,
              50.8801286,
              0
            ],
            [
              35.4070563,
              50.8784545,
              0
            ],
            [
              35.4037089,
              50.87710060000001,
              0
            ],
            [
              35.3987307,
              50.87617989999999,
              0
            ],
            [
              35.3941817,
              50.8753675,
              0
            ],
            [
              35.3907485,
              50.8726052,
              0
            ],
            [
              35.3902335,
              50.87087199999999,
              0
            ],
            [
              35.3925509,
              50.8681636,
              0
            ],
            [
              35.3970999,
              50.8672428,
              0
            ],
            [
              35.402164,
              50.86718859999999,
              0
            ],
            [
              35.4066271,
              50.8665927,
              0
            ],
            [
              35.4096312,
              50.8646426,
              0
            ],
            [
              35.4118628,
              50.8623131,
              0
            ],
            [
              35.4159827,
              50.8584123,
              0
            ],
            [
              35.4197592,
              50.8499595,
              0
            ],
            [
              35.4204459,
              50.8481712,
              0
            ],
            [
              35.4231925,
              50.8453532,
              0
            ],
            [
              35.4253382,
              50.8429144,
              0
            ],
            [
              35.4255957,
              50.8400418,
              0
            ],
            [
              35.4239649,
              50.8370606,
              0
            ],
            [
              35.4222483,
              50.83369980000001,
              0
            ],
            [
              35.42345,
              50.83066409999999,
              0
            ],
            [
              35.4235358,
              50.8273028,
              0
            ],
            [
              35.4237075,
              50.8236702,
              0
            ],
            [
              35.4244799,
              50.8201458,
              0
            ],
            [
              35.4179106,
              50.8135841,
              0
            ],
            [
              35.4189316,
              50.8146891,
              0
            ],
            [
              35.4139918,
              50.81434680000001,
              0
            ],
            [
              35.4120562,
              50.8136789,
              0
            ],
            [
              35.4073179,
              50.8136917,
              0
            ],
            [
              35.3968031,
              50.813908,
              0
            ],
            [
              35.3873186,
              50.8143828,
              0
            ],
            [
              35.3822767,
              50.8144694,
              0
            ],
            [
              35.3754742,
              50.810868,
              0
            ],
            [
              35.3744011,
              50.8064304,
              0
            ],
            [
              35.3682215,
              50.80281639999999,
              0
            ],
            [
              35.369037,
              50.798558,
              0
            ],
            [
              35.3628952789102,
              50.78840214355431,
              0
            ],
            [
              35.37480216870973,
              50.74872356953325,
              0
            ],
            [
              35.38656037625005,
              50.68962801346633,
              0
            ],
            [
              35.41585103248909,
              50.68552533093405,
              0
            ],
            [
              35.44604150844688,
              50.68707402422778,
              0
            ],
            [
              35.49471773427877,
              50.67829679161017,
              0
            ],
            [
              35.48562342519754,
              50.65840505653734,
              0
            ],
            [
              35.46259207471314,
              50.66559150445629,
              0
            ],
            [
              35.4200427,
              50.6559816,
              0
            ],
            [
              35.4168774,
              50.6516913,
              0
            ],
            [
              35.4151608,
              50.6506029,
              0
            ],
            [
              35.4143883,
              50.64777289999999,
              0
            ],
            [
              35.4111268,
              50.6445618,
              0
            ],
            [
              35.4076936,
              50.6427112,
              0
            ],
            [
              35.4052903,
              50.6360703,
              0
            ],
            [
              35.4059049,
              50.6304888,
              0
            ],
            [
              35.4086515,
              50.6256975,
              0
            ],
            [
              35.4104539,
              50.622866,
              0
            ],
            [
              35.412943,
              50.6198165,
              0
            ],
            [
              35.4149171,
              50.6179105,
              0
            ],
            [
              35.4173204,
              50.61752929999999,
              0
            ],
            [
              35.4192086,
              50.6179105,
              0
            ],
            [
              35.4236718,
              50.61671239999999,
              0
            ],
            [
              35.425131,
              50.6151875,
              0
            ],
            [
              35.4253885,
              50.6112661,
              0
            ],
            [
              35.4268476,
              50.60609150000001,
              0
            ],
            [
              35.4280148,
              50.6028508,
              0
            ],
            [
              35.4280148,
              50.60159780000001,
              0
            ],
            [
              35.4261265,
              50.5977843,
              0
            ],
            [
              35.4230366,
              50.5952235,
              0
            ],
            [
              35.415741,
              50.5938614,
              0
            ],
            [
              35.404068,
              50.5849793,
              0
            ],
            [
              35.4054413,
              50.58110980000001,
              0
            ],
            [
              35.4078446,
              50.5781667,
              0
            ],
            [
              35.4126511,
              50.57446019999999,
              0
            ],
            [
              35.416256,
              50.5718982,
              0
            ],
            [
              35.4214058,
              50.5698813,
              0
            ],
            [
              35.4329072,
              50.56121270000001,
              0
            ],
            [
              35.4336796,
              50.5584319,
              0
            ],
            [
              35.4349671,
              50.5548329,
              0
            ],
            [
              35.4423485,
              50.5469252,
              0
            ],
            [
              35.4424344,
              50.542889,
              0
            ],
            [
              35.4415761,
              50.5395616,
              0
            ],
            [
              35.443121,
              50.5368886,
              0
            ],
            [
              35.4464684,
              50.53443369999999,
              0
            ],
            [
              35.4480134,
              50.52499470000001,
              0
            ],
            [
              35.4520474,
              50.52166600000001,
              0
            ],
            [
              35.4541073,
              50.51964690000001,
              0
            ],
            [
              35.4581414,
              50.5172457,
              0
            ],
            [
              35.4605446,
              50.5152809,
              0
            ],
            [
              35.4640637,
              50.511897,
              0
            ],
            [
              35.4655228,
              50.5087312,
              0
            ],
            [
              35.4675828,
              50.5055106,
              0
            ],
            [
              35.4686986,
              50.50201680000001,
              0
            ],
            [
              35.4709302,
              50.4997784,
              0
            ],
            [
              35.4747067,
              50.49732150000001,
              0
            ],
            [
              35.4783116,
              50.4945916,
              0
            ],
            [
              35.5046616,
              50.4884212,
              0
            ],
            [
              35.5119572,
              50.4806116,
              0
            ],
            [
              35.5114422,
              50.477389,
              0
            ],
            [
              35.5269776,
              50.4702877,
              0
            ],
            [
              35.5307541,
              50.46957759999999,
              0
            ],
            [
              35.535389,
              50.4674469,
              0
            ],
            [
              35.5371056,
              50.4651523,
              0
            ],
            [
              35.5389939,
              50.4622019,
              0
            ],
            [
              35.5427704,
              50.4603442,
              0
            ],
            [
              35.5463753,
              50.45979770000001,
              0
            ],
            [
              35.5514393,
              50.4603442,
              0
            ],
            [
              35.5560742,
              50.4601802,
              0
            ],
            [
              35.5607949,
              50.46078130000001,
              0
            ],
            [
              35.5613099,
              50.4618194,
              0
            ],
            [
              35.5634556,
              50.4637864,
              0
            ],
            [
              35.5655156,
              50.4651523,
              0
            ],
            [
              35.5698929,
              50.4661904,
              0
            ],
            [
              35.5731545,
              50.4641689,
              0
            ],
            [
              35.5745278,
              50.4618741,
              0
            ],
            [
              35.5746995,
              50.45963379999999,
              0
            ],
            [
              35.5777035,
              50.457612,
              0
            ],
            [
              35.5797635,
              50.4561913,
              0
            ],
            [
              35.5808793,
              50.4542786,
              0
            ],
            [
              35.583025,
              50.4528031,
              0
            ],
            [
              35.5860291,
              50.45045309999999,
              0
            ],
            [
              35.5865393,
              50.4475929,
              0
            ],
            [
              35.5873404,
              50.4326766,
              0
            ],
            [
              35.5871449,
              50.4290793,
              0
            ],
            [
              35.5892048,
              50.4051794,
              0
            ],
            [
              35.5968042,
              50.3925073,
              0
            ],
            [
              35.6113954,
              50.38156219999999,
              0
            ],
            [
              35.6179185,
              50.3766361,
              0
            ],
            [
              35.6184335,
              50.371819,
              0
            ],
            [
              35.6199785,
              50.3634973,
              0
            ],
            [
              35.62427,
              50.3610881,
              0
            ],
            [
              35.6368013,
              50.3567075,
              0
            ],
            [
              35.6549974,
              50.3540789,
              0
            ],
            [
              35.6754251,
              50.3578027,
              0
            ],
            [
              35.7436605,
              50.3620737,
              0
            ],
            [
              35.7639384,
              50.3770315,
              0
            ],
            [
              35.7799029,
              50.3880871,
              0
            ],
            [
              35.8029914,
              50.4051033,
              0
            ],
            [
              35.8044505,
              50.4064709,
              0
            ],
            [
              35.8049655,
              50.40871369999999,
              0
            ],
            [
              35.8028197,
              50.4096983,
              0
            ],
            [
              35.7999015,
              50.4107922,
              0
            ],
            [
              35.7952666,
              50.41024519999999,
              0
            ],
            [
              35.7937217,
              50.4118315,
              0
            ],
            [
              35.7916618,
              50.4135817,
              0
            ],
            [
              35.7913184,
              50.4162617,
              0
            ],
            [
              35.7921767,
              50.4184493,
              0
            ],
            [
              35.800674,
              50.4224962,
              0
            ],
            [
              35.8313155,
              50.43704,
              0
            ],
            [
              35.8375812,
              50.429878,
              0
            ],
            [
              35.8392978,
              50.427855,
              0
            ],
            [
              35.842731,
              50.4276909,
              0
            ],
            [
              35.8463359,
              50.4287845,
              0
            ],
            [
              35.8506274,
              50.4302607,
              0
            ],
            [
              35.8539748,
              50.4310262,
              0
            ],
            [
              35.8586955,
              50.4299327,
              0
            ],
            [
              35.8665919,
              50.4284017,
              0
            ],
            [
              35.8826423,
              50.4395547,
              0
            ],
            [
              35.8894659,
              50.4389261,
              0
            ],
            [
              35.8870244,
              50.4366236,
              0
            ],
            [
              35.8894491,
              50.43501089999999,
              0
            ],
            [
              35.8994913,
              50.43397219999999,
              0
            ],
            [
              35.9031821,
              50.4331247,
              0
            ],
            [
              35.907259,
              50.43175789999999,
              0
            ],
            [
              35.9140826,
              50.4306918,
              0
            ],
            [
              35.9162712,
              50.4293249,
              0
            ],
            [
              35.9185457,
              50.4279579,
              0
            ],
            [
              35.9216786,
              50.4271104,
              0
            ],
            [
              35.9256697,
              50.4279033,
              0
            ],
            [
              35.9324932,
              50.428122,
              0
            ],
            [
              35.9363556,
              50.428204,
              0
            ],
            [
              35.9424496,
              50.4308285,
              0
            ],
            [
              35.9450674,
              50.4339448,
              0
            ],
            [
              35.9448266,
              50.4349079,
              0
            ],
            [
              35.9465003,
              50.435236,
              0
            ],
            [
              35.9484315,
              50.435564,
              0
            ],
            [
              35.9498477,
              50.4355093,
              0
            ],
            [
              35.9516931,
              50.43520860000001,
              0
            ],
            [
              35.9532809,
              50.4350993,
              0
            ],
            [
              35.955298,
              50.4349626,
              0
            ],
            [
              35.9586454,
              50.435482,
              0
            ],
            [
              35.9632373,
              50.4361927,
              0
            ],
            [
              35.9649539,
              50.4362473,
              0
            ],
            [
              35.9683013,
              50.4372587,
              0
            ],
            [
              35.9694475,
              50.4408506,
              0
            ],
            [
              35.9725374,
              50.4428184,
              0
            ],
            [
              35.9783739,
              50.446098,
              0
            ],
            [
              35.99554,
              50.4493773,
              0
            ],
            [
              36.018371,
              50.45183659999999,
              0
            ],
            [
              36.0237783,
              50.45183659999999,
              0
            ],
            [
              36.0293573,
              50.4520006,
              0
            ],
            [
              36.0336489,
              50.4523831,
              0
            ],
            [
              36.0385412,
              50.4527657,
              0
            ],
            [
              36.0428328,
              50.4537494,
              0
            ],
            [
              36.0476393,
              50.4540773,
              0
            ],
            [
              36.0541624,
              50.45435049999999,
              0
            ],
            [
              36.0623163,
              50.45484230000001,
              0
            ],
            [
              36.0708136,
              50.4552795,
              0
            ],
            [
              36.0781092,
              50.4559899,
              0
            ],
            [
              36.1140722,
              50.44167050000001,
              0
            ],
            [
              36.1169905,
              50.4406866,
              0
            ],
            [
              36.1264318,
              50.4411239,
              0
            ],
            [
              36.1348433,
              50.4408506,
              0
            ],
            [
              36.1422247,
              50.438992,
              0
            ],
            [
              36.1479753,
              50.4382266,
              0
            ],
            [
              36.1520094,
              50.4372973,
              0
            ],
            [
              36.155271,
              50.4360399,
              0
            ],
            [
              36.15776,
              50.4356026,
              0
            ],
            [
              36.1625666,
              50.43521990000001,
              0
            ],
            [
              36.1658281,
              50.43325170000001,
              0
            ],
            [
              36.1678881,
              50.42986200000001,
              0
            ],
            [
              36.1693472,
              50.4281123,
              0
            ],
            [
              36.1702055,
              50.42494080000001,
              0
            ],
            [
              36.1698622,
              50.4219879,
              0
            ],
            [
              36.170463,
              50.4193083,
              0
            ],
            [
              36.1710638,
              50.4168473,
              0
            ],
            [
              36.1728662,
              50.41548,
              0
            ],
            [
              36.1762995,
              50.41351100000001,
              0
            ],
            [
              36.180076,
              50.41115899999999,
              0
            ],
            [
              36.1859983,
              50.40973689999999,
              0
            ],
            [
              36.1945583,
              50.407641,
              0
            ],
            [
              36.1985924,
              50.4053982,
              0
            ],
            [
              36.2012531,
              50.4033741,
              0
            ],
            [
              36.2047722,
              50.40140459999999,
              0
            ],
            [
              36.2070038,
              50.3991615,
              0
            ],
            [
              36.2126686,
              50.3902426,
              0
            ],
            [
              36.2152435,
              50.38674029999999,
              0
            ],
            [
              36.21209145287283,
              50.38345655823946,
              0
            ],
            [
              36.21758786922098,
              50.37946444882571,
              0
            ],
            [
              36.19719510052312,
              50.35648193513897,
              0
            ],
            [
              36.2115181472187,
              50.34854895399184,
              0
            ],
            [
              36.24058040183868,
              50.35956836289222,
              0
            ],
            [
              36.25527109108533,
              50.35515701418323,
              0
            ],
            [
              36.2680294,
              50.3529624,
              0
            ],
            [
              36.2722351,
              50.35093610000001,
              0
            ],
            [
              36.2858822,
              50.34157,
              0
            ],
            [
              36.2806565,
              50.3374375,
              0
            ],
            [
              36.2756354,
              50.33187680000001,
              0
            ],
            [
              36.2739188,
              50.3302057,
              0
            ],
            [
              36.2769565,
              50.3283202,
              0
            ],
            [
              36.2821985,
              50.32319509999999,
              0
            ],
            [
              36.2828852,
              50.3183725,
              0
            ],
            [
              36.2811685,
              50.3137687,
              0
            ],
            [
              36.2828852,
              50.3106993,
              0
            ],
            [
              36.2859751,
              50.306314,
              0
            ],
            [
              36.2894083,
              50.3022572,
              0
            ],
            [
              36.2950731,
              50.30028349999999,
              0
            ],
            [
              36.3041712,
              50.2997353,
              0
            ],
            [
              36.3076044,
              50.296007,
              0
            ],
            [
              36.3110376,
              50.2951297,
              0
            ],
            [
              36.3206507,
              50.292388,
              0
            ],
            [
              36.3256288,
              50.292388,
              0
            ],
            [
              36.3371302,
              50.2915106,
              0
            ],
            [
              36.3488031,
              50.2899752,
              0
            ],
            [
              36.3532663,
              50.2896462,
              0
            ],
            [
              36.3577295,
              50.2896462,
              0
            ],
            [
              36.3632227,
              50.2915106,
              0
            ],
            [
              36.3680292,
              50.2957876,
              0
            ],
            [
              36.3734714,
              50.3007191,
              0
            ],
            [
              36.3786213,
              50.293701,
              0
            ],
            [
              36.3726131,
              50.2921657,
              0
            ],
            [
              36.3829128,
              50.2826783,
              0
            ],
            [
              36.3901215,
              50.2634129,
              0
            ],
            [
              36.3963862,
              50.25944580000001,
              0
            ],
            [
              36.3988418,
              50.25938359999999,
              0
            ],
            [
              36.4047211,
              50.258972,
              0
            ],
            [
              36.4064735,
              50.25874630000001,
              0
            ],
            [
              36.4103646,
              50.25747779999999,
              0
            ],
            [
              36.4178617,
              50.2548781,
              0
            ],
            [
              36.4225125,
              50.25369820000001,
              0
            ],
            [
              36.4261329,
              50.2527649,
              0
            ],
            [
              36.4275213,
              50.2493208,
              0
            ],
            [
              36.4362549,
              50.24621119999999,
              0
            ],
            [
              36.4431422,
              50.2495505,
              0
            ],
            [
              36.4498349,
              50.2454171,
              0
            ],
            [
              36.4666036328865,
              50.2480995911404,
              0
            ],
            [
              36.4788371482436,
              50.24351514984849,
              0
            ],
            [
              36.5021320588153,
              50.2364956197075,
              0
            ],
            [
              36.5263758821943,
              50.2322414982982,
              0
            ],
            [
              36.5392477151619,
              50.23841214784881,
              0
            ],
            [
              36.5753799549211,
              50.2218811289358,
              0
            ],
            [
              36.5761446954938,
              50.2221881340558,
              0
            ],
            [
              36.5757295,
              50.22171,
              0
            ],
            [
              36.577532,
              50.2202822,
              0
            ],
            [
              36.5802356,
              50.2180579,
              0
            ],
            [
              36.581051,
              50.216273,
              0
            ],
            [
              36.5828106,
              50.2154492,
              0
            ],
            [
              36.5912845273256,
              50.2149237128769,
              0
            ],
            [
              36.6040432055209,
              50.2147716547261,
              0
            ],
            [
              36.6378976720524,
              50.2062157914574,
              0
            ],
            [
              36.6511347407594,
              50.2202080014352,
              0
            ],
            [
              36.6608360900763,
              50.2154639990914,
              0
            ],
            [
              36.6719390437145,
              50.2215340366547,
              0
            ],
            [
              36.6799303234807,
              50.2288314874824,
              0
            ],
            [
              36.6863046867877,
              50.23346971814799,
              0
            ],
            [
              36.6830056624255,
              50.2396428571773,
              0
            ],
            [
              36.6860794635254,
              50.2461724170859,
              0
            ],
            [
              36.6921466638369,
              50.2525786312689,
              0
            ],
            [
              36.6961551505899,
              50.25633113344419,
              0
            ],
            [
              36.7124132114191,
              50.2651351922261,
              0
            ],
            [
              36.7204753220453,
              50.2692690537345,
              0
            ],
            [
              36.7273693443052,
              50.27225029644679,
              0
            ],
            [
              36.7290405,
              50.2772312,
              0
            ],
            [
              36.7389539,
              50.2653955,
              0
            ],
            [
              36.743975,
              50.2614038,
              0
            ],
            [
              36.745992,
              50.2603064,
              0
            ],
            [
              36.746507,
              50.25956560000001,
              0
            ],
            [
              36.7523469,
              50.2572277,
              0
            ],
            [
              36.7631882607964,
              50.2505978930649,
              0
            ],
            [
              36.799552255464,
              50.249427649274,
              0
            ],
            [
              36.81374847476,
              50.24914739344661,
              0
            ],
            [
              36.8237639730109,
              50.2439070214883,
              0
            ],
            [
              36.8293993,
              50.2457584,
              0
            ],
            [
              36.8363118,
              50.2436498,
              0
            ],
            [
              36.8382859,
              50.23843490000001,
              0
            ],
            [
              36.8402582,
              50.2372381,
              0
            ],
            [
              36.8698599901931,
              50.2362551936899,
              0
            ],
            [
              36.875604029446,
              50.2407533819866,
              0
            ],
            [
              36.8910911497823,
              50.2371937714049,
              0
            ],
            [
              36.8933896344821,
              50.2192768740436,
              0
            ],
            [
              36.88933940805,
              50.21662326149271,
              0
            ],
            [
              36.8881581578516,
              50.2069645529517,
              0
            ],
            [
              36.8937610577308,
              50.20697712011521,
              0
            ],
            [
              36.8988134,
              50.20938559999999,
              0
            ],
            [
              36.9002255,
              50.2139972,
              0
            ],
            [
              36.8999881,
              50.2156845,
              0
            ],
            [
              36.9008497,
              50.2206146,
              0
            ],
            [
              36.9009644,
              50.2232253,
              0
            ],
            [
              36.903518,
              50.2236235,
              0
            ],
            [
              36.9064469,
              50.2238088,
              0
            ],
            [
              36.90826,
              50.2250924,
              0
            ],
            [
              36.9098292824143,
              50.2376458405825,
              0
            ],
            [
              36.9152578002753,
              50.2374523118716,
              0
            ],
            [
              36.9184803254491,
              50.24905455752089,
              0
            ],
            [
              36.923150252853,
              50.2592303446925,
              0
            ],
            [
              36.9295943706778,
              50.2589061062661,
              0
            ],
            [
              36.95235745170223,
              50.27033789815606,
              0
            ],
            [
              36.98241398921392,
              50.28348399758708,
              0
            ],
            [
              37.0231104755014,
              50.2915496590914,
              0
            ],
            [
              37.0315863122895,
              50.2917312505012,
              0
            ],
            [
              37.0380526106577,
              50.2922971910062,
              0
            ],
            [
              37.04303827452088,
              50.29301282290076,
              0
            ],
            [
              37.06947478876007,
              50.28634979071307,
              0
            ],
            [
              37.13049118396954,
              50.29944492461175,
              0
            ],
            [
              37.18246072536454,
              50.31554227446242,
              0
            ],
            [
              37.19880597343612,
              50.32829172046881,
              0
            ],
            [
              37.20942920091301,
              50.33258389511557,
              0
            ],
            [
              37.22697797617389,
              50.34166837343048,
              0
            ],
            [
              37.23548737976651,
              50.35045967455127,
              0
            ],
            [
              37.2031618,
              50.3746784,
              0
            ],
            [
              37.2114016,
              50.3780721,
              0
            ],
            [
              37.219813,
              50.38299810000001,
              0
            ],
            [
              37.2247911,
              50.38650069999999,
              0
            ],
            [
              37.2426439,
              50.39295790000001,
              0
            ],
            [
              37.2484804,
              50.39503719999999,
              0
            ],
            [
              37.2565485,
              50.39678809999999,
              0
            ],
            [
              37.2639299,
              50.3984295,
              0
            ],
            [
              37.2690798,
              50.4008368,
              0
            ],
            [
              37.2769762,
              50.401931,
              0
            ],
            [
              37.2859026,
              50.4044475,
              0
            ],
            [
              37.2919107,
              50.4069639,
              0
            ],
            [
              37.2960306,
              50.4102459,
              0
            ],
            [
              37.2968889,
              50.41473100000001,
              0
            ],
            [
              37.2984339,
              50.4212937,
              0
            ],
            [
              37.2999788,
              50.4271995,
              0
            ],
            [
              37.3020388,
              50.4317923,
              0
            ],
            [
              37.3087336,
              50.4350726,
              0
            ],
            [
              37.3168016,
              50.43540059999999,
              0
            ],
            [
              37.3210932,
              50.43725939999999,
              0
            ],
            [
              37.3283029,
              50.439118,
              0
            ],
            [
              37.3386026,
              50.4396647,
              0
            ],
            [
              37.3535372,
              50.4393367,
              0
            ],
            [
              37.3590303,
              50.4396647,
              0
            ],
            [
              37.3727632,
              50.4380247,
              0
            ],
            [
              37.3723137,
              50.43337499999999,
              0
            ],
            [
              37.3742234,
              50.430122,
              0
            ],
            [
              37.3734567,
              50.4265233,
              0
            ],
            [
              37.3736312,
              50.42408140000001,
              0
            ],
            [
              37.3741691,
              50.42296990000001,
              0
            ],
            [
              37.3771846,
              50.4225235,
              0
            ],
            [
              37.3789125,
              50.4215848,
              0
            ],
            [
              37.380892,
              50.4209937,
              0
            ],
            [
              37.383043,
              50.4213321,
              0
            ],
            [
              37.3899305,
              50.4235057,
              0
            ],
            [
              37.4066527,
              50.4261862,
              0
            ],
            [
              37.4077685,
              50.42468250000001,
              0
            ],
            [
              37.4095281,
              50.4235615,
              0
            ],
            [
              37.4118455,
              50.4236435,
              0
            ],
            [
              37.4176391,
              50.4245458,
              0
            ],
            [
              37.4224885,
              50.4250379,
              0
            ],
            [
              37.4246343,
              50.4263776,
              0
            ],
            [
              37.4250205,
              50.4291935,
              0
            ],
            [
              37.4346912,
              50.43107870000001,
              0
            ],
            [
              37.4372098,
              50.4296983,
              0
            ],
            [
              37.4417588,
              50.42652700000001,
              0
            ],
            [
              37.4457929,
              50.42313670000001,
              0
            ],
            [
              37.4492261,
              50.4217149,
              0
            ],
            [
              37.4542901,
              50.4209493,
              0
            ],
            [
              37.4565217,
              50.4195821,
              0
            ],
            [
              37.4608132,
              50.4160273,
              0
            ],
            [
              37.4642465,
              50.4142224,
              0
            ],
            [
              37.4640442,
              50.4149412,
              0
            ],
            [
              37.4668337,
              50.4128714,
              0
            ],
            [
              37.4704386,
              50.40882369999999,
              0
            ],
            [
              37.4714685,
              50.4048851,
              0
            ],
            [
              37.4706102,
              50.4003991,
              0
            ],
            [
              37.4690653,
              50.3955844,
              0
            ],
            [
              37.4685503,
              50.39065969999999,
              0
            ],
            [
              37.4745385,
              50.3776208,
              0
            ],
            [
              37.4755685,
              50.3732417,
              0
            ],
            [
              37.4760835,
              50.3689717,
              0
            ],
            [
              37.4805467,
              50.3642632,
              0
            ],
            [
              37.4855249,
              50.3601019,
              0
            ],
            [
              37.4941079,
              50.3604305,
              0
            ],
            [
              37.5047509,
              50.3567069,
              0
            ],
            [
              37.5105874,
              50.3522163,
              0
            ],
            [
              37.5135057,
              50.3463013,
              0
            ],
            [
              37.5189988,
              50.3418097,
              0
            ],
            [
              37.5260369,
              50.3386325,
              0
            ],
            [
              37.53565,
              50.3358933,
              0
            ],
            [
              37.5456063,
              50.3353455,
              0
            ],
            [
              37.5560777,
              50.33260619999999,
              0
            ],
            [
              37.5639741,
              50.3248256,
              0
            ],
            [
              37.5720426,
              50.3193826,
              0
            ],
            [
              37.5859473,
              50.3215199,
              0
            ],
            [
              37.594187,
              50.32009500000001,
              0
            ],
            [
              37.6064608,
              50.3190537,
              0
            ],
            [
              37.6262876,
              50.3173548,
              0
            ],
            [
              37.6381323,
              50.31187390000001,
              0
            ],
            [
              37.6381323,
              50.30310310000001,
              0
            ],
            [
              37.6307509,
              50.2963595,
              0
            ],
            [
              37.6281759,
              50.29350830000001,
              0
            ],
            [
              37.6298925,
              50.2851729,
              0
            ],
            [
              37.6332399,
              50.27239269999999,
              0
            ],
            [
              37.6339266,
              50.256646,
              0
            ],
            [
              37.60374491068028,
              50.23790943713649,
              0
            ],
            [
              37.57891894160551,
              50.22796375878212,
              0
            ],
            [
              37.576891348868,
              50.21574184816476,
              0
            ],
            [
              37.60068948063131,
              50.20027567071196,
              0
            ],
            [
              37.59077133167273,
              50.1760096763154,
              0
            ],
            [
              37.61851492220308,
              50.17213077485577,
              0
            ],
            [
              37.61940044400121,
              50.16652667115009,
              0
            ],
            [
              37.61271281801528,
              50.16122699007494,
              0
            ],
            [
              37.6051928,
              50.1591767,
              0
            ],
            [
              37.6033045,
              50.1523302,
              0
            ],
            [
              37.6178531639042,
              50.1097421766812,
              0
            ],
            [
              37.6299102591296,
              50.10345415662471,
              0
            ],
            [
              37.6527034,
              50.09064719999999,
              0
            ],
            [
              37.6513302,
              50.0893806,
              0
            ],
            [
              37.6511585,
              50.0877285,
              0
            ],
            [
              37.6533043,
              50.0866271,
              0
            ],
            [
              37.6577508,
              50.0871025,
              0
            ],
            [
              37.6604115,
              50.0844039,
              0
            ],
            [
              37.6620423,
              50.0800529,
              0
            ],
            [
              37.6639306,
              50.0781251,
              0
            ],
            [
              37.6654755,
              50.07493030000001,
              0
            ],
            [
              37.6647889,
              50.0717903,
              0
            ],
            [
              37.664594,
              50.0675321,
              0
            ],
            [
              37.667662,
              50.0630631,
              0
            ],
            [
              37.6714385,
              50.0616306,
              0
            ],
            [
              37.678305,
              50.06168570000001,
              0
            ],
            [
              37.6880182628341,
              50.0665457744494,
              0
            ],
            [
              37.7142600768262,
              50.0599459675853,
              0
            ],
            [
              37.7256534552181,
              50.05323042810531,
              0
            ],
            [
              37.736352854618,
              50.04903652954069,
              0
            ],
            [
              37.7555781223225,
              50.0253264720745,
              0
            ],
            [
              37.7656906557801,
              50.0181458847938,
              0
            ],
            [
              37.7630993,
              50.0111285,
              0
            ],
            [
              37.7601811,
              50.0058882,
              0
            ],
            [
              37.7619835,
              50.0020817,
              0
            ],
            [
              37.7665325,
              49.9981646,
              0
            ],
            [
              37.7609448,
              49.9944263,
              0
            ],
            [
              37.7540783,
              49.99346069999999,
              0
            ],
            [
              37.7475981,
              49.9942332,
              0
            ],
            [
              37.7469544,
              49.9929641,
              0
            ],
            [
              37.7465681,
              49.991088,
              0
            ],
            [
              37.7470402,
              49.9892118,
              0
            ],
            [
              37.7521594,
              49.9858128,
              0
            ],
            [
              37.7520736,
              49.98250150000001,
              0
            ],
            [
              37.7508719,
              49.98101130000001,
              0
            ],
            [
              37.7452929,
              49.97781,
              0
            ],
            [
              37.7434905,
              49.9765405,
              0
            ],
            [
              37.7358111,
              49.9743071,
              0
            ],
            [
              37.7098687,
              49.9737439,
              0
            ],
            [
              37.7093323,
              49.9677654,
              0
            ],
            [
              37.7106627,
              49.96652319999999,
              0
            ],
            [
              37.718308,
              49.9613787,
              0
            ],
            [
              37.7206303,
              49.9548534,
              0
            ],
            [
              37.7301625,
              49.9498321,
              0
            ],
            [
              37.732887,
              49.9374679,
              0
            ],
            [
              37.7491949,
              49.9323853,
              0
            ],
            [
              37.7417754,
              49.91768759999999,
              0
            ],
            [
              37.7423319,
              49.9075204,
              0
            ],
            [
              37.7353129,
              49.9017168,
              0
            ],
            [
              37.7025489,
              49.90569690000001,
              0
            ],
            [
              37.6976153,
              49.9056067,
              0
            ],
            [
              37.6958128,
              49.8944943,
              0
            ],
            [
              37.691038,
              49.89351109999999,
              0
            ],
            [
              37.6829566,
              49.8931726,
              0
            ],
            [
              37.6798667,
              49.8918456,
              0
            ],
            [
              37.6738585,
              49.89239850000001,
              0
            ],
            [
              37.6696528,
              49.89234320000001,
              0
            ],
            [
              37.6663912,
              49.89195620000001,
              0
            ],
            [
              37.6570735,
              49.893687,
              0
            ],
            [
              37.6505504,
              49.8965345,
              0
            ],
            [
              37.6460228,
              49.8908116,
              0
            ],
            [
              37.6450862,
              49.8906784,
              0
            ],
            [
              37.6383328,
              49.88991370000001,
              0
            ],
            [
              37.6352429,
              49.8867893,
              0
            ],
            [
              37.6355003,
              49.8813972,
              0
            ],
            [
              37.6420549,
              49.8791891,
              0
            ],
            [
              37.6424305,
              49.8756216,
              0
            ],
            [
              37.62163891520014,
              49.87384806734973,
              0
            ],
            [
              37.61365893964276,
              49.86367744524058,
              0
            ],
            [
              37.6339414,
              49.8517089,
              0
            ],
            [
              37.6332717,
              49.8499066,
              0
            ],
            [
              37.6358108,
              49.84061460000001,
              0
            ],
            [
              37.6353773,
              49.8364879,
              0
            ],
            [
              37.6349011,
              49.8349908,
              0
            ],
            [
              37.6436637,
              49.8290558,
              0
            ],
            [
              37.632365,
              49.8243516,
              0
            ],
            [
              37.612459,
              49.8262233,
              0
            ],
            [
              37.6097553,
              49.82240259999999,
              0
            ],
            [
              37.5996273,
              49.82243029999999,
              0
            ],
            [
              37.5985974,
              49.8191354,
              0
            ],
            [
              37.6020129,
              49.8112361,
              0
            ],
            [
              37.6009686,
              49.81013910000001,
              0
            ],
            [
              37.6009542,
              49.8087651,
              0
            ],
            [
              37.6041584,
              49.8083547,
              0
            ],
            [
              37.6192477,
              49.8093039,
              0
            ],
            [
              37.6259256,
              49.8078157,
              0
            ],
            [
              37.6261956,
              49.8055892,
              0
            ],
            [
              37.6275323,
              49.8031465,
              0
            ],
            [
              37.6293836,
              49.79815550000001,
              0
            ],
            [
              37.6265641,
              49.7916631,
              0
            ],
            [
              37.6230948,
              49.79068849999999,
              0
            ],
            [
              37.614347,
              49.7915421,
              0
            ],
            [
              37.6117975,
              49.79130000000001,
              0
            ],
            [
              37.6105356,
              49.79089160000001,
              0
            ],
            [
              37.6091277,
              49.787609,
              0
            ],
            [
              37.6083891,
              49.7813489,
              0
            ],
            [
              37.6064916,
              49.7802426,
              0
            ],
            [
              37.605667,
              49.77755690000001,
              0
            ],
            [
              37.604606,
              49.7756055,
              0
            ],
            [
              37.5887909,
              49.7760352,
              0
            ],
            [
              37.5848133,
              49.7748783,
              0
            ],
            [
              37.55099434747849,
              49.76790664763252,
              0
            ],
            [
              37.55655919157782,
              49.76078072245181,
              0
            ],
            [
              37.5713958770158,
              49.75358269611895,
              0
            ],
            [
              37.59076719623502,
              49.74837144733056,
              0
            ],
            [
              37.6006561,
              49.7425117,
              0
            ],
            [
              37.6023727,
              49.74059810000001,
              0
            ],
            [
              37.6000997,
              49.7387622,
              0
            ],
            [
              37.61517226064269,
              49.73588747074062,
              0
            ],
            [
              37.61951582288723,
              49.73282872228333,
              0
            ],
            [
              37.6164066137022,
              49.72623508416672,
              0
            ],
            [
              37.6023014204398,
              49.7307739333988,
              0
            ],
            [
              37.59264524413391,
              49.72826173655054,
              0
            ],
            [
              37.58773255790465,
              49.72384478415697,
              0
            ],
            [
              37.59548187902567,
              49.72059269022012,
              0
            ],
            [
              37.59822616546053,
              49.72405637386535,
              0
            ],
            [
              37.60676878874582,
              49.72496219537935,
              0
            ],
            [
              37.61237348659024,
              49.71222417170623,
              0
            ],
            [
              37.61690800760002,
              49.71326056799724,
              0
            ],
            [
              37.62709761626037,
              49.72504020690181,
              0
            ],
            [
              37.6324528,
              49.7253896,
              0
            ],
            [
              37.63369535740082,
              49.71982333311893,
              0
            ],
            [
              37.64298334859565,
              49.68901246519886,
              0
            ],
            [
              37.65950280324625,
              49.68503697590243,
              0
            ],
            [
              37.6732076878803,
              49.68585629914921,
              0
            ],
            [
              37.68404909008477,
              49.68872152493729,
              0
            ],
            [
              37.69719108844596,
              49.70170340551397,
              0
            ],
            [
              37.70724952920762,
              49.69958495107209,
              0
            ],
            [
              37.71983034620931,
              49.68976996605327,
              0
            ],
            [
              37.71926197900201,
              49.67695046414846,
              0
            ],
            [
              37.68433089784715,
              49.66959073456744,
              0
            ],
            [
              37.65999684140307,
              49.65833324090272,
              0
            ],
            [
              37.6655382900815,
              49.65070783123761,
              0
            ],
            [
              37.69197316782144,
              49.63092320347762,
              0
            ],
            [
              37.72247315628385,
              49.62155673320084,
              0
            ],
            [
              37.75748746096413,
              49.61437378012224,
              0
            ],
            [
              37.76791312289357,
              49.63290609793867,
              0
            ],
            [
              37.77532047234038,
              49.63974021626425,
              0
            ],
            [
              37.78711460121067,
              49.63904319554692,
              0
            ],
            [
              37.78829519466103,
              49.64888414759394,
              0
            ],
            [
              37.80246037535674,
              49.65362076916922,
              0
            ],
            [
              37.82787600029645,
              49.64808808597002,
              0
            ],
            [
              37.82790418854161,
              49.6377282068994,
              0
            ],
            [
              37.83356876320906,
              49.63201788127056,
              0
            ],
            [
              37.83613348798858,
              49.62731105037246,
              0
            ],
            [
              37.8394572,
              49.6226966,
              0
            ],
            [
              37.8174845,
              49.6157457,
              0
            ],
            [
              37.8066699,
              49.6142442,
              0
            ],
            [
              37.7880446,
              49.6094057,
              0
            ],
            [
              37.7882521,
              49.60885489999999,
              0
            ],
            [
              37.7888533,
              49.6045713,
              0
            ],
            [
              37.785923,
              49.5980975,
              0
            ],
            [
              37.7708076,
              49.59323590000001,
              0
            ],
            [
              37.7699259,
              49.5923029,
              0
            ],
            [
              37.770164,
              49.57460340000001,
              0
            ],
            [
              37.7620765,
              49.5732091,
              0
            ],
            [
              37.7618088,
              49.57165040000001,
              0
            ],
            [
              37.7632376,
              49.5602924,
              0
            ],
            [
              37.7653257,
              49.5507846,
              0
            ],
            [
              37.7640664,
              49.5504086,
              0
            ],
            [
              37.7448922,
              49.5470436,
              0
            ],
            [
              37.7331424,
              49.548996,
              0
            ],
            [
              37.7328523,
              49.5499728,
              0
            ],
            [
              37.7237642,
              49.5534835,
              0
            ],
            [
              37.721509,
              49.5598352,
              0
            ],
            [
              37.7203686,
              49.5665802,
              0
            ],
            [
              37.7189096,
              49.5701149,
              0
            ],
            [
              37.7100904,
              49.5689739,
              0
            ],
            [
              37.7047046,
              49.57108909999999,
              0
            ],
            [
              37.6978357,
              49.5718487,
              0
            ],
            [
              37.6916825,
              49.5695319,
              0
            ],
            [
              37.6885498,
              49.5672775,
              0
            ],
            [
              37.6885497,
              49.5645497,
              0
            ],
            [
              37.6904939,
              49.5613066,
              0
            ],
            [
              37.6944395,
              49.5590442,
              0
            ],
            [
              37.6987279,
              49.5561692,
              0
            ],
            [
              37.7010025,
              49.5525778,
              0
            ],
            [
              37.70819090458113,
              49.55316203968039,
              0
            ],
            [
              37.70622475556352,
              49.54855538545466,
              0
            ],
            [
              37.70509180462455,
              49.54148416834429,
              0
            ],
            [
              37.70538655746714,
              49.52441478127514,
              0
            ],
            [
              37.70454040591958,
              49.51402180314184,
              0
            ],
            [
              37.69628947729591,
              49.50329974167851,
              0
            ],
            [
              37.69153167234223,
              49.49483633127743,
              0
            ],
            [
              37.77908392552563,
              49.48145269264449,
              0
            ],
            [
              37.77256897527565,
              49.47199064717392,
              0
            ],
            [
              37.78015209195871,
              49.46352372215815,
              0
            ],
            [
              37.7674848303367,
              49.44947692986224,
              0
            ],
            [
              37.66278802017446,
              49.47322115263724,
              0
            ],
            [
              37.65140344406159,
              49.45427929879906,
              0
            ],
            [
              37.73641013455617,
              49.43577580065597,
              0
            ],
            [
              37.74142196739681,
              49.41520420822976,
              0
            ],
            [
              37.74898458459307,
              49.37141063603787,
              0
            ],
            [
              37.78342270814237,
              49.37232321161297,
              0
            ],
            [
              37.80050108765516,
              49.38483068914445,
              0
            ],
            [
              37.80254771011465,
              49.39384539730157,
              0
            ],
            [
              37.82602157184537,
              49.39196485511945,
              0
            ],
            [
              37.83788471967098,
              49.38966800258002,
              0
            ],
            [
              37.8431815013098,
              49.37840636621078,
              0
            ],
            [
              37.84247056307729,
              49.37025158171114,
              0
            ],
            [
              37.85394118201724,
              49.37054620453186,
              0
            ],
            [
              37.86331442281835,
              49.37146090761616,
              0
            ],
            [
              37.8708072,
              49.37840479999999,
              0
            ],
            [
              37.8778463,
              49.3780107,
              0
            ],
            [
              37.8834253,
              49.3794636,
              0
            ],
            [
              37.89823071108083,
              49.36915869331096,
              0
            ],
            [
              37.92319845145473,
              49.36537118606703,
              0
            ],
            [
              37.93087728619523,
              49.36063342032215,
              0
            ],
            [
              37.934241,
              49.3621108,
              0
            ],
            [
              37.93858435741985,
              49.35387763521941,
              0
            ],
            [
              37.94015612124139,
              49.33902902812118,
              0
            ],
            [
              37.95192094899491,
              49.33943351161112,
              0
            ],
            [
              37.95217612994712,
              49.33412226193113,
              0
            ],
            [
              37.96042179866274,
              49.33089446934194,
              0
            ],
            [
              37.9607974584163,
              49.32270406134286,
              0
            ],
            [
              37.963991,
              49.31619380000001,
              0
            ],
            [
              37.9690549,
              49.31205319999999,
              0
            ],
            [
              37.9698273,
              49.3029315,
              0
            ],
            [
              37.9692266,
              49.3000211,
              0
            ],
            [
              37.9670542,
              49.2949908,
              0
            ],
            [
              37.9672259,
              49.2937594,
              0
            ],
            [
              37.969715,
              49.2872656,
              0
            ],
            [
              37.98217400949706,
              49.2790893547214,
              0
            ],
            [
              37.95616265535844,
              49.27193501503798,
              0
            ],
            [
              37.96385414885751,
              49.25674021847254,
              0
            ],
            [
              37.93956374363158,
              49.2490673134081,
              0
            ],
            [
              37.930990056978,
              49.24331817295189,
              0
            ],
            [
              37.91293021538285,
              49.24190735094238,
              0
            ],
            [
              37.87701795160422,
              49.24619174772565,
              0
            ],
            [
              37.87111817992045,
              49.24285975097356,
              0
            ],
            [
              37.88690701226715,
              49.2369909971362,
              0
            ],
            [
              37.91336584594043,
              49.22642447663493,
              0
            ],
            [
              37.89764776539482,
              49.22101408262518,
              0
            ],
            [
              37.89646755988125,
              49.21192778332669,
              0
            ],
            [
              37.8836556283634,
              49.19946028210596,
              0
            ],
            [
              37.87826693062717,
              49.1805278070977,
              0
            ],
            [
              37.85602739882033,
              49.16687523568074,
              0
            ],
            [
              37.83523532617517,
              49.16792915172424,
              0
            ],
            [
              37.81668535024729,
              49.17206430348859,
              0
            ],
            [
              37.82129448849136,
              49.18473649344525,
              0
            ],
            [
              37.80802795048743,
              49.18604753745444,
              0
            ],
            [
              37.79280627257327,
              49.17299903848266,
              0
            ],
            [
              37.80643291564129,
              49.14922144412823,
              0
            ],
            [
              37.77173347549554,
              49.13490915603417,
              0
            ],
            [
              37.73865934649118,
              49.14282550069484,
              0
            ],
            [
              37.71056844840861,
              49.14827035238429,
              0
            ],
            [
              37.69932046470677,
              49.12909526450822,
              0
            ],
            [
              37.6630113997789,
              49.1309421065974,
              0
            ],
            [
              37.65592181249784,
              49.11705384582723,
              0
            ],
            [
              37.64321155913146,
              49.10625413201538,
              0
            ],
            [
              37.59343494554074,
              49.10565833159459,
              0
            ],
            [
              37.59393041779722,
              49.09435997948341,
              0
            ],
            [
              37.56340653828413,
              49.07607378336226,
              0
            ],
            [
              37.56477371683351,
              49.06994122530488,
              0
            ],
            [
              37.60776718596527,
              49.07050148161883,
              0
            ],
            [
              37.64181289784018,
              49.06497314578602,
              0
            ],
            [
              37.6576380988247,
              49.05811477585667,
              0
            ],
            [
              37.67231943688925,
              49.07467113840427,
              0
            ],
            [
              37.67867058212168,
              49.08061574932605,
              0
            ],
            [
              37.71158775525399,
              49.07176900997817,
              0
            ],
            [
              37.74727075947931,
              49.05770463580406,
              0
            ],
            [
              37.75649550579506,
              49.04608390579899,
              0
            ],
            [
              37.76205332444876,
              49.05008657244812,
              0
            ],
            [
              37.77942084038508,
              49.04753060495572,
              0
            ],
            [
              37.80065927305722,
              49.05428037388936,
              0
            ],
            [
              37.82407306438476,
              49.05677550987746,
              0
            ],
            [
              37.82761403912496,
              49.05352226314848,
              0
            ],
            [
              37.82923289244699,
              49.04657875050285,
              0
            ],
            [
              37.8246608630954,
              49.03884098129912,
              0
            ],
            [
              37.83444419776654,
              49.0390757734298,
              0
            ],
            [
              37.836438245991,
              49.04387403114297,
              0
            ],
            [
              37.8368113955486,
              49.05138560739481,
              0
            ],
            [
              37.8359169466629,
              49.057274015675,
              0
            ],
            [
              37.86477444401855,
              49.06763068669031,
              0
            ],
            [
              37.92240021425023,
              49.06316423691341,
              0
            ],
            [
              37.91739280780195,
              49.04586349621548,
              0
            ],
            [
              37.9082506471867,
              49.03547895488639,
              0
            ],
            [
              37.87899415732662,
              49.0339576385051,
              0
            ],
            [
              37.86760742291482,
              49.03166759673371,
              0
            ],
            [
              37.86831055464678,
              49.01837094157965,
              0
            ],
            [
              37.86359019383885,
              49.01578514702888,
              0
            ],
            [
              37.86610342382963,
              48.99163659265648,
              0
            ],
            [
              37.83365122827229,
              48.99014364125928,
              0
            ],
            [
              37.8256151534891,
              48.98976346247657,
              0
            ],
            [
              37.81829746114203,
              48.99109229806876,
              0
            ],
            [
              37.81780876435933,
              48.99777167017197,
              0
            ],
            [
              37.80846749512975,
              48.99815158740329,
              0
            ],
            [
              37.79536521070164,
              48.99791132517215,
              0
            ],
            [
              37.79128738946248,
              48.99231425672598,
              0
            ],
            [
              37.78157530155227,
              48.98945584026643,
              0
            ],
            [
              37.79466304572354,
              48.98266277071983,
              0
            ],
            [
              37.80329057965049,
              48.97701393458179,
              0
            ],
            [
              37.81373548850032,
              48.97499445161752,
              0
            ],
            [
              37.83211770317862,
              48.96576068400609,
              0
            ],
            [
              37.82924063624845,
              48.9591574914641,
              0
            ],
            [
              37.83211222184454,
              48.95320620358437,
              0
            ],
            [
              37.82066477296624,
              48.94752434078983,
              0
            ],
            [
              37.82158934868714,
              48.93184839168789,
              0
            ],
            [
              37.84155585888416,
              48.93292698293526,
              0
            ],
            [
              37.8592987385936,
              48.92234148356034,
              0
            ],
            [
              37.87334800394549,
              48.9173211668671,
              0
            ],
            [
              37.89192210320724,
              48.91207257413939,
              0
            ],
            [
              37.91160803156462,
              48.91362653164604,
              0
            ],
            [
              37.91862014123164,
              48.92002847665547,
              0
            ],
            [
              37.93534985458394,
              48.91409390652333,
              0
            ],
            [
              37.94298555913733,
              48.90874857669212,
              0
            ],
            [
              37.92763088893987,
              48.88669808980682,
              0
            ],
            [
              37.91701053247088,
              48.87982728936158,
              0
            ],
            [
              37.90169318051581,
              48.87836239537952,
              0
            ],
            [
              37.90013793469977,
              48.88074681804043,
              0
            ],
            [
              37.90291706095973,
              48.88409926748177,
              0
            ],
            [
              37.90087641164406,
              48.88633216859123,
              0
            ],
            [
              37.89850806568778,
              48.88764621218064,
              0
            ],
            [
              37.89425925714261,
              48.88826742547904,
              0
            ],
            [
              37.89006694126603,
              48.88650529891947,
              0
            ],
            [
              37.8832631744896,
              48.88552447328613,
              0
            ],
            [
              37.88507929514792,
              48.88229673798841,
              0
            ],
            [
              37.88476111455245,
              48.87851373152386,
              0
            ],
            [
              37.87728003574491,
              48.87626045298187,
              0
            ],
            [
              37.86486795373198,
              48.8778253268278,
              0
            ],
            [
              37.86142823037851,
              48.8722700395982,
              0
            ],
            [
              37.87399586074072,
              48.85440545548117,
              0
            ],
            [
              37.8919059883158,
              48.85855558137725,
              0
            ],
            [
              37.90778623371583,
              48.85944893715299,
              0
            ],
            [
              37.916078310839,
              48.84551058360178,
              0
            ],
            [
              37.90184750063251,
              48.83934617092808,
              0
            ],
            [
              37.86944505307903,
              48.83924138043092,
              0
            ],
            [
              37.86727979694663,
              48.8220229160237,
              0
            ],
            [
              37.85435660088535,
              48.81535080518077,
              0
            ],
            [
              37.83412191068904,
              48.81571289526057,
              0
            ],
            [
              37.84220098043345,
              48.80167483729123,
              0
            ],
            [
              37.86756487181442,
              48.79244768658098,
              0
            ],
            [
              37.86798247417391,
              48.78462606442352,
              0
            ],
            [
              37.8564701471889,
              48.76708619072524,
              0
            ],
            [
              37.82977233246486,
              48.7660189855632,
              0
            ],
            [
              37.80115144461533,
              48.77668006332112,
              0
            ],
            [
              37.79819152194514,
              48.76410879640324,
              0
            ],
            [
              37.80854795184554,
              48.75418827402196,
              0
            ],
            [
              37.79956545260652,
              48.747501654779,
              0
            ],
            [
              37.82308549132067,
              48.73913340632344,
              0
            ],
            [
              37.84662362393708,
              48.72608441880767,
              0
            ],
            [
              37.83969102556294,
              48.70921553714114,
              0
            ],
            [
              37.80415384633051,
              48.71069933267326,
              0
            ],
            [
              37.80088610888085,
              48.69389420966411,
              0
            ],
            [
              37.79955252401427,
              48.69059922328088,
              0
            ],
            [
              37.8036542323425,
              48.68433250967791,
              0
            ],
            [
              37.79535892861687,
              48.68186731955597,
              0
            ],
            [
              37.80034246293314,
              48.67395195942279,
              0
            ],
            [
              37.80016533236464,
              48.66198663637454,
              0
            ],
            [
              37.79611158687872,
              48.65972760170338,
              0
            ],
            [
              37.78792994140399,
              48.65694000723176,
              0
            ],
            [
              37.77138453047205,
              48.65460172238227,
              0
            ],
            [
              37.7833695908793,
              48.64668112058631,
              0
            ],
            [
              37.76874967483883,
              48.62401783615373,
              0
            ],
            [
              37.73381129916513,
              48.61069412846933,
              0
            ],
            [
              37.74014037811428,
              48.60071685026801,
              0
            ],
            [
              37.78251895878674,
              48.60321270522874,
              0
            ],
            [
              37.78217462247294,
              48.58913015868367,
              0
            ],
            [
              37.7986256,
              48.5899727,
              0
            ],
            [
              37.7999596469801,
              48.5909614011903,
              0
            ],
            [
              37.7999862,
              48.5908404,
              0
            ],
            [
              37.8086642324572,
              48.5914115533356,
              0
            ],
            [
              37.8129881804731,
              48.5893862421218,
              0
            ],
            [
              37.8161048131945,
              48.58562200692834,
              0
            ],
            [
              37.81875389982594,
              48.58221590633209,
              0
            ],
            [
              37.80144910811506,
              48.58011443045703,
              0
            ],
            [
              37.80054778446056,
              48.57026288960535,
              0
            ],
            [
              37.8217962,
              48.5658893,
              0
            ],
            [
              37.8242897,
              48.56317839999999,
              0
            ],
            [
              37.8260809,
              48.5615764,
              0
            ],
            [
              37.821725,
              48.5594604,
              0
            ],
            [
              37.8216177,
              48.558722,
              0
            ],
            [
              37.82090313858161,
              48.55154372680726,
              0
            ],
            [
              37.81545636805558,
              48.54591302359297,
              0
            ],
            [
              37.80591437528881,
              48.54490091327591,
              0
            ],
            [
              37.79756638667178,
              48.54217127095072,
              0
            ],
            [
              37.78759277603419,
              48.54122770779217,
              0
            ],
            [
              37.74634439968415,
              48.53803826006268,
              0
            ],
            [
              37.71432596576527,
              48.56093002489123,
              0
            ],
            [
              37.70559756495333,
              48.55791150438257,
              0
            ],
            [
              37.71810816681037,
              48.54086554295949,
              0
            ],
            [
              37.71019101985993,
              48.53686332912171,
              0
            ],
            [
              37.67435988482663,
              48.54217935312063,
              0
            ],
            [
              37.65783620454534,
              48.53771062579282,
              0
            ],
            [
              37.63859383143568,
              48.52326296275315,
              0
            ],
            [
              37.64165171511149,
              48.50736081923555,
              0
            ],
            [
              37.63195775890485,
              48.50078464046514,
              0
            ],
            [
              37.62214384904768,
              48.4961628477126,
              0
            ],
            [
              37.59958184903785,
              48.49791016858553,
              0
            ],
            [
              37.5910419096449,
              48.48880673233767,
              0
            ],
            [
              37.60624686910153,
              48.48053191505796,
              0
            ],
            [
              37.60581516785855,
              48.47378917850253,
              0
            ],
            [
              37.60010843389784,
              48.4656163820586,
              0
            ],
            [
              37.5957859,
              48.4598153,
              0
            ],
            [
              37.584585,
              48.4585916,
              0
            ],
            [
              37.5834603,
              48.4636573,
              0
            ],
            [
              37.5589437,
              48.461352,
              0
            ],
            [
              37.5558118,
              48.4701454,
              0
            ],
            [
              37.53655889243598,
              48.48021085090141,
              0
            ],
            [
              37.52237851153596,
              48.47885060544462,
              0
            ],
            [
              37.51365442441515,
              48.48035969701295,
              0
            ],
            [
              37.50591844123291,
              48.48066136471693,
              0
            ],
            [
              37.4997438,
              48.4820244,
              0
            ],
            [
              37.4956322,
              48.4824093,
              0
            ],
            [
              37.4943698,
              48.4965648,
              0
            ],
            [
              37.49128,
              48.49629,
              0
            ],
            [
              37.4896919,
              48.50463169999999,
              0
            ],
            [
              37.4611689,
              48.5033102,
              0
            ],
            [
              37.4337889,
              48.5010353,
              0
            ],
            [
              37.4280973,
              48.5024441,
              0
            ],
            [
              37.4254192,
              48.5045405,
              0
            ],
            [
              37.42499,
              48.505422,
              0
            ],
            [
              37.4252904,
              48.50618969999999,
              0
            ],
            [
              37.44031742882775,
              48.51348362277905,
              0
            ],
            [
              37.43401110483125,
              48.52126728282722,
              0
            ],
            [
              37.43499875367829,
              48.53395294630463,
              0
            ],
            [
              37.42679492044099,
              48.53545849761334,
              0
            ],
            [
              37.37839546353265,
              48.53171436841832,
              0
            ],
            [
              37.36198114895076,
              48.49583587669784,
              0
            ],
            [
              37.35086914814142,
              48.48596670981469,
              0
            ],
            [
              37.33464919065123,
              48.48924023130107,
              0
            ],
            [
              37.31564323913363,
              48.48522872894955,
              0
            ],
            [
              37.31289333501663,
              48.51722932287206,
              0
            ],
            [
              37.30219579918206,
              48.51713945430469,
              0
            ],
            [
              37.3052793421018,
              48.48639379187116,
              0
            ],
            [
              37.286517,
              48.49088570000001,
              0
            ],
            [
              37.2854227,
              48.49072930000001,
              0
            ],
            [
              37.2823757,
              48.4862922,
              0
            ],
            [
              37.2848648,
              48.4749843,
              0
            ],
            [
              37.2671451,
              48.47308399999999,
              0
            ],
            [
              37.2695054,
              48.4615668,
              0
            ],
            [
              37.2511846,
              48.4592656,
              0
            ],
            [
              37.2423011,
              48.4639612,
              0
            ],
            [
              37.2322589,
              48.4634205,
              0
            ],
            [
              37.2335035,
              48.4545411,
              0
            ],
            [
              37.2305355,
              48.4531348,
              0
            ],
            [
              37.2248634,
              48.45308270000001,
              0
            ],
            [
              37.2107714,
              48.4511568,
              0
            ],
            [
              37.1954172,
              48.4497641,
              0
            ],
            [
              37.1963185,
              48.4449818,
              0
            ],
            [
              37.1992367,
              48.4450956,
              0
            ],
            [
              37.19958,
              48.4422488,
              0
            ],
            [
              37.2022994,
              48.4349078,
              0
            ],
            [
              37.206678,
              48.4344129,
              0
            ],
            [
              37.2129424,
              48.4336834,
              0
            ],
            [
              37.2149038,
              48.4332274,
              0
            ],
            [
              37.2170929,
              48.4315766,
              0
            ],
            [
              37.2182096,
              48.4291442,
              0
            ],
            [
              37.2192045,
              48.4241647,
              0
            ],
            [
              37.2208797,
              48.4189172,
              0
            ],
            [
              37.2223066,
              48.4160761,
              0
            ],
            [
              37.2232545,
              48.41433219999999,
              0
            ],
            [
              37.21940854565285,
              48.40598221289228,
              0
            ],
            [
              37.20758351037564,
              48.40419850247759,
              0
            ],
            [
              37.18830206393179,
              48.40546903888041,
              0
            ],
            [
              37.17936647102903,
              48.40230201763102,
              0
            ],
            [
              37.15030314879969,
              48.38162836836104,
              0
            ],
            [
              37.16196775352722,
              48.36497997283625,
              0
            ],
            [
              37.16017643189295,
              48.35774590345826,
              0
            ],
            [
              37.16315474524989,
              48.34427173683794,
              0
            ],
            [
              37.15478310236929,
              48.33684025030309,
              0
            ],
            [
              37.13830162842039,
              48.33633034508069,
              0
            ],
            [
              37.10914265921448,
              48.33857349585442,
              0
            ],
            [
              37.08326779476434,
              48.36756074512203,
              0
            ],
            [
              37.01541369717011,
              48.36708417782304,
              0
            ],
            [
              37.01379677223678,
              48.36086751293634,
              0
            ],
            [
              37.04749605692703,
              48.32976560244346,
              0
            ],
            [
              37.0554802077904,
              48.32226875723242,
              0
            ],
            [
              37.02433094134955,
              48.31179232185645,
              0
            ],
            [
              37.02981184355588,
              48.29551982755895,
              0
            ],
            [
              37.0436714,
              48.26212,
              0
            ],
            [
              37.0434196,
              48.2600223,
              0
            ],
            [
              37.0328742,
              48.2592549,
              0
            ],
            [
              37.0124895,
              48.2573704,
              0
            ],
            [
              37.012046,
              48.2594934,
              0
            ],
            [
              37.0099003,
              48.2614933,
              0
            ],
            [
              37.00101131206398,
              48.26291835477355,
              0
            ],
            [
              36.9979280062163,
              48.27887018006955,
              0
            ],
            [
              36.98836609440782,
              48.27901170190636,
              0
            ],
            [
              36.9790441,
              48.261979,
              0
            ],
            [
              36.9801444,
              48.25804699999999,
              0
            ],
            [
              36.9705743,
              48.25678989999999,
              0
            ],
            [
              36.9720334,
              48.24704560000001,
              0
            ],
            [
              36.9621567,
              48.2441342,
              0
            ],
            [
              36.9624018,
              48.239699,
              0
            ],
            [
              36.9463701,
              48.24024359999999,
              0
            ],
            [
              36.942328,
              48.2428861,
              0
            ],
            [
              36.926641,
              48.2425361,
              0
            ],
            [
              36.9270427,
              48.2407535,
              0
            ],
            [
              36.9267768,
              48.2406982,
              0
            ],
            [
              36.9267362,
              48.2405143,
              0
            ],
            [
              36.9269279,
              48.2393785,
              0
            ],
            [
              36.924074,
              48.239195,
              0
            ],
            [
              36.9184547,
              48.2391013,
              0
            ],
            [
              36.9169955,
              48.2463037,
              0
            ],
            [
              36.9146362,
              48.24646619999999,
              0
            ],
            [
              36.9118186,
              48.24573350000001,
              0
            ],
            [
              36.9069624,
              48.24484489999999,
              0
            ],
            [
              36.9062476,
              48.2442419,
              0
            ],
            [
              36.9032867,
              48.24382979999999,
              0
            ],
            [
              36.9039411,
              48.24025,
              0
            ],
            [
              36.9069452,
              48.2404644,
              0
            ],
            [
              36.9077282,
              48.2359031,
              0
            ],
            [
              36.9117971,
              48.23591569999999,
              0
            ],
            [
              36.9178699,
              48.233472,
              0
            ],
            [
              36.9280213839861,
              48.233034057988,
              0
            ],
            [
              36.9282828,
              48.231914,
              0
            ],
            [
              36.9333843,
              48.2070831,
              0
            ],
            [
              36.9330722,
              48.2048839,
              0
            ],
            [
              36.9315647,
              48.2013052,
              0
            ],
            [
              36.9324489,
              48.1999321,
              0
            ],
            [
              36.9345742,
              48.1977901,
              0
            ],
            [
              36.9358861,
              48.1953085,
              0
            ],
            [
              36.9369654,
              48.1951395,
              0
            ],
            [
              36.9469578,
              48.1926041,
              0
            ],
            [
              36.9502785,
              48.1884065,
              0
            ],
            [
              36.9427848,
              48.1801453,
              0
            ],
            [
              36.9370941,
              48.1796893,
              0
            ],
            [
              36.9079183,
              48.1751228,
              0
            ],
            [
              36.9017478,
              48.179616,
              0
            ],
            [
              36.8952003,
              48.1784795,
              0
            ],
            [
              36.8897749,
              48.1751593,
              0
            ],
            [
              36.8912521,
              48.1738148,
              0
            ],
            [
              36.8950825,
              48.1700275,
              0
            ],
            [
              36.8970929,
              48.1618653,
              0
            ],
            [
              36.8780680022979,
              48.1596176003119,
              0
            ],
            [
              36.8780425,
              48.1597317,
              0
            ],
            [
              36.8774788,
              48.1597208,
              0
            ],
            [
              36.879925,
              48.1470088,
              0
            ],
            [
              36.8744835,
              48.1461214,
              0
            ],
            [
              36.8746337,
              48.1451907,
              0
            ],
            [
              36.8720803,
              48.1347952,
              0
            ],
            [
              36.8737003,
              48.12735330000001,
              0
            ],
            [
              36.8663133,
              48.12603850000001,
              0
            ],
            [
              36.8666726,
              48.1232452,
              0
            ],
            [
              36.8435841,
              48.12095339999999,
              0
            ],
            [
              36.8418675,
              48.127714,
              0
            ],
            [
              36.8302803,
              48.12725569999999,
              0
            ],
            [
              36.8267613,
              48.1264536,
              0
            ],
            [
              36.8188689,
              48.1254548,
              0
            ],
            [
              36.81756,
              48.1302098,
              0
            ],
            [
              36.8021534,
              48.1280615,
              0
            ],
            [
              36.7984192,
              48.1306016,
              0
            ],
            [
              36.7916386,
              48.132893,
              0
            ],
            [
              36.7928831,
              48.13488360000001,
              0
            ],
            [
              36.7859952,
              48.1374039,
              0
            ],
            [
              36.7823694,
              48.13407650000001,
              0
            ],
            [
              36.7813088,
              48.1326326,
              0
            ],
            [
              36.7774585,
              48.1291328,
              0
            ],
            [
              36.7715361,
              48.1269845,
              0
            ],
            [
              36.7679312,
              48.1252371,
              0
            ],
            [
              36.7659572,
              48.124349,
              0
            ],
            [
              36.7654266,
              48.1236364,
              0
            ],
            [
              36.7638661,
              48.1221216,
              0
            ],
            [
              36.7584003,
              48.1173128,
              0
            ],
            [
              36.7469276,
              48.11551180000001,
              0
            ],
            [
              36.7455543,
              48.1171162,
              0
            ],
            [
              36.745168,
              48.1199812,
              0
            ],
            [
              36.7468846,
              48.1231039,
              0
            ],
            [
              36.7438806,
              48.12631230000001,
              0
            ],
            [
              36.7356837,
              48.1285466,
              0
            ],
            [
              36.7346276,
              48.1277411,
              0
            ],
            [
              36.7338711,
              48.12679230000001,
              0
            ],
            [
              36.731929,
              48.1253528,
              0
            ],
            [
              36.7305339,
              48.1247654,
              0
            ],
            [
              36.7318214,
              48.1194369,
              0
            ],
            [
              36.7285586,
              48.1131856,
              0
            ],
            [
              36.7274857,
              48.1088875,
              0
            ],
            [
              36.7278665,
              48.1034696,
              0
            ],
            [
              36.728412,
              48.0998307,
              0
            ],
            [
              36.7276395,
              48.0989136,
              0
            ],
            [
              36.7229989,
              48.09834119999999,
              0
            ],
            [
              36.7185227,
              48.0975703,
              0
            ],
            [
              36.7135596,
              48.0965637,
              0
            ],
            [
              36.7092465,
              48.0963491,
              0
            ],
            [
              36.7042468,
              48.0964782,
              0
            ],
            [
              36.692186,
              48.09831089999999,
              0
            ],
            [
              36.682015,
              48.0993714,
              0
            ],
            [
              36.6737623,
              48.094215,
              0
            ],
            [
              36.6694279,
              48.0940144,
              0
            ],
            [
              36.6671947,
              48.09411390000001,
              0
            ],
            [
              36.6592124,
              48.09818400000001,
              0
            ],
            [
              36.6578515,
              48.0982915,
              0
            ],
            [
              36.6567115,
              48.0990709,
              0
            ],
            [
              36.6539407,
              48.10007959999999,
              0
            ],
            [
              36.6528904,
              48.10036109999999,
              0
            ],
            [
              36.6508101,
              48.0996109,
              0
            ],
            [
              36.650512,
              48.0985691,
              0
            ],
            [
              36.6500017,
              48.0978037,
              0
            ],
            [
              36.6473338,
              48.0982193,
              0
            ],
            [
              36.6447302,
              48.0991794,
              0
            ],
            [
              36.6430255,
              48.09960220000001,
              0
            ],
            [
              36.6295071,
              48.09662149999999,
              0
            ],
            [
              36.6251298,
              48.0948444,
              0
            ],
            [
              36.6224261,
              48.0943284,
              0
            ],
            [
              36.6157301,
              48.0956312,
              0
            ],
            [
              36.6138466,
              48.0962157,
              0
            ],
            [
              36.6152628,
              48.10180459999999,
              0
            ],
            [
              36.6137607,
              48.1022918,
              0
            ],
            [
              36.6107996,
              48.1022631,
              0
            ],
            [
              36.6084392,
              48.1011168,
              0
            ],
            [
              36.6054781,
              48.10040029999999,
              0
            ],
            [
              36.6039331,
              48.0996838,
              0
            ],
            [
              36.602598,
              48.0976377,
              0
            ],
            [
              36.595474,
              48.0937395,
              0
            ],
            [
              36.5843163,
              48.0926642,
              0
            ],
            [
              36.5913333,
              48.0823332,
              0
            ],
            [
              36.592128,
              48.0805452,
              0
            ],
            [
              36.6009658,
              48.0706034,
              0
            ],
            [
              36.5986526,
              48.0576872,
              0
            ],
            [
              36.594105,
              48.050713,
              0
            ],
            [
              36.5963159,
              48.04873090000001,
              0
            ],
            [
              36.5966385,
              48.0473226,
              0
            ],
            [
              36.6001132,
              48.03900710000001,
              0
            ],
            [
              36.6191494,
              48.0340973,
              0
            ],
            [
              36.6214938,
              48.0280888,
              0
            ],
            [
              36.6309666,
              47.9900151,
              0
            ],
            [
              36.6148304,
              47.9876024,
              0
            ],
            [
              36.6205738,
              47.9664286,
              0
            ],
            [
              36.6083231,
              47.96463199999999,
              0
            ],
            [
              36.60614576297244,
              47.94667729957173,
              0
            ],
            [
              36.56964592047012,
              47.93577392018294,
              0
            ],
            [
              36.5376829,
              47.9337488,
              0
            ],
            [
              36.5344203,
              47.9317806,
              0
            ],
            [
              36.5342479,
              47.9284897,
              0
            ],
            [
              36.5324412,
              47.9269714,
              0
            ],
            [
              36.535776,
              47.9192436,
              0
            ],
            [
              36.5387501614959,
              47.89460587384474,
              0
            ],
            [
              36.50660680546513,
              47.87519998697,
              0
            ],
            [
              36.43283020830463,
              47.87579485947276,
              0
            ],
            [
              36.30857465488179,
              47.87964753394738,
              0
            ],
            [
              36.2898206565725,
              47.87184464815968,
              0
            ],
            [
              36.2859356,
              47.8773962,
              0
            ],
            [
              36.2815006,
              47.8774009,
              0
            ],
            [
              36.29706474665495,
              47.96990218182577,
              0
            ],
            [
              36.26845131939655,
              47.98674975555006,
              0
            ],
            [
              36.23175092548488,
              47.88424478554976,
              0
            ],
            [
              36.31232993840014,
              47.80349293894585,
              0
            ],
            [
              36.29005529615865,
              47.7840447179837,
              0
            ],
            [
              36.13958254553052,
              47.84972813645586,
              0
            ],
            [
              36.03699194600213,
              47.81313958962065,
              0
            ],
            [
              36.02632132213654,
              47.79542492802757,
              0
            ],
            [
              36.04098189267467,
              47.78517497842094,
              0
            ],
            [
              36.12737903717401,
              47.78802524690775,
              0
            ],
            [
              36.15319767229511,
              47.79087125765963,
              0
            ],
            [
              36.1535040759908,
              47.77523898206044,
              0
            ],
            [
              36.05177342639084,
              47.76025138765823,
              0
            ],
            [
              36.05444942094007,
              47.74366320170446,
              0
            ],
            [
              36.07552769851277,
              47.74619752721195,
              0
            ],
            [
              36.16853794530149,
              47.73670636969058,
              0
            ],
            [
              36.17256210443194,
              47.72494640003481,
              0
            ],
            [
              36.168365,
              47.71752530000001,
              0
            ],
            [
              36.16785,
              47.7157929,
              0
            ],
            [
              36.1681933,
              47.7145513,
              0
            ],
            [
              36.157207,
              47.7107397,
              0
            ],
            [
              36.13132695110418,
              47.70545599915559,
              0
            ],
            [
              36.11924397883497,
              47.70035894001647,
              0
            ],
            [
              36.09897009015672,
              47.69839801577817,
              0
            ],
            [
              36.07085982907589,
              47.70530676462692,
              0
            ],
            [
              36.06752923684138,
              47.70131727328112,
              0
            ],
            [
              36.08427416034587,
              47.68632045155706,
              0
            ],
            [
              36.09928050070061,
              47.66809507592148,
              0
            ],
            [
              36.09667487309299,
              47.66346285976279,
              0
            ],
            [
              36.12507875224538,
              47.65404606821087,
              0
            ],
            [
              36.13550897911887,
              47.6551017221561,
              0
            ],
            [
              36.13691371142504,
              47.65400475872817,
              0
            ],
            [
              36.10379030233724,
              47.63216607718909,
              0
            ],
            [
              36.1042521532672,
              47.62301369929341,
              0
            ],
            [
              36.1722486,
              47.6390518,
              0
            ],
            [
              36.1743086,
              47.63844450000001,
              0
            ],
            [
              36.1780422,
              47.6347142,
              0
            ],
            [
              36.1794155,
              47.6351768,
              0
            ],
            [
              36.1805313,
              47.6345696,
              0
            ],
            [
              36.181175,
              47.634425,
              0
            ],
            [
              36.1857011,
              47.6358886,
              0
            ],
            [
              36.1963064,
              47.6393546,
              0
            ],
            [
              36.1979801,
              47.6390654,
              0
            ],
            [
              36.1988814,
              47.6379666,
              0
            ],
            [
              36.2145197,
              47.6421375,
              0
            ],
            [
              36.2192346,
              47.6356461,
              0
            ],
            [
              36.2395645,
              47.6384225,
              0
            ],
            [
              36.2399721,
              47.6389286,
              0
            ],
            [
              36.2494333,
              47.6397166,
              0
            ],
            [
              36.2509354,
              47.63095440000001,
              0
            ],
            [
              36.2467726,
              47.6301735,
              0
            ],
            [
              36.2473305,
              47.6273102,
              0
            ],
            [
              36.2440689,
              47.6246203,
              0
            ],
            [
              36.2430941,
              47.6167939,
              0
            ],
            [
              36.2308203,
              47.61505820000001,
              0
            ],
            [
              36.2203919,
              47.6130331,
              0
            ],
            [
              36.2197911,
              47.612657,
              0
            ],
            [
              36.2196857,
              47.6028637,
              0
            ],
            [
              36.2126814,
              47.6018735,
              0
            ],
            [
              36.2107243,
              47.6016242,
              0
            ],
            [
              36.2077373,
              47.6004778,
              0
            ],
            [
              36.2081852,
              47.59435650000001,
              0
            ],
            [
              36.2050095,
              47.59369079999999,
              0
            ],
            [
              36.1977137,
              47.5937777,
              0
            ],
            [
              36.1990652,
              47.58726549999999,
              0
            ],
            [
              36.1857405,
              47.5863103,
              0
            ],
            [
              36.185794,
              47.5842481,
              0
            ],
            [
              36.1702266,
              47.5841248,
              0
            ],
            [
              36.1713358,
              47.5803166,
              0
            ],
            [
              36.1541482,
              47.5787969,
              0
            ],
            [
              36.1546525,
              47.57548910000001,
              0
            ],
            [
              36.1518953,
              47.57165950000001,
              0
            ],
            [
              36.1389778,
              47.5718332,
              0
            ],
            [
              36.08309610934402,
              47.59138536318548,
              0
            ],
            [
              36.07403148700286,
              47.61506807643497,
              0
            ],
            [
              36.04448076513642,
              47.61212420440367,
              0
            ],
            [
              36.03233786878994,
              47.57635299424923,
              0
            ],
            [
              36.0942601,
              47.5638993,
              0
            ],
            [
              36.0795832,
              47.5625672,
              0
            ],
            [
              36.0783021,
              47.55421160000001,
              0
            ],
            [
              36.070056,
              47.5346437,
              0
            ],
            [
              36.064096,
              47.5240114,
              0
            ],
            [
              36.0584803,
              47.525202,
              0
            ],
            [
              36.0547257,
              47.5254063,
              0
            ],
            [
              36.0342418,
              47.52883300000001,
              0
            ],
            [
              36.0158662,
              47.5286749,
              0
            ],
            [
              36.0126261,
              47.5338181,
              0
            ],
            [
              36.0013179,
              47.5337312,
              0
            ],
            [
              35.9987001,
              47.53229700000001,
              0
            ],
            [
              35.9981422,
              47.52958769999999,
              0
            ],
            [
              35.9920053,
              47.5291675,
              0
            ],
            [
              35.9820918,
              47.52776219999999,
              0
            ],
            [
              35.9819842,
              47.51926230000001,
              0
            ],
            [
              35.9814788,
              47.51879229999999,
              0
            ],
            [
              35.9716708,
              47.5196177,
              0
            ],
            [
              35.9610706,
              47.5208059,
              0
            ],
            [
              35.94094023506115,
              47.53476679585127,
              0
            ],
            [
              35.91044134185714,
              47.53911524597485,
              0
            ],
            [
              35.9103037625157,
              47.53018252144181,
              0
            ],
            [
              35.9309825,
              47.5160088,
              0
            ],
            [
              35.9316768,
              47.493335,
              0
            ],
            [
              35.9157521,
              47.4946868,
              0
            ],
            [
              35.9164013,
              47.4819216,
              0
            ],
            [
              35.9065922,
              47.4817542,
              0
            ],
            [
              35.8870985,
              47.4842685,
              0
            ],
            [
              35.8710744,
              47.4891825,
              0
            ],
            [
              35.8698572,
              47.47932520000001,
              0
            ],
            [
              35.8574832,
              47.4802567,
              0
            ],
            [
              35.8491,
              47.4845224,
              0
            ],
            [
              35.8451746,
              47.4885357,
              0
            ],
            [
              35.8467624,
              47.4956691,
              0
            ],
            [
              35.8428605,
              47.5050565,
              0
            ],
            [
              35.81628091366301,
              47.51268848172651,
              0
            ],
            [
              35.8088454,
              47.4977455,
              0
            ],
            [
              35.8068713,
              47.4943821,
              0
            ],
            [
              35.8056697,
              47.4907864,
              0
            ],
            [
              35.8064421,
              47.4882925,
              0
            ],
            [
              35.8097055,
              47.4836436,
              0
            ],
            [
              35.8079812,
              47.4821792,
              0
            ],
            [
              35.7812359,
              47.4806078,
              0
            ],
            [
              35.7756141,
              47.4808978,
              0
            ],
            [
              35.7754851,
              47.481594,
              0
            ],
            [
              35.763212,
              47.4823476,
              0
            ],
            [
              35.7660159,
              47.4874225,
              0
            ],
            [
              35.7638131,
              47.4877415,
              0
            ],
            [
              35.7562312,
              47.4878285,
              0
            ],
            [
              35.7588426,
              47.4941985,
              0
            ],
            [
              35.7588426,
              47.4955613,
              0
            ],
            [
              35.7545511,
              47.49669219999999,
              0
            ],
            [
              35.7473413,
              47.5003454,
              0
            ],
            [
              35.7445194,
              47.5034138,
              0
            ],
            [
              35.7224609,
              47.5197044,
              0
            ],
            [
              35.714589,
              47.5190004,
              0
            ],
            [
              35.7131299,
              47.52386930000001,
              0
            ],
            [
              35.7127007,
              47.5287377,
              0
            ],
            [
              35.7052335,
              47.52653539999999,
              0
            ],
            [
              35.6991395,
              47.52847690000001,
              0
            ],
            [
              35.680715,
              47.523049,
              0
            ],
            [
              35.674709,
              47.5307259,
              0
            ],
            [
              35.6304418,
              47.51683,
              0
            ],
            [
              35.6287875,
              47.51968699999999,
              0
            ],
            [
              35.6144389,
              47.5146756,
              0
            ],
            [
              35.6087741,
              47.52267479999999,
              0
            ],
            [
              35.6025233,
              47.5211941,
              0
            ],
            [
              35.5958284,
              47.5302935,
              0
            ],
            [
              35.5978455,
              47.5318582,
              0
            ],
            [
              35.5965762,
              47.5377843,
              0
            ],
            [
              35.5960183,
              47.5404207,
              0
            ],
            [
              35.5949024,
              47.5441288,
              0
            ],
            [
              35.5938326,
              47.5490316,
              0
            ],
            [
              35.5897127,
              47.5485682,
              0
            ],
            [
              35.5851208,
              47.54885790000001,
              0
            ],
            [
              35.5800568,
              47.5484813,
              0
            ],
            [
              35.5635773,
              47.5482785,
              0
            ],
            [
              35.5627588,
              47.5483581,
              0
            ],
            [
              35.5586849,
              47.5490606,
              0
            ],
            [
              35.5389868,
              47.5476413,
              0
            ],
            [
              35.5190174,
              47.54518689999999,
              0
            ],
            [
              35.5074936,
              47.5447801,
              0
            ],
            [
              35.45291313294026,
              47.54684608182188,
              0
            ],
            [
              35.40026766803476,
              47.55308002053448,
              0
            ],
            [
              35.35632599588689,
              47.55325515473858,
              0
            ],
            [
              35.3316917,
              47.54769759999999,
              0
            ],
            [
              35.3374481,
              47.5301882,
              0
            ],
            [
              35.3373194,
              47.52813079999999,
              0
            ],
            [
              35.3358602,
              47.52595749999999,
              0
            ],
            [
              35.3331137,
              47.5236101,
              0
            ],
            [
              35.3304529,
              47.5208569,
              0
            ],
            [
              35.3279209,
              47.5190311,
              0
            ],
            [
              35.3234148,
              47.5172051,
              0
            ],
            [
              35.3172779,
              47.5138139,
              0
            ],
            [
              35.3113647,
              47.5126042,
              0
            ],
            [
              35.3053566,
              47.5118505,
              0
            ],
            [
              35.2976318,
              47.5098794,
              0
            ],
            [
              35.2917095,
              47.5075603,
              0
            ],
            [
              35.284843,
              47.5050672,
              0
            ],
            [
              35.2796932,
              47.5021101,
              0
            ],
            [
              35.2765174,
              47.4977611,
              0
            ],
            [
              35.2744575,
              47.4939917,
              0
            ],
            [
              35.2749725,
              47.49074400000001,
              0
            ],
            [
              35.2781559,
              47.4827974,
              0
            ],
            [
              35.2803875,
              47.47844680000001,
              0
            ],
            [
              35.2830482,
              47.4725875,
              0
            ],
            [
              35.2829624,
              47.46875829999999,
              0
            ],
            [
              35.2784134,
              47.4636522,
              0
            ],
            [
              35.2738643,
              47.4601124,
              0
            ],
            [
              35.2715469,
              47.45773309999999,
              0
            ],
            [
              35.2671696,
              47.4565725,
              0
            ],
            [
              35.267427,
              47.45935799999999,
              0
            ],
            [
              35.2680279,
              47.4623756,
              0
            ],
            [
              35.2680279,
              47.4651028,
              0
            ],
            [
              35.2694012,
              47.4700347,
              0
            ],
            [
              35.2695728,
              47.4724134,
              0
            ],
            [
              35.2667404,
              47.4728776,
              0
            ],
            [
              35.2616764,
              47.47212340000001,
              0
            ],
            [
              35.2581573,
              47.4699187,
              0
            ],
            [
              35.2530933,
              47.4674238,
              0
            ],
            [
              35.2396691,
              47.46259249999999,
              0
            ],
            [
              35.2360642,
              47.4598651,
              0
            ],
            [
              35.2271378,
              47.45475809999999,
              0
            ],
            [
              35.2220738,
              47.4519723,
              0
            ],
            [
              35.2134049,
              47.448664,
              0
            ],
            [
              35.2019894,
              47.4451813,
              0
            ],
            [
              35.1940071,
              47.4450652,
              0
            ],
            [
              35.1809609,
              47.4454715,
              0
            ],
            [
              35.1739228,
              47.44471690000001,
              0
            ],
            [
              35.1640522,
              47.44529739999999,
              0
            ],
            [
              35.1458527,
              47.4467658,
              0
            ],
            [
              35.1364113,
              47.4478106,
              0
            ],
            [
              35.1247383,
              47.44955190000001,
              0
            ],
            [
              35.1173569,
              47.4501323,
              0
            ],
            [
              35.1024784,
              47.4503586,
              0
            ],
            [
              35.0865437,
              47.45111899999999,
              0
            ],
            [
              35.0774456,
              47.4508288,
              0
            ],
            [
              35.0695492,
              47.4502484,
              0
            ],
            [
              35.0628544,
              47.4488554,
              0
            ],
            [
              35.0596787,
              47.4462434,
              0
            ],
            [
              35.0560738,
              47.4444439,
              0
            ],
            [
              35.053413,
              47.4428766,
              0
            ],
            [
              35.0466324,
              47.4378841,
              0
            ],
            [
              35.0305994,
              47.4200509,
              0
            ],
            [
              35.0285395,
              47.4174374,
              0
            ],
            [
              35.023733,
              47.4140108,
              0
            ],
            [
              35.0164374,
              47.4109324,
              0
            ],
            [
              35.0114592,
              47.4079119,
              0
            ],
            [
              35.0045927,
              47.4048331,
              0
            ],
            [
              34.9843367,
              47.3954215,
              0
            ],
            [
              34.9778135,
              47.3924001,
              0
            ],
            [
              34.9742945,
              47.3906569,
              0
            ],
            [
              34.9683722,
              47.3893204,
              0
            ],
            [
              34.9632223,
              47.3892042,
              0
            ],
            [
              34.9524077,
              47.3889718,
              0
            ],
            [
              34.9433897,
              47.38951740000001,
              0
            ],
            [
              34.9385832,
              47.39097,
              0
            ],
            [
              34.9319742,
              47.3922484,
              0
            ],
            [
              34.9222754,
              47.3943982,
              0
            ],
            [
              34.9145506,
              47.3961413,
              0
            ],
            [
              34.9089716,
              47.39741949999999,
              0
            ],
            [
              34.9030493,
              47.3992205,
              0
            ],
            [
              34.892063,
              47.4023577,
              0
            ],
            [
              34.8869131,
              47.4043329,
              0
            ],
            [
              34.8797892,
              47.4071793,
              0
            ],
            [
              34.8757551,
              47.408922,
              0
            ],
            [
              34.8731802,
              47.4108388,
              0
            ],
            [
              34.869747,
              47.4142076,
              0
            ],
            [
              34.8669146,
              47.4175181,
              0
            ],
            [
              34.8647688,
              47.42053799999999,
              0
            ],
            [
              34.8633955,
              47.4241385,
              0
            ],
            [
              34.864168,
              47.4261709,
              0
            ],
            [
              34.8656271,
              47.4290162,
              0
            ],
            [
              34.8680304,
              47.4314548,
              0
            ],
            [
              34.8724687,
              47.4380573,
              0
            ],
            [
              34.8739278,
              47.44101799999999,
              0
            ],
            [
              34.874872,
              47.4446751,
              0
            ],
            [
              34.8731553,
              47.4471131,
              0
            ],
            [
              34.8669755,
              47.4494348,
              0
            ],
            [
              34.8636281,
              47.4493187,
              0
            ],
            [
              34.8592508,
              47.4491446,
              0
            ],
            [
              34.8561609,
              47.449667,
              0
            ],
            [
              34.851526,
              47.4514663,
              0
            ],
            [
              34.845432,
              47.4539619,
              0
            ],
            [
              34.8412263,
              47.4558191,
              0
            ],
            [
              34.8377073,
              47.4572119,
              0
            ],
            [
              34.83024,
              47.4606938,
              0
            ],
            [
              34.8250902,
              47.4628989,
              0
            ],
            [
              34.8209703,
              47.463189,
              0
            ],
            [
              34.8162496,
              47.46417550000001,
              0
            ],
            [
              34.8095548,
              47.46533600000001,
              0
            ],
            [
              34.8008001,
              47.46551,
              0
            ],
            [
              34.7920453,
              47.4675409,
              0
            ],
            [
              34.781059,
              47.4714862,
              0
            ],
            [
              34.7748792,
              47.474155,
              0
            ],
            [
              34.7583997,
              47.4823925,
              0
            ],
            [
              34.7520482,
              47.48958470000001,
              0
            ],
            [
              34.7463834,
              47.4905126,
              0
            ],
            [
              34.7357404,
              47.4916726,
              0
            ],
            [
              34.7271573,
              47.49236849999999,
              0
            ],
            [
              34.7182309,
              47.4893527,
              0
            ],
            [
              34.7083437,
              47.4888832,
              0
            ],
            [
              34.6988332,
              47.49120859999999,
              0
            ],
            [
              34.6868169,
              47.49178860000001,
              0
            ],
            [
              34.6761739,
              47.4944563,
              0
            ],
            [
              34.6761739,
              47.5000233,
              0
            ],
            [
              34.6787799,
              47.50781140000001,
              0
            ],
            [
              34.6773208,
              47.5100145,
              0
            ],
            [
              34.670626,
              47.517145,
              0
            ],
            [
              34.6657336,
              47.52155029999999,
              0
            ],
            [
              34.6553481,
              47.5265349,
              0
            ],
            [
              34.6502841,
              47.5308235,
              0
            ],
            [
              34.6477092,
              47.5365605,
              0
            ],
            [
              34.6420444,
              47.53771940000001,
              0
            ],
            [
              34.6363795,
              47.5301281,
              0
            ],
            [
              34.6290839,
              47.52838950000001,
              0
            ],
            [
              34.6171535,
              47.52717239999999,
              0
            ],
            [
              34.6124328,
              47.5269406,
              0
            ],
            [
              34.6048797,
              47.5259553,
              0
            ],
            [
              34.6011889,
              47.52456430000001,
              0
            ],
            [
              34.5953525,
              47.5238688,
              0
            ],
            [
              34.5922626,
              47.52137639999999,
              0
            ],
            [
              34.5902026,
              47.5206809,
              0
            ],
            [
              34.5837653,
              47.52137639999999,
              0
            ],
            [
              34.5769847,
              47.5198114,
              0
            ],
            [
              34.5738948,
              47.52137639999999,
              0
            ],
            [
              34.5724357,
              47.5229994,
              0
            ],
            [
              34.565655,
              47.5250859,
              0
            ],
            [
              34.5581019,
              47.5266508,
              0
            ],
            [
              34.549948,
              47.5289111,
              0
            ],
            [
              34.5455707,
              47.53093939999999,
              0
            ],
            [
              34.53879,
              47.5308815,
              0
            ],
            [
              34.5329536,
              47.5293747,
              0
            ],
            [
              34.528662,
              47.5246223,
              0
            ],
            [
              34.5260013,
              47.52172419999999,
              0
            ],
            [
              34.5233405,
              47.5181304,
              0
            ],
            [
              34.5200789,
              47.5127972,
              0
            ],
            [
              34.51347,
              47.5083912,
              0
            ],
            [
              34.5103801,
              47.5045066,
              0
            ],
            [
              34.5074618,
              47.5006217,
              0
            ],
            [
              34.5011962,
              47.4987081,
              0
            ],
            [
              34.492184,
              47.4988241,
              0
            ],
            [
              34.4812835,
              47.4987081,
              0
            ],
            [
              34.4668639,
              47.49894009999999,
              0
            ],
            [
              34.454161,
              47.4980122,
              0
            ],
            [
              34.4321021,
              47.4964468,
              0
            ],
            [
              34.4243773,
              47.4974326,
              0
            ],
            [
              34.4162234,
              47.4985344,
              0
            ],
            [
              34.4089278,
              47.5001,
              0
            ],
            [
              34.4046363,
              47.5017236,
              0
            ],
            [
              34.3983706,
              47.5035211,
              0
            ],
            [
              34.3933066,
              47.50694190000001,
              0
            ],
            [
              34.3908175,
              47.5101887,
              0
            ],
            [
              34.3853244,
              47.51181189999999,
              0
            ],
            [
              34.3812903,
              47.5103626,
              0
            ],
            [
              34.3773421,
              47.5077536,
              0
            ],
            [
              34.3739947,
              47.5048547,
              0
            ],
            [
              34.3754538,
              47.5035791,
              0
            ],
            [
              34.380947,
              47.5032892,
              0
            ],
            [
              34.3816337,
              47.5005059,
              0
            ],
            [
              34.3810328,
              47.4983604,
              0
            ],
            [
              34.3765696,
              47.4936052,
              0
            ],
            [
              34.3727931,
              47.4898354,
              0
            ],
            [
              34.3722781,
              47.4875735,
              0
            ],
            [
              34.3701323,
              47.48589150000001,
              0
            ],
            [
              34.3661841,
              47.48397740000001,
              0
            ],
            [
              34.3625792,
              47.4823532,
              0
            ],
            [
              34.3593177,
              47.4829333,
              0
            ],
            [
              34.354348,
              47.4815546,
              0
            ],
            [
              34.351859,
              47.4799594,
              0
            ],
            [
              34.3499707,
              47.47816109999999,
              0
            ],
            [
              34.3470524,
              47.47555049999999,
              0
            ],
            [
              34.3452929,
              47.47291090000001,
              0
            ],
            [
              34.3425463,
              47.4695748,
              0
            ],
            [
              34.3410443,
              47.46768909999999,
              0
            ],
            [
              34.3397568,
              47.4641207,
              0
            ],
            [
              34.34344,
              47.4521218,
              0
            ],
            [
              34.342453,
              47.4499453,
              0
            ],
            [
              34.3393201,
              47.4476236,
              0
            ],
            [
              34.3359298,
              47.445621,
              0
            ],
            [
              34.3346853,
              47.4445762,
              0
            ],
            [
              34.3313808,
              47.4404256,
              0
            ],
            [
              34.3288059,
              47.43804540000001,
              0
            ],
            [
              34.325716,
              47.43639080000001,
              0
            ],
            [
              34.3230981,
              47.4352878,
              0
            ],
            [
              34.318592,
              47.4334008,
              0
            ],
            [
              34.3121118,
              47.4317461,
              0
            ],
            [
              34.3068207,
              47.4297423,
              0
            ],
            [
              34.3026579,
              47.4280584,
              0
            ],
            [
              34.2992676,
              47.4273616,
              0
            ],
            [
              34.2958773,
              47.426839,
              0
            ],
            [
              34.294032,
              47.4258809,
              0
            ],
            [
              34.2914999,
              47.4252421,
              0
            ],
            [
              34.2891825,
              47.4264906,
              0
            ],
            [
              34.2862214,
              47.428581,
              0
            ],
            [
              34.2825306,
              47.4315132,
              0
            ],
            [
              34.2789258,
              47.4339808,
              0
            ],
            [
              34.2728747,
              47.4355483,
              0
            ],
            [
              34.2687548,
              47.4355774,
              0
            ],
            [
              34.265622,
              47.43546119999999,
              0
            ],
            [
              34.2621029,
              47.43444520000001,
              0
            ],
            [
              34.2591847,
              47.4339517,
              0
            ],
            [
              34.2562235,
              47.4333421,
              0
            ],
            [
              34.2452372,
              47.4275648,
              0
            ],
            [
              34.2338562,
              47.4218869,
              0
            ],
            [
              34.228363,
              47.41968009999999,
              0
            ],
            [
              34.2218399,
              47.418054,
              0
            ],
            [
              34.2185783,
              47.4172409,
              0
            ],
            [
              34.2141151,
              47.41398839999999,
              0
            ],
            [
              34.2106819,
              47.4109681,
              0
            ],
            [
              34.2060471,
              47.4094579,
              0
            ],
            [
              34.196949,
              47.4099226,
              0
            ],
            [
              34.1806412,
              47.4137561,
              0
            ],
            [
              34.1722298,
              47.4166601,
              0
            ],
            [
              34.164505,
              47.4189832,
              0
            ],
            [
              34.1546611,
              47.4221092,
              0
            ],
            [
              34.1487122,
              47.42258380000001,
              0
            ],
            [
              34.1418457,
              47.42258380000001,
              0
            ],
            [
              34.1351509,
              47.4186347,
              0
            ],
            [
              34.130516,
              47.4167763,
              0
            ],
            [
              34.1250229,
              47.4163116,
              0
            ],
            [
              34.1130066,
              47.4173571,
              0
            ],
            [
              34.0962963,
              47.41978619999999,
              0
            ],
            [
              34.0815926,
              47.4220031,
              0
            ],
            [
              34.0730095,
              47.4221192,
              0
            ],
            [
              34.0633373,
              47.42257370000001,
              0
            ],
            [
              34.0563583,
              47.4210739,
              0
            ],
            [
              34.0470886,
              47.4185186,
              0
            ],
            [
              34.0446854,
              47.4153824,
              0
            ],
            [
              34.0427971,
              47.4121298,
              0
            ],
            [
              34.0446854,
              47.4089932,
              0
            ],
            [
              34.0417671,
              47.40643729999999,
              0
            ],
            [
              34.0410805,
              47.4034166,
              0
            ],
            [
              34.0412521,
              47.3971422,
              0
            ],
            [
              34.0409088,
              47.3917967,
              0
            ],
            [
              34.0369606,
              47.38226649999999,
              0
            ],
            [
              34.0298395,
              47.36909649999999,
              0
            ],
            [
              34.0221147,
              47.3557247,
              0
            ],
            [
              34.0181665,
              47.3488631,
              0
            ],
            [
              34.0169649,
              47.3460717,
              0
            ],
            [
              34.0176515,
              47.3411863,
              0
            ],
            [
              34.0238552,
              47.3353939,
              0
            ],
            [
              34.0276079,
              47.3345555,
              0
            ],
            [
              34.0318994,
              47.3373475,
              0
            ],
            [
              34.0382509,
              47.34176789999999,
              0
            ],
            [
              34.0401392,
              47.3464206,
              0
            ],
            [
              34.046834,
              47.3485142,
              0
            ],
            [
              34.0507822,
              47.3493283,
              0
            ],
            [
              34.0635709,
              47.3451412,
              0
            ],
            [
              34.0664892,
              47.34246590000001,
              0
            ],
            [
              34.0667467,
              47.33851080000001,
              0
            ],
            [
              34.0638284,
              47.3360679,
              0
            ],
            [
              34.0583353,
              47.33409009999999,
              0
            ],
            [
              34.0534429,
              47.3326359,
              0
            ],
            [
              34.0488081,
              47.3308325,
              0
            ],
            [
              34.0455465,
              47.3288546,
              0
            ],
            [
              34.0427999,
              47.3265857,
              0
            ],
            [
              34.0405683,
              47.3250731,
              0
            ],
            [
              34.0361051,
              47.32373500000001,
              0
            ],
            [
              34.0332727,
              47.32222220000001,
              0
            ],
            [
              34.028037,
              47.318673,
              0
            ],
            [
              34.0274362,
              47.3152399,
              0
            ],
            [
              34.0253763,
              47.3130868,
              0
            ],
            [
              34.0197973,
              47.3101189,
              0
            ],
            [
              34.0164499,
              47.3076746,
              0
            ],
            [
              34.0109567,
              47.3022619,
              0
            ],
            [
              34.0089826,
              47.2973143,
              0
            ],
            [
              34.0043078,
              47.2873224,
              0
            ],
            [
              34.0014754,
              47.28283919999999,
              0
            ],
            [
              34.0002737,
              47.2799279,
              0
            ],
            [
              33.9978705,
              47.2759099,
              0
            ],
            [
              33.9964972,
              47.2731729,
              0
            ],
            [
              33.9944372,
              47.2689797,
              0
            ],
            [
              33.9933214,
              47.2664753,
              0
            ],
            [
              33.9931498,
              47.26373770000001,
              0
            ],
            [
              33.9927206,
              47.2610583,
              0
            ],
            [
              33.9929811,
              47.25868089999999,
              0
            ],
            [
              33.9914362,
              47.2556517,
              0
            ],
            [
              33.9899771,
              47.2532049,
              0
            ],
            [
              33.9898912,
              47.25134060000001,
              0
            ],
            [
              33.9903204,
              47.2493014,
              0
            ],
            [
              33.9902346,
              47.2467378,
              0
            ],
            [
              33.9889471,
              47.2423094,
              0
            ],
            [
              33.9886038,
              47.2400951,
              0
            ],
            [
              33.9872305,
              47.23788069999999,
              0
            ],
            [
              33.9860897,
              47.2354834,
              0
            ],
            [
              33.9868872,
              47.23321850000001,
              0
            ],
            [
              33.9835398,
              47.227565,
              0
            ],
            [
              33.9783899,
              47.221153,
              0
            ],
            [
              33.9751284,
              47.2182383,
              0
            ],
            [
              33.9687769,
              47.2129913,
              0
            ],
            [
              33.9637129,
              47.2077438,
              0
            ],
            [
              33.9559881,
              47.202904,
              0
            ],
            [
              33.9467985,
              47.1968517,
              0
            ],
            [
              33.9437944,
              47.1935273,
              0
            ],
            [
              33.9418203,
              47.1913109,
              0
            ],
            [
              33.9383871,
              47.1887445,
              0
            ],
            [
              33.9365847,
              47.1866446,
              0
            ],
            [
              33.9338381,
              47.1843696,
              0
            ],
            [
              33.9315206,
              47.18156949999999,
              0
            ],
            [
              33.9302332,
              47.1776024,
              0
            ],
            [
              33.9278299,
              47.1739851,
              0
            ],
            [
              33.9233667,
              47.1713012,
              0
            ],
            [
              33.9183885,
              47.16809190000001,
              0
            ],
            [
              33.915127,
              47.1658162,
              0
            ],
            [
              33.9112646,
              47.1633652,
              0
            ],
            [
              33.9030249,
              47.1596302,
              0
            ],
            [
              33.8901503,
              47.1535603,
              0
            ],
            [
              33.8858158,
              47.1520719,
              0
            ],
            [
              33.8808805,
              47.1502624,
              0
            ],
            [
              33.8787348,
              47.1494744,
              0
            ],
            [
              33.8744432,
              47.14845290000001,
              0
            ],
            [
              33.8712246,
              47.1474021,
              0
            ],
            [
              33.8683922,
              47.14608869999999,
              0
            ],
            [
              33.8654739,
              47.1446876,
              0
            ],
            [
              33.8639719,
              47.1438995,
              0
            ],
            [
              33.85629,
              47.13955009999999,
              0
            ],
            [
              33.8538868,
              47.137244,
              0
            ],
            [
              33.8526422,
              47.1356383,
              0
            ],
            [
              33.8516123,
              47.13362390000001,
              0
            ],
            [
              33.852277,
              47.1278337,
              0
            ],
            [
              33.8516762,
              47.1244174,
              0
            ],
            [
              33.8512042,
              47.121731,
              0
            ],
            [
              33.8503888,
              47.11813910000001,
              0
            ],
            [
              33.8495734,
              47.1158612,
              0
            ],
            [
              33.8486292,
              47.1134371,
              0
            ],
            [
              33.8474508,
              47.1076266,
              0
            ],
            [
              33.8460776,
              47.1045887,
              0
            ],
            [
              33.8444468,
              47.1015507,
              0
            ],
            [
              33.8417002,
              47.0972855,
              0
            ],
            [
              33.8391253,
              47.0932537,
              0
            ],
            [
              33.8357779,
              47.0897476,
              0
            ],
            [
              33.8337179,
              47.08752690000001,
              0
            ],
            [
              33.8310572,
              47.08536449999999,
              0
            ],
            [
              33.8285681,
              47.08337740000001,
              0
            ],
            [
              33.8263365,
              47.0808058,
              0
            ],
            [
              33.8164819,
              47.0694714,
              0
            ],
            [
              33.8109888,
              47.06432659999999,
              0
            ],
            [
              33.8049806,
              47.05883050000001,
              0
            ],
            [
              33.7974275,
              47.05263219999999,
              0
            ],
            [
              33.7914194,
              47.04818760000001,
              0
            ],
            [
              33.7852396,
              47.0449124,
              0
            ],
            [
              33.7742532,
              47.0414031,
              0
            ],
            [
              33.77082,
              47.0396483,
              0
            ],
            [
              33.7653268,
              47.0356706,
              0
            ],
            [
              33.7610353,
              47.0318097,
              0
            ],
            [
              33.7567438,
              47.0280654,
              0
            ],
            [
              33.7466157,
              47.0226827,
              0
            ],
            [
              33.7323678,
              47.016363,
              0
            ],
            [
              33.7244714,
              47.0127348,
              0
            ],
            [
              33.7184633,
              47.00957450000001,
              0
            ],
            [
              33.7121118,
              47.0055946,
              0
            ],
            [
              33.7079919,
              47.002785,
              0
            ],
            [
              33.704387,
              46.9992729,
              0
            ],
            [
              33.7012971,
              46.9961118,
              0
            ],
            [
              33.6995805,
              46.9937701,
              0
            ],
            [
              33.6988939,
              46.988501,
              0
            ],
            [
              33.7000665,
              46.9729268,
              0
            ],
            [
              33.6978349,
              46.96460980000001,
              0
            ],
            [
              33.6986074,
              46.9584005,
              0
            ],
            [
              33.700324,
              46.9542996,
              0
            ],
            [
              33.6998091,
              46.9518975,
              0
            ],
            [
              33.69732,
              46.9490265,
              0
            ],
            [
              33.6956892,
              46.9463312,
              0
            ],
            [
              33.6959467,
              46.94363580000001,
              0
            ],
            [
              33.696805,
              46.94047140000001,
              0
            ],
            [
              33.6980066,
              46.9361347,
              0
            ],
            [
              33.6974058,
              46.9332629,
              0
            ],
            [
              33.6942301,
              46.928105,
              0
            ],
            [
              33.6890613,
              46.9206995,
              0
            ],
            [
              33.6900054,
              46.9154818,
              0
            ],
            [
              33.6914646,
              46.9126675,
              0
            ],
            [
              33.691722,
              46.90944269999999,
              0
            ],
            [
              33.6902629,
              46.9063349,
              0
            ],
            [
              33.6878597,
              46.9032856,
              0
            ],
            [
              33.6855422,
              46.9009399,
              0
            ],
            [
              33.6824523,
              46.8991805,
              0
            ],
            [
              33.6751567,
              46.89847670000001,
              0
            ],
            [
              33.6695777,
              46.90047070000001,
              0
            ],
            [
              33.666402,
              46.9017609,
              0
            ],
            [
              33.6613063,
              46.90249240000001,
              0
            ],
            [
              33.6563598,
              46.9023473,
              0
            ],
            [
              33.6485492,
              46.9007639,
              0
            ],
            [
              33.6404811,
              46.8978902,
              0
            ],
            [
              33.6366187,
              46.8951924,
              0
            ],
            [
              33.634988,
              46.8922597,
              0
            ],
            [
              33.6352722,
              46.8774213,
              0
            ],
            [
              33.6369888,
              46.8687374,
              0
            ],
            [
              33.6400203,
              46.8581399,
              0
            ],
            [
              33.6380188,
              46.8520697,
              0
            ],
            [
              33.6344139,
              46.84479060000001,
              0
            ],
            [
              33.6314957,
              46.8403287,
              0
            ],
            [
              33.6289208,
              46.83751049999999,
              0
            ],
            [
              33.6248009,
              46.834105,
              0
            ],
            [
              33.622226,
              46.8309341,
              0
            ],
            [
              33.6136429,
              46.8244744,
              0
            ],
            [
              33.6078064,
              46.8235347,
              0
            ],
            [
              33.5991649,
              46.8254974,
              0
            ],
            [
              33.5937302,
              46.82506169999999,
              0
            ],
            [
              33.5870354,
              46.82224269999999,
              0
            ],
            [
              33.576564,
              46.8191886,
              0
            ],
            [
              33.556308,
              46.8176615,
              0
            ],
            [
              33.5358293,
              46.81836,
              0
            ],
            [
              33.525873,
              46.8192998,
              0
            ],
            [
              33.5160883,
              46.82106180000001,
              0
            ],
            [
              33.5063036,
              46.8212967,
              0
            ],
            [
              33.4944589,
              46.82000459999999,
              0
            ],
            [
              33.4863908,
              46.81953470000001,
              0
            ],
            [
              33.481241,
              46.8189474,
              0
            ],
            [
              33.4752329,
              46.8181251,
              0
            ],
            [
              33.4666498,
              46.816363,
              0
            ],
            [
              33.4623583,
              46.813661,
              0
            ],
            [
              33.459955,
              46.8095491,
              0
            ],
            [
              33.4556635,
              46.8042618,
              0
            ],
            [
              33.4496553,
              46.8000316,
              0
            ],
            [
              33.439184,
              46.79450829999999,
              0
            ],
            [
              33.4340341,
              46.7905124,
              0
            ],
            [
              33.4199579,
              46.7811091,
              0
            ],
            [
              33.4048517,
              46.77393799999999,
              0
            ],
            [
              33.3971269,
              46.7674714,
              0
            ],
            [
              33.3868272,
              46.7654725,
              0
            ],
            [
              33.3770559,
              46.7767179,
              0
            ],
            [
              33.3714978,
              46.7764679,
              0
            ],
            [
              33.3672279,
              46.772867,
              0
            ],
            [
              33.3678047,
              46.7690132,
              0
            ],
            [
              33.3536966,
              46.76182720000001,
              0
            ],
            [
              33.331209,
              46.75453589999999,
              0
            ],
            [
              33.3109529,
              46.7506546,
              0
            ],
            [
              33.2932718,
              46.7506546,
              0
            ],
            [
              33.2838304,
              46.7500665,
              0
            ],
            [
              33.2757623,
              46.75041940000001,
              0
            ],
            [
              33.2606561,
              46.7527717,
              0
            ],
            [
              33.2534464,
              46.7546535,
              0
            ],
            [
              33.2376343,
              46.7620266,
              0
            ],
            [
              33.2287079,
              46.76449599999999,
              0
            ],
            [
              33.2158333,
              46.7656719,
              0
            ],
            [
              33.1993538,
              46.7675532,
              0
            ],
            [
              33.1878525,
              46.7695521,
              0
            ],
            [
              33.1827027,
              46.7707278,
              0
            ],
            [
              33.1748063,
              46.7730793,
              0
            ],
            [
              33.1667382,
              46.7675532,
              0
            ],
            [
              33.160215,
              46.7637905,
              0
            ],
            [
              33.1542069,
              46.7621442,
              0
            ],
            [
              33.1483821,
              46.76109379999999,
              0
            ],
            [
              33.129391,
              46.75478680000001,
              0
            ],
            [
              33.1179924,
              46.75083410000001,
              0
            ],
            [
              33.1123966,
              46.7498176,
              0
            ],
            [
              33.1080192,
              46.7485531,
              0
            ],
            [
              33.1032985,
              46.7471122,
              0
            ],
            [
              33.1027406,
              46.7460536,
              0
            ],
            [
              33.1019406,
              46.74496080000001,
              0
            ],
            [
              33.099522,
              46.7442009,
              0
            ],
            [
              33.097585,
              46.7434381,
              0
            ],
            [
              33.0933793,
              46.74282050000001,
              0
            ],
            [
              33.0911048,
              46.7417029,
              0
            ],
            [
              33.0886587,
              46.7403795,
              0
            ],
            [
              33.0865129,
              46.7394972,
              0
            ],
            [
              33.0842813,
              46.738556,
              0
            ],
            [
              33.0817064,
              46.7373796,
              0
            ],
            [
              33.0794319,
              46.7366149,
              0
            ],
            [
              33.0772432,
              46.7365561,
              0
            ],
            [
              33.0750974,
              46.73685020000001,
              0
            ],
            [
              33.073295,
              46.73690899999999,
              0
            ],
            [
              33.0716213,
              46.7363502,
              0
            ],
            [
              33.0715783,
              46.7350266,
              0
            ],
            [
              33.0708488,
              46.7326735,
              0
            ],
            [
              33.0695184,
              46.73196759999999,
              0
            ],
            [
              33.0673297,
              46.7316146,
              0
            ],
            [
              33.0662998,
              46.7314087,
              0
            ],
            [
              33.0647119,
              46.7313793,
              0
            ],
            [
              33.0625661,
              46.7309086,
              0
            ],
            [
              33.0607637,
              46.7302026,
              0
            ],
            [
              33.0591329,
              46.72926129999999,
              0
            ],
            [
              33.0568584,
              46.7284377,
              0
            ],
            [
              33.0553993,
              46.72781989999999,
              0
            ],
            [
              33.0532106,
              46.7271433,
              0
            ],
            [
              33.0507644,
              46.7267903,
              0
            ],
            [
              33.0479749,
              46.7264961,
              0
            ],
            [
              33.0456374,
              46.7258168,
              0
            ],
            [
              33.0446704,
              46.7245545,
              0
            ],
            [
              33.0440267,
              46.7238191,
              0
            ],
            [
              33.0417951,
              46.7229953,
              0
            ],
            [
              33.0390056,
              46.7222892,
              0
            ],
            [
              33.0377611,
              46.72193619999999,
              0
            ],
            [
              33.0249453,
              46.7187012,
              0
            ],
            [
              33.0192805,
              46.7171712,
              0
            ],
            [
              33.0130149,
              46.71640619999999,
              0
            ],
            [
              33.0089808,
              46.7163474,
              0
            ],
            [
              33.0024577,
              46.71605310000001,
              0
            ],
            [
              32.9910422,
              46.7139935,
              0
            ],
            [
              32.987094,
              46.7125811,
              0
            ],
            [
              32.9827166,
              46.7108155,
              0
            ],
            [
              32.9700137,
              46.7099327,
              0
            ],
            [
              32.9625464,
              46.7099327,
              0
            ],
            [
              32.9488135,
              46.7121103,
              0
            ],
            [
              32.9439212,
              46.71287530000001,
              0
            ],
            [
              32.9392005,
              46.71446420000001,
              0
            ],
            [
              32.9361964,
              46.71605310000001,
              0
            ],
            [
              32.9325915,
              46.7171712,
              0
            ],
            [
              32.9291583,
              46.71746540000001,
              0
            ],
            [
              32.9210902,
              46.7171712,
              0
            ],
            [
              32.918172,
              46.7157,
              0
            ],
            [
              32.9127646,
              46.71340499999999,
              0
            ],
            [
              32.9058991,
              46.710836,
              0
            ],
            [
              32.900921,
              46.7078933,
              0
            ],
            [
              32.894312,
              46.7036555,
              0
            ],
            [
              32.8871022,
              46.6994174,
              0
            ],
            [
              32.8839265,
              46.6971805,
              0
            ],
            [
              32.8810941,
              46.6948258,
              0
            ],
            [
              32.877575,
              46.69194109999999,
              0
            ],
            [
              32.8728543,
              46.6895861,
              0
            ],
            [
              32.8667604,
              46.6865833,
              0
            ],
            [
              32.8604947,
              46.6826383,
              0
            ],
            [
              32.8591214,
              46.6805774,
              0
            ],
            [
              32.853517,
              46.6751932,
              0
            ],
            [
              32.8461355,
              46.672543,
              0
            ],
            [
              32.8431315,
              46.67236630000001,
              0
            ],
            [
              32.8382391,
              46.6711884,
              0
            ],
            [
              32.8348059,
              46.669716,
              0
            ],
            [
              32.8324026,
              46.6693626,
              0
            ],
            [
              32.8277678,
              46.6695393,
              0
            ],
            [
              32.8238195,
              46.66783119999999,
              0
            ],
            [
              32.8209013,
              46.6664765,
              0
            ],
            [
              32.8188414,
              46.6658286,
              0
            ],
            [
              32.8174681,
              46.66488619999999,
              0
            ],
            [
              32.8165239,
              46.6645328,
              0
            ],
            [
              32.8146239,
              46.6660135,
              0
            ],
            [
              32.8127474,
              46.6668888,
              0
            ],
            [
              32.8109449,
              46.66576970000001,
              0
            ],
            [
              32.8089416,
              46.6648239,
              0
            ],
            [
              32.8074934,
              46.6641584,
              0
            ],
            [
              32.8049368,
              46.6651218,
              0
            ],
            [
              32.8030302,
              46.66560150000001,
              0
            ],
            [
              32.8004736,
              46.6654163,
              0
            ],
            [
              32.7978129,
              46.6646506,
              0
            ],
            [
              32.7974695,
              46.6631191,
              0
            ],
            [
              32.7948946,
              46.6617643,
              0
            ],
            [
              32.793178,
              46.6605861,
              0
            ],
            [
              32.7927488,
              46.6588189,
              0
            ],
            [
              32.7909464,
              46.6559912,
              0
            ],
            [
              32.7827137,
              46.6521623,
              0
            ],
            [
              32.7797954,
              46.65086609999999,
              0
            ],
            [
              32.7757614,
              46.6498645,
              0
            ],
            [
              32.7726715,
              46.648804,
              0
            ],
            [
              32.7688949,
              46.6473309,
              0
            ],
            [
              32.7650326,
              46.64550429999999,
              0
            ],
            [
              32.7613418,
              46.6440312,
              0
            ],
            [
              32.7567928,
              46.6423224,
              0
            ],
            [
              32.7525871,
              46.6420277,
              0
            ],
            [
              32.7466648,
              46.6431473,
              0
            ],
            [
              32.7431457,
              46.6427348,
              0
            ],
            [
              32.7391975,
              46.6420277,
              0
            ],
            [
              32.7351635,
              46.6422634,
              0
            ],
            [
              32.7323311,
              46.6424991,
              0
            ],
            [
              32.7306145,
              46.6436777,
              0
            ],
            [
              32.7290695,
              46.6446794,
              0
            ],
            [
              32.7271794,
              46.6477334,
              0
            ],
            [
              32.7227567,
              46.6500244,
              0
            ],
            [
              32.7191303,
              46.6496267,
              0
            ],
            [
              32.7185295,
              46.6484778,
              0
            ],
            [
              32.7172205,
              46.6477707,
              0
            ],
            [
              32.7154653,
              46.64738990000001,
              0
            ],
            [
              32.7139204,
              46.6467123,
              0
            ],
            [
              32.7122424,
              46.64598830000001,
              0
            ],
            [
              32.7128861,
              46.6448246,
              0
            ],
            [
              32.7148216,
              46.643383,
              0
            ],
            [
              32.7164481,
              46.6421877,
              0
            ],
            [
              32.7178643,
              46.64090600000001,
              0
            ],
            [
              32.7115631,
              46.6359534,
              0
            ],
            [
              32.7065256,
              46.6340002,
              0
            ],
            [
              32.701993,
              46.6328003,
              0
            ],
            [
              32.6939514,
              46.6332196,
              0
            ],
            [
              32.6883888,
              46.6324467,
              0
            ],
            [
              32.6838398,
              46.63123840000001,
              0
            ],
            [
              32.6775312,
              46.6304427,
              0
            ],
            [
              32.6696022,
              46.6274898,
              0
            ],
            [
              32.6664264,
              46.6255741,
              0
            ],
            [
              32.6638515,
              46.6247783,
              0
            ],
            [
              32.6602895,
              46.6237763,
              0
            ],
            [
              32.6571567,
              46.6230099,
              0
            ],
            [
              32.6540239,
              46.62177200000001,
              0
            ],
            [
              32.6506336,
              46.6203572,
              0
            ],
            [
              32.6486595,
              46.6196203,
              0
            ],
            [
              32.6454837,
              46.6190603,
              0
            ],
            [
              32.6429088,
              46.617557,
              0
            ],
            [
              32.641278,
              46.6160241,
              0
            ],
            [
              32.6404197,
              46.6146976,
              0
            ],
            [
              32.6413209,
              46.6133711,
              0
            ],
            [
              32.6421363,
              46.61213289999999,
              0
            ],
            [
              32.6417072,
              46.61113060000001,
              0
            ],
            [
              32.6411493,
              46.610541,
              0
            ],
            [
              32.6398618,
              46.6102167,
              0
            ],
            [
              32.636214,
              46.6118971,
              0
            ],
            [
              32.635184,
              46.6121919,
              0
            ],
            [
              32.6327808,
              46.6124572,
              0
            ],
            [
              32.6302488,
              46.6120445,
              0
            ],
            [
              32.6287467,
              46.61166120000001,
              0
            ],
            [
              32.6274541,
              46.6072289,
              0
            ],
            [
              32.6262739,
              46.6049217,
              0
            ],
            [
              32.6249859,
              46.59982650000001,
              0
            ],
            [
              32.6234409,
              46.5952854,
              0
            ],
            [
              32.6219818,
              46.5923954,
              0
            ],
            [
              32.6196644,
              46.5891513,
              0
            ],
            [
              32.6176902,
              46.58690979999999,
              0
            ],
            [
              32.6153728,
              46.5846683,
              0
            ],
            [
              32.6136562,
              46.58301649999999,
              0
            ],
            [
              32.6120262,
              46.58240649999999,
              0
            ],
            [
              32.6055585,
              46.58403789999999,
              0
            ],
            [
              32.5866757,
              46.5860435,
              0
            ],
            [
              32.582985,
              46.5892878,
              0
            ],
            [
              32.58247,
              46.592001,
              0
            ],
            [
              32.5813542,
              46.5933576,
              0
            ],
            [
              32.5786076,
              46.5933576,
              0
            ],
            [
              32.5768052,
              46.5931217,
              0
            ],
            [
              32.5738011,
              46.5937115,
              0
            ],
            [
              32.5692521,
              46.5945372,
              0
            ],
            [
              32.5669347,
              46.59512699999999,
              0
            ],
            [
              32.5640164,
              46.5958347,
              0
            ],
            [
              32.5629006,
              46.5934166,
              0
            ],
            [
              32.5629006,
              46.5888159,
              0
            ],
            [
              32.562729,
              46.58456879999999,
              0
            ],
            [
              32.5619044,
              46.58213359999999,
              0
            ],
            [
              32.554008,
              46.5760865,
              0
            ],
            [
              32.5412391,
              46.5743236,
              0
            ],
            [
              32.5331711,
              46.5738516,
              0
            ],
            [
              32.5300812,
              46.5731436,
              0
            ],
            [
              32.5264763,
              46.57166849999999,
              0
            ],
            [
              32.5233864,
              46.5697803,
              0
            ],
            [
              32.5227855,
              46.5687772,
              0
            ],
            [
              32.5215839,
              46.567125,
              0
            ],
            [
              32.5215839,
              46.56517769999999,
              0
            ],
            [
              32.5183223,
              46.5640565,
              0
            ],
            [
              32.5142025,
              46.5637024,
              0
            ],
            [
              32.5097393,
              46.5641155,
              0
            ],
            [
              32.5057052,
              46.5647056,
              0
            ],
            [
              32.5009845,
              46.5659448,
              0
            ],
            [
              32.4971222,
              46.56671189999999,
              0
            ],
            [
              32.4927448,
              46.5691903,
              0
            ],
            [
              32.4906849,
              46.5702524,
              0
            ],
            [
              32.4876808,
              46.5712555,
              0
            ],
            [
              32.48502,
              46.57166849999999,
              0
            ],
            [
              32.4816726,
              46.57090149999999,
              0
            ],
            [
              32.4778103,
              46.5697803,
              0
            ],
            [
              32.4742912,
              46.56842319999999,
              0
            ],
            [
              32.4706863,
              46.566948,
              0
            ],
            [
              32.4636482,
              46.5649416,
              0
            ],
            [
              32.4590992,
              46.5634073,
              0
            ],
            [
              32.4509452,
              46.55877980000001,
              0
            ],
            [
              32.4403022,
              46.5548845,
              0
            ],
            [
              32.4367831,
              46.55323190000001,
              0
            ],
            [
              32.4329208,
              46.5509889,
              0
            ],
            [
              32.4275134,
              46.5565961,
              0
            ],
            [
              32.4223636,
              46.55842570000001,
              0
            ],
            [
              32.4197028,
              46.55842570000001,
              0
            ],
            [
              32.4173854,
              46.5581897,
              0
            ],
            [
              32.4131797,
              46.5575995,
              0
            ],
            [
              32.4106906,
              46.55677319999999,
              0
            ],
            [
              32.4092315,
              46.5555928,
              0
            ],
            [
              32.4066566,
              46.5543533,
              0
            ],
            [
              32.4050258,
              46.553468,
              0
            ],
            [
              32.4033092,
              46.5528777,
              0
            ],
            [
              32.4016784,
              46.55228750000001,
              0
            ],
            [
              32.3969577,
              46.5499264,
              0
            ],
            [
              32.3957561,
              46.5489229,
              0
            ],
            [
              32.3929237,
              46.5476243,
              0
            ],
            [
              32.3890613,
              46.5469159,
              0
            ],
            [
              32.386143,
              46.5459714,
              0
            ],
            [
              32.3824523,
              46.54549920000001,
              0
            ],
            [
              32.3797916,
              46.5453811,
              0
            ],
            [
              32.3731826,
              46.54520400000001,
              0
            ],
            [
              32.3673461,
              46.54520400000001,
              0
            ],
            [
              32.3635696,
              46.5453811,
              0
            ],
            [
              32.3616813,
              46.5458534,
              0
            ],
            [
              32.3591922,
              46.54732909999999,
              0
            ],
            [
              32.3579047,
              46.54803749999999,
              0
            ],
            [
              32.3564456,
              46.5481556,
              0
            ],
            [
              32.3513816,
              46.547152,
              0
            ],
            [
              32.3484634,
              46.5465617,
              0
            ],
            [
              32.3453735,
              46.5460895,
              0
            ],
            [
              32.3420501,
              46.5452692,
              0
            ],
            [
              32.3402906,
              46.5442951,
              0
            ],
            [
              32.3390889,
              46.54296679999999,
              0
            ],
            [
              32.3379302,
              46.54178610000001,
              0
            ],
            [
              32.3358274,
              46.5404283,
              0
            ],
            [
              32.3341537,
              46.5396608,
              0
            ],
            [
              32.3293901,
              46.5380076,
              0
            ],
            [
              32.3278451,
              46.53729909999999,
              0
            ],
            [
              32.3250556,
              46.5367087,
              0
            ],
            [
              32.3221873,
              46.5364323,
              0
            ],
            [
              32.3164725,
              46.5352622,
              0
            ],
            [
              32.3134256,
              46.5344946,
              0
            ],
            [
              32.3087049,
              46.5340813,
              0
            ],
            [
              32.306602,
              46.533727,
              0
            ],
            [
              32.3026967,
              46.5340223,
              0
            ],
            [
              32.3003364,
              46.53425839999999,
              0
            ],
            [
              32.2976327,
              46.53511460000001,
              0
            ],
            [
              32.2959161,
              46.5360002,
              0
            ],
            [
              32.2942424,
              46.53741720000001,
              0
            ],
            [
              32.2927404,
              46.5380076,
              0
            ],
            [
              32.2905517,
              46.53759440000001,
              0
            ],
            [
              32.2889638,
              46.536384,
              0
            ],
            [
              32.2887492,
              46.5352622,
              0
            ],
            [
              32.2886205,
              46.5342289,
              0
            ],
            [
              32.2865262,
              46.5300987,
              0
            ],
            [
              32.2872129,
              46.5277366,
              0
            ],
            [
              32.288672,
              46.5252269,
              0
            ],
            [
              32.2896591,
              46.5236029,
              0
            ],
            [
              32.2910323,
              46.5223331,
              0
            ],
            [
              32.2951522,
              46.5215063,
              0
            ],
            [
              32.2938648,
              46.5189372,
              0
            ],
            [
              32.292234,
              46.5176674,
              0
            ],
            [
              32.2887149,
              46.5156887,
              0
            ],
            [
              32.2865262,
              46.51456649999999,
              0
            ],
            [
              32.2870841,
              46.5121743,
              0
            ],
            [
              32.2873845,
              46.5113178,
              0
            ],
            [
              32.287003,
              46.5093632,
              0
            ],
            [
              32.2893204,
              46.5073547,
              0
            ],
            [
              32.288548,
              46.5060551,
              0
            ],
            [
              32.2867455,
              46.5056711,
              0
            ],
            [
              32.2851577,
              46.5045486,
              0
            ],
            [
              32.2833981,
              46.5040465,
              0
            ],
            [
              32.2827544,
              46.50227410000001,
              0
            ],
            [
              32.2757657,
              46.5005628,
              0
            ],
            [
              32.273062,
              46.49982429999999,
              0
            ],
            [
              32.2694142,
              46.5002674,
              0
            ],
            [
              32.2662385,
              46.50029700000001,
              0
            ],
            [
              32.2640069,
              46.5002084,
              0
            ],
            [
              32.2611745,
              46.5002084,
              0
            ],
            [
              32.2587283,
              46.4997357,
              0
            ],
            [
              32.2570117,
              46.49870179999999,
              0
            ],
            [
              32.256325,
              46.496427,
              0
            ],
            [
              32.2552521,
              46.4944476,
              0
            ],
            [
              32.2529347,
              46.4934135,
              0
            ],
            [
              32.2514327,
              46.4915522,
              0
            ],
            [
              32.2461299,
              46.47907150000001,
              0
            ],
            [
              32.2168893,
              46.4793748,
              0
            ],
            [
              32.2032146,
              46.47907150000001,
              0
            ],
            [
              32.1823853,
              46.484694,
              0
            ],
            [
              32.1752614,
              46.48693969999999,
              0
            ],
            [
              32.1697682,
              46.48812159999999,
              0
            ],
            [
              32.16582,
              46.488417,
              0
            ],
            [
              32.1620435,
              46.4895989,
              0
            ],
            [
              32.1563786,
              46.4916081,
              0
            ],
            [
              32.1526879,
              46.4926126,
              0
            ],
            [
              32.1501988,
              46.4934989,
              0
            ],
            [
              32.1305898,
              46.4964018,
              0
            ],
            [
              32.1254399,
              46.4966972,
              0
            ],
            [
              32.1202043,
              46.4968154,
              0
            ],
            [
              32.1135095,
              46.4968744,
              0
            ],
            [
              32.1094754,
              46.4971108,
              0
            ],
            [
              32.1032098,
              46.4975244,
              0
            ],
            [
              32.0979741,
              46.4977016,
              0
            ],
            [
              32.0941976,
              46.4977016,
              0
            ],
            [
              32.0903352,
              46.4974062,
              0
            ],
            [
              32.0863011,
              46.4974062,
              0
            ],
            [
              32.0828679,
              46.4974062,
              0
            ],
            [
              32.080293,
              46.4966381,
              0
            ],
            [
              32.0793488,
              46.4963427,
              0
            ],
            [
              32.0765164,
              46.49575179999999,
              0
            ],
            [
              32.0721391,
              46.4946292,
              0
            ],
            [
              32.0694783,
              46.4937428,
              0
            ],
            [
              32.0677617,
              46.49297469999999,
              0
            ],
            [
              32.0657876,
              46.49208829999999,
              0
            ],
            [
              32.0626977,
              46.491202,
              0
            ],
            [
              32.0583203,
              46.49019739999999,
              0
            ],
            [
              32.0545438,
              46.4894883,
              0
            ],
            [
              32.0515397,
              46.4883655,
              0
            ],
            [
              32.0494798,
              46.4871836,
              0
            ],
            [
              32.0444158,
              46.48736089999999,
              0
            ],
            [
              32.0416692,
              46.4877745,
              0
            ],
            [
              32.0369485,
              46.4877745,
              0
            ],
            [
              32.0318845,
              46.4867699,
              0
            ],
            [
              32.0287946,
              46.4862971,
              0
            ],
            [
              32.0238164,
              46.4863562,
              0
            ],
            [
              32.0208123,
              46.4864744,
              0
            ],
            [
              32.0085385,
              46.4882473,
              0
            ],
            [
              32.0059636,
              46.48807,
              0
            ],
            [
              31.9969514,
              46.4883064,
              0
            ],
            [
              31.9903424,
              46.4894883,
              0
            ],
            [
              31.9774806,
              46.4920064,
              0
            ],
            [
              31.97499150000001,
              46.4922723,
              0
            ],
            [
              31.9740045,
              46.4924496,
              0
            ],
            [
              31.9710862,
              46.4930109,
              0
            ],
            [
              31.9676959,
              46.4929518,
              0
            ],
            [
              31.9650781,
              46.4941632,
              0
            ],
            [
              31.9628894,
              46.4946063,
              0
            ],
            [
              31.9592416,
              46.4950495,
              0
            ],
            [
              31.9556796,
              46.4956108,
              0
            ],
            [
              31.9532334,
              46.4962903,
              0
            ],
            [
              31.9510448,
              46.4977674,
              0
            ],
            [
              31.9479549,
              46.49856509999999,
              0
            ],
            [
              31.9435346,
              46.4990968,
              0
            ],
            [
              31.9403159,
              46.49980579999999,
              0
            ],
            [
              31.9370114,
              46.50092829999999,
              0
            ],
            [
              31.934179,
              46.5025826,
              0
            ],
            [
              31.9330203,
              46.50314379999999,
              0
            ],
            [
              31.9300592,
              46.5042072,
              0
            ],
            [
              31.9283855,
              46.5049457,
              0
            ],
            [
              31.926068,
              46.50544789999999,
              0
            ],
            [
              31.9247377,
              46.5060091,
              0
            ],
            [
              31.9220769,
              46.5072792,
              0
            ],
            [
              31.9148235,
              46.5083796,
              0
            ],
            [
              31.9136539,
              46.5096791,
              0
            ],
            [
              31.9132676,
              46.5105651,
              0
            ],
            [
              31.9114652,
              46.5110672,
              0
            ],
            [
              31.9098773,
              46.5110082,
              0
            ],
            [
              31.9078603,
              46.5112149,
              0
            ],
            [
              31.9063582,
              46.51177610000001,
              0
            ],
            [
              31.9042554,
              46.51328229999999,
              0
            ],
            [
              31.9036117,
              46.514316,
              0
            ],
            [
              31.9037833,
              46.5156154,
              0
            ],
            [
              31.9041696,
              46.5169739,
              0
            ],
            [
              31.902925,
              46.51780080000001,
              0
            ],
            [
              31.9011655,
              46.5178599,
              0
            ],
            [
              31.8988481,
              46.5175645,
              0
            ],
            [
              31.8971744,
              46.51738730000001,
              0
            ],
            [
              31.894814,
              46.51738730000001,
              0
            ],
            [
              31.891295,
              46.51780080000001,
              0
            ],
            [
              31.8900075,
              46.51738730000001,
              0
            ],
            [
              31.8881621,
              46.51635370000001,
              0
            ],
            [
              31.8860593,
              46.51632419999999,
              0
            ],
            [
              31.8844285,
              46.51614699999999,
              0
            ],
            [
              31.8838706,
              46.515202,
              0
            ],
            [
              31.883184,
              46.51487709999999,
              0
            ],
            [
              31.8806949,
              46.514316,
              0
            ],
            [
              31.8783345,
              46.51363670000001,
              0
            ],
            [
              31.8769183,
              46.51310509999999,
              0
            ],
            [
              31.8743863,
              46.51337090000001,
              0
            ],
            [
              31.8726697,
              46.51337090000001,
              0
            ],
            [
              31.8706098,
              46.51381390000001,
              0
            ],
            [
              31.8688502,
              46.5150248,
              0
            ],
            [
              31.8674769,
              46.5160289,
              0
            ],
            [
              31.8651166,
              46.51617650000001,
              0
            ],
            [
              31.8621984,
              46.51617650000001,
              0
            ],
            [
              31.8600526,
              46.5166195,
              0
            ],
            [
              31.8573599,
              46.5178599,
              0
            ],
            [
              31.8501435,
              46.5184136,
              0
            ],
            [
              31.8464099,
              46.5201854,
              0
            ],
            [
              31.8403803,
              46.52099749999999,
              0
            ],
            [
              31.8347584,
              46.52152899999999,
              0
            ],
            [
              31.8264757,
              46.5231826,
              0
            ],
            [
              31.8238579,
              46.5239356,
              0
            ],
            [
              31.817485,
              46.52656350000001,
              0
            ],
            [
              31.8095825,
              46.5270716,
              0
            ],
            [
              31.8033598,
              46.52851829999999,
              0
            ],
            [
              31.7993258,
              46.53061460000001,
              0
            ],
            [
              31.7932747,
              46.5324451,
              0
            ],
            [
              31.7855929,
              46.5346002,
              0
            ],
            [
              31.7788552,
              46.5368144,
              0
            ],
            [
              31.7752932,
              46.5402387,
              0
            ],
            [
              31.7719887,
              46.5418032,
              0
            ],
            [
              31.7599842,
              46.5452937,
              0
            ],
            [
              31.7424747,
              46.5463563,
              0
            ],
            [
              31.7239353,
              46.5452937,
              0
            ],
            [
              31.7059108,
              46.5448214,
              0
            ],
            [
              31.6925213,
              46.5434046,
              0
            ],
            [
              31.6770717,
              46.5412793,
              0
            ],
            [
              31.667287,
              46.5382093,
              0
            ],
            [
              31.658189,
              46.5376189,
              0
            ],
            [
              31.6433832,
              46.5387702,
              0
            ],
            [
              31.6371605,
              46.539272,
              0
            ],
            [
              31.6294786,
              46.5390949,
              0
            ],
            [
              31.6223118,
              46.5391539,
              0
            ],
            [
              31.6141578,
              46.5390359,
              0
            ],
            [
              31.6085788,
              46.5389473,
              0
            ],
            [
              31.6006395,
              46.5382683,
              0
            ],
            [
              31.5944168,
              46.5372646,
              0
            ],
            [
              31.5862629,
              46.5369694,
              0
            ],
            [
              31.5827438,
              46.53649709999999,
              0
            ],
            [
              31.5775296,
              46.5372499,
              0
            ],
            [
              31.5729591,
              46.53866690000001,
              0
            ],
            [
              31.5647408,
              46.54086599999999,
              0
            ],
            [
              31.5591089,
              46.5428938,
              0
            ],
            [
              31.5488411,
              46.5472379,
              0
            ],
            [
              31.5386702,
              46.551606,
              0
            ],
            [
              31.5316321,
              46.5563868,
              0
            ],
            [
              31.5258814,
              46.5609903,
              0
            ],
            [
              31.5221478,
              46.5648556,
              0
            ],
            [
              31.5202595,
              46.5682487,
              0
            ],
            [
              31.5175773,
              46.5716415,
              0
            ],
            [
              31.51644,
              46.5734706,
              0
            ],
            [
              31.5144445,
              46.5755652,
              0
            ],
            [
              31.5132858,
              46.5768484,
              0
            ],
            [
              31.5130926,
              46.57767440000001,
              0
            ],
            [
              31.5135814,
              46.5785284,
              0
            ],
            [
              31.5139032,
              46.5792253,
              0
            ],
            [
              31.5139247,
              46.579712,
              0
            ],
            [
              31.5134902,
              46.57894880000001,
              0
            ],
            [
              31.5127445,
              46.57769880000001,
              0
            ],
            [
              31.5123905,
              46.5773411,
              0
            ],
            [
              31.5123368,
              46.5771826,
              0
            ],
            [
              31.5120525,
              46.57704979999999,
              0
            ],
            [
              31.5122426,
              46.5767204,
              0
            ],
            [
              31.5128649,
              46.5760566,
              0
            ],
            [
              31.513573,
              46.5750758,
              0
            ],
            [
              31.514957,
              46.5734311,
              0
            ],
            [
              31.5161157,
              46.5718675,
              0
            ],
            [
              31.5171242,
              46.570953,
              0
            ],
            [
              31.5183473,
              46.5696696,
              0
            ],
            [
              31.5187764,
              46.5686075,
              0
            ],
            [
              31.5194631,
              46.5670143,
              0
            ],
            [
              31.5201927,
              46.5655685,
              0
            ],
            [
              31.5208149,
              46.56449159999999,
              0
            ],
            [
              31.5215659,
              46.5635474,
              0
            ],
            [
              31.5225097,
              46.5624039,
              0
            ],
            [
              31.5232875,
              46.5615186,
              0
            ],
            [
              31.5255363,
              46.5595692,
              0
            ],
            [
              31.5278323,
              46.55735609999999,
              0
            ],
            [
              31.5290768,
              46.556397,
              0
            ],
            [
              31.5302355,
              46.5551428,
              0
            ],
            [
              31.5315659,
              46.5537853,
              0
            ],
            [
              31.5339477,
              46.5516013,
              0
            ],
            [
              31.5364797,
              46.5494026,
              0
            ],
            [
              31.5392478,
              46.5473218,
              0
            ],
            [
              31.5491183,
              46.5399425,
              0
            ],
            [
              31.5531523,
              46.5371676,
              0
            ],
            [
              31.5567358,
              46.5349683,
              0
            ],
            [
              31.5600617,
              46.5329607,
              0
            ],
            [
              31.5690739,
              46.527602,
              0
            ],
            [
              31.5739234,
              46.5246346,
              0
            ],
            [
              31.5800173,
              46.52131259999999,
              0
            ],
            [
              31.5916903,
              46.51528830000001,
              0
            ],
            [
              31.6009171,
              46.5101937,
              0
            ],
            [
              31.611603,
              46.5036364,
              0
            ],
            [
              31.6208668,
              46.49768809999999,
              0
            ],
            [
              31.6286345,
              46.4929611,
              0
            ],
            [
              31.6345139,
              46.4885883,
              0
            ],
            [
              31.6443415,
              46.48075779999999,
              0
            ],
            [
              31.6528817,
              46.47434470000001,
              0
            ],
            [
              31.6624089,
              46.4668668,
              0
            ],
            [
              31.6714211,
              46.4590036,
              0
            ],
            [
              31.6779013,
              46.4540367,
              0
            ],
            [
              31.6829224,
              46.4504296,
              0
            ],
            [
              31.6905733,
              46.4438633,
              0
            ],
            [
              31.6980406,
              46.4377712,
              0
            ],
            [
              31.704392,
              46.4320334,
              0
            ],
            [
              31.7102714,
              46.42664990000001,
              0
            ],
            [
              31.7138334,
              46.42410590000001,
              0
            ],
            [
              31.7184253,
              46.42170970000001,
              0
            ],
            [
              31.7199488,
              46.4210885,
              0
            ],
            [
              31.7282959,
              46.4212512,
              0
            ],
            [
              31.7313214,
              46.4180856,
              0
            ],
            [
              31.7341967,
              46.413618,
              0
            ],
            [
              31.7355057,
              46.4115912,
              0
            ],
            [
              31.7359992,
              46.4095348,
              0
            ],
            [
              31.7377587,
              46.40710829999999,
              0
            ],
            [
              31.7396684,
              46.4049333,
              0
            ],
            [
              31.7421146,
              46.4008642,
              0
            ],
            [
              31.745462,
              46.39444170000001,
              0
            ],
            [
              31.7462345,
              46.3923698,
              0
            ],
            [
              31.7480369,
              46.3904458,
              0
            ],
            [
              31.7488952,
              46.38896580000001,
              0
            ],
            [
              31.750054,
              46.3873081,
              0
            ],
            [
              31.7513414,
              46.3856651,
              0
            ],
            [
              31.7535516,
              46.3837409,
              0
            ],
            [
              31.7556544,
              46.38175740000001,
              0
            ],
            [
              31.7574139,
              46.3800403,
              0
            ],
            [
              31.7588731,
              46.3786192,
              0
            ],
            [
              31.760418,
              46.3771684,
              0
            ],
            [
              31.762714,
              46.37496260000001,
              0
            ],
            [
              31.7646881,
              46.37370419999999,
              0
            ],
            [
              31.7661472,
              46.3729344,
              0
            ],
            [
              31.767263,
              46.372964,
              0
            ],
            [
              31.7694088,
              46.37308240000001,
              0
            ],
            [
              31.7711469,
              46.3734525,
              0
            ],
            [
              31.7741295,
              46.37272709999999,
              0
            ],
            [
              31.7762109,
              46.372964,
              0
            ],
            [
              31.7758246,
              46.374178,
              0
            ],
            [
              31.7746445,
              46.376295,
              0
            ],
            [
              31.7736359,
              46.37787899999999,
              0
            ],
            [
              31.7719408,
              46.3794037,
              0
            ],
            [
              31.7698808,
              46.3802623,
              0
            ],
            [
              31.7687007,
              46.3805584,
              0
            ],
            [
              31.7693873,
              46.3828232,
              0
            ],
            [
              31.768293,
              46.38557629999999,
              0
            ],
            [
              31.7667695,
              46.3875893,
              0
            ],
            [
              31.7648168,
              46.3896762,
              0
            ],
            [
              31.7566788,
              46.39936339999999,
              0
            ],
            [
              31.7519581,
              46.4022637,
              0
            ],
            [
              31.7463791,
              46.406525,
              0
            ],
            [
              31.7432034,
              46.4090107,
              0
            ],
            [
              31.7401135,
              46.4112003,
              0
            ],
            [
              31.7360794,
              46.4138633,
              0
            ],
            [
              31.7339337,
              46.4186563,
              0
            ],
            [
              31.7329037,
              46.4213781,
              0
            ],
            [
              31.7311012,
              46.42392220000001,
              0
            ],
            [
              31.728698,
              46.427117,
              0
            ],
            [
              31.7251437,
              46.4273955,
              0
            ],
            [
              31.72198939999999,
              46.4292443,
              0
            ],
            [
              31.7088706,
              46.4387217,
              0
            ],
            [
              31.7050511,
              46.44153120000001,
              0
            ],
            [
              31.7031199,
              46.44369,
              0
            ],
            [
              31.6993005,
              46.44584859999999,
              0
            ],
            [
              31.6960389,
              46.4473271,
              0
            ],
            [
              31.6944939,
              46.45031360000001,
              0
            ],
            [
              31.6953952,
              46.4541573,
              0
            ],
            [
              31.6976268,
              46.4611344,
              0
            ],
            [
              31.699558,
              46.4662484,
              0
            ],
            [
              31.7017466,
              46.47038649999999,
              0
            ],
            [
              31.7047936,
              46.473283,
              0
            ],
            [
              31.7088706,
              46.47653399999999,
              0
            ],
            [
              31.7124755,
              46.4799031,
              0
            ],
            [
              31.7260093,
              46.484221,
              0
            ],
            [
              31.739313,
              46.4874713,
              0
            ],
            [
              31.7482641,
              46.4883928,
              0
            ],
            [
              31.76204,
              46.4877723,
              0
            ],
            [
              31.7698935,
              46.4868267,
              0
            ],
            [
              31.7788199,
              46.48484700000001,
              0
            ],
            [
              31.7937115,
              46.481626,
              0
            ],
            [
              31.8026808,
              46.47970520000001,
              0
            ],
            [
              31.8076586,
              46.4790814,
              0
            ],
            [
              31.8169982,
              46.4767594,
              0
            ],
            [
              31.8220622,
              46.4756659,
              0
            ],
            [
              31.8248517,
              46.47463149999999,
              0
            ],
            [
              31.8284137,
              46.47365620000001,
              0
            ],
            [
              31.8321902,
              46.4728877,
              0
            ],
            [
              31.8352801,
              46.47235570000001,
              0
            ],
            [
              31.849381,
              46.4693528,
              0
            ],
            [
              31.8536296,
              46.468466,
              0
            ],
            [
              31.8601957,
              46.4669881,
              0
            ],
            [
              31.8664184,
              46.4653919,
              0
            ],
            [
              31.8730703,
              46.4641504,
              0
            ],
            [
              31.8764177,
              46.463707,
              0
            ],
            [
              31.8814388,
              46.4625836,
              0
            ],
            [
              31.8871465,
              46.4609873,
              0
            ],
            [
              31.8927255,
              46.4592135,
              0
            ],
            [
              31.896545,
              46.4581197,
              0
            ],
            [
              31.8998924,
              46.45699629999999,
              0
            ],
            [
              31.9112388,
              46.4534796,
              0
            ],
            [
              31.9226114,
              46.4499611,
              0
            ],
            [
              31.926345,
              46.4483349,
              0
            ],
            [
              31.9310228,
              46.446886,
              0
            ],
            [
              31.9333402,
              46.44623540000001,
              0
            ],
            [
              31.9368593,
              46.4450526,
              0
            ],
            [
              31.9400779,
              46.4443725,
              0
            ],
            [
              31.9424812,
              46.4433966,
              0
            ],
            [
              31.9466869,
              46.44171099999999,
              0
            ],
            [
              31.9511245,
              46.4402062,
              0
            ],
            [
              31.9538538,
              46.439493,
              0
            ],
            [
              31.955742,
              46.43928600000001,
              0
            ],
            [
              31.957991,
              46.43973299999999,
              0
            ],
            [
              31.9602052,
              46.4401732,
              0
            ],
            [
              31.9631664,
              46.44038020000001,
              0
            ],
            [
              31.9673292,
              46.4399366,
              0
            ],
            [
              31.9708656,
              46.43996959999999,
              0
            ],
            [
              31.9739811,
              46.4407351,
              0
            ],
            [
              31.9763843,
              46.4418589,
              0
            ],
            [
              31.9796888,
              46.4426573,
              0
            ],
            [
              31.9811908,
              46.4436923,
              0
            ],
            [
              31.9834653,
              46.44511169999999,
              0
            ],
            [
              31.9865553,
              46.446265,
              0
            ],
            [
              31.9896881,
              46.44771389999999,
              0
            ],
            [
              31.9911043,
              46.44871929999999,
              0
            ],
            [
              31.9919197,
              46.45010899999999,
              0
            ],
            [
              31.9928919,
              46.4520267,
              0
            ],
            [
              31.9950377,
              46.4527363,
              0
            ],
            [
              31.9971834,
              46.4528545,
              0
            ],
            [
              31.9990717,
              46.45338670000001,
              0
            ],
            [
              32.0030628,
              46.4534754,
              0
            ],
            [
              32.0082127,
              46.4531502,
              0
            ],
            [
              32.0125042,
              46.4521154,
              0
            ],
            [
              32.0189415,
              46.44936560000001,
              0
            ],
            [
              32.0216881,
              46.4477688,
              0
            ],
            [
              32.0238768,
              46.4459355,
              0
            ],
            [
              32.0263659,
              46.4442795,
              0
            ],
            [
              32.0278679,
              46.4424165,
              0
            ],
            [
              32.0325445,
              46.4346018,
              0
            ],
            [
              32.0342611,
              46.4325018,
              0
            ],
            [
              32.0350765,
              46.43037219999999,
              0
            ],
            [
              32.0361494,
              46.4282425,
              0
            ],
            [
              32.0367502,
              46.42634929999999,
              0
            ],
            [
              32.0367073,
              46.4248703,
              0
            ],
            [
              32.0364069,
              46.42279950000001,
              0
            ],
            [
              32.0365357,
              46.4206991,
              0
            ],
            [
              32.0369219,
              46.4191015,
              0
            ],
            [
              32.0372652,
              46.4174447,
              0
            ],
            [
              32.0408773,
              46.4133775,
              0
            ],
            [
              32.0443105,
              46.4099747,
              0
            ],
            [
              32.0479583,
              46.4073116,
              0
            ],
            [
              32.0492458,
              46.40577280000001,
              0
            ],
            [
              32.0520353,
              46.4041452,
              0
            ],
            [
              32.0575714,
              46.4009195,
              0
            ],
            [
              32.0587301,
              46.398907,
              0
            ],
            [
              32.0593309,
              46.3973384,
              0
            ],
            [
              32.0596313,
              46.3954442,
              0
            ],
            [
              32.0596113,
              46.3931826,
              0
            ],
            [
              32.0595684,
              46.3909626,
              0
            ],
            [
              32.058753,
              46.3895418,
              0
            ],
            [
              32.0571651,
              46.3880321,
              0
            ],
            [
              32.0547619,
              46.3863448,
              0
            ],
            [
              32.0536032,
              46.38456859999999,
              0
            ],
            [
              32.0528307,
              46.3832364,
              0
            ],
            [
              32.0488396,
              46.3815489,
              0
            ],
            [
              32.0464792,
              46.38057189999999,
              0
            ],
            [
              32.0396128,
              46.37867709999999,
              0
            ],
            [
              32.0372524,
              46.3781146,
              0
            ],
            [
              32.0342054,
              46.3784403,
              0
            ],
            [
              32.0330896,
              46.3798318,
              0
            ],
            [
              32.0296993,
              46.3802759,
              0
            ],
            [
              32.0281973,
              46.381016,
              0
            ],
            [
              32.0265236,
              46.38273310000001,
              0
            ],
            [
              32.0248499,
              46.38299959999999,
              0
            ],
            [
              32.0227041,
              46.3809568,
              0
            ],
            [
              32.0221462,
              46.3796838,
              0
            ],
            [
              32.0196747,
              46.3775212,
              0
            ],
            [
              32.0184945,
              46.37612960000001,
              0
            ],
            [
              32.0168208,
              46.3742642,
              0
            ],
            [
              32.0163702,
              46.3731687,
              0
            ],
            [
              32.0156192,
              46.3713625,
              0
            ],
            [
              32.0124849,
              46.3668602,
              0
            ],
            [
              32.0111116,
              46.3641949,
              0
            ],
            [
              32.0102104,
              46.3630103,
              0
            ],
            [
              32.007893,
              46.3609372,
              0
            ],
            [
              32.0060476,
              46.3593972,
              0
            ],
            [
              32.0016703,
              46.3576793,
              0
            ],
            [
              31.9987091,
              46.3566427,
              0
            ],
            [
              31.9956192,
              46.3556949,
              0
            ],
            [
              31.9928726,
              46.3547767,
              0
            ],
            [
              31.9868031,
              46.35127870000001,
              0
            ],
            [
              31.9824687,
              46.3501234,
              0
            ],
            [
              31.9784346,
              46.3491459,
              0
            ],
            [
              31.973671,
              46.3480202,
              0
            ],
            [
              31.9702378,
              46.34692410000001,
              0
            ],
            [
              31.967577,
              46.3460354,
              0
            ],
            [
              31.9605389,
              46.3432803,
              0
            ],
            [
              31.9586936,
              46.34262849999999,
              0
            ],
            [
              31.9566765,
              46.34316179999999,
              0
            ],
            [
              31.9542733,
              46.34322099999999,
              0
            ],
            [
              31.9517842,
              46.342984,
              0
            ],
            [
              31.9490376,
              46.3424804,
              0
            ],
            [
              31.9457331,
              46.3419767,
              0
            ],
            [
              31.9262694,
              46.33830099999999,
              0
            ],
            [
              31.9208192,
              46.33705659999999,
              0
            ],
            [
              31.9186734,
              46.33711579999999,
              0
            ],
            [
              31.9154977,
              46.3377973,
              0
            ],
            [
              31.913309,
              46.3383899,
              0
            ],
            [
              31.9103907,
              46.3388047,
              0
            ],
            [
              31.9076871,
              46.339101,
              0
            ],
            [
              31.9056271,
              46.3390417,
              0
            ],
            [
              31.903181,
              46.3383899,
              0
            ],
            [
              31.8998765,
              46.3377084,
              0
            ],
            [
              31.8974303,
              46.33711579999999,
              0
            ],
            [
              31.8939971,
              46.33610839999999,
              0
            ],
            [
              31.8912076,
              46.335338,
              0
            ],
            [
              31.8863581,
              46.33438990000001,
              0
            ],
            [
              31.8835686,
              46.33388610000001,
              0
            ],
            [
              31.8801354,
              46.3334713,
              0
            ],
            [
              31.877303,
              46.33326390000001,
              0
            ],
            [
              31.8740414,
              46.3328194,
              0
            ],
            [
              31.8593932,
              46.3327226,
              0
            ],
            [
              31.8535138,
              46.33358189999999,
              0
            ],
            [
              31.841755,
              46.3343227,
              0
            ],
            [
              31.8381501,
              46.3345005,
              0
            ],
            [
              31.8346311,
              46.3344709,
              0
            ],
            [
              31.8309832,
              46.3335523,
              0
            ],
            [
              31.8272067,
              46.333256,
              0
            ],
            [
              31.8239451,
              46.3326041,
              0
            ],
            [
              31.8170787,
              46.33141880000001,
              0
            ],
            [
              31.8135167,
              46.3304706,
              0
            ],
            [
              31.8076802,
              46.3288407,
              0
            ],
            [
              31.8047191,
              46.32851479999999,
              0
            ],
            [
              31.79184,
              46.32471730000001,
              0
            ],
            [
              31.7886214,
              46.3237096,
              0
            ],
            [
              31.7859177,
              46.32296869999999,
              0
            ],
            [
              31.7834715,
              46.32234630000001,
              0
            ],
            [
              31.7814974,
              46.3216054,
              0
            ],
            [
              31.7765622,
              46.3217239,
              0
            ],
            [
              31.77222769999999,
              46.3213683,
              0
            ],
            [
              31.770039,
              46.32056810000001,
              0
            ],
            [
              31.7656617,
              46.317367,
              0
            ],
            [
              31.7630009,
              46.31496609999999,
              0
            ],
            [
              31.7596106,
              46.312743,
              0
            ],
            [
              31.7491904,
              46.3044636,
              0
            ],
            [
              31.7459288,
              46.3011431,
              0
            ],
            [
              31.7428389,
              46.29794089999999,
              0
            ],
            [
              31.7383741,
              46.29438390000001,
              0
            ],
            [
              31.73417,
              46.2914174,
              0
            ],
            [
              31.7298785,
              46.28815530000001,
              0
            ],
            [
              31.7251578,
              46.28524900000001,
              0
            ],
            [
              31.7212096,
              46.2826391,
              0
            ],
            [
              31.71751890000001,
              46.27967309999999,
              0
            ],
            [
              31.7147723,
              46.2773002,
              0
            ],
            [
              31.7110816,
              46.2750459,
              0
            ],
            [
              31.7085368,
              46.2725589,
              0
            ],
            [
              31.7101461,
              46.271936,
              0
            ],
            [
              31.7128498,
              46.2723958,
              0
            ],
            [
              31.7143089,
              46.2732709,
              0
            ],
            [
              31.7167122,
              46.27462060000001,
              0
            ],
            [
              31.7181713,
              46.2752287,
              0
            ],
            [
              31.7199738,
              46.2758071,
              0
            ],
            [
              31.7290718,
              46.27165420000001,
              0
            ],
            [
              31.7342217,
              46.2696963,
              0
            ],
            [
              31.7388565,
              46.2697556,
              0
            ],
            [
              31.7403156,
              46.2712982,
              0
            ],
            [
              31.7370541,
              46.2736713,
              0
            ],
            [
              31.7316467,
              46.2759851,
              0
            ],
            [
              31.7295868,
              46.27966310000001,
              0
            ],
            [
              31.7308743,
              46.282629,
              0
            ],
            [
              31.7355091,
              46.2869591,
              0
            ],
            [
              31.7409165,
              46.291526,
              0
            ],
            [
              31.7447788,
              46.2938982,
              0
            ],
            [
              31.7551643,
              46.3044536,
              0
            ],
            [
              31.75756760000001,
              46.30718110000001,
              0
            ],
            [
              31.7611725,
              46.30967119999999,
              0
            ],
            [
              31.7627174,
              46.31115339999999,
              0
            ],
            [
              31.7658932,
              46.313347,
              0
            ],
            [
              31.7696697,
              46.3151848,
              0
            ],
            [
              31.7719013,
              46.31666680000001,
              0
            ],
            [
              31.7749054,
              46.31915659999999,
              0
            ],
            [
              31.7761929,
              46.320105,
              0
            ],
            [
              31.7804844,
              46.32052,
              0
            ],
            [
              31.7817719,
              46.3195122,
              0
            ],
            [
              31.7828018,
              46.31607399999999,
              0
            ],
            [
              31.7819435,
              46.3138213,
              0
            ],
            [
              31.7773945,
              46.3113313,
              0
            ],
            [
              31.7734463,
              46.311272,
              0
            ],
            [
              31.7706139,
              46.31156840000001,
              0
            ],
            [
              31.7682106,
              46.3095527,
              0
            ],
            [
              31.7665798,
              46.30824830000001,
              0
            ],
            [
              31.7628891,
              46.3073589,
              0
            ],
            [
              31.7627174,
              46.30498730000001,
              0
            ],
            [
              31.7628891,
              46.30255619999999,
              0
            ],
            [
              31.7615158,
              46.3003029,
              0
            ],
            [
              31.7581684,
              46.29763439999999,
              0
            ],
            [
              31.7567093,
              46.295796,
              0
            ],
            [
              31.7620308,
              46.2963297,
              0
            ],
            [
              31.7662365,
              46.29751579999999,
              0
            ],
            [
              31.7747337,
              46.2949657,
              0
            ],
            [
              31.7743904,
              46.290577,
              0
            ],
            [
              31.7734463,
              46.2899839,
              0
            ],
            [
              31.7721588,
              46.2890943,
              0
            ],
            [
              31.7753346,
              46.2868998,
              0
            ],
            [
              31.7756779,
              46.2849424,
              0
            ],
            [
              31.7752487,
              46.2831629,
              0
            ],
            [
              31.781686,
              46.2791885,
              0
            ],
            [
              31.78305930000001,
              46.27515450000001,
              0
            ],
            [
              31.7819435,
              46.2724254,
              0
            ],
            [
              31.7806561,
              46.27064560000001,
              0
            ],
            [
              31.7770487,
              46.2658277,
              0
            ],
            [
              31.7840868,
              46.2648783,
              0
            ],
            [
              31.7873484,
              46.2679638,
              0
            ],
            [
              31.7933565,
              46.2735408,
              0
            ],
            [
              31.7974764,
              46.27650710000001,
              0
            ],
            [
              31.8100077,
              46.27377820000001,
              0
            ],
            [
              31.8132693,
              46.2725916,
              0
            ],
            [
              31.8151575,
              46.2668958,
              0
            ],
            [
              31.8199641,
              46.264641,
              0
            ],
            [
              31.8228823,
              46.2697438,
              0
            ],
            [
              31.8300921,
              46.2733035,
              0
            ],
            [
              31.8362719,
              46.27377820000001,
              0
            ],
            [
              31.8476015,
              46.2706931,
              0
            ],
            [
              31.8575579,
              46.2722356,
              0
            ],
            [
              31.8659693,
              46.2705744,
              0
            ],
            [
              31.8719774,
              46.2667771,
              0
            ],
            [
              31.8759257,
              46.2671331,
              0
            ],
            [
              31.8797022,
              46.272117,
              0
            ],
            [
              31.8865687,
              46.2769817,
              0
            ],
            [
              31.8910319,
              46.28232060000001,
              0
            ],
            [
              31.8948084,
              46.28659140000001,
              0
            ],
            [
              31.8961817,
              46.2932341,
              0
            ],
            [
              31.8987566,
              46.29797840000001,
              0
            ],
            [
              31.9085413,
              46.29821560000001,
              0
            ],
            [
              31.9234759,
              46.2961993,
              0
            ],
            [
              31.9287974,
              46.29501320000001,
              0
            ],
            [
              31.9370371,
              46.2928782,
              0
            ],
            [
              31.9437319,
              46.28896379999999,
              0
            ],
            [
              31.9471651,
              46.28410010000001,
              0
            ],
            [
              31.9473368,
              46.2794733,
              0
            ],
            [
              31.9500834,
              46.27460869999999,
              0
            ],
            [
              31.9586664,
              46.264641,
              0
            ],
            [
              31.9636446,
              46.2615554,
              0
            ],
            [
              31.9777209,
              46.2555023,
              0
            ],
            [
              31.98544559999999,
              46.254078,
              0
            ],
            [
              31.993857,
              46.25324710000001,
              0
            ],
            [
              31.9990927,
              46.25241620000001,
              0
            ],
            [
              32.0040709,
              46.2512885,
              0
            ],
            [
              32.007075,
              46.2505169,
              0
            ],
            [
              32.010079,
              46.2502795,
              0
            ],
            [
              32.0139414,
              46.2503389,
              0
            ],
            [
              32.0189196,
              46.24974530000001,
              0
            ],
            [
              32.0226961,
              46.248855,
              0
            ],
            [
              32.0259577,
              46.2479647,
              0
            ],
            [
              32.0286185,
              46.247846,
              0
            ],
            [
              32.0322233,
              46.2481428,
              0
            ],
            [
              32.0358282,
              46.2491518,
              0
            ],
            [
              32.0392615,
              46.2500421,
              0
            ],
            [
              32.042008,
              46.25069499999999,
              0
            ],
            [
              32.0475012,
              46.25384059999999,
              0
            ],
            [
              32.0538527,
              46.2548495,
              0
            ],
            [
              32.0611483,
              46.2526536,
              0
            ],
            [
              32.0638949,
              46.2493299,
              0
            ],
            [
              32.0659548,
              46.24517490000001,
              0
            ],
            [
              32.0716196,
              46.2422663,
              0
            ],
            [
              32.0741087,
              46.2428599,
              0
            ],
            [
              32.0835501,
              46.2403073,
              0
            ],
            [
              32.0839792,
              46.236686,
              0
            ],
            [
              32.085586,
              46.2288611,
              0
            ],
            [
              32.0938257,
              46.2220919,
              0
            ],
            [
              32.1003488,
              46.2160344,
              0
            ],
            [
              32.1108202,
              46.2097388,
              0
            ],
            [
              32.1200899,
              46.20629370000001,
              0
            ],
            [
              32.1302179,
              46.20368,
              0
            ],
            [
              32.1401743,
              46.2030859,
              0
            ],
            [
              32.1509889,
              46.2023731,
              0
            ],
            [
              32.1631769,
              46.2008286,
              0
            ],
            [
              32.1709017,
              46.19655109999999,
              0
            ],
            [
              32.1796564,
              46.1866881,
              0
            ],
            [
              32.1856645,
              46.1811021,
              0
            ],
            [
              32.1939043,
              46.1765855,
              0
            ],
            [
              32.1963075,
              46.1782496,
              0
            ],
            [
              32.202659,
              46.1824095,
              0
            ],
            [
              32.2062639,
              46.1851431,
              0
            ],
            [
              32.2151903,
              46.1900156,
              0
            ],
            [
              32.2247391,
              46.1858381,
              0
            ],
            [
              32.2321206,
              46.18429309999999,
              0
            ],
            [
              32.2383004,
              46.18150010000001,
              0
            ],
            [
              32.2427636,
              46.17716180000001,
              0
            ],
            [
              32.2443085,
              46.1747845,
              0
            ],
            [
              32.2366696,
              46.1753788,
              0
            ],
            [
              32.2340088,
              46.1731797,
              0
            ],
            [
              32.2314339,
              46.1696729,
              0
            ],
            [
              32.2310048,
              46.16699799999999,
              0
            ],
            [
              32.233408,
              46.1635502,
              0
            ],
            [
              32.2358113,
              46.1592699,
              0
            ],
            [
              32.2376996,
              46.1538596,
              0
            ],
            [
              32.2381287,
              46.1461891,
              0
            ],
            [
              32.2353821,
              46.1412533,
              0
            ],
            [
              32.2314339,
              46.1382796,
              0
            ],
            [
              32.2284298,
              46.1355438,
              0
            ],
            [
              32.2259408,
              46.1342948,
              0
            ],
            [
              32.2068005,
              46.1378039,
              0
            ],
            [
              32.1972733,
              46.1402422,
              0
            ],
            [
              32.185772,
              46.1426805,
              0
            ],
            [
              32.163456,
              46.1472,
              0
            ],
            [
              32.1351322,
              46.15361609999999,
              0
            ],
            [
              32.1274075,
              46.155489,
              0
            ],
            [
              32.1233305,
              46.1558754,
              0
            ],
            [
              32.1220001,
              46.1567375,
              0
            ],
            [
              32.1206698,
              46.1579563,
              0
            ],
            [
              32.1187815,
              46.1582833,
              0
            ],
            [
              32.1147045,
              46.1586103,
              0
            ],
            [
              32.1104559,
              46.15926420000001,
              0
            ],
            [
              32.1035895,
              46.1611369,
              0
            ],
            [
              32.0995983,
              46.16229619999999,
              0
            ],
            [
              32.0966372,
              46.1637526,
              0
            ],
            [
              32.0929894,
              46.1657143,
              0
            ],
            [
              32.0913157,
              46.1675868,
              0
            ],
            [
              32.0904144,
              46.16969690000001,
              0
            ],
            [
              32.0872387,
              46.1704102,
              0
            ],
            [
              32.0831188,
              46.1704399,
              0
            ],
            [
              32.0790419,
              46.1713909,
              0
            ],
            [
              32.0771536,
              46.1719556,
              0
            ],
            [
              32.0647409,
              46.1716057,
              0
            ],
            [
              32.0604493,
              46.17068440000001,
              0
            ],
            [
              32.0579602,
              46.1705655,
              0
            ],
            [
              32.0552995,
              46.1716354,
              0
            ],
            [
              32.0516946,
              46.1729727,
              0
            ],
            [
              32.0471456,
              46.1735076,
              0
            ],
            [
              32.0413949,
              46.1733888,
              0
            ],
            [
              32.037318,
              46.17493409999999,
              0
            ],
            [
              32.0315673,
              46.17686569999999,
              0
            ],
            [
              32.0271899,
              46.1771331,
              0
            ],
            [
              32.0196798,
              46.17757879999999,
              0
            ],
            [
              32.0140149,
              46.1782029,
              0
            ],
            [
              32.0087363,
              46.1784703,
              0
            ],
            [
              32.0041015,
              46.1785594,
              0
            ],
            [
              31.9975784,
              46.1795103,
              0
            ],
            [
              31.9938447,
              46.1796886,
              0
            ],
            [
              31.9870549,
              46.1797655,
              0
            ],
            [
              31.9825058,
              46.1817266,
              0
            ],
            [
              31.9767552,
              46.18160770000001,
              0
            ],
            [
              31.9639664,
              46.1833311,
              0
            ],
            [
              31.9511776,
              46.1839848,
              0
            ],
            [
              31.9451695,
              46.1856486,
              0
            ],
            [
              31.937788,
              46.1871342,
              0
            ],
            [
              31.9314366,
              46.1874907,
              0
            ],
            [
              31.9259434,
              46.1874907,
              0
            ],
            [
              31.9195061,
              46.1887385,
              0
            ],
            [
              31.9151287,
              46.18945149999999,
              0
            ],
            [
              31.9057732,
              46.19093700000001,
              0
            ],
            [
              31.8988209,
              46.19224410000001,
              0
            ],
            [
              31.8916111,
              46.193373,
              0
            ],
            [
              31.8857746,
              46.19468009999999,
              0
            ],
            [
              31.8807965,
              46.1958684,
              0
            ],
            [
              31.8765049,
              46.1969378,
              0
            ],
            [
              31.8720417,
              46.1975913,
              0
            ],
            [
              31.8667202,
              46.1976507,
              0
            ],
            [
              31.8595963,
              46.1975319,
              0
            ],
            [
              31.8499304,
              46.1989931,
              0
            ],
            [
              31.8441798,
              46.20006240000001,
              0
            ],
            [
              31.8403174,
              46.20125060000001,
              0
            ],
            [
              31.8361975,
              46.20243869999999,
              0
            ],
            [
              31.8302752,
              46.2037456,
              0
            ],
            [
              31.8236662,
              46.2036862,
              0
            ],
            [
              31.8162848,
              46.20392379999999,
              0
            ],
            [
              31.8113066,
              46.2043396,
              0
            ],
            [
              31.802981,
              46.2051118,
              0
            ],
            [
              31.7967154,
              46.2064186,
              0
            ],
            [
              31.7932822,
              46.2087352,
              0
            ],
            [
              31.78684489999999,
              46.2098637,
              0
            ],
            [
              31.7798926,
              46.2099825,
              0
            ],
            [
              31.770537,
              46.21140799999999,
              0
            ],
            [
              31.7628123,
              46.2128335,
              0
            ],
            [
              31.7516543,
              46.2166939,
              0
            ],
            [
              31.7344959,
              46.2173701,
              0
            ],
            [
              31.7286594,
              46.2178452,
              0
            ],
            [
              31.722308,
              46.21962679999999,
              0
            ],
            [
              31.7156132,
              46.221052,
              0
            ],
            [
              31.70866090000001,
              46.22140829999999,
              0
            ],
            [
              31.6979321,
              46.2237836,
              0
            ],
            [
              31.6862591,
              46.2261588,
              0
            ],
            [
              31.6782768,
              46.2286527,
              0
            ],
            [
              31.6628273,
              46.23102769999999,
              0
            ],
            [
              31.6559608,
              46.23322449999999,
              0
            ],
            [
              31.6538151,
              46.2347681,
              0
            ],
            [
              31.6582783,
              46.23856760000001,
              0
            ],
            [
              31.6634281,
              46.24218879999999,
              0
            ],
            [
              31.6714104,
              46.2445632,
              0
            ],
            [
              31.6763027,
              46.2446819,
              0
            ],
            [
              31.6795643,
              46.2449193,
              0
            ],
            [
              31.6811951,
              46.2470562,
              0
            ],
            [
              31.6793068,
              46.249371,
              0
            ],
            [
              31.6704662,
              46.249371,
              0
            ],
            [
              31.6635998,
              46.248362,
              0
            ],
            [
              31.6580208,
              46.2475311,
              0
            ],
            [
              31.6520126,
              46.24610650000001,
              0
            ],
            [
              31.6473778,
              46.24545359999999,
              0
            ],
            [
              31.6407688,
              46.2452161,
              0
            ],
            [
              31.6342457,
              46.2449787,
              0
            ],
            [
              31.6267784,
              46.24539419999999,
              0
            ],
            [
              31.613866,
              46.2467053,
              0
            ],
            [
              31.6018497,
              46.2502666,
              0
            ],
            [
              31.5940391,
              46.2526407,
              0
            ],
            [
              31.5856277,
              46.256439,
              0
            ],
            [
              31.5783321,
              46.2596436,
              0
            ],
            [
              31.5722381,
              46.2629666,
              0
            ],
            [
              31.5674316,
              46.2656368,
              0
            ],
            [
              31.5621959,
              46.26984950000001,
              0
            ],
            [
              31.5572178,
              46.2747738,
              0
            ],
            [
              31.5472441,
              46.2849797,
              0
            ],
            [
              31.5369444,
              46.3008738,
              0
            ],
            [
              31.5343695,
              46.3068033,
              0
            ],
            [
              31.5342837,
              46.311665,
              0
            ],
            [
              31.533597,
              46.3150442,
              0
            ],
            [
              31.5336828,
              46.3282626,
              0
            ],
            [
              31.5358286,
              46.3336558,
              0
            ],
            [
              31.5375452,
              46.33904840000001,
              0
            ],
            [
              31.5369444,
              46.34420350000001,
              0
            ],
            [
              31.5372877,
              46.3488249,
              0
            ],
            [
              31.5368586,
              46.3535051,
              0
            ],
            [
              31.5361719,
              46.35711869999999,
              0
            ],
            [
              31.5352278,
              46.3605543,
              0
            ],
            [
              31.535142,
              46.3629828,
              0
            ],
            [
              31.5353995,
              46.36712880000001,
              0
            ],
            [
              31.534112,
              46.3697939,
              0
            ],
            [
              31.5297346,
              46.37014930000001,
              0
            ],
            [
              31.5250139,
              46.3689648,
              0
            ],
            [
              31.5190058,
              46.3648189,
              0
            ],
            [
              31.5166884,
              46.3626274,
              0
            ],
            [
              31.513856,
              46.3584811,
              0
            ],
            [
              31.513341,
              46.3551046,
              0
            ],
            [
              31.5134268,
              46.3497728,
              0
            ],
            [
              31.5137701,
              46.34278140000001,
              0
            ],
            [
              31.5124827,
              46.3379225,
              0
            ],
            [
              31.5107661,
              46.3317593,
              0
            ],
            [
              31.5109377,
              46.3249435,
              0
            ],
            [
              31.5129977,
              46.3209721,
              0
            ],
            [
              31.5193282,
              46.308246,
              0
            ],
            [
              31.5277396,
              46.2979286,
              0
            ],
            [
              31.5327177,
              46.2905748,
              0
            ],
            [
              31.5373526,
              46.2846435,
              0
            ],
            [
              31.54284579999999,
              46.2795422,
              0
            ],
            [
              31.5500555,
              46.2738471,
              0
            ],
            [
              31.5576086,
              46.2681513,
              0
            ],
            [
              31.56808,
              46.2625144,
              0
            ],
            [
              31.5728865,
              46.2600221,
              0
            ],
            [
              31.5768347,
              46.2578857,
              0
            ],
            [
              31.5798388,
              46.2559273,
              0
            ],
            [
              31.5864477,
              46.2526631,
              0
            ],
            [
              31.5925417,
              46.25017040000001,
              0
            ],
            [
              31.5978632,
              46.2479743,
              0
            ],
            [
              31.60207490000001,
              46.2464444,
              0
            ],
            [
              31.6074763,
              46.2442941,
              0
            ],
            [
              31.6222391,
              46.2385953,
              0
            ],
            [
              31.6266165,
              46.2371112,
              0
            ],
            [
              31.6300497,
              46.2359832,
              0
            ],
            [
              31.638032,
              46.2344396,
              0
            ],
            [
              31.6718493,
              46.2274335,
              0
            ],
            [
              31.7056666,
              46.2208422,
              0
            ],
            [
              31.7570792,
              46.2116962,
              0
            ],
            [
              31.8613634,
              46.1949444,
              0
            ],
            [
              32.0242158,
              46.1733094,
              0
            ],
            [
              32.0770875,
              46.1655822,
              0
            ],
            [
              32.0885888,
              46.16332330000001,
              0
            ],
            [
              32.10421,
              46.1595185,
              0
            ],
            [
              32.2325006,
              46.1308141,
              0
            ],
            [
              32.2878614,
              46.1176075,
              0
            ],
            [
              32.4815483,
              46.07702939999999,
              0
            ],
            [
              32.5220604,
              46.0698841,
              0
            ],
            [
              32.5423164,
              46.0655965,
              0
            ],
            [
              32.5503845,
              46.0655965,
              0
            ],
            [
              32.5543154,
              46.0661259,
              0
            ],
            [
              32.5822962,
              46.06291000000001,
              0
            ],
            [
              32.6241816,
              46.0564776,
              0
            ],
            [
              32.6674403,
              46.0488532,
              0
            ],
            [
              32.708639,
              46.0395594,
              0
            ],
            [
              32.739538,
              46.0343161,
              0
            ],
            [
              32.7800501,
              46.0288339,
              0
            ],
            [
              32.8238238,
              46.0228744,
              0
            ],
            [
              32.8705485,
              46.0163422,
              0
            ],
            [
              32.8977569,
              46.0143156,
              0
            ],
            [
              32.9238494,
              46.011514,
              0
            ],
            [
              32.9385264,
              46.011812,
              0
            ],
            [
              32.9490836,
              46.0125273,
              0
            ],
            [
              32.9577525,
              46.0124677,
              0
            ],
            [
              32.9789527,
              46.01073899999999,
              0
            ],
            [
              33.0059893,
              46.00763909999999,
              0
            ],
            [
              33.0153449,
              46.00740070000001,
              0
            ],
            [
              33.0285628,
              46.0077584,
              0
            ],
            [
              33.0374892,
              46.00883139999999,
              0
            ],
            [
              33.0478747,
              46.008891,
              0
            ],
            [
              33.0550845,
              46.0102621,
              0
            ],
            [
              33.060406,
              46.0122293,
              0
            ],
            [
              33.0677016,
              46.0126466,
              0
            ],
            [
              33.0806523,
              46.0127157,
              0
            ],
            [
              33.0833988,
              46.01432519999999,
              0
            ],
            [
              33.0836563,
              46.0158749,
              0
            ],
            [
              33.0793648,
              46.0174843,
              0
            ],
            [
              33.076704,
              46.016471,
              0
            ],
            [
              33.0749016,
              46.0152789,
              0
            ],
            [
              33.0706959,
              46.0149212,
              0
            ],
            [
              33.0649452,
              46.0168286,
              0
            ],
            [
              33.0636578,
              46.0177227,
              0
            ],
            [
              33.0577355,
              46.01945120000001,
              0
            ],
            [
              33.0520706,
              46.02135839999999,
              0
            ],
            [
              33.0411701,
              46.0250535,
              0
            ],
            [
              33.0324154,
              46.0280928,
              0
            ],
            [
              33.0271797,
              46.028212,
              0
            ],
            [
              33.0214291,
              46.0260666,
              0
            ],
            [
              33.0157643,
              46.02541099999999,
              0
            ],
            [
              33.009327,
              46.02755639999999,
              0
            ],
            [
              33.0023747,
              46.0293442,
              0
            ],
            [
              32.9963665,
              46.03017849999999,
              0
            ],
            [
              32.9913025,
              46.03041689999999,
              0
            ],
            [
              32.9861527,
              46.0301189,
              0
            ],
            [
              32.9822517,
              46.0295084,
              0
            ],
            [
              32.9756428,
              46.03034259999999,
              0
            ],
            [
              32.9649998,
              46.0345734,
              0
            ],
            [
              32.9590774,
              46.0370163,
              0
            ],
            [
              32.9563309,
              46.0383867,
              0
            ],
            [
              32.950666,
              46.04166359999999,
              0
            ],
            [
              32.9440571,
              46.0449403,
              0
            ],
            [
              32.9406903,
              46.046881,
              0
            ],
            [
              32.9386497,
              46.0457148,
              0
            ],
            [
              32.9371048,
              46.04333179999999,
              0
            ],
            [
              32.9363323,
              46.04124660000001,
              0
            ],
            [
              32.9348732,
              46.0392805,
              0
            ],
            [
              32.9319549,
              46.0376717,
              0
            ],
            [
              32.9228376,
              46.0359186,
              0
            ],
            [
              32.9193378,
              46.03600339999999,
              0
            ],
            [
              32.9130722,
              46.0366588,
              0
            ],
            [
              32.9071499,
              46.0375526,
              0
            ],
            [
              32.9001118,
              46.0393996,
              0
            ],
            [
              32.8947044,
              46.0423786,
              0
            ],
            [
              32.8882671,
              46.04553610000001,
              0
            ],
            [
              32.8837181,
              46.04774029999999,
              0
            ],
            [
              32.8813148,
              46.0492295,
              0
            ],
            [
              32.8772808,
              46.0523866,
              0
            ],
            [
              32.8732468,
              46.05518620000001,
              0
            ],
            [
              32.8691269,
              46.05822389999999,
              0
            ],
            [
              32.8633762,
              46.06138049999999,
              0
            ],
            [
              32.8577972,
              46.0575687,
              0
            ],
            [
              32.8556515,
              46.0558414,
              0
            ],
            [
              32.852819,
              46.0548288,
              0
            ],
            [
              32.8486992,
              46.052744,
              0
            ],
            [
              32.8425518,
              46.0498983,
              0
            ],
            [
              32.8374878,
              46.0484687,
              0
            ],
            [
              32.8348271,
              46.0472772,
              0
            ],
            [
              32.8315655,
              46.0451326,
              0
            ],
            [
              32.8294198,
              46.0441794,
              0
            ],
            [
              32.8253857,
              46.0441198,
              0
            ],
            [
              32.8207509,
              46.0433453,
              0
            ],
            [
              32.8174893,
              46.0412601,
              0
            ],
            [
              32.8144852,
              46.0387578,
              0
            ],
            [
              32.8070179,
              46.0341698,
              0
            ],
            [
              32.8022973,
              46.0327993,
              0
            ],
            [
              32.7937142,
              46.0328589,
              0
            ],
            [
              32.7883069,
              46.03196509999999,
              0
            ],
            [
              32.7835003,
              46.0316076,
              0
            ],
            [
              32.7744023,
              46.0313692,
              0
            ],
            [
              32.7470223,
              46.0346465,
              0
            ],
            [
              32.7165524,
              46.0398302,
              0
            ],
            [
              32.7033345,
              46.0429283,
              0
            ],
            [
              32.6911465,
              46.0448347,
              0
            ],
            [
              32.6857392,
              46.0460858,
              0
            ],
            [
              32.6769844,
              46.0488857,
              0
            ],
            [
              32.6595095,
              46.05211299999999,
              0
            ],
            [
              32.6503558,
              46.0547383,
              0
            ],
            [
              32.6446051,
              46.054917,
              0
            ],
            [
              32.6392836,
              46.05592959999999,
              0
            ],
            [
              32.6331896,
              46.05676350000001,
              0
            ],
            [
              32.6273531,
              46.05783559999999,
              0
            ],
            [
              32.6207442,
              46.0586099,
              0
            ],
            [
              32.6154227,
              46.059801,
              0
            ],
            [
              32.6106161,
              46.0608135,
              0
            ],
            [
              32.6062388,
              46.0614687,
              0
            ],
            [
              32.6018614,
              46.061826,
              0
            ],
            [
              32.5968832,
              46.0621833,
              0
            ],
            [
              32.59242,
              46.0629576,
              0
            ],
            [
              32.587871,
              46.0633744,
              0
            ],
            [
              32.5812621,
              46.0642082,
              0
            ],
            [
              32.5774855,
              46.06468459999999,
              0
            ],
            [
              32.5727648,
              46.0653397,
              0
            ],
            [
              32.5664992,
              46.0659948,
              0
            ],
            [
              32.5620053,
              46.0661791,
              0
            ],
            [
              32.5586886,
              46.0670667,
              0
            ],
            [
              32.5557703,
              46.06754309999999,
              0
            ],
            [
              32.5534529,
              46.0676622,
              0
            ],
            [
              32.5506205,
              46.0673645,
              0
            ],
            [
              32.5473589,
              46.0670667,
              0
            ],
            [
              32.5432391,
              46.06796,
              0
            ],
            [
              32.5411791,
              46.0694487,
              0
            ],
            [
              32.5394781,
              46.0708875,
              0
            ],
            [
              32.5401004,
              46.0737903,
              0
            ],
            [
              32.5408943,
              46.07557659999999,
              0
            ],
            [
              32.5418599,
              46.0766483,
              0
            ],
            [
              32.5465558,
              46.0811841,
              0
            ],
            [
              32.556488,
              46.0834059,
              0
            ],
            [
              32.5697918,
              46.0866206,
              0
            ],
            [
              32.5746841,
              46.08906120000001,
              0
            ],
            [
              32.5828381,
              46.091978,
              0
            ],
            [
              32.5959702,
              46.0956088,
              0
            ],
            [
              32.6029224,
              46.0982871,
              0
            ],
            [
              32.612278,
              46.09846570000001,
              0
            ],
            [
              32.6199169,
              46.10072730000001,
              0
            ],
            [
              32.6251526,
              46.1027507,
              0
            ],
            [
              32.6419754,
              46.1051312,
              0
            ],
            [
              32.649786,
              46.10620230000001,
              0
            ],
            [
              32.65485,
              46.1056668,
              0
            ],
            [
              32.6639481,
              46.1032863,
              0
            ],
            [
              32.6663513,
              46.1028103,
              0
            ],
            [
              32.6739212,
              46.09945939999999,
              0
            ],
            [
              32.6812168,
              46.1012448,
              0
            ],
            [
              32.6936623,
              46.1041014,
              0
            ],
            [
              32.701902,
              46.1061248,
              0
            ],
            [
              32.7101418,
              46.10731489999999,
              0
            ],
            [
              32.7198406,
              46.1073744,
              0
            ],
            [
              32.7286812,
              46.1071959,
              0
            ],
            [
              32.7335735,
              46.10731489999999,
              0
            ],
            [
              32.7380367,
              46.10999270000001,
              0
            ],
            [
              32.7405258,
              46.11314629999999,
              0
            ],
            [
              32.7473923,
              46.1161808,
              0
            ],
            [
              32.7565762,
              46.1192151,
              0
            ],
            [
              32.7676483,
              46.1205834,
              0
            ],
            [
              32.7767464,
              46.1201075,
              0
            ],
            [
              32.7813886,
              46.1185597,
              0
            ],
            [
              32.788591,
              46.1148123,
              0
            ],
            [
              32.7916809,
              46.11171830000001,
              0
            ],
            [
              32.7951141,
              46.1129083,
              0
            ],
            [
              32.7986623,
              46.11497600000001,
              0
            ],
            [
              32.8098203,
              46.115452,
              0
            ],
            [
              32.8153775,
              46.1142759,
              0
            ],
            [
              32.819605,
              46.1106919,
              0
            ],
            [
              32.8249906,
              46.1095157,
              0
            ],
            [
              32.8328229,
              46.112834,
              0
            ],
            [
              32.8407194,
              46.11390500000001,
              0
            ],
            [
              32.8474142,
              46.114381,
              0
            ],
            [
              32.8558256,
              46.1144405,
              0
            ],
            [
              32.8611471,
              46.1140835,
              0
            ],
            [
              32.8658678,
              46.11491649999999,
              0
            ],
            [
              32.8785707,
              46.1125365,
              0
            ],
            [
              32.8862096,
              46.1108109,
              0
            ],
            [
              32.891102,
              46.11027540000001,
              0
            ],
            [
              32.8975393,
              46.1098588,
              0
            ],
            [
              32.9033758,
              46.10926380000001,
              0
            ],
            [
              32.9083539,
              46.1079547,
              0
            ],
            [
              32.9077531,
              46.10491979999999,
              0
            ],
            [
              32.9104997,
              46.1046222,
              0
            ],
            [
              32.9145338,
              46.1055148,
              0
            ],
            [
              32.916937,
              46.1067645,
              0
            ],
            [
              32.9226877,
              46.1067645,
              0
            ],
            [
              32.9272367,
              46.1061694,
              0
            ],
            [
              32.933674,
              46.1055148,
              0
            ],
            [
              32.9388238,
              46.1055744,
              0
            ],
            [
              32.9430936,
              46.1061833,
              0
            ],
            [
              32.9575242,
              46.109623,
              0
            ],
            [
              32.9646481,
              46.11122959999999,
              0
            ],
            [
              32.9736603,
              46.1100395,
              0
            ],
            [
              32.9806984,
              46.1095039,
              0
            ],
            [
              32.9913414,
              46.1091469,
              0
            ],
            [
              32.9965771,
              46.1093254,
              0
            ],
            [
              33.0075634,
              46.1096825,
              0
            ],
            [
              33.0164898,
              46.11027750000001,
              0
            ],
            [
              33.0253304,
              46.11051549999999,
              0
            ],
            [
              33.0351151,
              46.11122959999999,
              0
            ],
            [
              33.0410374,
              46.1120626,
              0
            ],
            [
              33.0418099,
              46.1127171,
              0
            ],
            [
              33.0389775,
              46.11420459999999,
              0
            ],
            [
              33.0340851,
              46.1147401,
              0
            ],
            [
              33.028592,
              46.1155731,
              0
            ],
            [
              33.0274762,
              46.1165846,
              0
            ],
            [
              33.0244721,
              46.1185479,
              0
            ],
            [
              33.0196656,
              46.1188454,
              0
            ],
            [
              33.0158032,
              46.1201543,
              0
            ],
            [
              33.0152024,
              46.1222365,
              0
            ],
            [
              33.0175198,
              46.12479459999999,
              0
            ],
            [
              33.0218972,
              46.1262818,
              0
            ],
            [
              33.0257595,
              46.1265792,
              0
            ],
            [
              33.0278195,
              46.129256,
              0
            ],
            [
              33.0298794,
              46.1350256,
              0
            ],
            [
              33.0310811,
              46.1411515,
              0
            ],
            [
              33.0297078,
              46.1429356,
              0
            ],
            [
              33.0256737,
              46.1437086,
              0
            ],
            [
              33.0226696,
              46.1460278,
              0
            ],
            [
              33.0217255,
              46.14923889999999,
              0
            ],
            [
              33.0232705,
              46.1528065,
              0
            ],
            [
              33.0271328,
              46.1545902,
              0
            ],
            [
              33.0338276,
              46.156136,
              0
            ],
            [
              33.0401791,
              46.156136,
              0
            ],
            [
              33.0482472,
              46.1549469,
              0
            ],
            [
              33.0569161,
              46.1538173,
              0
            ],
            [
              33.0618943,
              46.15352,
              0
            ],
            [
              33.0654992,
              46.1532227,
              0
            ],
            [
              33.0670441,
              46.149893,
              0
            ],
            [
              33.0749405,
              46.144006,
              0
            ],
            [
              33.0794896,
              46.13877260000001,
              0
            ],
            [
              33.0854977,
              46.1344309,
              0
            ],
            [
              33.0900467,
              46.1328249,
              0
            ],
            [
              33.09245,
              46.1328249,
              0
            ],
            [
              33.0998382,
              46.13275950000001,
              0
            ],
            [
              33.1058463,
              46.1325811,
              0
            ],
            [
              33.1092796,
              46.1303803,
              0
            ],
            [
              33.1191501,
              46.1266328,
              0
            ],
            [
              33.1230983,
              46.1260974,
              0
            ],
            [
              33.1285056,
              46.1258594,
              0
            ],
            [
              33.1327972,
              46.12591890000001,
              0
            ],
            [
              33.1387195,
              46.1272276,
              0
            ],
            [
              33.1425819,
              46.12853630000001,
              0
            ],
            [
              33.1439552,
              46.1304992,
              0
            ],
            [
              33.1470273,
              46.1366432,
              0
            ],
            [
              33.1525382,
              46.1392424,
              0
            ],
            [
              33.1578597,
              46.1407887,
              0
            ],
            [
              33.1638679,
              46.1428107,
              0
            ],
            [
              33.1673011,
              46.14477309999999,
              0
            ],
            [
              33.1667861,
              46.1470328,
              0
            ],
            [
              33.1727084,
              46.1503033,
              0
            ],
            [
              33.1780299,
              46.1534546,
              0
            ],
            [
              33.1813773,
              46.15446540000001,
              0
            ],
            [
              33.1837806,
              46.1572597,
              0
            ],
            [
              33.186613,
              46.16100520000001,
              0
            ],
            [
              33.1885871,
              46.16356140000001,
              0
            ],
            [
              33.1907329,
              46.1683764,
              0
            ],
            [
              33.1950244,
              46.172656,
              0
            ],
            [
              33.1989726,
              46.1738447,
              0
            ],
            [
              33.2048949,
              46.17307199999999,
              0
            ],
            [
              33.2097873,
              46.17087290000001,
              0
            ],
            [
              33.2161388,
              46.1668309,
              0
            ],
            [
              33.2197437,
              46.16403699999999,
              0
            ],
            [
              33.2248077,
              46.1599351,
              0
            ],
            [
              33.2263526,
              46.1570219,
              0
            ],
            [
              33.2222327,
              46.1535141,
              0
            ],
            [
              33.2181987,
              46.1504222,
              0
            ],
            [
              33.2151946,
              46.14756800000001,
              0
            ],
            [
              33.2114181,
              46.14477309999999,
              0
            ],
            [
              33.2090148,
              46.1420376,
              0
            ],
            [
              33.206636,
              46.1357721,
              0
            ],
            [
              33.2067218,
              46.1309543,
              0
            ],
            [
              33.207151,
              46.128337,
              0
            ],
            [
              33.2062068,
              46.1235781,
              0
            ],
            [
              33.2047477,
              46.1207225,
              0
            ],
            [
              33.2012286,
              46.1188782,
              0
            ],
            [
              33.1984821,
              46.1168553,
              0
            ],
            [
              33.1984821,
              46.1135234,
              0
            ],
            [
              33.2004562,
              46.1107268,
              0
            ],
            [
              33.2017436,
              46.1090607,
              0
            ],
            [
              33.206636,
              46.1066209,
              0
            ],
            [
              33.2104984,
              46.10584729999999,
              0
            ],
            [
              33.2118716,
              46.1065614,
              0
            ],
            [
              33.2088676,
              46.1110838,
              0
            ],
            [
              33.2074943,
              46.1147729,
              0
            ],
            [
              33.2068935,
              46.11923520000001,
              0
            ],
            [
              33.2080093,
              46.1217934,
              0
            ],
            [
              33.2088676,
              46.12738530000001,
              0
            ],
            [
              33.2141891,
              46.1299431,
              0
            ],
            [
              33.2210555,
              46.1325603,
              0
            ],
            [
              33.2264629,
              46.1337499,
              0
            ],
            [
              33.2393375,
              46.13488,
              0
            ],
            [
              33.2444873,
              46.13696159999999,
              0
            ],
            [
              33.2489505,
              46.1388648,
              0
            ],
            [
              33.253242,
              46.1393406,
              0
            ],
            [
              33.2604518,
              46.13838899999999,
              0
            ],
            [
              33.265945,
              46.1358911,
              0
            ],
            [
              33.2736697,
              46.13470149999999,
              0
            ],
            [
              33.2772746,
              46.1345231,
              0
            ],
            [
              33.2861152,
              46.1316086,
              0
            ],
            [
              33.2924667,
              46.128575,
              0
            ],
            [
              33.3003561,
              46.1258408,
              0
            ],
            [
              33.3077375,
              46.12042719999999,
              0
            ],
            [
              33.3104841,
              46.115013,
              0
            ],
            [
              33.3106557,
              46.1082297,
              0
            ],
            [
              33.3085958,
              46.1019217,
              0
            ],
            [
              33.3079092,
              46.0975771,
              0
            ],
            [
              33.30645,
              46.0951963,
              0
            ],
            [
              33.3016435,
              46.0930536,
              0
            ],
            [
              33.296837,
              46.091744,
              0
            ],
            [
              33.2915662,
              46.09094700000001,
              0
            ],
            [
              33.2885973,
              46.0932916,
              0
            ],
            [
              33.2843916,
              46.09602959999999,
              0
            ],
            [
              33.2814733,
              46.0977556,
              0
            ],
            [
              33.2789842,
              46.09573199999999,
              0
            ],
            [
              33.2796709,
              46.0908512,
              0
            ],
            [
              33.28113,
              46.0888868,
              0
            ],
            [
              33.2812996,
              46.0852702,
              0
            ],
            [
              33.279068,
              46.0816983,
              0
            ],
            [
              33.284132,
              46.0762208,
              0
            ],
            [
              33.2879085,
              46.0755063,
              0
            ],
            [
              33.2924576,
              46.07485129999999,
              0
            ],
            [
              33.2980365,
              46.0749704,
              0
            ],
            [
              33.3040447,
              46.07503000000001,
              0
            ],
            [
              33.3072204,
              46.0752681,
              0
            ],
            [
              33.3073921,
              46.0827104,
              0
            ],
            [
              33.3073921,
              46.0869371,
              0
            ],
            [
              33.3102245,
              46.09211590000001,
              0
            ],
            [
              33.3120269,
              46.09693709999999,
              0
            ],
            [
              33.3123703,
              46.1024125,
              0
            ],
            [
              33.3137436,
              46.1061022,
              0
            ],
            [
              33.3201809,
              46.1105651,
              0
            ],
            [
              33.326704,
              46.11342130000001,
              0
            ],
            [
              33.3352012,
              46.1113387,
              0
            ],
            [
              33.3369178,
              46.1059832,
              0
            ],
            [
              33.3381195,
              46.1022935,
              0
            ],
            [
              33.3425827,
              46.0982465,
              0
            ],
            [
              33.3455009,
              46.0959848,
              0
            ],
            [
              33.3529682,
              46.0927111,
              0
            ],
            [
              33.3588575,
              46.0892803,
              0
            ],
            [
              33.3638687,
              46.0895563,
              0
            ],
            [
              33.3731384,
              46.0871752,
              0
            ],
            [
              33.3707351,
              46.0830676,
              0
            ],
            [
              33.3655853,
              46.0789001,
              0
            ],
            [
              33.365242,
              46.0752681,
              0
            ],
            [
              33.3714218,
              46.0709809,
              0
            ],
            [
              33.4008641,
              46.0484748,
              0
            ],
            [
              33.4048123,
              46.04406640000001,
              0
            ],
            [
              33.4085888,
              46.0378106,
              0
            ],
            [
              33.4116787,
              46.03560599999999,
              0
            ],
            [
              33.4157986,
              46.0317329,
              0
            ],
            [
              33.4214634,
              46.03018359999999,
              0
            ],
            [
              33.4263558,
              46.0296473,
              0
            ],
            [
              33.4300465,
              46.0306603,
              0
            ],
            [
              33.4291882,
              46.032448,
              0
            ],
            [
              33.4253258,
              46.0351294,
              0
            ],
            [
              33.4260983,
              46.03721480000001,
              0
            ],
            [
              33.4315056,
              46.03912139999999,
              0
            ],
            [
              33.4433502,
              46.0400151,
              0
            ],
            [
              33.4499592,
              46.04216,
              0
            ],
            [
              33.4531349,
              46.04525790000001,
              0
            ],
            [
              33.4583706,
              46.0482365,
              0
            ],
            [
              33.4678978,
              46.0447813,
              0
            ],
            [
              33.4782833,
              46.0389427,
              0
            ],
            [
              33.4851498,
              46.03453350000001,
              0
            ],
            [
              33.4887547,
              46.0317329,
              0
            ],
            [
              33.4943337,
              46.0297664,
              0
            ],
            [
              33.4996552,
              46.02917049999999,
              0
            ],
            [
              33.5066075,
              46.0278595,
              0
            ],
            [
              33.5102982,
              46.02917049999999,
              0
            ],
            [
              33.5089249,
              46.0342356,
              0
            ],
            [
              33.5060925,
              46.03912139999999,
              0
            ],
            [
              33.499741,
              46.0460324,
              0
            ],
            [
              33.4954571,
              46.051293,
              0
            ],
            [
              33.4918522,
              46.05707080000001,
              0
            ],
            [
              33.4910797,
              46.0632053,
              0
            ],
            [
              33.4944271,
              46.0729714,
              0
            ],
            [
              33.4982037,
              46.07612719999999,
              0
            ],
            [
              33.5057568,
              46.0794018,
              0
            ],
            [
              33.5140823,
              46.0810093,
              0
            ],
            [
              33.5327934,
              46.0782111,
              0
            ],
            [
              33.5503029,
              46.0736859,
              0
            ],
            [
              33.5580276,
              46.07255459999999,
              0
            ],
            [
              33.563435,
              46.07332869999999,
              0
            ],
            [
              33.5542511,
              46.0805926,
              0
            ],
            [
              33.553307,
              46.08202140000001,
              0
            ],
            [
              33.5478138,
              46.0868435,
              0
            ],
            [
              33.5407757,
              46.0879745,
              0
            ],
            [
              33.5269269,
              46.0937197,
              0
            ],
            [
              33.5228071,
              46.09723139999999,
              0
            ],
            [
              33.5178289,
              46.1002072,
              0
            ],
            [
              33.5148248,
              46.1034804,
              0
            ],
            [
              33.5143957,
              46.1067534,
              0
            ],
            [
              33.5098466,
              46.1179993,
              0
            ],
            [
              33.5102758,
              46.1224613,
              0
            ],
            [
              33.5163698,
              46.12252079999999,
              0
            ],
            [
              33.5201463,
              46.1192487,
              0
            ],
            [
              33.5239229,
              46.11710679999999,
              0
            ],
            [
              33.5313043,
              46.11752330000001,
              0
            ],
            [
              33.5356817,
              46.1184158,
              0
            ],
            [
              33.5408315,
              46.1200221,
              0
            ],
            [
              33.5452947,
              46.1219259,
              0
            ],
            [
              33.5482988,
              46.126685,
              0
            ],
            [
              33.5434064,
              46.1290049,
              0
            ],
            [
              33.5434064,
              46.1328117,
              0
            ],
            [
              33.5475263,
              46.13643989999999,
              0
            ],
            [
              33.5555944,
              46.13733199999999,
              0
            ],
            [
              33.5614309,
              46.1367967,
              0
            ],
            [
              33.5676107,
              46.1387594,
              0
            ],
            [
              33.5700684,
              46.1482112,
              0
            ],
            [
              33.5771065,
              46.1559409,
              0
            ],
            [
              33.5850029,
              46.1587946,
              0
            ],
            [
              33.5927277,
              46.1565354,
              0
            ],
            [
              33.6014824,
              46.1503519,
              0
            ],
            [
              33.6061173,
              46.1455948,
              0
            ],
            [
              33.6092072,
              46.13905320000001,
              0
            ],
            [
              33.6142896,
              46.1340263,
              0
            ],
            [
              33.618641,
              46.1178482,
              0
            ],
            [
              33.641987,
              46.0849967,
              0
            ],
            [
              33.6330606,
              46.0759472,
              0
            ],
            [
              33.6213876,
              46.0697546,
              0
            ],
            [
              33.6172677,
              46.0502194,
              0
            ],
            [
              33.620701,
              46.0120822,
              0
            ],
            [
              33.6330606,
              45.98012199999999,
              0
            ],
            [
              33.630314,
              45.9605552,
              0
            ],
            [
              33.6179544,
              45.9471885,
              0
            ],
            [
              33.6234475,
              45.9433689,
              0
            ],
            [
              33.641987,
              45.9443238,
              0
            ],
            [
              33.6461068,
              45.9510079,
              0
            ],
            [
              33.6605264,
              45.95530440000001,
              0
            ],
            [
              33.684559,
              45.95482700000001,
              0
            ],
            [
              33.7072183,
              45.9529175,
              0
            ],
            [
              33.7298776,
              45.9500531,
              0
            ],
            [
              33.7463571,
              45.9514853,
              0
            ],
            [
              33.7587167,
              45.9390714,
              0
            ],
            [
              33.7621499,
              45.9290428,
              0
            ],
            [
              33.7573434,
              45.91996780000001,
              0
            ],
            [
              33.7477304,
              45.9190124,
              0
            ],
            [
              33.7394906,
              45.92761,
              0
            ],
            [
              33.7223245,
              45.9280876,
              0
            ],
            [
              33.7085916,
              45.9161463,
              0
            ],
            [
              33.696232,
              45.9085024,
              0
            ],
            [
              33.6859323,
              45.91328,
              0
            ],
            [
              33.674946,
              45.9065913,
              0
            ],
            [
              33.6742593,
              45.8956011,
              0
            ],
            [
              33.6804391,
              45.8779166,
              0
            ],
            [
              33.6790658,
              45.8678769,
              0
            ],
            [
              33.6859323,
              45.85831369999999,
              0
            ],
            [
              33.6818124,
              45.8473139,
              0
            ],
            [
              33.6618997,
              45.8678769,
              0
            ],
            [
              33.6529733,
              45.872658,
              0
            ],
            [
              33.6330606,
              45.8817407,
              0
            ],
            [
              33.6193277,
              45.88986619999999,
              0
            ],
            [
              33.5966684,
              45.8850867,
              0
            ],
            [
              33.5705758,
              45.8659644,
              0
            ],
            [
              33.5472299,
              45.8463573,
              0
            ],
            [
              33.5135843,
              45.8602265,
              0
            ],
            [
              33.5376169,
              45.8688332,
              0
            ],
            [
              33.5383035,
              45.8817407,
              0
            ],
            [
              33.5231973,
              45.8736141,
              0
            ],
            [
              33.4977914,
              45.85927010000001,
              0
            ],
            [
              33.4552194,
              45.84348739999999,
              0
            ],
            [
              33.4215738,
              45.8324847,
              0
            ],
            [
              33.3844949,
              45.8004209,
              0
            ],
            [
              33.3584024,
              45.7889309,
              0
            ],
            [
              33.3309366,
              45.7750439,
              0
            ],
            [
              33.2760049,
              45.7597164,
              0
            ],
            [
              33.2382394,
              45.7506137,
              0
            ],
            [
              33.2100869,
              45.7597164,
              0
            ],
            [
              33.1901742,
              45.76833860000001,
              0
            ],
            [
              33.1757547,
              45.779354,
              0
            ],
            [
              33.1716348,
              45.7851003,
              0
            ],
            [
              33.1839944,
              45.8080796,
              0
            ],
            [
              33.1757547,
              45.803293,
              0
            ],
            [
              33.1682016,
              45.7851003,
              0
            ],
            [
              33.1640817,
              45.7649857,
              0
            ],
            [
              33.1640817,
              45.7448638,
              0
            ],
            [
              33.155842,
              45.7367172,
              0
            ],
            [
              33.1393625,
              45.71802339999999,
              0
            ],
            [
              33.1270028,
              45.7204204,
              0
            ],
            [
              33.1187631,
              45.7146674,
              0
            ],
            [
              33.1070901,
              45.7137085,
              0
            ],
            [
              33.0940439,
              45.7165851,
              0
            ],
            [
              33.0775644,
              45.7079549,
              0
            ],
            [
              33.0638315,
              45.7031597,
              0
            ],
            [
              33.0487253,
              45.6954866,
              0
            ],
            [
              33.035679,
              45.68973110000001,
              0
            ],
            [
              33.0198861,
              45.6882921,
              0
            ],
            [
              33.0068399,
              45.6801372,
              0
            ],
            [
              32.9972268,
              45.6801372,
              0
            ],
            [
              32.9903604,
              45.67342050000001,
              0
            ],
            [
              32.9786874,
              45.6715013,
              0
            ],
            [
              32.9649545,
              45.6604647,
              0
            ],
            [
              32.9546548,
              45.66094459999999,
              0
            ],
            [
              32.9429818,
              45.6561454,
              0
            ],
            [
              32.9381753,
              45.6499058,
              0
            ],
            [
              32.9196359,
              45.64318549999999,
              0
            ],
            [
              32.9072763,
              45.6374246,
              0
            ],
            [
              32.8557779,
              45.6090915,
              0
            ],
            [
              32.8214456,
              45.588433,
              0
            ],
            [
              32.8207589,
              45.5826664,
              0
            ],
            [
              32.8296853,
              45.5841081,
              0
            ],
            [
              32.8434182,
              45.5855498,
              0
            ],
            [
              32.8441049,
              45.57834119999999,
              0
            ],
            [
              32.8434182,
              45.5653633,
              0
            ],
            [
              32.830372,
              45.55670970000001,
              0
            ],
            [
              32.8200723,
              45.5581521,
              0
            ],
            [
              32.8083993,
              45.5538249,
              0
            ],
            [
              32.7994729,
              45.5571905,
              0
            ],
            [
              32.7980996,
              45.5619982,
              0
            ],
            [
              32.7884866,
              45.5619982,
              0
            ],
            [
              32.7706338,
              45.55526729999999,
              0
            ],
            [
              32.7404214,
              45.5437269,
              0
            ],
            [
              32.7253152,
              45.53122200000001,
              0
            ],
            [
              32.7067758,
              45.5264117,
              0
            ],
            [
              32.7136422,
              45.51823329999999,
              0
            ],
            [
              32.7060891,
              45.5143842,
              0
            ],
            [
              32.6978494,
              45.5167899,
              0
            ],
            [
              32.6902963,
              45.52352530000001,
              0
            ],
            [
              32.6552774,
              45.5095724,
              0
            ],
            [
              32.6120187,
              45.4888773,
              0
            ],
            [
              32.56876,
              45.4715452,
              0
            ],
            [
              32.5392343,
              45.4561345,
              0
            ],
            [
              32.5255014,
              45.4445737,
              0
            ],
            [
              32.5117685,
              45.42915559999999,
              0
            ],
            [
              32.4959756,
              45.4137333,
              0
            ],
            [
              32.4815561,
              45.4036101,
              0
            ],
            [
              32.4781228,
              45.3930029,
              0
            ],
            [
              32.4904825,
              45.3843228,
              0
            ],
            [
              32.504902,
              45.3814292,
              0
            ],
            [
              32.5124551,
              45.3741944,
              0
            ],
            [
              32.5124551,
              45.3635817,
              0
            ],
            [
              32.4946023,
              45.3500717,
              0
            ],
            [
              32.5097085,
              45.3442808,
              0
            ],
            [
              32.5255014,
              45.3394545,
              0
            ],
            [
              32.5467874,
              45.3365585,
              0
            ],
            [
              32.5715066,
              45.3312489,
              0
            ],
            [
              32.5989724,
              45.3230421,
              0
            ],
            [
              32.6195718,
              45.3191797,
              0
            ],
            [
              32.6532174,
              45.3095225,
              0
            ],
            [
              32.6841165,
              45.3317316,
              0
            ],
            [
              32.7232553,
              45.35055429999999,
              0
            ],
            [
              32.7459146,
              45.3635817,
              0
            ],
            [
              32.7658273,
              45.3655114,
              0
            ],
            [
              32.8241922,
              45.3674411,
              0
            ],
            [
              32.8386117,
              45.3674411,
              0
            ],
            [
              32.8578378,
              45.36792350000001,
              0
            ],
            [
              32.8743173,
              45.3635817,
              0
            ],
            [
              32.9024698,
              45.3611694,
              0
            ],
            [
              32.9347421,
              45.3534495,
              0
            ],
            [
              32.958088,
              45.3433155,
              0
            ],
            [
              32.9896737,
              45.327387,
              0
            ],
            [
              33.0171396,
              45.3037274,
              0
            ],
            [
              33.0384256,
              45.2921354,
              0
            ],
            [
              33.068638,
              45.2723269,
              0
            ],
            [
              33.0789377,
              45.2592785,
              0
            ],
            [
              33.0885507,
              45.2563784,
              0
            ],
            [
              33.099537,
              45.2457436,
              0
            ],
            [
              33.1139566,
              45.2264025,
              0
            ],
            [
              33.1283761,
              45.22350079999999,
              0
            ],
            [
              33.142109,
              45.21431100000001,
              0
            ],
            [
              33.155842,
              45.1997978,
              0
            ],
            [
              33.1833078,
              45.1862488,
              0
            ],
            [
              33.2011606,
              45.184313,
              0
            ],
            [
              33.2169534,
              45.1804411,
              0
            ],
            [
              33.2361795,
              45.16882389999999,
              0
            ],
            [
              33.2512857,
              45.1504252,
              0
            ],
            [
              33.271885,
              45.1470353,
              0
            ],
            [
              33.2876779,
              45.1504252,
              0
            ],
            [
              33.2959176,
              45.1634986,
              0
            ],
            [
              33.3000375,
              45.1712443,
              0
            ],
            [
              33.3137704,
              45.177537,
              0
            ],
            [
              33.3336831,
              45.1717284,
              0
            ],
            [
              33.349476,
              45.1736647,
              0
            ],
            [
              33.3666421,
              45.1867327,
              0
            ],
            [
              33.3879281,
              45.19931400000001,
              0
            ],
            [
              33.401661,
              45.1964109,
              0
            ],
            [
              33.4236337,
              45.1872167,
              0
            ],
            [
              33.4435464,
              45.177053,
              0
            ],
            [
              33.4758188,
              45.1620461,
              0
            ],
            [
              33.4991647,
              45.1426766,
              0
            ],
            [
              33.5300638,
              45.1174863,
              0
            ],
            [
              33.5637094,
              45.0811346,
              0
            ],
            [
              33.5781289,
              45.0559172,
              0
            ],
            [
              33.5932351,
              45.0238944,
              0
            ],
            [
              33.6069681,
              44.9767981,
              0
            ],
            [
              33.5980417,
              44.9729122,
              0
            ],
            [
              33.6083413,
              44.941815,
              0
            ],
            [
              33.6131479,
              44.8878409,
              0
            ],
            [
              33.6001016,
              44.8557242,
              0
            ],
            [
              33.576069,
              44.8406329,
              0
            ],
            [
              33.5686017,
              44.8359161,
              0
            ],
            [
              33.5701767,
              44.8371144,
              0
            ],
            [
              33.5651985,
              44.8393055,
              0
            ],
            [
              33.5615078,
              44.8410096,
              0
            ],
            [
              33.5570446,
              44.8405836,
              0
            ],
            [
              33.5519806,
              44.8396098,
              0
            ],
            [
              33.5517231,
              44.8369318,
              0
            ],
            [
              33.550264,
              44.8344364,
              0
            ],
            [
              33.5503498,
              44.8308451,
              0
            ],
            [
              33.5504356,
              44.8175739,
              0
            ],
            [
              33.5496632,
              44.8122158,
              0
            ],
            [
              33.5486332,
              44.8066745,
              0
            ],
            [
              33.5429684,
              44.8030206,
              0
            ],
            [
              33.5382477,
              44.7974785,
              0
            ],
            [
              33.5349003,
              44.7923013,
              0
            ],
            [
              33.5357586,
              44.7879155,
              0
            ],
            [
              33.537561,
              44.780727,
              0
            ],
            [
              33.5397926,
              44.7718925,
              0
            ],
            [
              33.5399643,
              44.7617158,
              0
            ],
            [
              33.5427109,
              44.7528784,
              0
            ],
            [
              33.5424534,
              44.7411133,
              0
            ],
            [
              33.5447708,
              44.7347726,
              0
            ],
            [
              33.5480324,
              44.7306873,
              0
            ],
            [
              33.5480324,
              44.7231868,
              0
            ],
            [
              33.5471741,
              44.7122086,
              0
            ],
            [
              33.5486867,
              44.6912778,
              0
            ],
            [
              33.5466267,
              44.6776692,
              0
            ],
            [
              33.5442235,
              44.6642407,
              0
            ],
            [
              33.5403611,
              44.6548998,
              0
            ],
            [
              33.5379578,
              44.6487329,
              0
            ],
            [
              33.5315205,
              44.6409774,
              0
            ],
            [
              33.5249116,
              44.6379849,
              0
            ],
            [
              33.5175301,
              44.6354808,
              0
            ],
            [
              33.5097195,
              44.6319383,
              0
            ],
            [
              33.5114361,
              44.6287009,
              0
            ],
            [
              33.5091187,
              44.6257689,
              0
            ],
            [
              33.5081746,
              44.6161775,
              0
            ],
            [
              33.5020806,
              44.6160553,
              0
            ],
            [
              33.5024239,
              44.6112284,
              0
            ],
            [
              33.4977891,
              44.6089065,
              0
            ],
            [
              33.4946992,
              44.6136725,
              0
            ],
            [
              33.489206,
              44.6131837,
              0
            ],
            [
              33.4807946,
              44.6104952,
              0
            ],
            [
              33.4748723,
              44.6123894,
              0
            ],
            [
              33.46792,
              44.6113506,
              0
            ],
            [
              33.4625127,
              44.6117173,
              0
            ],
            [
              33.456247,
              44.6095787,
              0
            ],
            [
              33.4476639,
              44.6106174,
              0
            ],
            [
              33.4474923,
              44.605729,
              0
            ],
            [
              33.4499814,
              44.6024902,
              0
            ],
            [
              33.4486081,
              44.5986401,
              0
            ],
            [
              33.445089,
              44.5977234,
              0
            ],
            [
              33.4391667,
              44.5999846,
              0
            ],
            [
              33.4408833,
              44.6031624,
              0
            ],
            [
              33.4392525,
              44.6058512,
              0
            ],
            [
              33.4337594,
              44.6031624,
              0
            ],
            [
              33.4329011,
              44.5972955,
              0
            ],
            [
              33.430412,
              44.599679,
              0
            ],
            [
              33.4241463,
              44.5974789,
              0
            ],
            [
              33.4207989,
              44.594423,
              0
            ],
            [
              33.4171082,
              44.5883718,
              0
            ],
            [
              33.4139325,
              44.5878217,
              0
            ],
            [
              33.4149624,
              44.5840929,
              0
            ],
            [
              33.4129025,
              44.5801804,
              0
            ],
            [
              33.413675,
              44.5763899,
              0
            ],
            [
              33.4098984,
              44.576879,
              0
            ],
            [
              33.4069802,
              44.5765733,
              0
            ],
            [
              33.4018304,
              44.5775516,
              0
            ],
            [
              33.402002,
              44.580914,
              0
            ],
            [
              33.4006287,
              44.5859268,
              0
            ],
            [
              33.4014012,
              44.5909391,
              0
            ],
            [
              33.396938,
              44.5914281,
              0
            ],
            [
              33.3947064,
              44.5880051,
              0
            ],
            [
              33.3909299,
              44.5873938,
              0
            ],
            [
              33.3859517,
              44.5869048,
              0
            ],
            [
              33.3775403,
              44.5844597,
              0
            ],
            [
              33.3835484,
              44.5804249,
              0
            ],
            [
              33.387325,
              44.5748003,
              0
            ],
            [
              33.3935048,
              44.5683191,
              0
            ],
            [
              33.3983113,
              44.5648948,
              0
            ],
            [
              33.4022595,
              44.5602471,
              0
            ],
            [
              33.4104993,
              44.553275,
              0
            ],
            [
              33.4185673,
              44.5504614,
              0
            ],
            [
              33.4281804,
              44.5460573,
              0
            ],
            [
              33.4367634,
              44.5410411,
              0
            ],
            [
              33.4475781,
              44.5341891,
              0
            ],
            [
              33.4597661,
              44.5272138,
              0
            ],
            [
              33.4721257,
              44.5165657,
              0
            ],
            [
              33.4784088,
              44.5112045,
              0
            ],
            [
              33.4814129,
              44.508144,
              0
            ],
            [
              33.4843311,
              44.5031246,
              0
            ],
            [
              33.4869919,
              44.4987781,
              0
            ],
            [
              33.4906826,
              44.4979823,
              0
            ],
            [
              33.4938583,
              44.5003698,
              0
            ],
            [
              33.4977207,
              44.5030022,
              0
            ],
            [
              33.5019264,
              44.5036755,
              0
            ],
            [
              33.508192,
              44.5039204,
              0
            ],
            [
              33.5141144,
              44.5019615,
              0
            ],
            [
              33.5241566,
              44.4990842,
              0
            ],
            [
              33.5327396,
              44.4960232,
              0
            ],
            [
              33.5420093,
              44.4924721,
              0
            ],
            [
              33.5484466,
              44.4899005,
              0
            ],
            [
              33.5556564,
              44.4883698,
              0
            ],
            [
              33.5611496,
              44.4886147,
              0
            ],
            [
              33.567501,
              44.4905741,
              0
            ],
            [
              33.574625,
              44.4922884,
              0
            ],
            [
              33.580204,
              44.4919211,
              0
            ],
            [
              33.5858688,
              44.4904516,
              0
            ],
            [
              33.602005,
              44.4930844,
              0
            ],
            [
              33.6088714,
              44.4906965,
              0
            ],
            [
              33.6137638,
              44.4892882,
              0
            ],
            [
              33.6183986,
              44.4867165,
              0
            ],
            [
              33.6248359,
              44.4826138,
              0
            ],
            [
              33.6307583,
              44.4790007,
              0
            ],
            [
              33.6331615,
              44.4734888,
              0
            ],
            [
              33.6361656,
              44.4728763,
              0
            ],
            [
              33.6374531,
              44.4680988,
              0
            ],
            [
              33.6413154,
              44.4578075,
              0
            ],
            [
              33.6429462,
              44.4529675,
              0
            ],
            [
              33.6424312,
              44.4474531,
              0
            ],
            [
              33.6434612,
              44.4373421,
              0
            ],
            [
              33.6473236,
              44.432623,
              0
            ],
            [
              33.6498985,
              44.4264324,
              0
            ],
            [
              33.6559067,
              44.4235514,
              0
            ],
            [
              33.6608848,
              44.4209155,
              0
            ],
            [
              33.6707554,
              44.4182795,
              0
            ],
            [
              33.6828575,
              44.4161338,
              0
            ],
            [
              33.6950455,
              44.4171147,
              0
            ],
            [
              33.7005386,
              44.4204864,
              0
            ],
            [
              33.7063751,
              44.421222,
              0
            ],
            [
              33.7086067,
              44.4190764,
              0
            ],
            [
              33.7304935,
              44.3921579,
              0
            ]
          ]
        ]
      },
      "properties": {
        "name": "russian",
        "styleUrl": "#stylemap_id0",
        "fill-opacity": 0,
        "stroke-opacity": 1,
        "stroke": "#ff0000",
        "tessellate": -1,
        "extrude": 0,
        "visibility": true
      },
      "id": "1.1"
    }
  ]
}
