{
  "type": "FeatureCollection",
  "features": [
    {
      "type": "Feature",
      "geometry": {
        "type": "GeometryCollection",
        "geometries": [
          {
            "type": "Polygon",
            "coordinates": [
              [
                [
                  33.7260303,
                  44.3959604
                ],
                [
                  33.7233696,
                  44.4023995
                ],
                [
                  33.7197647,
                  44.4073049
                ],
                [
                  33.715044,
                  44.4109838
                ],
                [
                  33.70895,
                  44.4149076
                ],
                [
                  33.7086067,
                  44.4190764
                ],
                [
                  33.7063751,
                  44.421222
                ],
                [
                  33.7005386,
                  44.4204864
                ],
                [
                  33.6950455,
                  44.4171147
                ],
                [
                  33.6828575,
                  44.4161338
                ],
                [
                  33.6707554,
                  44.4182795
                ],
                [
                  33.6608848,
                  44.4209155
                ],
                [
                  33.6559067,
                  44.4235514
                ],
                [
                  33.6498985,
                  44.4264324
                ],
                [
                  33.6473236,
                  44.432623
                ],
                [
                  33.6434612,
                  44.4373421
                ],
                [
                  33.6424312,
                  44.4474531
                ],
                [
                  33.6429462,
                  44.4529675
                ],
                [
                  33.6413154,
                  44.4578075
                ],
                [
                  33.6374531,
                  44.4680988
                ],
                [
                  33.6361656,
                  44.4728763
                ],
                [
                  33.6331615,
                  44.4734888
                ],
                [
                  33.6307583,
                  44.4790007
                ],
                [
                  33.6248359,
                  44.4826138
                ],
                [
                  33.6183986,
                  44.4867165
                ],
                [
                  33.6137638,
                  44.4892882
                ],
                [
                  33.6088714,
                  44.4906965
                ],
                [
                  33.602005,
                  44.4930844
                ],
                [
                  33.5858688,
                  44.4904516
                ],
                [
                  33.580204,
                  44.4919211
                ],
                [
                  33.574625,
                  44.4922884
                ],
                [
                  33.567501,
                  44.4905741
                ],
                [
                  33.5611496,
                  44.4886147
                ],
                [
                  33.5556564,
                  44.4883698
                ],
                [
                  33.5484466,
                  44.4899005
                ],
                [
                  33.5420093,
                  44.4924721
                ],
                [
                  33.5327396,
                  44.4960232
                ],
                [
                  33.5241566,
                  44.4990842
                ],
                [
                  33.5141144,
                  44.5019615
                ],
                [
                  33.508192,
                  44.5039204
                ],
                [
                  33.5019264,
                  44.5036755
                ],
                [
                  33.4977207,
                  44.5030022
                ],
                [
                  33.4938583,
                  44.5003698
                ],
                [
                  33.4906826,
                  44.4979823
                ],
                [
                  33.4869919,
                  44.4987781
                ],
                [
                  33.4843311,
                  44.5031246
                ],
                [
                  33.4814129,
                  44.508144
                ],
                [
                  33.4784088,
                  44.5112045
                ],
                [
                  33.4721257,
                  44.5165657
                ],
                [
                  33.4597661,
                  44.5272138
                ],
                [
                  33.4475781,
                  44.5341891
                ],
                [
                  33.4367634,
                  44.5410411
                ],
                [
                  33.4281804,
                  44.5460573
                ],
                [
                  33.4185673,
                  44.5504614
                ],
                [
                  33.4104993,
                  44.553275
                ],
                [
                  33.4022595,
                  44.5602471
                ],
                [
                  33.3983113,
                  44.5648948
                ],
                [
                  33.3935048,
                  44.5683191
                ],
                [
                  33.387325,
                  44.5748003
                ],
                [
                  33.3835484,
                  44.5804249
                ],
                [
                  33.3775403,
                  44.5844597
                ],
                [
                  33.3859517,
                  44.5869048
                ],
                [
                  33.3909299,
                  44.5873938
                ],
                [
                  33.3947064,
                  44.5880051
                ],
                [
                  33.396938,
                  44.5914281
                ],
                [
                  33.4014012,
                  44.5909391
                ],
                [
                  33.4006287,
                  44.5859268
                ],
                [
                  33.402002,
                  44.580914
                ],
                [
                  33.4018304,
                  44.5775516
                ],
                [
                  33.4069802,
                  44.5765733
                ],
                [
                  33.4098984,
                  44.576879
                ],
                [
                  33.413675,
                  44.5763899
                ],
                [
                  33.4129025,
                  44.5801804
                ],
                [
                  33.4149624,
                  44.5840929
                ],
                [
                  33.4139325,
                  44.5878217
                ],
                [
                  33.4171082,
                  44.5883718
                ],
                [
                  33.4207989,
                  44.594423
                ],
                [
                  33.4241463,
                  44.5974789
                ],
                [
                  33.430412,
                  44.599679
                ],
                [
                  33.4329011,
                  44.5972955
                ],
                [
                  33.4337594,
                  44.6031624
                ],
                [
                  33.4392525,
                  44.6058512
                ],
                [
                  33.4408833,
                  44.6031624
                ],
                [
                  33.4391667,
                  44.5999846
                ],
                [
                  33.445089,
                  44.5977234
                ],
                [
                  33.4486081,
                  44.5986401
                ],
                [
                  33.4499814,
                  44.6024902
                ],
                [
                  33.4474923,
                  44.605729
                ],
                [
                  33.4476639,
                  44.6106174
                ],
                [
                  33.456247,
                  44.6095787
                ],
                [
                  33.4625127,
                  44.6117173
                ],
                [
                  33.46792,
                  44.6113506
                ],
                [
                  33.4748723,
                  44.6123894
                ],
                [
                  33.4807946,
                  44.6104952
                ],
                [
                  33.489206,
                  44.6131837
                ],
                [
                  33.4946992,
                  44.6136725
                ],
                [
                  33.4977891,
                  44.6089065
                ],
                [
                  33.5024239,
                  44.6112284
                ],
                [
                  33.5020806,
                  44.6160553
                ],
                [
                  33.5081746,
                  44.6161775
                ],
                [
                  33.5091187,
                  44.6257689
                ],
                [
                  33.5114361,
                  44.6287009
                ],
                [
                  33.5097195,
                  44.6319383
                ],
                [
                  33.5175301,
                  44.6354808
                ],
                [
                  33.5249116,
                  44.6379849
                ],
                [
                  33.5315205,
                  44.6409774
                ],
                [
                  33.5379578,
                  44.6487329
                ],
                [
                  33.5403611,
                  44.6548998
                ],
                [
                  33.5442235,
                  44.6642407
                ],
                [
                  33.5466267,
                  44.6776692
                ],
                [
                  33.5486867,
                  44.6912778
                ],
                [
                  33.5471741,
                  44.7122086
                ],
                [
                  33.5480324,
                  44.7231868
                ],
                [
                  33.5480324,
                  44.7306873
                ],
                [
                  33.5447708,
                  44.7347726
                ],
                [
                  33.5424534,
                  44.7411133
                ],
                [
                  33.5427109,
                  44.7528784
                ],
                [
                  33.5399643,
                  44.7617158
                ],
                [
                  33.5397926,
                  44.7718925
                ],
                [
                  33.537561,
                  44.780727
                ],
                [
                  33.5357586,
                  44.7879155
                ],
                [
                  33.5349003,
                  44.7923013
                ],
                [
                  33.5382477,
                  44.7974785
                ],
                [
                  33.5429684,
                  44.8030206
                ],
                [
                  33.5486332,
                  44.8066745
                ],
                [
                  33.5496632,
                  44.8122158
                ],
                [
                  33.5504356,
                  44.8175739
                ],
                [
                  33.5503498,
                  44.8308451
                ],
                [
                  33.550264,
                  44.8344364
                ],
                [
                  33.5517231,
                  44.8369318
                ],
                [
                  33.5519806,
                  44.8396098
                ],
                [
                  33.5570446,
                  44.8405836
                ],
                [
                  33.5615078,
                  44.8410096
                ],
                [
                  33.5651985,
                  44.8393055
                ],
                [
                  33.5701767,
                  44.8371144
                ],
                [
                  33.5686017,
                  44.8359161
                ],
                [
                  33.576069,
                  44.8406329
                ],
                [
                  33.6001016,
                  44.8557242
                ],
                [
                  33.6131479,
                  44.8878409
                ],
                [
                  33.6083413,
                  44.941815
                ],
                [
                  33.5980417,
                  44.9729122
                ],
                [
                  33.6069681,
                  44.9767981
                ],
                [
                  33.5932351,
                  45.0238944
                ],
                [
                  33.5781289,
                  45.0559172
                ],
                [
                  33.5637094,
                  45.0811346
                ],
                [
                  33.5300638,
                  45.1174863
                ],
                [
                  33.4991647,
                  45.1426766
                ],
                [
                  33.4758188,
                  45.1620461
                ],
                [
                  33.4435464,
                  45.177053
                ],
                [
                  33.4236337,
                  45.1872167
                ],
                [
                  33.401661,
                  45.1964109
                ],
                [
                  33.3879281,
                  45.199314
                ],
                [
                  33.3666421,
                  45.1867327
                ],
                [
                  33.349476,
                  45.1736647
                ],
                [
                  33.3336831,
                  45.1717284
                ],
                [
                  33.3137704,
                  45.177537
                ],
                [
                  33.3000375,
                  45.1712443
                ],
                [
                  33.2959176,
                  45.1634986
                ],
                [
                  33.2876779,
                  45.1504252
                ],
                [
                  33.271885,
                  45.1470353
                ],
                [
                  33.2512857,
                  45.1504252
                ],
                [
                  33.2361795,
                  45.1688239
                ],
                [
                  33.2169534,
                  45.1804411
                ],
                [
                  33.2011606,
                  45.184313
                ],
                [
                  33.1833078,
                  45.1862488
                ],
                [
                  33.155842,
                  45.1997978
                ],
                [
                  33.142109,
                  45.214311
                ],
                [
                  33.1283761,
                  45.2235008
                ],
                [
                  33.1139566,
                  45.2264025
                ],
                [
                  33.099537,
                  45.2457436
                ],
                [
                  33.0885507,
                  45.2563784
                ],
                [
                  33.0789377,
                  45.2592785
                ],
                [
                  33.068638,
                  45.2723269
                ],
                [
                  33.0384256,
                  45.2921354
                ],
                [
                  33.0171396,
                  45.3037274
                ],
                [
                  32.9896737,
                  45.327387
                ],
                [
                  32.958088,
                  45.3433155
                ],
                [
                  32.9347421,
                  45.3534495
                ],
                [
                  32.9024698,
                  45.3611694
                ],
                [
                  32.8743173,
                  45.3635817
                ],
                [
                  32.8578378,
                  45.3679235
                ],
                [
                  32.8386117,
                  45.3674411
                ],
                [
                  32.8241922,
                  45.3674411
                ],
                [
                  32.7658273,
                  45.3655114
                ],
                [
                  32.7459146,
                  45.3635817
                ],
                [
                  32.7232553,
                  45.3505543
                ],
                [
                  32.6841165,
                  45.3317316
                ],
                [
                  32.6532174,
                  45.3095225
                ],
                [
                  32.6195718,
                  45.3191797
                ],
                [
                  32.5989724,
                  45.3230421
                ],
                [
                  32.5715066,
                  45.3312489
                ],
                [
                  32.5467874,
                  45.3365585
                ],
                [
                  32.5255014,
                  45.3394545
                ],
                [
                  32.5097085,
                  45.3442808
                ],
                [
                  32.4946023,
                  45.3500717
                ],
                [
                  32.5124551,
                  45.3635817
                ],
                [
                  32.5124551,
                  45.3741944
                ],
                [
                  32.504902,
                  45.3814292
                ],
                [
                  32.4904825,
                  45.3843228
                ],
                [
                  32.4781228,
                  45.3930029
                ],
                [
                  32.4815561,
                  45.4036101
                ],
                [
                  32.4959756,
                  45.4137333
                ],
                [
                  32.5117685,
                  45.4291556
                ],
                [
                  32.5255014,
                  45.4445737
                ],
                [
                  32.5392343,
                  45.4561345
                ],
                [
                  32.56876,
                  45.4715452
                ],
                [
                  32.6120187,
                  45.4888773
                ],
                [
                  32.6552774,
                  45.5095724
                ],
                [
                  32.6902963,
                  45.5235253
                ],
                [
                  32.6978494,
                  45.5167899
                ],
                [
                  32.7060891,
                  45.5143842
                ],
                [
                  32.7136422,
                  45.5182333
                ],
                [
                  32.7067758,
                  45.5264117
                ],
                [
                  32.7253152,
                  45.531222
                ],
                [
                  32.7404214,
                  45.5437269
                ],
                [
                  32.7706338,
                  45.5552673
                ],
                [
                  32.7884866,
                  45.5619982
                ],
                [
                  32.7980996,
                  45.5619982
                ],
                [
                  32.7994729,
                  45.5571905
                ],
                [
                  32.8083993,
                  45.5538249
                ],
                [
                  32.8200723,
                  45.5581521
                ],
                [
                  32.830372,
                  45.5567097
                ],
                [
                  32.8434182,
                  45.5653633
                ],
                [
                  32.8441049,
                  45.5783412
                ],
                [
                  32.8434182,
                  45.5855498
                ],
                [
                  32.8296853,
                  45.5841081
                ],
                [
                  32.8207589,
                  45.5826664
                ],
                [
                  32.8214456,
                  45.588433
                ],
                [
                  32.8557779,
                  45.6090915
                ],
                [
                  32.9072763,
                  45.6374246
                ],
                [
                  32.9196359,
                  45.6431855
                ],
                [
                  32.9381753,
                  45.6499058
                ],
                [
                  32.9429818,
                  45.6561454
                ],
                [
                  32.9546548,
                  45.6609446
                ],
                [
                  32.9649545,
                  45.6604647
                ],
                [
                  32.9786874,
                  45.6715013
                ],
                [
                  32.9903604,
                  45.6734205
                ],
                [
                  32.9972268,
                  45.6801372
                ],
                [
                  33.0068399,
                  45.6801372
                ],
                [
                  33.0198861,
                  45.6882921
                ],
                [
                  33.035679,
                  45.6897311
                ],
                [
                  33.0487253,
                  45.6954866
                ],
                [
                  33.0638315,
                  45.7031597
                ],
                [
                  33.0775644,
                  45.7079549
                ],
                [
                  33.0940439,
                  45.7165851
                ],
                [
                  33.1070901,
                  45.7137085
                ],
                [
                  33.1187631,
                  45.7146674
                ],
                [
                  33.1270028,
                  45.7204204
                ],
                [
                  33.1393625,
                  45.7180234
                ],
                [
                  33.155842,
                  45.7367172
                ],
                [
                  33.1640817,
                  45.7448638
                ],
                [
                  33.1640817,
                  45.7649857
                ],
                [
                  33.1682016,
                  45.7851003
                ],
                [
                  33.1757547,
                  45.803293
                ],
                [
                  33.1839944,
                  45.8080796
                ],
                [
                  33.1716348,
                  45.7851003
                ],
                [
                  33.1757547,
                  45.779354
                ],
                [
                  33.1901742,
                  45.7683386
                ],
                [
                  33.2100869,
                  45.7597164
                ],
                [
                  33.2382394,
                  45.7506137
                ],
                [
                  33.2760049,
                  45.7597164
                ],
                [
                  33.3309366,
                  45.7750439
                ],
                [
                  33.3584024,
                  45.7889309
                ],
                [
                  33.3844949,
                  45.8004209
                ],
                [
                  33.4215738,
                  45.8324847
                ],
                [
                  33.4552194,
                  45.8434874
                ],
                [
                  33.4977914,
                  45.8592701
                ],
                [
                  33.5231973,
                  45.8736141
                ],
                [
                  33.5383035,
                  45.8817407
                ],
                [
                  33.5376169,
                  45.8688332
                ],
                [
                  33.5135843,
                  45.8602265
                ],
                [
                  33.5472299,
                  45.8463573
                ],
                [
                  33.5705758,
                  45.8659644
                ],
                [
                  33.5966684,
                  45.8850867
                ],
                [
                  33.6193277,
                  45.8898662
                ],
                [
                  33.6330606,
                  45.8817407
                ],
                [
                  33.6529733,
                  45.872658
                ],
                [
                  33.6618997,
                  45.8678769
                ],
                [
                  33.6818124,
                  45.8473139
                ],
                [
                  33.6859323,
                  45.8583137
                ],
                [
                  33.6790658,
                  45.8678769
                ],
                [
                  33.6804391,
                  45.8779166
                ],
                [
                  33.6742593,
                  45.8956011
                ],
                [
                  33.674946,
                  45.9065913
                ],
                [
                  33.6859323,
                  45.91328
                ],
                [
                  33.696232,
                  45.9085024
                ],
                [
                  33.7085916,
                  45.9161463
                ],
                [
                  33.7223245,
                  45.9280876
                ],
                [
                  33.7394906,
                  45.92761
                ],
                [
                  33.7477304,
                  45.9190124
                ],
                [
                  33.7573434,
                  45.9199678
                ],
                [
                  33.7621499,
                  45.9290428
                ],
                [
                  33.7587167,
                  45.9390714
                ],
                [
                  33.7463571,
                  45.9514853
                ],
                [
                  33.7298776,
                  45.9500531
                ],
                [
                  33.7072183,
                  45.9529175
                ],
                [
                  33.684559,
                  45.954827
                ],
                [
                  33.6605264,
                  45.9553044
                ],
                [
                  33.6461068,
                  45.9510079
                ],
                [
                  33.641987,
                  45.9443238
                ],
                [
                  33.6234475,
                  45.9433689
                ],
                [
                  33.6179544,
                  45.9471885
                ],
                [
                  33.630314,
                  45.9605552
                ],
                [
                  33.6330606,
                  45.980122
                ],
                [
                  33.620701,
                  46.0120822
                ],
                [
                  33.6172677,
                  46.0502194
                ],
                [
                  33.6213876,
                  46.0697546
                ],
                [
                  33.6330606,
                  46.0759472
                ],
                [
                  33.641987,
                  46.0849967
                ],
                [
                  33.618641,
                  46.1178482
                ],
                [
                  33.6142896,
                  46.1340263
                ],
                [
                  33.6092072,
                  46.1390532
                ],
                [
                  33.6061173,
                  46.1455948
                ],
                [
                  33.6014824,
                  46.1503519
                ],
                [
                  33.5927277,
                  46.1565354
                ],
                [
                  33.5850029,
                  46.1587946
                ],
                [
                  33.5771065,
                  46.1559409
                ],
                [
                  33.5700684,
                  46.1482112
                ],
                [
                  33.5676107,
                  46.1387594
                ],
                [
                  33.5614309,
                  46.1367967
                ],
                [
                  33.5555944,
                  46.137332
                ],
                [
                  33.5475263,
                  46.1364399
                ],
                [
                  33.5434064,
                  46.1328117
                ],
                [
                  33.5434064,
                  46.1290049
                ],
                [
                  33.5482988,
                  46.126685
                ],
                [
                  33.5452947,
                  46.1219259
                ],
                [
                  33.5408315,
                  46.1200221
                ],
                [
                  33.5356817,
                  46.1184158
                ],
                [
                  33.5313043,
                  46.1175233
                ],
                [
                  33.5239229,
                  46.1171068
                ],
                [
                  33.5201463,
                  46.1192487
                ],
                [
                  33.5163698,
                  46.1225208
                ],
                [
                  33.5102758,
                  46.1224613
                ],
                [
                  33.5098466,
                  46.1179993
                ],
                [
                  33.5143957,
                  46.1067534
                ],
                [
                  33.5148248,
                  46.1034804
                ],
                [
                  33.5178289,
                  46.1002072
                ],
                [
                  33.5228071,
                  46.0972314
                ],
                [
                  33.5269269,
                  46.0937197
                ],
                [
                  33.5407757,
                  46.0879745
                ],
                [
                  33.5478138,
                  46.0868435
                ],
                [
                  33.553307,
                  46.0820214
                ],
                [
                  33.5542511,
                  46.0805926
                ],
                [
                  33.563435,
                  46.0733287
                ],
                [
                  33.5580276,
                  46.0725546
                ],
                [
                  33.5503029,
                  46.0736859
                ],
                [
                  33.5327934,
                  46.0782111
                ],
                [
                  33.5140823,
                  46.0810093
                ],
                [
                  33.5057568,
                  46.0794018
                ],
                [
                  33.4982037,
                  46.0761272
                ],
                [
                  33.4944271,
                  46.0729714
                ],
                [
                  33.4910797,
                  46.0632053
                ],
                [
                  33.4918522,
                  46.0570708
                ],
                [
                  33.4954571,
                  46.051293
                ],
                [
                  33.499741,
                  46.0460324
                ],
                [
                  33.5060925,
                  46.0391214
                ],
                [
                  33.5089249,
                  46.0342356
                ],
                [
                  33.5102982,
                  46.0291705
                ],
                [
                  33.5066075,
                  46.0278595
                ],
                [
                  33.4996552,
                  46.0291705
                ],
                [
                  33.4943337,
                  46.0297664
                ],
                [
                  33.4887547,
                  46.0317329
                ],
                [
                  33.4851498,
                  46.0345335
                ],
                [
                  33.4782833,
                  46.0389427
                ],
                [
                  33.4678978,
                  46.0447813
                ],
                [
                  33.4583706,
                  46.0482365
                ],
                [
                  33.4531349,
                  46.0452579
                ],
                [
                  33.4499592,
                  46.04216
                ],
                [
                  33.4433502,
                  46.0400151
                ],
                [
                  33.4315056,
                  46.0391214
                ],
                [
                  33.4260983,
                  46.0372148
                ],
                [
                  33.4253258,
                  46.0351294
                ],
                [
                  33.4291882,
                  46.032448
                ],
                [
                  33.4300465,
                  46.0306603
                ],
                [
                  33.4263558,
                  46.0296473
                ],
                [
                  33.4214634,
                  46.0301836
                ],
                [
                  33.4157986,
                  46.0317329
                ],
                [
                  33.4116787,
                  46.035606
                ],
                [
                  33.4085888,
                  46.0378106
                ],
                [
                  33.4048123,
                  46.0440664
                ],
                [
                  33.4008641,
                  46.0484748
                ],
                [
                  33.3714218,
                  46.0709809
                ],
                [
                  33.365242,
                  46.0752681
                ],
                [
                  33.3655853,
                  46.0789001
                ],
                [
                  33.3707351,
                  46.0830676
                ],
                [
                  33.3731384,
                  46.0871752
                ],
                [
                  33.3638687,
                  46.0895563
                ],
                [
                  33.3588575,
                  46.0892803
                ],
                [
                  33.3529682,
                  46.0927111
                ],
                [
                  33.3455009,
                  46.0959848
                ],
                [
                  33.3425827,
                  46.0982465
                ],
                [
                  33.3381195,
                  46.1022935
                ],
                [
                  33.3369178,
                  46.1059832
                ],
                [
                  33.3352012,
                  46.1113387
                ],
                [
                  33.326704,
                  46.1134213
                ],
                [
                  33.3201809,
                  46.1105651
                ],
                [
                  33.3137436,
                  46.1061022
                ],
                [
                  33.3123703,
                  46.1024125
                ],
                [
                  33.3120269,
                  46.0969371
                ],
                [
                  33.3102245,
                  46.0921159
                ],
                [
                  33.3073921,
                  46.0869371
                ],
                [
                  33.3073921,
                  46.0827104
                ],
                [
                  33.3072204,
                  46.0752681
                ],
                [
                  33.3040447,
                  46.07503
                ],
                [
                  33.2980365,
                  46.0749704
                ],
                [
                  33.2924576,
                  46.0748513
                ],
                [
                  33.2879085,
                  46.0755063
                ],
                [
                  33.284132,
                  46.0762208
                ],
                [
                  33.279068,
                  46.0816983
                ],
                [
                  33.2812996,
                  46.0852702
                ],
                [
                  33.28113,
                  46.0888868
                ],
                [
                  33.2796709,
                  46.0908512
                ],
                [
                  33.2789842,
                  46.095732
                ],
                [
                  33.2814733,
                  46.0977556
                ],
                [
                  33.2843916,
                  46.0960296
                ],
                [
                  33.2885973,
                  46.0932916
                ],
                [
                  33.2915662,
                  46.090947
                ],
                [
                  33.296837,
                  46.091744
                ],
                [
                  33.3016435,
                  46.0930536
                ],
                [
                  33.30645,
                  46.0951963
                ],
                [
                  33.3079092,
                  46.0975771
                ],
                [
                  33.3085958,
                  46.1019217
                ],
                [
                  33.3106557,
                  46.1082297
                ],
                [
                  33.3104841,
                  46.115013
                ],
                [
                  33.3077375,
                  46.1204272
                ],
                [
                  33.3003561,
                  46.1258408
                ],
                [
                  33.2924667,
                  46.128575
                ],
                [
                  33.2861152,
                  46.1316086
                ],
                [
                  33.2772746,
                  46.1345231
                ],
                [
                  33.2736697,
                  46.1347015
                ],
                [
                  33.265945,
                  46.1358911
                ],
                [
                  33.2604518,
                  46.138389
                ],
                [
                  33.253242,
                  46.1393406
                ],
                [
                  33.2489505,
                  46.1388648
                ],
                [
                  33.2444873,
                  46.1369616
                ],
                [
                  33.2393375,
                  46.13488
                ],
                [
                  33.2264629,
                  46.1337499
                ],
                [
                  33.2210555,
                  46.1325603
                ],
                [
                  33.2141891,
                  46.1299431
                ],
                [
                  33.2088676,
                  46.1273853
                ],
                [
                  33.2080093,
                  46.1217934
                ],
                [
                  33.2068935,
                  46.1192352
                ],
                [
                  33.2074943,
                  46.1147729
                ],
                [
                  33.2088676,
                  46.1110838
                ],
                [
                  33.2118716,
                  46.1065614
                ],
                [
                  33.2104984,
                  46.1058473
                ],
                [
                  33.206636,
                  46.1066209
                ],
                [
                  33.2017436,
                  46.1090607
                ],
                [
                  33.2004562,
                  46.1107268
                ],
                [
                  33.1984821,
                  46.1135234
                ],
                [
                  33.1984821,
                  46.1168553
                ],
                [
                  33.2012286,
                  46.1188782
                ],
                [
                  33.2047477,
                  46.1207225
                ],
                [
                  33.2062068,
                  46.1235781
                ],
                [
                  33.207151,
                  46.128337
                ],
                [
                  33.2067218,
                  46.1309543
                ],
                [
                  33.206636,
                  46.1357721
                ],
                [
                  33.2090148,
                  46.1420376
                ],
                [
                  33.2114181,
                  46.1447731
                ],
                [
                  33.2151946,
                  46.147568
                ],
                [
                  33.2181987,
                  46.1504222
                ],
                [
                  33.2222327,
                  46.1535141
                ],
                [
                  33.2263526,
                  46.1570219
                ],
                [
                  33.2248077,
                  46.1599351
                ],
                [
                  33.2197437,
                  46.164037
                ],
                [
                  33.2161388,
                  46.1668309
                ],
                [
                  33.2097873,
                  46.1708729
                ],
                [
                  33.2048949,
                  46.173072
                ],
                [
                  33.1989726,
                  46.1738447
                ],
                [
                  33.1950244,
                  46.172656
                ],
                [
                  33.1907329,
                  46.1683764
                ],
                [
                  33.1885871,
                  46.1635614
                ],
                [
                  33.186613,
                  46.1610052
                ],
                [
                  33.1837806,
                  46.1572597
                ],
                [
                  33.1813773,
                  46.1544654
                ],
                [
                  33.1780299,
                  46.1534546
                ],
                [
                  33.1727084,
                  46.1503033
                ],
                [
                  33.1667861,
                  46.1470328
                ],
                [
                  33.1673011,
                  46.1447731
                ],
                [
                  33.1638679,
                  46.1428107
                ],
                [
                  33.1578597,
                  46.1407887
                ],
                [
                  33.1525382,
                  46.1392424
                ],
                [
                  33.1470273,
                  46.1366432
                ],
                [
                  33.1439552,
                  46.1304992
                ],
                [
                  33.1425819,
                  46.1285363
                ],
                [
                  33.1387195,
                  46.1272276
                ],
                [
                  33.1327972,
                  46.1259189
                ],
                [
                  33.1285056,
                  46.1258594
                ],
                [
                  33.1230983,
                  46.1260974
                ],
                [
                  33.1191501,
                  46.1266328
                ],
                [
                  33.1092796,
                  46.1303803
                ],
                [
                  33.1058463,
                  46.1325811
                ],
                [
                  33.0998382,
                  46.1327595
                ],
                [
                  33.09245,
                  46.1328249
                ],
                [
                  33.0900467,
                  46.1328249
                ],
                [
                  33.0854977,
                  46.1344309
                ],
                [
                  33.0794896,
                  46.1387726
                ],
                [
                  33.0749405,
                  46.144006
                ],
                [
                  33.0670441,
                  46.149893
                ],
                [
                  33.0654992,
                  46.1532227
                ],
                [
                  33.0618943,
                  46.15352
                ],
                [
                  33.0569161,
                  46.1538173
                ],
                [
                  33.0482472,
                  46.1549469
                ],
                [
                  33.0401791,
                  46.156136
                ],
                [
                  33.0338276,
                  46.156136
                ],
                [
                  33.0271328,
                  46.1545902
                ],
                [
                  33.0232705,
                  46.1528065
                ],
                [
                  33.0217255,
                  46.1492389
                ],
                [
                  33.0226696,
                  46.1460278
                ],
                [
                  33.0256737,
                  46.1437086
                ],
                [
                  33.0297078,
                  46.1429356
                ],
                [
                  33.0310811,
                  46.1411515
                ],
                [
                  33.0298794,
                  46.1350256
                ],
                [
                  33.0278195,
                  46.129256
                ],
                [
                  33.0257595,
                  46.1265792
                ],
                [
                  33.0218972,
                  46.1262818
                ],
                [
                  33.0175198,
                  46.1247946
                ],
                [
                  33.0152024,
                  46.1222365
                ],
                [
                  33.0158032,
                  46.1201543
                ],
                [
                  33.0196656,
                  46.1188454
                ],
                [
                  33.0244721,
                  46.1185479
                ],
                [
                  33.0274762,
                  46.1165846
                ],
                [
                  33.028592,
                  46.1155731
                ],
                [
                  33.0340851,
                  46.1147401
                ],
                [
                  33.0389775,
                  46.1142046
                ],
                [
                  33.0418099,
                  46.1127171
                ],
                [
                  33.0410374,
                  46.1120626
                ],
                [
                  33.0351151,
                  46.1112296
                ],
                [
                  33.0253304,
                  46.1105155
                ],
                [
                  33.0164898,
                  46.1102775
                ],
                [
                  33.0075634,
                  46.1096825
                ],
                [
                  32.9965771,
                  46.1093254
                ],
                [
                  32.9913414,
                  46.1091469
                ],
                [
                  32.9806984,
                  46.1095039
                ],
                [
                  32.9736603,
                  46.1100395
                ],
                [
                  32.9646481,
                  46.1112296
                ],
                [
                  32.9575242,
                  46.109623
                ],
                [
                  32.9430936,
                  46.1061833
                ],
                [
                  32.9388238,
                  46.1055744
                ],
                [
                  32.933674,
                  46.1055148
                ],
                [
                  32.9272367,
                  46.1061694
                ],
                [
                  32.9226877,
                  46.1067645
                ],
                [
                  32.916937,
                  46.1067645
                ],
                [
                  32.9145338,
                  46.1055148
                ],
                [
                  32.9104997,
                  46.1046222
                ],
                [
                  32.9077531,
                  46.1049198
                ],
                [
                  32.9083539,
                  46.1079547
                ],
                [
                  32.9033758,
                  46.1092638
                ],
                [
                  32.8975393,
                  46.1098588
                ],
                [
                  32.891102,
                  46.1102754
                ],
                [
                  32.8862096,
                  46.1108109
                ],
                [
                  32.8785707,
                  46.1125365
                ],
                [
                  32.8658678,
                  46.1149165
                ],
                [
                  32.8611471,
                  46.1140835
                ],
                [
                  32.8558256,
                  46.1144405
                ],
                [
                  32.8474142,
                  46.114381
                ],
                [
                  32.8407194,
                  46.113905
                ],
                [
                  32.8328229,
                  46.112834
                ],
                [
                  32.8249906,
                  46.1095157
                ],
                [
                  32.819605,
                  46.1106919
                ],
                [
                  32.8153775,
                  46.1142759
                ],
                [
                  32.8098203,
                  46.115452
                ],
                [
                  32.7986623,
                  46.114976
                ],
                [
                  32.7951141,
                  46.1129083
                ],
                [
                  32.7916809,
                  46.1117183
                ],
                [
                  32.788591,
                  46.1148123
                ],
                [
                  32.7813886,
                  46.1185597
                ],
                [
                  32.7767464,
                  46.1201075
                ],
                [
                  32.7676483,
                  46.1205834
                ],
                [
                  32.7565762,
                  46.1192151
                ],
                [
                  32.7473923,
                  46.1161808
                ],
                [
                  32.7405258,
                  46.1131463
                ],
                [
                  32.7380367,
                  46.1099927
                ],
                [
                  32.7335735,
                  46.1073149
                ],
                [
                  32.7286812,
                  46.1071959
                ],
                [
                  32.7198406,
                  46.1073744
                ],
                [
                  32.7101418,
                  46.1073149
                ],
                [
                  32.701902,
                  46.1061248
                ],
                [
                  32.6936623,
                  46.1041014
                ],
                [
                  32.6812168,
                  46.1012448
                ],
                [
                  32.6739212,
                  46.0994594
                ],
                [
                  32.6663513,
                  46.1028103
                ],
                [
                  32.6639481,
                  46.1032863
                ],
                [
                  32.65485,
                  46.1056668
                ],
                [
                  32.649786,
                  46.1062023
                ],
                [
                  32.6419754,
                  46.1051312
                ],
                [
                  32.6251526,
                  46.1027507
                ],
                [
                  32.6199169,
                  46.1007273
                ],
                [
                  32.612278,
                  46.0984657
                ],
                [
                  32.6029224,
                  46.0982871
                ],
                [
                  32.5959702,
                  46.0956088
                ],
                [
                  32.5828381,
                  46.091978
                ],
                [
                  32.5746841,
                  46.0890612
                ],
                [
                  32.5697918,
                  46.0866206
                ],
                [
                  32.556488,
                  46.0834059
                ],
                [
                  32.5465558,
                  46.0811841
                ],
                [
                  32.5418599,
                  46.0766483
                ],
                [
                  32.5408943,
                  46.0755766
                ],
                [
                  32.5401004,
                  46.0737903
                ],
                [
                  32.5394781,
                  46.0708875
                ],
                [
                  32.5411791,
                  46.0694487
                ],
                [
                  32.5432391,
                  46.06796
                ],
                [
                  32.5473589,
                  46.0670667
                ],
                [
                  32.5506205,
                  46.0673645
                ],
                [
                  32.5534529,
                  46.0676622
                ],
                [
                  32.5557703,
                  46.0675431
                ],
                [
                  32.5586886,
                  46.0670667
                ],
                [
                  32.5620053,
                  46.0661791
                ],
                [
                  32.5664992,
                  46.0659948
                ],
                [
                  32.5727648,
                  46.0653397
                ],
                [
                  32.5774855,
                  46.0646846
                ],
                [
                  32.5812621,
                  46.0642082
                ],
                [
                  32.587871,
                  46.0633744
                ],
                [
                  32.59242,
                  46.0629576
                ],
                [
                  32.5968832,
                  46.0621833
                ],
                [
                  32.6018614,
                  46.061826
                ],
                [
                  32.6062388,
                  46.0614687
                ],
                [
                  32.6106161,
                  46.0608135
                ],
                [
                  32.6154227,
                  46.059801
                ],
                [
                  32.6207442,
                  46.0586099
                ],
                [
                  32.6273531,
                  46.0578356
                ],
                [
                  32.6331896,
                  46.0567635
                ],
                [
                  32.6392836,
                  46.0559296
                ],
                [
                  32.6446051,
                  46.054917
                ],
                [
                  32.6503558,
                  46.0547383
                ],
                [
                  32.6595095,
                  46.052113
                ],
                [
                  32.6769844,
                  46.0488857
                ],
                [
                  32.6857392,
                  46.0460858
                ],
                [
                  32.6911465,
                  46.0448347
                ],
                [
                  32.7033345,
                  46.0429283
                ],
                [
                  32.7165524,
                  46.0398302
                ],
                [
                  32.7470223,
                  46.0346465
                ],
                [
                  32.7744023,
                  46.0313692
                ],
                [
                  32.7835003,
                  46.0316076
                ],
                [
                  32.7883069,
                  46.0319651
                ],
                [
                  32.7937142,
                  46.0328589
                ],
                [
                  32.8022973,
                  46.0327993
                ],
                [
                  32.8070179,
                  46.0341698
                ],
                [
                  32.8144852,
                  46.0387578
                ],
                [
                  32.8174893,
                  46.0412601
                ],
                [
                  32.8207509,
                  46.0433453
                ],
                [
                  32.8253857,
                  46.0441198
                ],
                [
                  32.8294198,
                  46.0441794
                ],
                [
                  32.8315655,
                  46.0451326
                ],
                [
                  32.8348271,
                  46.0472772
                ],
                [
                  32.8374878,
                  46.0484687
                ],
                [
                  32.8425518,
                  46.0498983
                ],
                [
                  32.8486992,
                  46.052744
                ],
                [
                  32.852819,
                  46.0548288
                ],
                [
                  32.8556515,
                  46.0558414
                ],
                [
                  32.8577972,
                  46.0575687
                ],
                [
                  32.8633762,
                  46.0613805
                ],
                [
                  32.8691269,
                  46.0582239
                ],
                [
                  32.8732468,
                  46.0551862
                ],
                [
                  32.8772808,
                  46.0523866
                ],
                [
                  32.8813148,
                  46.0492295
                ],
                [
                  32.8837181,
                  46.0477403
                ],
                [
                  32.8882671,
                  46.0455361
                ],
                [
                  32.8947044,
                  46.0423786
                ],
                [
                  32.9001118,
                  46.0393996
                ],
                [
                  32.9071499,
                  46.0375526
                ],
                [
                  32.9130722,
                  46.0366588
                ],
                [
                  32.9193378,
                  46.0360034
                ],
                [
                  32.9228376,
                  46.0359186
                ],
                [
                  32.9319549,
                  46.0376717
                ],
                [
                  32.9348732,
                  46.0392805
                ],
                [
                  32.9363323,
                  46.0412466
                ],
                [
                  32.9371048,
                  46.0433318
                ],
                [
                  32.9386497,
                  46.0457148
                ],
                [
                  32.9406903,
                  46.046881
                ],
                [
                  32.9440571,
                  46.0449403
                ],
                [
                  32.950666,
                  46.0416636
                ],
                [
                  32.9563309,
                  46.0383867
                ],
                [
                  32.9590774,
                  46.0370163
                ],
                [
                  32.9649998,
                  46.0345734
                ],
                [
                  32.9756428,
                  46.0303426
                ],
                [
                  32.9822517,
                  46.0295084
                ],
                [
                  32.9861527,
                  46.0301189
                ],
                [
                  32.9913025,
                  46.0304169
                ],
                [
                  32.9963665,
                  46.0301785
                ],
                [
                  33.0023747,
                  46.0293442
                ],
                [
                  33.009327,
                  46.0275564
                ],
                [
                  33.0157643,
                  46.025411
                ],
                [
                  33.0214291,
                  46.0260666
                ],
                [
                  33.0271797,
                  46.028212
                ],
                [
                  33.0324154,
                  46.0280928
                ],
                [
                  33.0411701,
                  46.0250535
                ],
                [
                  33.0520706,
                  46.0213584
                ],
                [
                  33.0577355,
                  46.0194512
                ],
                [
                  33.0636578,
                  46.0177227
                ],
                [
                  33.0649452,
                  46.0168286
                ],
                [
                  33.0706959,
                  46.0149212
                ],
                [
                  33.0749016,
                  46.0152789
                ],
                [
                  33.076704,
                  46.016471
                ],
                [
                  33.0793648,
                  46.0174843
                ],
                [
                  33.0836563,
                  46.0158749
                ],
                [
                  33.0833988,
                  46.0143252
                ],
                [
                  33.0806523,
                  46.0127157
                ],
                [
                  33.0677016,
                  46.0126466
                ],
                [
                  33.060406,
                  46.0122293
                ],
                [
                  33.0550845,
                  46.0102621
                ],
                [
                  33.0478747,
                  46.008891
                ],
                [
                  33.0374892,
                  46.0088314
                ],
                [
                  33.0285628,
                  46.0077584
                ],
                [
                  33.0153449,
                  46.0074007
                ],
                [
                  33.0059893,
                  46.0076391
                ],
                [
                  32.9789527,
                  46.010739
                ],
                [
                  32.9577525,
                  46.0124677
                ],
                [
                  32.9490836,
                  46.0125273
                ],
                [
                  32.9385264,
                  46.011812
                ],
                [
                  32.9238494,
                  46.011514
                ],
                [
                  32.8977569,
                  46.0143156
                ],
                [
                  32.8705485,
                  46.0163422
                ],
                [
                  32.8238238,
                  46.0228744
                ],
                [
                  32.7800501,
                  46.0288339
                ],
                [
                  32.739538,
                  46.0343161
                ],
                [
                  32.708639,
                  46.0395594
                ],
                [
                  32.6674403,
                  46.0488532
                ],
                [
                  32.6241816,
                  46.0564776
                ],
                [
                  32.5822962,
                  46.06291
                ],
                [
                  32.5543154,
                  46.0661259
                ],
                [
                  32.5503845,
                  46.0655965
                ],
                [
                  32.5423164,
                  46.0655965
                ],
                [
                  32.5220604,
                  46.0698841
                ],
                [
                  32.4815483,
                  46.0770294
                ],
                [
                  32.2878614,
                  46.1176075
                ],
                [
                  32.2325006,
                  46.1308141
                ],
                [
                  32.10421,
                  46.1595185
                ],
                [
                  32.0885888,
                  46.1633233
                ],
                [
                  32.0770875,
                  46.1655822
                ],
                [
                  32.0242158,
                  46.1733094
                ],
                [
                  31.8613634,
                  46.1949444
                ],
                [
                  31.7570792,
                  46.2116962
                ],
                [
                  31.7056666,
                  46.2208422
                ],
                [
                  31.6718493,
                  46.2274335
                ],
                [
                  31.638032,
                  46.2344396
                ],
                [
                  31.6300497,
                  46.2359832
                ],
                [
                  31.6266165,
                  46.2371112
                ],
                [
                  31.6222391,
                  46.2385953
                ],
                [
                  31.6074763,
                  46.2442941
                ],
                [
                  31.6020749,
                  46.2464444
                ],
                [
                  31.5978632,
                  46.2479743
                ],
                [
                  31.5925417,
                  46.2501704
                ],
                [
                  31.5864477,
                  46.2526631
                ],
                [
                  31.5798388,
                  46.2559273
                ],
                [
                  31.5768347,
                  46.2578857
                ],
                [
                  31.5728865,
                  46.2600221
                ],
                [
                  31.56808,
                  46.2625144
                ],
                [
                  31.5576086,
                  46.2681513
                ],
                [
                  31.5500555,
                  46.2738471
                ],
                [
                  31.5428458,
                  46.2795422
                ],
                [
                  31.5373526,
                  46.2846435
                ],
                [
                  31.5327177,
                  46.2905748
                ],
                [
                  31.5277396,
                  46.2979286
                ],
                [
                  31.5193282,
                  46.308246
                ],
                [
                  31.5129977,
                  46.3209721
                ],
                [
                  31.5109377,
                  46.3249435
                ],
                [
                  31.5107661,
                  46.3317593
                ],
                [
                  31.5124827,
                  46.3379225
                ],
                [
                  31.5137701,
                  46.3427814
                ],
                [
                  31.5134268,
                  46.3497728
                ],
                [
                  31.513341,
                  46.3551046
                ],
                [
                  31.513856,
                  46.3584811
                ],
                [
                  31.5166884,
                  46.3626274
                ],
                [
                  31.5190058,
                  46.3648189
                ],
                [
                  31.5250139,
                  46.3689648
                ],
                [
                  31.5297346,
                  46.3701493
                ],
                [
                  31.534112,
                  46.3697939
                ],
                [
                  31.5353995,
                  46.3671288
                ],
                [
                  31.535142,
                  46.3629828
                ],
                [
                  31.5352278,
                  46.3605543
                ],
                [
                  31.5361719,
                  46.3571187
                ],
                [
                  31.5368586,
                  46.3535051
                ],
                [
                  31.5372877,
                  46.3488249
                ],
                [
                  31.5369444,
                  46.3442035
                ],
                [
                  31.5375452,
                  46.3390484
                ],
                [
                  31.5358286,
                  46.3336558
                ],
                [
                  31.5336828,
                  46.3282626
                ],
                [
                  31.533597,
                  46.3150442
                ],
                [
                  31.5342837,
                  46.311665
                ],
                [
                  31.5343695,
                  46.3068033
                ],
                [
                  31.5369444,
                  46.3008738
                ],
                [
                  31.5472441,
                  46.2849797
                ],
                [
                  31.5572178,
                  46.2747738
                ],
                [
                  31.5621959,
                  46.2698495
                ],
                [
                  31.5674316,
                  46.2656368
                ],
                [
                  31.5722381,
                  46.2629666
                ],
                [
                  31.5783321,
                  46.2596436
                ],
                [
                  31.5856277,
                  46.256439
                ],
                [
                  31.5940391,
                  46.2526407
                ],
                [
                  31.6018497,
                  46.2502666
                ],
                [
                  31.613866,
                  46.2467053
                ],
                [
                  31.6267784,
                  46.2453942
                ],
                [
                  31.6342457,
                  46.2449787
                ],
                [
                  31.6407688,
                  46.2452161
                ],
                [
                  31.6473778,
                  46.2454536
                ],
                [
                  31.6520126,
                  46.2461065
                ],
                [
                  31.6580208,
                  46.2475311
                ],
                [
                  31.6635998,
                  46.248362
                ],
                [
                  31.6704662,
                  46.249371
                ],
                [
                  31.6793068,
                  46.249371
                ],
                [
                  31.6811951,
                  46.2470562
                ],
                [
                  31.6795643,
                  46.2449193
                ],
                [
                  31.6763027,
                  46.2446819
                ],
                [
                  31.6714104,
                  46.2445632
                ],
                [
                  31.6634281,
                  46.2421888
                ],
                [
                  31.6582783,
                  46.2385676
                ],
                [
                  31.6538151,
                  46.2347681
                ],
                [
                  31.6559608,
                  46.2332245
                ],
                [
                  31.6628273,
                  46.2310277
                ],
                [
                  31.6782768,
                  46.2286527
                ],
                [
                  31.6862591,
                  46.2261588
                ],
                [
                  31.6979321,
                  46.2237836
                ],
                [
                  31.7086609,
                  46.2214083
                ],
                [
                  31.7156132,
                  46.221052
                ],
                [
                  31.722308,
                  46.2196268
                ],
                [
                  31.7286594,
                  46.2178452
                ],
                [
                  31.7344959,
                  46.2173701
                ],
                [
                  31.7516543,
                  46.2166939
                ],
                [
                  31.7628123,
                  46.2128335
                ],
                [
                  31.770537,
                  46.211408
                ],
                [
                  31.7798926,
                  46.2099825
                ],
                [
                  31.7868449,
                  46.2098637
                ],
                [
                  31.7932822,
                  46.2087352
                ],
                [
                  31.7967154,
                  46.2064186
                ],
                [
                  31.802981,
                  46.2051118
                ],
                [
                  31.8113066,
                  46.2043396
                ],
                [
                  31.8162848,
                  46.2039238
                ],
                [
                  31.8236662,
                  46.2036862
                ],
                [
                  31.8302752,
                  46.2037456
                ],
                [
                  31.8361975,
                  46.2024387
                ],
                [
                  31.8403174,
                  46.2012506
                ],
                [
                  31.8441798,
                  46.2000624
                ],
                [
                  31.8499304,
                  46.1989931
                ],
                [
                  31.8595963,
                  46.1975319
                ],
                [
                  31.8667202,
                  46.1976507
                ],
                [
                  31.8720417,
                  46.1975913
                ],
                [
                  31.8765049,
                  46.1969378
                ],
                [
                  31.8807965,
                  46.1958684
                ],
                [
                  31.8857746,
                  46.1946801
                ],
                [
                  31.8916111,
                  46.193373
                ],
                [
                  31.8988209,
                  46.1922441
                ],
                [
                  31.9057732,
                  46.190937
                ],
                [
                  31.9151287,
                  46.1894515
                ],
                [
                  31.9195061,
                  46.1887385
                ],
                [
                  31.9259434,
                  46.1874907
                ],
                [
                  31.9314366,
                  46.1874907
                ],
                [
                  31.937788,
                  46.1871342
                ],
                [
                  31.9451695,
                  46.1856486
                ],
                [
                  31.9511776,
                  46.1839848
                ],
                [
                  31.9639664,
                  46.1833311
                ],
                [
                  31.9767552,
                  46.1816077
                ],
                [
                  31.9825058,
                  46.1817266
                ],
                [
                  31.9870549,
                  46.1797655
                ],
                [
                  31.9938447,
                  46.1796886
                ],
                [
                  31.9975784,
                  46.1795103
                ],
                [
                  32.0041015,
                  46.1785594
                ],
                [
                  32.0087363,
                  46.1784703
                ],
                [
                  32.0140149,
                  46.1782029
                ],
                [
                  32.0196798,
                  46.1775788
                ],
                [
                  32.0271899,
                  46.1771331
                ],
                [
                  32.0315673,
                  46.1768657
                ],
                [
                  32.037318,
                  46.1749341
                ],
                [
                  32.0413949,
                  46.1733888
                ],
                [
                  32.0471456,
                  46.1735076
                ],
                [
                  32.0516946,
                  46.1729727
                ],
                [
                  32.0552995,
                  46.1716354
                ],
                [
                  32.0579602,
                  46.1705655
                ],
                [
                  32.0604493,
                  46.1706844
                ],
                [
                  32.0647409,
                  46.1716057
                ],
                [
                  32.0771536,
                  46.1719556
                ],
                [
                  32.0790419,
                  46.1713909
                ],
                [
                  32.0831188,
                  46.1704399
                ],
                [
                  32.0872387,
                  46.1704102
                ],
                [
                  32.0904144,
                  46.1696969
                ],
                [
                  32.0913157,
                  46.1675868
                ],
                [
                  32.0929894,
                  46.1657143
                ],
                [
                  32.0966372,
                  46.1637526
                ],
                [
                  32.0995983,
                  46.1622962
                ],
                [
                  32.1035895,
                  46.1611369
                ],
                [
                  32.1104559,
                  46.1592642
                ],
                [
                  32.1147045,
                  46.1586103
                ],
                [
                  32.1187815,
                  46.1582833
                ],
                [
                  32.1206698,
                  46.1579563
                ],
                [
                  32.1220001,
                  46.1567375
                ],
                [
                  32.1233305,
                  46.1558754
                ],
                [
                  32.1274075,
                  46.155489
                ],
                [
                  32.1351322,
                  46.1536161
                ],
                [
                  32.163456,
                  46.1472
                ],
                [
                  32.185772,
                  46.1426805
                ],
                [
                  32.1972733,
                  46.1402422
                ],
                [
                  32.2068005,
                  46.1378039
                ],
                [
                  32.2259408,
                  46.1342948
                ],
                [
                  32.2284298,
                  46.1355438
                ],
                [
                  32.2314339,
                  46.1382796
                ],
                [
                  32.2353821,
                  46.1412533
                ],
                [
                  32.2381287,
                  46.1461891
                ],
                [
                  32.2376996,
                  46.1538596
                ],
                [
                  32.2358113,
                  46.1592699
                ],
                [
                  32.233408,
                  46.1635502
                ],
                [
                  32.2310048,
                  46.166998
                ],
                [
                  32.2314339,
                  46.1696729
                ],
                [
                  32.2340088,
                  46.1731797
                ],
                [
                  32.2366696,
                  46.1753788
                ],
                [
                  32.2443085,
                  46.1747845
                ],
                [
                  32.2427636,
                  46.1771618
                ],
                [
                  32.2383004,
                  46.1815001
                ],
                [
                  32.2321206,
                  46.1842931
                ],
                [
                  32.2247391,
                  46.1858381
                ],
                [
                  32.2151903,
                  46.1900156
                ],
                [
                  32.2062639,
                  46.1851431
                ],
                [
                  32.202659,
                  46.1824095
                ],
                [
                  32.1963075,
                  46.1782496
                ],
                [
                  32.1939043,
                  46.1765855
                ],
                [
                  32.1856645,
                  46.1811021
                ],
                [
                  32.1796564,
                  46.1866881
                ],
                [
                  32.1709017,
                  46.1965511
                ],
                [
                  32.1631769,
                  46.2008286
                ],
                [
                  32.1509889,
                  46.2023731
                ],
                [
                  32.1401743,
                  46.2030859
                ],
                [
                  32.1302179,
                  46.20368
                ],
                [
                  32.1200899,
                  46.2062937
                ],
                [
                  32.1108202,
                  46.2097388
                ],
                [
                  32.1003488,
                  46.2160344
                ],
                [
                  32.0938257,
                  46.2220919
                ],
                [
                  32.085586,
                  46.2288611
                ],
                [
                  32.0839792,
                  46.236686
                ],
                [
                  32.0835501,
                  46.2403073
                ],
                [
                  32.0741087,
                  46.2428599
                ],
                [
                  32.0716196,
                  46.2422663
                ],
                [
                  32.0659548,
                  46.2451749
                ],
                [
                  32.0638949,
                  46.2493299
                ],
                [
                  32.0611483,
                  46.2526536
                ],
                [
                  32.0538527,
                  46.2548495
                ],
                [
                  32.0475012,
                  46.2538406
                ],
                [
                  32.042008,
                  46.250695
                ],
                [
                  32.0392615,
                  46.2500421
                ],
                [
                  32.0358282,
                  46.2491518
                ],
                [
                  32.0322233,
                  46.2481428
                ],
                [
                  32.0286185,
                  46.247846
                ],
                [
                  32.0259577,
                  46.2479647
                ],
                [
                  32.0226961,
                  46.248855
                ],
                [
                  32.0189196,
                  46.2497453
                ],
                [
                  32.0139414,
                  46.2503389
                ],
                [
                  32.010079,
                  46.2502795
                ],
                [
                  32.007075,
                  46.2505169
                ],
                [
                  32.0040709,
                  46.2512885
                ],
                [
                  31.9990927,
                  46.2524162
                ],
                [
                  31.993857,
                  46.2532471
                ],
                [
                  31.9854456,
                  46.254078
                ],
                [
                  31.9777209,
                  46.2555023
                ],
                [
                  31.9636446,
                  46.2615554
                ],
                [
                  31.9586664,
                  46.264641
                ],
                [
                  31.9500834,
                  46.2746087
                ],
                [
                  31.9473368,
                  46.2794733
                ],
                [
                  31.9471651,
                  46.2841001
                ],
                [
                  31.9437319,
                  46.2889638
                ],
                [
                  31.9370371,
                  46.2928782
                ],
                [
                  31.9287974,
                  46.2950132
                ],
                [
                  31.9234759,
                  46.2961993
                ],
                [
                  31.9085413,
                  46.2982156
                ],
                [
                  31.8987566,
                  46.2979784
                ],
                [
                  31.8961817,
                  46.2932341
                ],
                [
                  31.8948084,
                  46.2865914
                ],
                [
                  31.8910319,
                  46.2823206
                ],
                [
                  31.8865687,
                  46.2769817
                ],
                [
                  31.8797022,
                  46.272117
                ],
                [
                  31.8759257,
                  46.2671331
                ],
                [
                  31.8719774,
                  46.2667771
                ],
                [
                  31.8659693,
                  46.2705744
                ],
                [
                  31.8575579,
                  46.2722356
                ],
                [
                  31.8476015,
                  46.2706931
                ],
                [
                  31.8362719,
                  46.2737782
                ],
                [
                  31.8300921,
                  46.2733035
                ],
                [
                  31.8228823,
                  46.2697438
                ],
                [
                  31.8199641,
                  46.264641
                ],
                [
                  31.8151575,
                  46.2668958
                ],
                [
                  31.8132693,
                  46.2725916
                ],
                [
                  31.8100077,
                  46.2737782
                ],
                [
                  31.7974764,
                  46.2765071
                ],
                [
                  31.7933565,
                  46.2735408
                ],
                [
                  31.7873484,
                  46.2679638
                ],
                [
                  31.7840868,
                  46.2648783
                ],
                [
                  31.7770487,
                  46.2658277
                ],
                [
                  31.7806561,
                  46.2706456
                ],
                [
                  31.7819435,
                  46.2724254
                ],
                [
                  31.7830593,
                  46.2751545
                ],
                [
                  31.781686,
                  46.2791885
                ],
                [
                  31.7752487,
                  46.2831629
                ],
                [
                  31.7756779,
                  46.2849424
                ],
                [
                  31.7753346,
                  46.2868998
                ],
                [
                  31.7721588,
                  46.2890943
                ],
                [
                  31.7734463,
                  46.2899839
                ],
                [
                  31.7743904,
                  46.290577
                ],
                [
                  31.7747337,
                  46.2949657
                ],
                [
                  31.7662365,
                  46.2975158
                ],
                [
                  31.7620308,
                  46.2963297
                ],
                [
                  31.7567093,
                  46.295796
                ],
                [
                  31.7581684,
                  46.2976344
                ],
                [
                  31.7615158,
                  46.3003029
                ],
                [
                  31.7628891,
                  46.3025562
                ],
                [
                  31.7627174,
                  46.3049873
                ],
                [
                  31.7628891,
                  46.3073589
                ],
                [
                  31.7665798,
                  46.3082483
                ],
                [
                  31.7682106,
                  46.3095527
                ],
                [
                  31.7706139,
                  46.3115684
                ],
                [
                  31.7734463,
                  46.311272
                ],
                [
                  31.7773945,
                  46.3113313
                ],
                [
                  31.7819435,
                  46.3138213
                ],
                [
                  31.7828018,
                  46.316074
                ],
                [
                  31.7817719,
                  46.3195122
                ],
                [
                  31.7804844,
                  46.32052
                ],
                [
                  31.7761929,
                  46.320105
                ],
                [
                  31.7749054,
                  46.3191566
                ],
                [
                  31.7719013,
                  46.3166668
                ],
                [
                  31.7696697,
                  46.3151848
                ],
                [
                  31.7658932,
                  46.313347
                ],
                [
                  31.7627174,
                  46.3111534
                ],
                [
                  31.7611725,
                  46.3096712
                ],
                [
                  31.7575676,
                  46.3071811
                ],
                [
                  31.7551643,
                  46.3044536
                ],
                [
                  31.7447788,
                  46.2938982
                ],
                [
                  31.7409165,
                  46.291526
                ],
                [
                  31.7355091,
                  46.2869591
                ],
                [
                  31.7308743,
                  46.282629
                ],
                [
                  31.7295868,
                  46.2796631
                ],
                [
                  31.7316467,
                  46.2759851
                ],
                [
                  31.7370541,
                  46.2736713
                ],
                [
                  31.7403156,
                  46.2712982
                ],
                [
                  31.7388565,
                  46.2697556
                ],
                [
                  31.7342217,
                  46.2696963
                ],
                [
                  31.7290718,
                  46.2716542
                ],
                [
                  31.7199738,
                  46.2758071
                ],
                [
                  31.7181713,
                  46.2752287
                ],
                [
                  31.7167122,
                  46.2746206
                ],
                [
                  31.7143089,
                  46.2732709
                ],
                [
                  31.7128498,
                  46.2723958
                ],
                [
                  31.7101461,
                  46.271936
                ],
                [
                  31.7085368,
                  46.2725589
                ],
                [
                  31.7110816,
                  46.2750459
                ],
                [
                  31.7147723,
                  46.2773002
                ],
                [
                  31.7175189,
                  46.2796731
                ],
                [
                  31.7212096,
                  46.2826391
                ],
                [
                  31.7251578,
                  46.285249
                ],
                [
                  31.7298785,
                  46.2881553
                ],
                [
                  31.73417,
                  46.2914174
                ],
                [
                  31.7383741,
                  46.2943839
                ],
                [
                  31.7428389,
                  46.2979409
                ],
                [
                  31.7459288,
                  46.3011431
                ],
                [
                  31.7491904,
                  46.3044636
                ],
                [
                  31.7596106,
                  46.312743
                ],
                [
                  31.7630009,
                  46.3149661
                ],
                [
                  31.7656617,
                  46.317367
                ],
                [
                  31.770039,
                  46.3205681
                ],
                [
                  31.7722277,
                  46.3213683
                ],
                [
                  31.7765622,
                  46.3217239
                ],
                [
                  31.7814974,
                  46.3216054
                ],
                [
                  31.7834715,
                  46.3223463
                ],
                [
                  31.7859177,
                  46.3229687
                ],
                [
                  31.7886214,
                  46.3237096
                ],
                [
                  31.79184,
                  46.3247173
                ],
                [
                  31.8047191,
                  46.3285148
                ],
                [
                  31.8076802,
                  46.3288407
                ],
                [
                  31.8135167,
                  46.3304706
                ],
                [
                  31.8170787,
                  46.3314188
                ],
                [
                  31.8239451,
                  46.3326041
                ],
                [
                  31.8272067,
                  46.333256
                ],
                [
                  31.8309832,
                  46.3335523
                ],
                [
                  31.8346311,
                  46.3344709
                ],
                [
                  31.8381501,
                  46.3345005
                ],
                [
                  31.841755,
                  46.3343227
                ],
                [
                  31.8535138,
                  46.3335819
                ],
                [
                  31.8593932,
                  46.3327226
                ],
                [
                  31.8740414,
                  46.3328194
                ],
                [
                  31.877303,
                  46.3332639
                ],
                [
                  31.8801354,
                  46.3334713
                ],
                [
                  31.8835686,
                  46.3338861
                ],
                [
                  31.8863581,
                  46.3343899
                ],
                [
                  31.8912076,
                  46.335338
                ],
                [
                  31.8939971,
                  46.3361084
                ],
                [
                  31.8974303,
                  46.3371158
                ],
                [
                  31.8998765,
                  46.3377084
                ],
                [
                  31.903181,
                  46.3383899
                ],
                [
                  31.9056271,
                  46.3390417
                ],
                [
                  31.9076871,
                  46.339101
                ],
                [
                  31.9103907,
                  46.3388047
                ],
                [
                  31.913309,
                  46.3383899
                ],
                [
                  31.9154977,
                  46.3377973
                ],
                [
                  31.9186734,
                  46.3371158
                ],
                [
                  31.9208192,
                  46.3370566
                ],
                [
                  31.9262694,
                  46.338301
                ],
                [
                  31.9457331,
                  46.3419767
                ],
                [
                  31.9490376,
                  46.3424804
                ],
                [
                  31.9517842,
                  46.342984
                ],
                [
                  31.9542733,
                  46.343221
                ],
                [
                  31.9566765,
                  46.3431618
                ],
                [
                  31.9586936,
                  46.3426285
                ],
                [
                  31.9605389,
                  46.3432803
                ],
                [
                  31.967577,
                  46.3460354
                ],
                [
                  31.9702378,
                  46.3469241
                ],
                [
                  31.973671,
                  46.3480202
                ],
                [
                  31.9784346,
                  46.3491459
                ],
                [
                  31.9824687,
                  46.3501234
                ],
                [
                  31.9868031,
                  46.3512787
                ],
                [
                  31.9928726,
                  46.3547767
                ],
                [
                  31.9956192,
                  46.3556949
                ],
                [
                  31.9987091,
                  46.3566427
                ],
                [
                  32.0016703,
                  46.3576793
                ],
                [
                  32.0060476,
                  46.3593972
                ],
                [
                  32.007893,
                  46.3609372
                ],
                [
                  32.0102104,
                  46.3630103
                ],
                [
                  32.0111116,
                  46.3641949
                ],
                [
                  32.0124849,
                  46.3668602
                ],
                [
                  32.0156192,
                  46.3713625
                ],
                [
                  32.0163702,
                  46.3731687
                ],
                [
                  32.0168208,
                  46.3742642
                ],
                [
                  32.0184945,
                  46.3761296
                ],
                [
                  32.0196747,
                  46.3775212
                ],
                [
                  32.0221462,
                  46.3796838
                ],
                [
                  32.0227041,
                  46.3809568
                ],
                [
                  32.0248499,
                  46.3829996
                ],
                [
                  32.0265236,
                  46.3827331
                ],
                [
                  32.0281973,
                  46.381016
                ],
                [
                  32.0296993,
                  46.3802759
                ],
                [
                  32.0330896,
                  46.3798318
                ],
                [
                  32.0342054,
                  46.3784403
                ],
                [
                  32.0372524,
                  46.3781146
                ],
                [
                  32.0396128,
                  46.3786771
                ],
                [
                  32.0464792,
                  46.3805719
                ],
                [
                  32.0488396,
                  46.3815489
                ],
                [
                  32.0528307,
                  46.3832364
                ],
                [
                  32.0536032,
                  46.3845686
                ],
                [
                  32.0547619,
                  46.3863448
                ],
                [
                  32.0571651,
                  46.3880321
                ],
                [
                  32.058753,
                  46.3895418
                ],
                [
                  32.0595684,
                  46.3909626
                ],
                [
                  32.0596113,
                  46.3931826
                ],
                [
                  32.0596313,
                  46.3954442
                ],
                [
                  32.0593309,
                  46.3973384
                ],
                [
                  32.0587301,
                  46.398907
                ],
                [
                  32.0575714,
                  46.4009195
                ],
                [
                  32.0520353,
                  46.4041452
                ],
                [
                  32.0492458,
                  46.4057728
                ],
                [
                  32.0479583,
                  46.4073116
                ],
                [
                  32.0443105,
                  46.4099747
                ],
                [
                  32.0408773,
                  46.4133775
                ],
                [
                  32.0372652,
                  46.4174447
                ],
                [
                  32.0369219,
                  46.4191015
                ],
                [
                  32.0365357,
                  46.4206991
                ],
                [
                  32.0364069,
                  46.4227995
                ],
                [
                  32.0367073,
                  46.4248703
                ],
                [
                  32.0367502,
                  46.4263493
                ],
                [
                  32.0361494,
                  46.4282425
                ],
                [
                  32.0350765,
                  46.4303722
                ],
                [
                  32.0342611,
                  46.4325018
                ],
                [
                  32.0325445,
                  46.4346018
                ],
                [
                  32.0278679,
                  46.4424165
                ],
                [
                  32.0263659,
                  46.4442795
                ],
                [
                  32.0238768,
                  46.4459355
                ],
                [
                  32.0216881,
                  46.4477688
                ],
                [
                  32.0189415,
                  46.4493656
                ],
                [
                  32.0125042,
                  46.4521154
                ],
                [
                  32.0082127,
                  46.4531502
                ],
                [
                  32.0030628,
                  46.4534754
                ],
                [
                  31.9990717,
                  46.4533867
                ],
                [
                  31.9971834,
                  46.4528545
                ],
                [
                  31.9950377,
                  46.4527363
                ],
                [
                  31.9928919,
                  46.4520267
                ],
                [
                  31.9919197,
                  46.450109
                ],
                [
                  31.9911043,
                  46.4487193
                ],
                [
                  31.9896881,
                  46.4477139
                ],
                [
                  31.9865553,
                  46.446265
                ],
                [
                  31.9834653,
                  46.4451117
                ],
                [
                  31.9811908,
                  46.4436923
                ],
                [
                  31.9796888,
                  46.4426573
                ],
                [
                  31.9763843,
                  46.4418589
                ],
                [
                  31.9739811,
                  46.4407351
                ],
                [
                  31.9708656,
                  46.4399696
                ],
                [
                  31.9673292,
                  46.4399366
                ],
                [
                  31.9631664,
                  46.4403802
                ],
                [
                  31.9602052,
                  46.4401732
                ],
                [
                  31.957991,
                  46.439733
                ],
                [
                  31.955742,
                  46.439286
                ],
                [
                  31.9538538,
                  46.439493
                ],
                [
                  31.9511245,
                  46.4402062
                ],
                [
                  31.9466869,
                  46.441711
                ],
                [
                  31.9424812,
                  46.4433966
                ],
                [
                  31.9400779,
                  46.4443725
                ],
                [
                  31.9368593,
                  46.4450526
                ],
                [
                  31.9333402,
                  46.4462354
                ],
                [
                  31.9310228,
                  46.446886
                ],
                [
                  31.926345,
                  46.4483349
                ],
                [
                  31.9226114,
                  46.4499611
                ],
                [
                  31.9112388,
                  46.4534796
                ],
                [
                  31.8998924,
                  46.4569963
                ],
                [
                  31.896545,
                  46.4581197
                ],
                [
                  31.8927255,
                  46.4592135
                ],
                [
                  31.8871465,
                  46.4609873
                ],
                [
                  31.8814388,
                  46.4625836
                ],
                [
                  31.8764177,
                  46.463707
                ],
                [
                  31.8730703,
                  46.4641504
                ],
                [
                  31.8664184,
                  46.4653919
                ],
                [
                  31.8601957,
                  46.4669881
                ],
                [
                  31.8536296,
                  46.468466
                ],
                [
                  31.849381,
                  46.4693528
                ],
                [
                  31.8352801,
                  46.4723557
                ],
                [
                  31.8321902,
                  46.4728877
                ],
                [
                  31.8284137,
                  46.4736562
                ],
                [
                  31.8248517,
                  46.4746315
                ],
                [
                  31.8220622,
                  46.4756659
                ],
                [
                  31.8169982,
                  46.4767594
                ],
                [
                  31.8076586,
                  46.4790814
                ],
                [
                  31.8026808,
                  46.4797052
                ],
                [
                  31.7937115,
                  46.481626
                ],
                [
                  31.7788199,
                  46.484847
                ],
                [
                  31.7698935,
                  46.4868267
                ],
                [
                  31.76204,
                  46.4877723
                ],
                [
                  31.7482641,
                  46.4883928
                ],
                [
                  31.739313,
                  46.4874713
                ],
                [
                  31.7260093,
                  46.484221
                ],
                [
                  31.7124755,
                  46.4799031
                ],
                [
                  31.7088706,
                  46.476534
                ],
                [
                  31.7047936,
                  46.473283
                ],
                [
                  31.7017466,
                  46.4703865
                ],
                [
                  31.699558,
                  46.4662484
                ],
                [
                  31.6976268,
                  46.4611344
                ],
                [
                  31.6953952,
                  46.4541573
                ],
                [
                  31.6944939,
                  46.4503136
                ],
                [
                  31.6960389,
                  46.4473271
                ],
                [
                  31.6993005,
                  46.4458486
                ],
                [
                  31.7031199,
                  46.44369
                ],
                [
                  31.7050511,
                  46.4415312
                ],
                [
                  31.7088706,
                  46.4387217
                ],
                [
                  31.7219894,
                  46.4292443
                ],
                [
                  31.7251437,
                  46.4273955
                ],
                [
                  31.728698,
                  46.427117
                ],
                [
                  31.7311012,
                  46.4239222
                ],
                [
                  31.7329037,
                  46.4213781
                ],
                [
                  31.7339337,
                  46.4186563
                ],
                [
                  31.7360794,
                  46.4138633
                ],
                [
                  31.7401135,
                  46.4112003
                ],
                [
                  31.7432034,
                  46.4090107
                ],
                [
                  31.7463791,
                  46.406525
                ],
                [
                  31.7519581,
                  46.4022637
                ],
                [
                  31.7566788,
                  46.3993634
                ],
                [
                  31.7648168,
                  46.3896762
                ],
                [
                  31.7667695,
                  46.3875893
                ],
                [
                  31.768293,
                  46.3855763
                ],
                [
                  31.7693873,
                  46.3828232
                ],
                [
                  31.7687007,
                  46.3805584
                ],
                [
                  31.7698808,
                  46.3802623
                ],
                [
                  31.7719408,
                  46.3794037
                ],
                [
                  31.7736359,
                  46.377879
                ],
                [
                  31.7746445,
                  46.376295
                ],
                [
                  31.7758246,
                  46.374178
                ],
                [
                  31.7762109,
                  46.372964
                ],
                [
                  31.7741295,
                  46.3727271
                ],
                [
                  31.7711469,
                  46.3734525
                ],
                [
                  31.7694088,
                  46.3730824
                ],
                [
                  31.767263,
                  46.372964
                ],
                [
                  31.7661472,
                  46.3729344
                ],
                [
                  31.7646881,
                  46.3737042
                ],
                [
                  31.762714,
                  46.3749626
                ],
                [
                  31.760418,
                  46.3771684
                ],
                [
                  31.7588731,
                  46.3786192
                ],
                [
                  31.7574139,
                  46.3800403
                ],
                [
                  31.7556544,
                  46.3817574
                ],
                [
                  31.7535516,
                  46.3837409
                ],
                [
                  31.7513414,
                  46.3856651
                ],
                [
                  31.750054,
                  46.3873081
                ],
                [
                  31.7488952,
                  46.3889658
                ],
                [
                  31.7480369,
                  46.3904458
                ],
                [
                  31.7462345,
                  46.3923698
                ],
                [
                  31.745462,
                  46.3944417
                ],
                [
                  31.7421146,
                  46.4008642
                ],
                [
                  31.7396684,
                  46.4049333
                ],
                [
                  31.7377587,
                  46.4071083
                ],
                [
                  31.7359992,
                  46.4095348
                ],
                [
                  31.7355057,
                  46.4115912
                ],
                [
                  31.7341967,
                  46.413618
                ],
                [
                  31.7313214,
                  46.4180856
                ],
                [
                  31.7282959,
                  46.4212512
                ],
                [
                  31.7199488,
                  46.4210885
                ],
                [
                  31.7184253,
                  46.4217097
                ],
                [
                  31.7138334,
                  46.4241059
                ],
                [
                  31.7102714,
                  46.4266499
                ],
                [
                  31.704392,
                  46.4320334
                ],
                [
                  31.6980406,
                  46.4377712
                ],
                [
                  31.6905733,
                  46.4438633
                ],
                [
                  31.6829224,
                  46.4504296
                ],
                [
                  31.6779013,
                  46.4540367
                ],
                [
                  31.6714211,
                  46.4590036
                ],
                [
                  31.6624089,
                  46.4668668
                ],
                [
                  31.6528817,
                  46.4743447
                ],
                [
                  31.6443415,
                  46.4807578
                ],
                [
                  31.6345139,
                  46.4885883
                ],
                [
                  31.6286345,
                  46.4929611
                ],
                [
                  31.6208668,
                  46.4976881
                ],
                [
                  31.611603,
                  46.5036364
                ],
                [
                  31.6009171,
                  46.5101937
                ],
                [
                  31.5916903,
                  46.5152883
                ],
                [
                  31.5800173,
                  46.5213126
                ],
                [
                  31.5739234,
                  46.5246346
                ],
                [
                  31.5690739,
                  46.527602
                ],
                [
                  31.5600617,
                  46.5329607
                ],
                [
                  31.5567358,
                  46.5349683
                ],
                [
                  31.5531523,
                  46.5371676
                ],
                [
                  31.5491183,
                  46.5399425
                ],
                [
                  31.5392478,
                  46.5473218
                ],
                [
                  31.5364797,
                  46.5494026
                ],
                [
                  31.5339477,
                  46.5516013
                ],
                [
                  31.5315659,
                  46.5537853
                ],
                [
                  31.5302355,
                  46.5551428
                ],
                [
                  31.5290768,
                  46.556397
                ],
                [
                  31.5278323,
                  46.5573561
                ],
                [
                  31.5255363,
                  46.5595692
                ],
                [
                  31.5232875,
                  46.5615186
                ],
                [
                  31.5225097,
                  46.5624039
                ],
                [
                  31.5215659,
                  46.5635474
                ],
                [
                  31.5208149,
                  46.5644916
                ],
                [
                  31.5201927,
                  46.5655685
                ],
                [
                  31.5194631,
                  46.5670143
                ],
                [
                  31.5187764,
                  46.5686075
                ],
                [
                  31.5183473,
                  46.5696696
                ],
                [
                  31.5171242,
                  46.570953
                ],
                [
                  31.5161157,
                  46.5718675
                ],
                [
                  31.514957,
                  46.5734311
                ],
                [
                  31.513573,
                  46.5750758
                ],
                [
                  31.5128649,
                  46.5760566
                ],
                [
                  31.5122426,
                  46.5767204
                ],
                [
                  31.5120525,
                  46.5770498
                ],
                [
                  31.5123368,
                  46.5771826
                ],
                [
                  31.5123905,
                  46.5773411
                ],
                [
                  31.5127445,
                  46.5776988
                ],
                [
                  31.5134902,
                  46.5789488
                ],
                [
                  31.5139247,
                  46.579712
                ],
                [
                  31.5139032,
                  46.5792253
                ],
                [
                  31.5135814,
                  46.5785284
                ],
                [
                  31.5130926,
                  46.5776744
                ],
                [
                  31.5132858,
                  46.5768484
                ],
                [
                  31.5144445,
                  46.5755652
                ],
                [
                  31.51644,
                  46.5734706
                ],
                [
                  31.5175773,
                  46.5716415
                ],
                [
                  31.5202595,
                  46.5682487
                ],
                [
                  31.5221478,
                  46.5648556
                ],
                [
                  31.5258814,
                  46.5609903
                ],
                [
                  31.5316321,
                  46.5563868
                ],
                [
                  31.5386702,
                  46.551606
                ],
                [
                  31.5488411,
                  46.5472379
                ],
                [
                  31.5591089,
                  46.5428938
                ],
                [
                  31.5647408,
                  46.540866
                ],
                [
                  31.5729591,
                  46.5386669
                ],
                [
                  31.5775296,
                  46.5372499
                ],
                [
                  31.5827438,
                  46.5364971
                ],
                [
                  31.5862629,
                  46.5369694
                ],
                [
                  31.5944168,
                  46.5372646
                ],
                [
                  31.6006395,
                  46.5382683
                ],
                [
                  31.6085788,
                  46.5389473
                ],
                [
                  31.6141578,
                  46.5390359
                ],
                [
                  31.6223118,
                  46.5391539
                ],
                [
                  31.6294786,
                  46.5390949
                ],
                [
                  31.6371605,
                  46.539272
                ],
                [
                  31.6433832,
                  46.5387702
                ],
                [
                  31.658189,
                  46.5376189
                ],
                [
                  31.667287,
                  46.5382093
                ],
                [
                  31.6770717,
                  46.5412793
                ],
                [
                  31.6925213,
                  46.5434046
                ],
                [
                  31.7059108,
                  46.5448214
                ],
                [
                  31.7239353,
                  46.5452937
                ],
                [
                  31.7424747,
                  46.5463563
                ],
                [
                  31.7599842,
                  46.5452937
                ],
                [
                  31.7719887,
                  46.5418032
                ],
                [
                  31.7752932,
                  46.5402387
                ],
                [
                  31.7788552,
                  46.5368144
                ],
                [
                  31.7855929,
                  46.5346002
                ],
                [
                  31.7932747,
                  46.5324451
                ],
                [
                  31.7993258,
                  46.5306146
                ],
                [
                  31.8033598,
                  46.5285183
                ],
                [
                  31.8095825,
                  46.5270716
                ],
                [
                  31.817485,
                  46.5265635
                ],
                [
                  31.8238579,
                  46.5239356
                ],
                [
                  31.8264757,
                  46.5231826
                ],
                [
                  31.8347584,
                  46.521529
                ],
                [
                  31.8403803,
                  46.5209975
                ],
                [
                  31.8464099,
                  46.5201854
                ],
                [
                  31.8501435,
                  46.5184136
                ],
                [
                  31.8573599,
                  46.5178599
                ],
                [
                  31.8600526,
                  46.5166195
                ],
                [
                  31.8621984,
                  46.5161765
                ],
                [
                  31.8651166,
                  46.5161765
                ],
                [
                  31.8674769,
                  46.5160289
                ],
                [
                  31.8688502,
                  46.5150248
                ],
                [
                  31.8706098,
                  46.5138139
                ],
                [
                  31.8726697,
                  46.5133709
                ],
                [
                  31.8743863,
                  46.5133709
                ],
                [
                  31.8769183,
                  46.5131051
                ],
                [
                  31.8783345,
                  46.5136367
                ],
                [
                  31.8806949,
                  46.514316
                ],
                [
                  31.883184,
                  46.5148771
                ],
                [
                  31.8838706,
                  46.515202
                ],
                [
                  31.8844285,
                  46.516147
                ],
                [
                  31.8860593,
                  46.5163242
                ],
                [
                  31.8881621,
                  46.5163537
                ],
                [
                  31.8900075,
                  46.5173873
                ],
                [
                  31.891295,
                  46.5178008
                ],
                [
                  31.894814,
                  46.5173873
                ],
                [
                  31.8971744,
                  46.5173873
                ],
                [
                  31.8988481,
                  46.5175645
                ],
                [
                  31.9011655,
                  46.5178599
                ],
                [
                  31.902925,
                  46.5178008
                ],
                [
                  31.9041696,
                  46.5169739
                ],
                [
                  31.9037833,
                  46.5156154
                ],
                [
                  31.9036117,
                  46.514316
                ],
                [
                  31.9042554,
                  46.5132823
                ],
                [
                  31.9063582,
                  46.5117761
                ],
                [
                  31.9078603,
                  46.5112149
                ],
                [
                  31.9098773,
                  46.5110082
                ],
                [
                  31.9114652,
                  46.5110672
                ],
                [
                  31.9132676,
                  46.5105651
                ],
                [
                  31.9136539,
                  46.5096791
                ],
                [
                  31.9148235,
                  46.5083796
                ],
                [
                  31.9220769,
                  46.5072792
                ],
                [
                  31.9247377,
                  46.5060091
                ],
                [
                  31.926068,
                  46.5054479
                ],
                [
                  31.9283855,
                  46.5049457
                ],
                [
                  31.9300592,
                  46.5042072
                ],
                [
                  31.9330203,
                  46.5031438
                ],
                [
                  31.934179,
                  46.5025826
                ],
                [
                  31.9370114,
                  46.5009283
                ],
                [
                  31.9403159,
                  46.4998058
                ],
                [
                  31.9435346,
                  46.4990968
                ],
                [
                  31.9479549,
                  46.4985651
                ],
                [
                  31.9510448,
                  46.4977674
                ],
                [
                  31.9532334,
                  46.4962903
                ],
                [
                  31.9556796,
                  46.4956108
                ],
                [
                  31.9592416,
                  46.4950495
                ],
                [
                  31.9628894,
                  46.4946063
                ],
                [
                  31.9650781,
                  46.4941632
                ],
                [
                  31.9676959,
                  46.4929518
                ],
                [
                  31.9710862,
                  46.4930109
                ],
                [
                  31.9740045,
                  46.4924496
                ],
                [
                  31.9749915,
                  46.4922723
                ],
                [
                  31.9774806,
                  46.4920064
                ],
                [
                  31.9903424,
                  46.4894883
                ],
                [
                  31.9969514,
                  46.4883064
                ],
                [
                  32.0059636,
                  46.48807
                ],
                [
                  32.0085385,
                  46.4882473
                ],
                [
                  32.0208123,
                  46.4864744
                ],
                [
                  32.0238164,
                  46.4863562
                ],
                [
                  32.0287946,
                  46.4862971
                ],
                [
                  32.0318845,
                  46.4867699
                ],
                [
                  32.0369485,
                  46.4877745
                ],
                [
                  32.0416692,
                  46.4877745
                ],
                [
                  32.0444158,
                  46.4873609
                ],
                [
                  32.0494798,
                  46.4871836
                ],
                [
                  32.0515397,
                  46.4883655
                ],
                [
                  32.0545438,
                  46.4894883
                ],
                [
                  32.0583203,
                  46.4901974
                ],
                [
                  32.0626977,
                  46.491202
                ],
                [
                  32.0657876,
                  46.4920883
                ],
                [
                  32.0677617,
                  46.4929747
                ],
                [
                  32.0694783,
                  46.4937428
                ],
                [
                  32.0721391,
                  46.4946292
                ],
                [
                  32.0765164,
                  46.4957518
                ],
                [
                  32.0793488,
                  46.4963427
                ],
                [
                  32.080293,
                  46.4966381
                ],
                [
                  32.0828679,
                  46.4974062
                ],
                [
                  32.0863011,
                  46.4974062
                ],
                [
                  32.0903352,
                  46.4974062
                ],
                [
                  32.0941976,
                  46.4977016
                ],
                [
                  32.0979741,
                  46.4977016
                ],
                [
                  32.1032098,
                  46.4975244
                ],
                [
                  32.1094754,
                  46.4971108
                ],
                [
                  32.1135095,
                  46.4968744
                ],
                [
                  32.1202043,
                  46.4968154
                ],
                [
                  32.1254399,
                  46.4966972
                ],
                [
                  32.1305898,
                  46.4964018
                ],
                [
                  32.1501988,
                  46.4934989
                ],
                [
                  32.1526879,
                  46.4926126
                ],
                [
                  32.1563786,
                  46.4916081
                ],
                [
                  32.1620435,
                  46.4895989
                ],
                [
                  32.16582,
                  46.488417
                ],
                [
                  32.1697682,
                  46.4881216
                ],
                [
                  32.1752614,
                  46.4869397
                ],
                [
                  32.1823853,
                  46.484694
                ],
                [
                  32.2032146,
                  46.4790715
                ],
                [
                  32.2168893,
                  46.4793748
                ],
                [
                  32.2461299,
                  46.4790715
                ],
                [
                  32.2514327,
                  46.4915522
                ],
                [
                  32.2529347,
                  46.4934135
                ],
                [
                  32.2552521,
                  46.4944476
                ],
                [
                  32.256325,
                  46.496427
                ],
                [
                  32.2570117,
                  46.4987018
                ],
                [
                  32.2587283,
                  46.4997357
                ],
                [
                  32.2611745,
                  46.5002084
                ],
                [
                  32.2640069,
                  46.5002084
                ],
                [
                  32.2662385,
                  46.500297
                ],
                [
                  32.2694142,
                  46.5002674
                ],
                [
                  32.273062,
                  46.4998243
                ],
                [
                  32.2757657,
                  46.5005628
                ],
                [
                  32.2827544,
                  46.5022741
                ],
                [
                  32.2833981,
                  46.5040465
                ],
                [
                  32.2851577,
                  46.5045486
                ],
                [
                  32.2867455,
                  46.5056711
                ],
                [
                  32.288548,
                  46.5060551
                ],
                [
                  32.2893204,
                  46.5073547
                ],
                [
                  32.287003,
                  46.5093632
                ],
                [
                  32.2873845,
                  46.5113178
                ],
                [
                  32.2870841,
                  46.5121743
                ],
                [
                  32.2865262,
                  46.5145665
                ],
                [
                  32.2887149,
                  46.5156887
                ],
                [
                  32.292234,
                  46.5176674
                ],
                [
                  32.2938648,
                  46.5189372
                ],
                [
                  32.2951522,
                  46.5215063
                ],
                [
                  32.2910323,
                  46.5223331
                ],
                [
                  32.2896591,
                  46.5236029
                ],
                [
                  32.288672,
                  46.5252269
                ],
                [
                  32.2872129,
                  46.5277366
                ],
                [
                  32.2865262,
                  46.5300987
                ],
                [
                  32.2886205,
                  46.5342289
                ],
                [
                  32.2887492,
                  46.5352622
                ],
                [
                  32.2889638,
                  46.536384
                ],
                [
                  32.2905517,
                  46.5375944
                ],
                [
                  32.2927404,
                  46.5380076
                ],
                [
                  32.2942424,
                  46.5374172
                ],
                [
                  32.2959161,
                  46.5360002
                ],
                [
                  32.2976327,
                  46.5351146
                ],
                [
                  32.3003364,
                  46.5342584
                ],
                [
                  32.3026967,
                  46.5340223
                ],
                [
                  32.306602,
                  46.533727
                ],
                [
                  32.3087049,
                  46.5340813
                ],
                [
                  32.3134256,
                  46.5344946
                ],
                [
                  32.3164725,
                  46.5352622
                ],
                [
                  32.3221873,
                  46.5364323
                ],
                [
                  32.3250556,
                  46.5367087
                ],
                [
                  32.3278451,
                  46.5372991
                ],
                [
                  32.3293901,
                  46.5380076
                ],
                [
                  32.3341537,
                  46.5396608
                ],
                [
                  32.3358274,
                  46.5404283
                ],
                [
                  32.3379302,
                  46.5417861
                ],
                [
                  32.3390889,
                  46.5429668
                ],
                [
                  32.3402906,
                  46.5442951
                ],
                [
                  32.3420501,
                  46.5452692
                ],
                [
                  32.3453735,
                  46.5460895
                ],
                [
                  32.3484634,
                  46.5465617
                ],
                [
                  32.3513816,
                  46.547152
                ],
                [
                  32.3564456,
                  46.5481556
                ],
                [
                  32.3579047,
                  46.5480375
                ],
                [
                  32.3591922,
                  46.5473291
                ],
                [
                  32.3616813,
                  46.5458534
                ],
                [
                  32.3635696,
                  46.5453811
                ],
                [
                  32.3673461,
                  46.545204
                ],
                [
                  32.3731826,
                  46.545204
                ],
                [
                  32.3797916,
                  46.5453811
                ],
                [
                  32.3824523,
                  46.5454992
                ],
                [
                  32.386143,
                  46.5459714
                ],
                [
                  32.3890613,
                  46.5469159
                ],
                [
                  32.3929237,
                  46.5476243
                ],
                [
                  32.3957561,
                  46.5489229
                ],
                [
                  32.3969577,
                  46.5499264
                ],
                [
                  32.4016784,
                  46.5522875
                ],
                [
                  32.4033092,
                  46.5528777
                ],
                [
                  32.4050258,
                  46.553468
                ],
                [
                  32.4066566,
                  46.5543533
                ],
                [
                  32.4092315,
                  46.5555928
                ],
                [
                  32.4106906,
                  46.5567732
                ],
                [
                  32.4131797,
                  46.5575995
                ],
                [
                  32.4173854,
                  46.5581897
                ],
                [
                  32.4197028,
                  46.5584257
                ],
                [
                  32.4223636,
                  46.5584257
                ],
                [
                  32.4275134,
                  46.5565961
                ],
                [
                  32.4329208,
                  46.5509889
                ],
                [
                  32.4367831,
                  46.5532319
                ],
                [
                  32.4403022,
                  46.5548845
                ],
                [
                  32.4509452,
                  46.5587798
                ],
                [
                  32.4590992,
                  46.5634073
                ],
                [
                  32.4636482,
                  46.5649416
                ],
                [
                  32.4706863,
                  46.566948
                ],
                [
                  32.4742912,
                  46.5684232
                ],
                [
                  32.4778103,
                  46.5697803
                ],
                [
                  32.4816726,
                  46.5709015
                ],
                [
                  32.48502,
                  46.5716685
                ],
                [
                  32.4876808,
                  46.5712555
                ],
                [
                  32.4906849,
                  46.5702524
                ],
                [
                  32.4927448,
                  46.5691903
                ],
                [
                  32.4971222,
                  46.5667119
                ],
                [
                  32.5009845,
                  46.5659448
                ],
                [
                  32.5057052,
                  46.5647056
                ],
                [
                  32.5097393,
                  46.5641155
                ],
                [
                  32.5142025,
                  46.5637024
                ],
                [
                  32.5183223,
                  46.5640565
                ],
                [
                  32.5215839,
                  46.5651777
                ],
                [
                  32.5215839,
                  46.567125
                ],
                [
                  32.5227855,
                  46.5687772
                ],
                [
                  32.5233864,
                  46.5697803
                ],
                [
                  32.5264763,
                  46.5716685
                ],
                [
                  32.5300812,
                  46.5731436
                ],
                [
                  32.5331711,
                  46.5738516
                ],
                [
                  32.5412391,
                  46.5743236
                ],
                [
                  32.554008,
                  46.5760865
                ],
                [
                  32.5619044,
                  46.5821336
                ],
                [
                  32.562729,
                  46.5845688
                ],
                [
                  32.5629006,
                  46.5888159
                ],
                [
                  32.5629006,
                  46.5934166
                ],
                [
                  32.5640164,
                  46.5958347
                ],
                [
                  32.5669347,
                  46.595127
                ],
                [
                  32.5692521,
                  46.5945372
                ],
                [
                  32.5738011,
                  46.5937115
                ],
                [
                  32.5768052,
                  46.5931217
                ],
                [
                  32.5786076,
                  46.5933576
                ],
                [
                  32.5813542,
                  46.5933576
                ],
                [
                  32.58247,
                  46.592001
                ],
                [
                  32.582985,
                  46.5892878
                ],
                [
                  32.5866757,
                  46.5860435
                ],
                [
                  32.6055585,
                  46.5840379
                ],
                [
                  32.6120262,
                  46.5824065
                ],
                [
                  32.6136562,
                  46.5830165
                ],
                [
                  32.6153728,
                  46.5846683
                ],
                [
                  32.6176902,
                  46.5869098
                ],
                [
                  32.6196644,
                  46.5891513
                ],
                [
                  32.6219818,
                  46.5923954
                ],
                [
                  32.6234409,
                  46.5952854
                ],
                [
                  32.6249859,
                  46.5998265
                ],
                [
                  32.6262739,
                  46.6049217
                ],
                [
                  32.6274541,
                  46.6072289
                ],
                [
                  32.6287467,
                  46.6116612
                ],
                [
                  32.6302488,
                  46.6120445
                ],
                [
                  32.6327808,
                  46.6124572
                ],
                [
                  32.635184,
                  46.6121919
                ],
                [
                  32.636214,
                  46.6118971
                ],
                [
                  32.6398618,
                  46.6102167
                ],
                [
                  32.6411493,
                  46.610541
                ],
                [
                  32.6417072,
                  46.6111306
                ],
                [
                  32.6421363,
                  46.6121329
                ],
                [
                  32.6413209,
                  46.6133711
                ],
                [
                  32.6404197,
                  46.6146976
                ],
                [
                  32.641278,
                  46.6160241
                ],
                [
                  32.6429088,
                  46.617557
                ],
                [
                  32.6454837,
                  46.6190603
                ],
                [
                  32.6486595,
                  46.6196203
                ],
                [
                  32.6506336,
                  46.6203572
                ],
                [
                  32.6540239,
                  46.621772
                ],
                [
                  32.6571567,
                  46.6230099
                ],
                [
                  32.6602895,
                  46.6237763
                ],
                [
                  32.6638515,
                  46.6247783
                ],
                [
                  32.6664264,
                  46.6255741
                ],
                [
                  32.6696022,
                  46.6274898
                ],
                [
                  32.6775312,
                  46.6304427
                ],
                [
                  32.6838398,
                  46.6312384
                ],
                [
                  32.6883888,
                  46.6324467
                ],
                [
                  32.6939514,
                  46.6332196
                ],
                [
                  32.701993,
                  46.6328003
                ],
                [
                  32.7065256,
                  46.6340002
                ],
                [
                  32.7115631,
                  46.6359534
                ],
                [
                  32.7178643,
                  46.640906
                ],
                [
                  32.7164481,
                  46.6421877
                ],
                [
                  32.7148216,
                  46.643383
                ],
                [
                  32.7128861,
                  46.6448246
                ],
                [
                  32.7122424,
                  46.6459883
                ],
                [
                  32.7139204,
                  46.6467123
                ],
                [
                  32.7154653,
                  46.6473899
                ],
                [
                  32.7172205,
                  46.6477707
                ],
                [
                  32.7185295,
                  46.6484778
                ],
                [
                  32.7191303,
                  46.6496267
                ],
                [
                  32.7227567,
                  46.6500244
                ],
                [
                  32.7271794,
                  46.6477334
                ],
                [
                  32.7290695,
                  46.6446794
                ],
                [
                  32.7306145,
                  46.6436777
                ],
                [
                  32.7323311,
                  46.6424991
                ],
                [
                  32.7351635,
                  46.6422634
                ],
                [
                  32.7391975,
                  46.6420277
                ],
                [
                  32.7431457,
                  46.6427348
                ],
                [
                  32.7466648,
                  46.6431473
                ],
                [
                  32.7525871,
                  46.6420277
                ],
                [
                  32.7567928,
                  46.6423224
                ],
                [
                  32.7613418,
                  46.6440312
                ],
                [
                  32.7650326,
                  46.6455043
                ],
                [
                  32.7688949,
                  46.6473309
                ],
                [
                  32.7726715,
                  46.648804
                ],
                [
                  32.7757614,
                  46.6498645
                ],
                [
                  32.7797954,
                  46.6508661
                ],
                [
                  32.7827137,
                  46.6521623
                ],
                [
                  32.7909464,
                  46.6559912
                ],
                [
                  32.7927488,
                  46.6588189
                ],
                [
                  32.793178,
                  46.6605861
                ],
                [
                  32.7948946,
                  46.6617643
                ],
                [
                  32.7974695,
                  46.6631191
                ],
                [
                  32.7978129,
                  46.6646506
                ],
                [
                  32.8004736,
                  46.6654163
                ],
                [
                  32.8030302,
                  46.6656015
                ],
                [
                  32.8049368,
                  46.6651218
                ],
                [
                  32.8074934,
                  46.6641584
                ],
                [
                  32.8089416,
                  46.6648239
                ],
                [
                  32.8109449,
                  46.6657697
                ],
                [
                  32.8127474,
                  46.6668888
                ],
                [
                  32.8146239,
                  46.6660135
                ],
                [
                  32.8165239,
                  46.6645328
                ],
                [
                  32.8174681,
                  46.6648862
                ],
                [
                  32.8188414,
                  46.6658286
                ],
                [
                  32.8209013,
                  46.6664765
                ],
                [
                  32.8238195,
                  46.6678312
                ],
                [
                  32.8277678,
                  46.6695393
                ],
                [
                  32.8324026,
                  46.6693626
                ],
                [
                  32.8348059,
                  46.669716
                ],
                [
                  32.8382391,
                  46.6711884
                ],
                [
                  32.8431315,
                  46.6723663
                ],
                [
                  32.8461355,
                  46.672543
                ],
                [
                  32.853517,
                  46.6751932
                ],
                [
                  32.8591214,
                  46.6805774
                ],
                [
                  32.8604947,
                  46.6826383
                ],
                [
                  32.8667604,
                  46.6865833
                ],
                [
                  32.8728543,
                  46.6895861
                ],
                [
                  32.877575,
                  46.6919411
                ],
                [
                  32.8810941,
                  46.6948258
                ],
                [
                  32.8839265,
                  46.6971805
                ],
                [
                  32.8871022,
                  46.6994174
                ],
                [
                  32.894312,
                  46.7036555
                ],
                [
                  32.900921,
                  46.7078933
                ],
                [
                  32.9058991,
                  46.710836
                ],
                [
                  32.9127646,
                  46.713405
                ],
                [
                  32.918172,
                  46.7157
                ],
                [
                  32.9210902,
                  46.7171712
                ],
                [
                  32.9291583,
                  46.7174654
                ],
                [
                  32.9325915,
                  46.7171712
                ],
                [
                  32.9361964,
                  46.7160531
                ],
                [
                  32.9392005,
                  46.7144642
                ],
                [
                  32.9439212,
                  46.7128753
                ],
                [
                  32.9488135,
                  46.7121103
                ],
                [
                  32.9625464,
                  46.7099327
                ],
                [
                  32.9700137,
                  46.7099327
                ],
                [
                  32.9827166,
                  46.7108155
                ],
                [
                  32.987094,
                  46.7125811
                ],
                [
                  32.9910422,
                  46.7139935
                ],
                [
                  33.0024577,
                  46.7160531
                ],
                [
                  33.0089808,
                  46.7163474
                ],
                [
                  33.0130149,
                  46.7164062
                ],
                [
                  33.0192805,
                  46.7171712
                ],
                [
                  33.0249453,
                  46.7187012
                ],
                [
                  33.0377611,
                  46.7219362
                ],
                [
                  33.0390056,
                  46.7222892
                ],
                [
                  33.0417951,
                  46.7229953
                ],
                [
                  33.0440267,
                  46.7238191
                ],
                [
                  33.0446704,
                  46.7245545
                ],
                [
                  33.0456374,
                  46.7258168
                ],
                [
                  33.0479749,
                  46.7264961
                ],
                [
                  33.0507644,
                  46.7267903
                ],
                [
                  33.0532106,
                  46.7271433
                ],
                [
                  33.0553993,
                  46.7278199
                ],
                [
                  33.0568584,
                  46.7284377
                ],
                [
                  33.0591329,
                  46.7292613
                ],
                [
                  33.0607637,
                  46.7302026
                ],
                [
                  33.0625661,
                  46.7309086
                ],
                [
                  33.0647119,
                  46.7313793
                ],
                [
                  33.0662998,
                  46.7314087
                ],
                [
                  33.0673297,
                  46.7316146
                ],
                [
                  33.0695184,
                  46.7319676
                ],
                [
                  33.0708488,
                  46.7326735
                ],
                [
                  33.0715783,
                  46.7350266
                ],
                [
                  33.0716213,
                  46.7363502
                ],
                [
                  33.073295,
                  46.736909
                ],
                [
                  33.0750974,
                  46.7368502
                ],
                [
                  33.0772432,
                  46.7365561
                ],
                [
                  33.0794319,
                  46.7366149
                ],
                [
                  33.0817064,
                  46.7373796
                ],
                [
                  33.0842813,
                  46.738556
                ],
                [
                  33.0865129,
                  46.7394972
                ],
                [
                  33.0886587,
                  46.7403795
                ],
                [
                  33.0911048,
                  46.7417029
                ],
                [
                  33.0933793,
                  46.7428205
                ],
                [
                  33.097585,
                  46.7434381
                ],
                [
                  33.099522,
                  46.7442009
                ],
                [
                  33.1019406,
                  46.7449608
                ],
                [
                  33.1027406,
                  46.7460536
                ],
                [
                  33.1032985,
                  46.7471122
                ],
                [
                  33.1080192,
                  46.7485531
                ],
                [
                  33.1123966,
                  46.7498176
                ],
                [
                  33.1179924,
                  46.7508341
                ],
                [
                  33.129391,
                  46.7547868
                ],
                [
                  33.1483821,
                  46.7610938
                ],
                [
                  33.1542069,
                  46.7621442
                ],
                [
                  33.160215,
                  46.7637905
                ],
                [
                  33.1667382,
                  46.7675532
                ],
                [
                  33.1748063,
                  46.7730793
                ],
                [
                  33.1827027,
                  46.7707278
                ],
                [
                  33.1878525,
                  46.7695521
                ],
                [
                  33.1993538,
                  46.7675532
                ],
                [
                  33.2158333,
                  46.7656719
                ],
                [
                  33.2287079,
                  46.764496
                ],
                [
                  33.2376343,
                  46.7620266
                ],
                [
                  33.2534464,
                  46.7546535
                ],
                [
                  33.2606561,
                  46.7527717
                ],
                [
                  33.2757623,
                  46.7504194
                ],
                [
                  33.2838304,
                  46.7500665
                ],
                [
                  33.2932718,
                  46.7506546
                ],
                [
                  33.3109529,
                  46.7506546
                ],
                [
                  33.331209,
                  46.7545359
                ],
                [
                  33.3536966,
                  46.7618272
                ],
                [
                  33.3678047,
                  46.7690132
                ],
                [
                  33.3672279,
                  46.772867
                ],
                [
                  33.3714978,
                  46.7764679
                ],
                [
                  33.3770559,
                  46.7767179
                ],
                [
                  33.3868272,
                  46.7654725
                ],
                [
                  33.3971269,
                  46.7674714
                ],
                [
                  33.4048517,
                  46.773938
                ],
                [
                  33.4199579,
                  46.7811091
                ],
                [
                  33.4340341,
                  46.7905124
                ],
                [
                  33.439184,
                  46.7945083
                ],
                [
                  33.4496553,
                  46.8000316
                ],
                [
                  33.4556635,
                  46.8042618
                ],
                [
                  33.459955,
                  46.8095491
                ],
                [
                  33.4623583,
                  46.813661
                ],
                [
                  33.4666498,
                  46.816363
                ],
                [
                  33.4752329,
                  46.8181251
                ],
                [
                  33.481241,
                  46.8189474
                ],
                [
                  33.4863908,
                  46.8195347
                ],
                [
                  33.4944589,
                  46.8200046
                ],
                [
                  33.5063036,
                  46.8212967
                ],
                [
                  33.5160883,
                  46.8210618
                ],
                [
                  33.525873,
                  46.8192998
                ],
                [
                  33.5358293,
                  46.81836
                ],
                [
                  33.556308,
                  46.8176615
                ],
                [
                  33.576564,
                  46.8191886
                ],
                [
                  33.5870354,
                  46.8222427
                ],
                [
                  33.5937302,
                  46.8250617
                ],
                [
                  33.5991649,
                  46.8254974
                ],
                [
                  33.6078064,
                  46.8235347
                ],
                [
                  33.6136429,
                  46.8244744
                ],
                [
                  33.622226,
                  46.8309341
                ],
                [
                  33.6248009,
                  46.834105
                ],
                [
                  33.6289208,
                  46.8375105
                ],
                [
                  33.6314957,
                  46.8403287
                ],
                [
                  33.6344139,
                  46.8447906
                ],
                [
                  33.6380188,
                  46.8520697
                ],
                [
                  33.6400203,
                  46.8581399
                ],
                [
                  33.6369888,
                  46.8687374
                ],
                [
                  33.6352722,
                  46.8774213
                ],
                [
                  33.634988,
                  46.8922597
                ],
                [
                  33.6366187,
                  46.8951924
                ],
                [
                  33.6404811,
                  46.8978902
                ],
                [
                  33.6485492,
                  46.9007639
                ],
                [
                  33.6563598,
                  46.9023473
                ],
                [
                  33.6613063,
                  46.9024924
                ],
                [
                  33.666402,
                  46.9017609
                ],
                [
                  33.6695777,
                  46.9004707
                ],
                [
                  33.6751567,
                  46.8984767
                ],
                [
                  33.6824523,
                  46.8991805
                ],
                [
                  33.6855422,
                  46.9009399
                ],
                [
                  33.6878597,
                  46.9032856
                ],
                [
                  33.6902629,
                  46.9063349
                ],
                [
                  33.691722,
                  46.9094427
                ],
                [
                  33.6914646,
                  46.9126675
                ],
                [
                  33.6900054,
                  46.9154818
                ],
                [
                  33.6890613,
                  46.9206995
                ],
                [
                  33.6942301,
                  46.928105
                ],
                [
                  33.6974058,
                  46.9332629
                ],
                [
                  33.6980066,
                  46.9361347
                ],
                [
                  33.696805,
                  46.9404714
                ],
                [
                  33.6959467,
                  46.9436358
                ],
                [
                  33.6956892,
                  46.9463312
                ],
                [
                  33.69732,
                  46.9490265
                ],
                [
                  33.6998091,
                  46.9518975
                ],
                [
                  33.700324,
                  46.9542996
                ],
                [
                  33.6986074,
                  46.9584005
                ],
                [
                  33.6978349,
                  46.9646098
                ],
                [
                  33.7000665,
                  46.9729268
                ],
                [
                  33.6988939,
                  46.988501
                ],
                [
                  33.6995805,
                  46.9937701
                ],
                [
                  33.7012971,
                  46.9961118
                ],
                [
                  33.704387,
                  46.9992729
                ],
                [
                  33.7079919,
                  47.002785
                ],
                [
                  33.7121118,
                  47.0055946
                ],
                [
                  33.7184633,
                  47.0095745
                ],
                [
                  33.7244714,
                  47.0127348
                ],
                [
                  33.7323678,
                  47.016363
                ],
                [
                  33.7466157,
                  47.0226827
                ],
                [
                  33.7567438,
                  47.0280654
                ],
                [
                  33.7610353,
                  47.0318097
                ],
                [
                  33.7653268,
                  47.0356706
                ],
                [
                  33.77082,
                  47.0396483
                ],
                [
                  33.7742532,
                  47.0414031
                ],
                [
                  33.7852396,
                  47.0449124
                ],
                [
                  33.7914194,
                  47.0481876
                ],
                [
                  33.7974275,
                  47.0526322
                ],
                [
                  33.8049806,
                  47.0588305
                ],
                [
                  33.8109888,
                  47.0643266
                ],
                [
                  33.8164819,
                  47.0694714
                ],
                [
                  33.8263365,
                  47.0808058
                ],
                [
                  33.8285681,
                  47.0833774
                ],
                [
                  33.8310572,
                  47.0853645
                ],
                [
                  33.8337179,
                  47.0875269
                ],
                [
                  33.8357779,
                  47.0897476
                ],
                [
                  33.8391253,
                  47.0932537
                ],
                [
                  33.8417002,
                  47.0972855
                ],
                [
                  33.8444468,
                  47.1015507
                ],
                [
                  33.8460776,
                  47.1045887
                ],
                [
                  33.8474508,
                  47.1076266
                ],
                [
                  33.8486292,
                  47.1134371
                ],
                [
                  33.8495734,
                  47.1158612
                ],
                [
                  33.8503888,
                  47.1181391
                ],
                [
                  33.8512042,
                  47.121731
                ],
                [
                  33.8516762,
                  47.1244174
                ],
                [
                  33.852277,
                  47.1278337
                ],
                [
                  33.8516123,
                  47.1336239
                ],
                [
                  33.8526422,
                  47.1356383
                ],
                [
                  33.8538868,
                  47.137244
                ],
                [
                  33.85629,
                  47.1395501
                ],
                [
                  33.8639719,
                  47.1438995
                ],
                [
                  33.8654739,
                  47.1446876
                ],
                [
                  33.8683922,
                  47.1460887
                ],
                [
                  33.8712246,
                  47.1474021
                ],
                [
                  33.8744432,
                  47.1484529
                ],
                [
                  33.8787348,
                  47.1494744
                ],
                [
                  33.8808805,
                  47.1502624
                ],
                [
                  33.8858158,
                  47.1520719
                ],
                [
                  33.8901503,
                  47.1535603
                ],
                [
                  33.9030249,
                  47.1596302
                ],
                [
                  33.9112646,
                  47.1633652
                ],
                [
                  33.915127,
                  47.1658162
                ],
                [
                  33.9183885,
                  47.1680919
                ],
                [
                  33.9233667,
                  47.1713012
                ],
                [
                  33.9278299,
                  47.1739851
                ],
                [
                  33.9302332,
                  47.1776024
                ],
                [
                  33.9315206,
                  47.1815695
                ],
                [
                  33.9338381,
                  47.1843696
                ],
                [
                  33.9365847,
                  47.1866446
                ],
                [
                  33.9383871,
                  47.1887445
                ],
                [
                  33.9418203,
                  47.1913109
                ],
                [
                  33.9437944,
                  47.1935273
                ],
                [
                  33.9467985,
                  47.1968517
                ],
                [
                  33.9559881,
                  47.202904
                ],
                [
                  33.9637129,
                  47.2077438
                ],
                [
                  33.9687769,
                  47.2129913
                ],
                [
                  33.9751284,
                  47.2182383
                ],
                [
                  33.9783899,
                  47.221153
                ],
                [
                  33.9835398,
                  47.227565
                ],
                [
                  33.9868872,
                  47.2332185
                ],
                [
                  33.9860897,
                  47.2354834
                ],
                [
                  33.9872305,
                  47.2378807
                ],
                [
                  33.9886038,
                  47.2400951
                ],
                [
                  33.9889471,
                  47.2423094
                ],
                [
                  33.9902346,
                  47.2467378
                ],
                [
                  33.9903204,
                  47.2493014
                ],
                [
                  33.9898912,
                  47.2513406
                ],
                [
                  33.9899771,
                  47.2532049
                ],
                [
                  33.9914362,
                  47.2556517
                ],
                [
                  33.9929811,
                  47.2586809
                ],
                [
                  33.9927206,
                  47.2610583
                ],
                [
                  33.9931498,
                  47.2637377
                ],
                [
                  33.9933214,
                  47.2664753
                ],
                [
                  33.9944372,
                  47.2689797
                ],
                [
                  33.9964972,
                  47.2731729
                ],
                [
                  33.9978705,
                  47.2759099
                ],
                [
                  34.0002737,
                  47.2799279
                ],
                [
                  34.0014754,
                  47.2828392
                ],
                [
                  34.0043078,
                  47.2873224
                ],
                [
                  34.0089826,
                  47.2973143
                ],
                [
                  34.0109567,
                  47.3022619
                ],
                [
                  34.0164499,
                  47.3076746
                ],
                [
                  34.0197973,
                  47.3101189
                ],
                [
                  34.0253763,
                  47.3130868
                ],
                [
                  34.0274362,
                  47.3152399
                ],
                [
                  34.028037,
                  47.318673
                ],
                [
                  34.0332727,
                  47.3222222
                ],
                [
                  34.0361051,
                  47.323735
                ],
                [
                  34.0405683,
                  47.3250731
                ],
                [
                  34.0427999,
                  47.3265857
                ],
                [
                  34.0455465,
                  47.3288546
                ],
                [
                  34.0488081,
                  47.3308325
                ],
                [
                  34.0534429,
                  47.3326359
                ],
                [
                  34.0583353,
                  47.3340901
                ],
                [
                  34.0638284,
                  47.3360679
                ],
                [
                  34.0667467,
                  47.3385108
                ],
                [
                  34.0664892,
                  47.3424659
                ],
                [
                  34.0635709,
                  47.3451412
                ],
                [
                  34.0507822,
                  47.3493283
                ],
                [
                  34.046834,
                  47.3485142
                ],
                [
                  34.0401392,
                  47.3464206
                ],
                [
                  34.0382509,
                  47.3417679
                ],
                [
                  34.0318994,
                  47.3373475
                ],
                [
                  34.0276079,
                  47.3345555
                ],
                [
                  34.0238552,
                  47.3353939
                ],
                [
                  34.0176515,
                  47.3411863
                ],
                [
                  34.0169649,
                  47.3460717
                ],
                [
                  34.0181665,
                  47.3488631
                ],
                [
                  34.0221147,
                  47.3557247
                ],
                [
                  34.0298395,
                  47.3690965
                ],
                [
                  34.0369606,
                  47.3822665
                ],
                [
                  34.0409088,
                  47.3917967
                ],
                [
                  34.0412521,
                  47.3971422
                ],
                [
                  34.0410805,
                  47.4034166
                ],
                [
                  34.0417671,
                  47.4064373
                ],
                [
                  34.0446854,
                  47.4089932
                ],
                [
                  34.0427971,
                  47.4121298
                ],
                [
                  34.0446854,
                  47.4153824
                ],
                [
                  34.0470886,
                  47.4185186
                ],
                [
                  34.0563583,
                  47.4210739
                ],
                [
                  34.0633373,
                  47.4225737
                ],
                [
                  34.0730095,
                  47.4221192
                ],
                [
                  34.0815926,
                  47.4220031
                ],
                [
                  34.0962963,
                  47.4197862
                ],
                [
                  34.1130066,
                  47.4173571
                ],
                [
                  34.1250229,
                  47.4163116
                ],
                [
                  34.130516,
                  47.4167763
                ],
                [
                  34.1351509,
                  47.4186347
                ],
                [
                  34.1418457,
                  47.4225838
                ],
                [
                  34.1487122,
                  47.4225838
                ],
                [
                  34.1546611,
                  47.4221092
                ],
                [
                  34.164505,
                  47.4189832
                ],
                [
                  34.1722298,
                  47.4166601
                ],
                [
                  34.1806412,
                  47.4137561
                ],
                [
                  34.196949,
                  47.4099226
                ],
                [
                  34.2060471,
                  47.4094579
                ],
                [
                  34.2106819,
                  47.4109681
                ],
                [
                  34.2141151,
                  47.4139884
                ],
                [
                  34.2185783,
                  47.4172409
                ],
                [
                  34.2218399,
                  47.418054
                ],
                [
                  34.228363,
                  47.4196801
                ],
                [
                  34.2338562,
                  47.4218869
                ],
                [
                  34.2452372,
                  47.4275648
                ],
                [
                  34.2562235,
                  47.4333421
                ],
                [
                  34.2591847,
                  47.4339517
                ],
                [
                  34.2621029,
                  47.4344452
                ],
                [
                  34.265622,
                  47.4354612
                ],
                [
                  34.2687548,
                  47.4355774
                ],
                [
                  34.2728747,
                  47.4355483
                ],
                [
                  34.2789258,
                  47.4339808
                ],
                [
                  34.2825306,
                  47.4315132
                ],
                [
                  34.2862214,
                  47.428581
                ],
                [
                  34.2891825,
                  47.4264906
                ],
                [
                  34.2914999,
                  47.4252421
                ],
                [
                  34.294032,
                  47.4258809
                ],
                [
                  34.2958773,
                  47.426839
                ],
                [
                  34.2992676,
                  47.4273616
                ],
                [
                  34.3026579,
                  47.4280584
                ],
                [
                  34.3068207,
                  47.4297423
                ],
                [
                  34.3121118,
                  47.4317461
                ],
                [
                  34.318592,
                  47.4334008
                ],
                [
                  34.3230981,
                  47.4352878
                ],
                [
                  34.325716,
                  47.4363908
                ],
                [
                  34.3288059,
                  47.4380454
                ],
                [
                  34.3313808,
                  47.4404256
                ],
                [
                  34.3346853,
                  47.4445762
                ],
                [
                  34.3359298,
                  47.445621
                ],
                [
                  34.3393201,
                  47.4476236
                ],
                [
                  34.342453,
                  47.4499453
                ],
                [
                  34.34344,
                  47.4521218
                ],
                [
                  34.3397568,
                  47.4641207
                ],
                [
                  34.3410443,
                  47.4676891
                ],
                [
                  34.3425463,
                  47.4695748
                ],
                [
                  34.3452929,
                  47.4729109
                ],
                [
                  34.3470524,
                  47.4755505
                ],
                [
                  34.3499707,
                  47.4781611
                ],
                [
                  34.351859,
                  47.4799594
                ],
                [
                  34.354348,
                  47.4815546
                ],
                [
                  34.3593177,
                  47.4829333
                ],
                [
                  34.3625792,
                  47.4823532
                ],
                [
                  34.3661841,
                  47.4839774
                ],
                [
                  34.3701323,
                  47.4858915
                ],
                [
                  34.3722781,
                  47.4875735
                ],
                [
                  34.3727931,
                  47.4898354
                ],
                [
                  34.3765696,
                  47.4936052
                ],
                [
                  34.3810328,
                  47.4983604
                ],
                [
                  34.3816337,
                  47.5005059
                ],
                [
                  34.380947,
                  47.5032892
                ],
                [
                  34.3754538,
                  47.5035791
                ],
                [
                  34.3739947,
                  47.5048547
                ],
                [
                  34.3773421,
                  47.5077536
                ],
                [
                  34.3812903,
                  47.5103626
                ],
                [
                  34.3853244,
                  47.5118119
                ],
                [
                  34.3908175,
                  47.5101887
                ],
                [
                  34.3933066,
                  47.5069419
                ],
                [
                  34.3983706,
                  47.5035211
                ],
                [
                  34.4046363,
                  47.5017236
                ],
                [
                  34.4089278,
                  47.5001
                ],
                [
                  34.4162234,
                  47.4985344
                ],
                [
                  34.4243773,
                  47.4974326
                ],
                [
                  34.4321021,
                  47.4964468
                ],
                [
                  34.454161,
                  47.4980122
                ],
                [
                  34.4668639,
                  47.4989401
                ],
                [
                  34.4812835,
                  47.4987081
                ],
                [
                  34.492184,
                  47.4988241
                ],
                [
                  34.5011962,
                  47.4987081
                ],
                [
                  34.5074618,
                  47.5006217
                ],
                [
                  34.5103801,
                  47.5045066
                ],
                [
                  34.51347,
                  47.5083912
                ],
                [
                  34.5200789,
                  47.5127972
                ],
                [
                  34.5233405,
                  47.5181304
                ],
                [
                  34.5260013,
                  47.5217242
                ],
                [
                  34.528662,
                  47.5246223
                ],
                [
                  34.5329536,
                  47.5293747
                ],
                [
                  34.53879,
                  47.5308815
                ],
                [
                  34.5455707,
                  47.5309394
                ],
                [
                  34.549948,
                  47.5289111
                ],
                [
                  34.5581019,
                  47.5266508
                ],
                [
                  34.565655,
                  47.5250859
                ],
                [
                  34.5724357,
                  47.5229994
                ],
                [
                  34.5738948,
                  47.5213764
                ],
                [
                  34.5769847,
                  47.5198114
                ],
                [
                  34.5837653,
                  47.5213764
                ],
                [
                  34.5902026,
                  47.5206809
                ],
                [
                  34.5922626,
                  47.5213764
                ],
                [
                  34.5953525,
                  47.5238688
                ],
                [
                  34.6011889,
                  47.5245643
                ],
                [
                  34.6048797,
                  47.5259553
                ],
                [
                  34.6124328,
                  47.5269406
                ],
                [
                  34.6171535,
                  47.5271724
                ],
                [
                  34.6290839,
                  47.5283895
                ],
                [
                  34.6363795,
                  47.5301281
                ],
                [
                  34.6420444,
                  47.5377194
                ],
                [
                  34.6477092,
                  47.5365605
                ],
                [
                  34.6502841,
                  47.5308235
                ],
                [
                  34.6553481,
                  47.5265349
                ],
                [
                  34.6657336,
                  47.5215503
                ],
                [
                  34.670626,
                  47.517145
                ],
                [
                  34.6773208,
                  47.5100145
                ],
                [
                  34.6787799,
                  47.5078114
                ],
                [
                  34.6761739,
                  47.5000233
                ],
                [
                  34.6761739,
                  47.4944563
                ],
                [
                  34.6868169,
                  47.4917886
                ],
                [
                  34.6988332,
                  47.4912086
                ],
                [
                  34.7083437,
                  47.4888832
                ],
                [
                  34.7182309,
                  47.4893527
                ],
                [
                  34.7271573,
                  47.4923685
                ],
                [
                  34.7357404,
                  47.4916726
                ],
                [
                  34.7463834,
                  47.4905126
                ],
                [
                  34.7520482,
                  47.4895847
                ],
                [
                  34.7583997,
                  47.4823925
                ],
                [
                  34.7748792,
                  47.474155
                ],
                [
                  34.781059,
                  47.4714862
                ],
                [
                  34.7920453,
                  47.4675409
                ],
                [
                  34.8008001,
                  47.46551
                ],
                [
                  34.8095548,
                  47.465336
                ],
                [
                  34.8162496,
                  47.4641755
                ],
                [
                  34.8209703,
                  47.463189
                ],
                [
                  34.8250902,
                  47.4628989
                ],
                [
                  34.83024,
                  47.4606938
                ],
                [
                  34.8377073,
                  47.4572119
                ],
                [
                  34.8412263,
                  47.4558191
                ],
                [
                  34.845432,
                  47.4539619
                ],
                [
                  34.851526,
                  47.4514663
                ],
                [
                  34.8561609,
                  47.449667
                ],
                [
                  34.8592508,
                  47.4491446
                ],
                [
                  34.8636281,
                  47.4493187
                ],
                [
                  34.8669755,
                  47.4494348
                ],
                [
                  34.8731553,
                  47.4471131
                ],
                [
                  34.874872,
                  47.4446751
                ],
                [
                  34.8739278,
                  47.441018
                ],
                [
                  34.8724687,
                  47.4380573
                ],
                [
                  34.8680304,
                  47.4314548
                ],
                [
                  34.8656271,
                  47.4290162
                ],
                [
                  34.864168,
                  47.4261709
                ],
                [
                  34.8633955,
                  47.4241385
                ],
                [
                  34.8647688,
                  47.420538
                ],
                [
                  34.8669146,
                  47.4175181
                ],
                [
                  34.869747,
                  47.4142076
                ],
                [
                  34.8731802,
                  47.4108388
                ],
                [
                  34.8757551,
                  47.408922
                ],
                [
                  34.8797892,
                  47.4071793
                ],
                [
                  34.8869131,
                  47.4043329
                ],
                [
                  34.892063,
                  47.4023577
                ],
                [
                  34.9030493,
                  47.3992205
                ],
                [
                  34.9089716,
                  47.3974195
                ],
                [
                  34.9145506,
                  47.3961413
                ],
                [
                  34.9222754,
                  47.3943982
                ],
                [
                  34.9319742,
                  47.3922484
                ],
                [
                  34.9385832,
                  47.39097
                ],
                [
                  34.9433897,
                  47.3895174
                ],
                [
                  34.9524077,
                  47.3889718
                ],
                [
                  34.9632223,
                  47.3892042
                ],
                [
                  34.9683722,
                  47.3893204
                ],
                [
                  34.9742945,
                  47.3906569
                ],
                [
                  34.9778135,
                  47.3924001
                ],
                [
                  34.9843367,
                  47.3954215
                ],
                [
                  35.0045927,
                  47.4048331
                ],
                [
                  35.0114592,
                  47.4079119
                ],
                [
                  35.0164374,
                  47.4109324
                ],
                [
                  35.023733,
                  47.4140108
                ],
                [
                  35.0285395,
                  47.4174374
                ],
                [
                  35.0305994,
                  47.4200509
                ],
                [
                  35.0466324,
                  47.4378841
                ],
                [
                  35.053413,
                  47.4428766
                ],
                [
                  35.0560738,
                  47.4444439
                ],
                [
                  35.0596787,
                  47.4462434
                ],
                [
                  35.0628544,
                  47.4488554
                ],
                [
                  35.0695492,
                  47.4502484
                ],
                [
                  35.0774456,
                  47.4508288
                ],
                [
                  35.0865437,
                  47.451119
                ],
                [
                  35.1024784,
                  47.4503586
                ],
                [
                  35.1173569,
                  47.4501323
                ],
                [
                  35.1247383,
                  47.4495519
                ],
                [
                  35.1364113,
                  47.4478106
                ],
                [
                  35.1458527,
                  47.4467658
                ],
                [
                  35.1640522,
                  47.4452974
                ],
                [
                  35.1739228,
                  47.4447169
                ],
                [
                  35.1809609,
                  47.4454715
                ],
                [
                  35.1940071,
                  47.4450652
                ],
                [
                  35.2019894,
                  47.4451813
                ],
                [
                  35.2134049,
                  47.448664
                ],
                [
                  35.2220738,
                  47.4519723
                ],
                [
                  35.2271378,
                  47.4547581
                ],
                [
                  35.2360642,
                  47.4598651
                ],
                [
                  35.2396691,
                  47.4625925
                ],
                [
                  35.2530933,
                  47.4674238
                ],
                [
                  35.2581573,
                  47.4699187
                ],
                [
                  35.2616764,
                  47.4721234
                ],
                [
                  35.2667404,
                  47.4728776
                ],
                [
                  35.2695728,
                  47.4724134
                ],
                [
                  35.2694012,
                  47.4700347
                ],
                [
                  35.2680279,
                  47.4651028
                ],
                [
                  35.2680279,
                  47.4623756
                ],
                [
                  35.267427,
                  47.459358
                ],
                [
                  35.2671696,
                  47.4565725
                ],
                [
                  35.2715469,
                  47.4577331
                ],
                [
                  35.2738643,
                  47.4601124
                ],
                [
                  35.2784134,
                  47.4636522
                ],
                [
                  35.2829624,
                  47.4687583
                ],
                [
                  35.2830482,
                  47.4725875
                ],
                [
                  35.2803875,
                  47.4784468
                ],
                [
                  35.2781559,
                  47.4827974
                ],
                [
                  35.2749725,
                  47.490744
                ],
                [
                  35.2744575,
                  47.4939917
                ],
                [
                  35.2765174,
                  47.4977611
                ],
                [
                  35.2796932,
                  47.5021101
                ],
                [
                  35.284843,
                  47.5050672
                ],
                [
                  35.2917095,
                  47.5075603
                ],
                [
                  35.2976318,
                  47.5098794
                ],
                [
                  35.3053566,
                  47.5118505
                ],
                [
                  35.3113647,
                  47.5126042
                ],
                [
                  35.3172779,
                  47.5138139
                ],
                [
                  35.3234148,
                  47.5172051
                ],
                [
                  35.3279209,
                  47.5190311
                ],
                [
                  35.3304529,
                  47.5208569
                ],
                [
                  35.3331137,
                  47.5236101
                ],
                [
                  35.3358602,
                  47.5259575
                ],
                [
                  35.3373194,
                  47.5281308
                ],
                [
                  35.3374481,
                  47.5301882
                ],
                [
                  35.3316917,
                  47.5476976
                ],
                [
                  35.3299321,
                  47.5550547
                ],
                [
                  35.3278714,
                  47.5639085
                ],
                [
                  35.325554,
                  47.5680783
                ],
                [
                  35.3228932,
                  47.570858
                ],
                [
                  35.3207475,
                  47.5724215
                ],
                [
                  35.3174001,
                  47.5743323
                ],
                [
                  35.3122502,
                  47.5761273
                ],
                [
                  35.3087312,
                  47.5779223
                ],
                [
                  35.3047697,
                  47.5792175
                ],
                [
                  35.3010922,
                  47.5805277
                ],
                [
                  35.2989332,
                  47.5820978
                ],
                [
                  35.2964148,
                  47.5847169
                ],
                [
                  35.2858905,
                  47.6000601
                ],
                [
                  35.2837006,
                  47.6031288
                ],
                [
                  35.2800822,
                  47.608385
                ],
                [
                  35.2810198,
                  47.6096962
                ],
                [
                  35.282215,
                  47.6162731
                ],
                [
                  35.2802619,
                  47.6227558
                ],
                [
                  35.2801331,
                  47.6269787
                ],
                [
                  35.2779444,
                  47.6311145
                ],
                [
                  35.2779015,
                  47.6330522
                ],
                [
                  35.2788548,
                  47.6388953
                ],
                [
                  35.2794675,
                  47.6405424
                ],
                [
                  35.2799084,
                  47.6412639
                ],
                [
                  35.3144007,
                  47.6274527
                ],
                [
                  35.3159263,
                  47.6295368
                ],
                [
                  35.3365906,
                  47.6212654
                ],
                [
                  35.3384375,
                  47.6233494
                ],
                [
                  35.3455097,
                  47.6209079
                ],
                [
                  35.3493193,
                  47.6073215
                ],
                [
                  35.3516528,
                  47.5991972
                ],
                [
                  35.358192,
                  47.599321
                ],
                [
                  35.3589225,
                  47.5918839
                ],
                [
                  35.3829114,
                  47.5927805
                ],
                [
                  35.4020582,
                  47.5965883
                ],
                [
                  35.406057,
                  47.602856
                ],
                [
                  35.4075285,
                  47.6048285
                ],
                [
                  35.4138905,
                  47.604961
                ],
                [
                  35.4273121,
                  47.6038931
                ],
                [
                  35.4275801,
                  47.6000321
                ],
                [
                  35.4368882,
                  47.6001177
                ],
                [
                  35.4632776,
                  47.6005214
                ],
                [
                  35.4633371,
                  47.6026029
                ],
                [
                  35.4734406,
                  47.6148689
                ],
                [
                  35.476338,
                  47.6180553
                ],
                [
                  35.4892983,
                  47.6127471
                ],
                [
                  35.4998995,
                  47.6117249
                ],
                [
                  35.4994705,
                  47.611262
                ],
                [
                  35.5025879,
                  47.6036755
                ],
                [
                  35.5088965,
                  47.6035018
                ],
                [
                  35.5089179,
                  47.5998992
                ],
                [
                  35.5032917,
                  47.5996408
                ],
                [
                  35.5041929,
                  47.5922321
                ],
                [
                  35.506087,
                  47.5898683
                ],
                [
                  35.5073745,
                  47.5826319
                ],
                [
                  35.5072723,
                  47.576474
                ],
                [
                  35.506602,
                  47.5718044
                ],
                [
                  35.5087477,
                  47.568272
                ],
                [
                  35.5095202,
                  47.5619014
                ],
                [
                  35.5052287,
                  47.5572677
                ],
                [
                  35.5073054,
                  47.5478956
                ],
                [
                  35.5074936,
                  47.5447801
                ],
                [
                  35.5190174,
                  47.5451869
                ],
                [
                  35.5389868,
                  47.5476413
                ],
                [
                  35.5586849,
                  47.5490606
                ],
                [
                  35.5627588,
                  47.5483581
                ],
                [
                  35.5635773,
                  47.5482785
                ],
                [
                  35.5800568,
                  47.5484813
                ],
                [
                  35.5851208,
                  47.5488579
                ],
                [
                  35.5897127,
                  47.5485682
                ],
                [
                  35.5938326,
                  47.5490316
                ],
                [
                  35.5949024,
                  47.5441288
                ],
                [
                  35.5960183,
                  47.5404207
                ],
                [
                  35.5965762,
                  47.5377843
                ],
                [
                  35.5978455,
                  47.5318582
                ],
                [
                  35.5958284,
                  47.5302935
                ],
                [
                  35.6025233,
                  47.5211941
                ],
                [
                  35.6087741,
                  47.5226748
                ],
                [
                  35.6144389,
                  47.5146756
                ],
                [
                  35.6287875,
                  47.519687
                ],
                [
                  35.6304418,
                  47.51683
                ],
                [
                  35.674709,
                  47.5307259
                ],
                [
                  35.680715,
                  47.523049
                ],
                [
                  35.6991395,
                  47.5284769
                ],
                [
                  35.7052335,
                  47.5265354
                ],
                [
                  35.7127007,
                  47.5287377
                ],
                [
                  35.7131299,
                  47.5238693
                ],
                [
                  35.714589,
                  47.5190004
                ],
                [
                  35.7224609,
                  47.5197044
                ],
                [
                  35.7445194,
                  47.5034138
                ],
                [
                  35.7473413,
                  47.5003454
                ],
                [
                  35.7545511,
                  47.4966922
                ],
                [
                  35.7588426,
                  47.4955613
                ],
                [
                  35.7588426,
                  47.4941985
                ],
                [
                  35.7562312,
                  47.4878285
                ],
                [
                  35.7638131,
                  47.4877415
                ],
                [
                  35.7660159,
                  47.4874225
                ],
                [
                  35.763212,
                  47.4823476
                ],
                [
                  35.7754851,
                  47.481594
                ],
                [
                  35.7756141,
                  47.4808978
                ],
                [
                  35.7812359,
                  47.4806078
                ],
                [
                  35.8079812,
                  47.4821792
                ],
                [
                  35.8097055,
                  47.4836436
                ],
                [
                  35.8064421,
                  47.4882925
                ],
                [
                  35.8056697,
                  47.4907864
                ],
                [
                  35.8068713,
                  47.4943821
                ],
                [
                  35.8088454,
                  47.4977455
                ],
                [
                  35.8157733,
                  47.5123488
                ],
                [
                  35.8122971,
                  47.5137981
                ],
                [
                  35.8136275,
                  47.5146966
                ],
                [
                  35.8157245,
                  47.5181087
                ],
                [
                  35.8186428,
                  47.5200795
                ],
                [
                  35.8227626,
                  47.5211374
                ],
                [
                  35.8257604,
                  47.5217177
                ],
                [
                  35.8273849,
                  47.5187043
                ],
                [
                  35.8345644,
                  47.5189202
                ],
                [
                  35.8354946,
                  47.5150025
                ],
                [
                  35.8374397,
                  47.5067171
                ],
                [
                  35.8389552,
                  47.5059552
                ],
                [
                  35.8428605,
                  47.5050565
                ],
                [
                  35.8467624,
                  47.4956691
                ],
                [
                  35.8451746,
                  47.4885357
                ],
                [
                  35.8491,
                  47.4845224
                ],
                [
                  35.8574832,
                  47.4802567
                ],
                [
                  35.8698572,
                  47.4793252
                ],
                [
                  35.8710744,
                  47.4891825
                ],
                [
                  35.8870985,
                  47.4842685
                ],
                [
                  35.9065922,
                  47.4817542
                ],
                [
                  35.9164013,
                  47.4819216
                ],
                [
                  35.9157521,
                  47.4946868
                ],
                [
                  35.9316768,
                  47.493335
                ],
                [
                  35.9309825,
                  47.5160088
                ],
                [
                  35.9303633,
                  47.5212796
                ],
                [
                  35.9296338,
                  47.5242646
                ],
                [
                  35.915243,
                  47.5246418
                ],
                [
                  35.9139985,
                  47.5238884
                ],
                [
                  35.902583,
                  47.5262067
                ],
                [
                  35.9016388,
                  47.5267863
                ],
                [
                  35.9029263,
                  47.5293943
                ],
                [
                  35.9076485,
                  47.5295729
                ],
                [
                  35.9085911,
                  47.5298289
                ],
                [
                  35.9105686,
                  47.5298673
                ],
                [
                  35.9143022,
                  47.53601
                ],
                [
                  35.9275046,
                  47.5336957
                ],
                [
                  35.9367514,
                  47.5313177
                ],
                [
                  35.9426308,
                  47.5314626
                ],
                [
                  35.9447561,
                  47.5281599
                ],
                [
                  35.9456788,
                  47.5275079
                ],
                [
                  35.9462786,
                  47.5261018
                ],
                [
                  35.9610706,
                  47.5208059
                ],
                [
                  35.9716708,
                  47.5196177
                ],
                [
                  35.9814788,
                  47.5187923
                ],
                [
                  35.9819842,
                  47.5192623
                ],
                [
                  35.9820918,
                  47.5277622
                ],
                [
                  35.9920053,
                  47.5291675
                ],
                [
                  35.9981422,
                  47.5295877
                ],
                [
                  35.9987001,
                  47.532297
                ],
                [
                  36.0013179,
                  47.5337312
                ],
                [
                  36.0126261,
                  47.5338181
                ],
                [
                  36.0158662,
                  47.5286749
                ],
                [
                  36.0342418,
                  47.528833
                ],
                [
                  36.0547257,
                  47.5254063
                ],
                [
                  36.0584803,
                  47.525202
                ],
                [
                  36.064096,
                  47.5240114
                ],
                [
                  36.070056,
                  47.5346437
                ],
                [
                  36.0783021,
                  47.5542116
                ],
                [
                  36.0795832,
                  47.5625672
                ],
                [
                  36.0942601,
                  47.5638993
                ],
                [
                  36.1033582,
                  47.5644205
                ],
                [
                  36.1032724,
                  47.566795
                ],
                [
                  36.1273048,
                  47.5687937
                ],
                [
                  36.1389778,
                  47.5718332
                ],
                [
                  36.1518953,
                  47.5716595
                ],
                [
                  36.1546525,
                  47.5754891
                ],
                [
                  36.1541482,
                  47.5787969
                ],
                [
                  36.1713358,
                  47.5803166
                ],
                [
                  36.1702266,
                  47.5841248
                ],
                [
                  36.185794,
                  47.5842481
                ],
                [
                  36.1857405,
                  47.5863103
                ],
                [
                  36.1990652,
                  47.5872655
                ],
                [
                  36.1977137,
                  47.5937777
                ],
                [
                  36.2050095,
                  47.5936908
                ],
                [
                  36.2081852,
                  47.5943565
                ],
                [
                  36.2077373,
                  47.6004778
                ],
                [
                  36.2107243,
                  47.6016242
                ],
                [
                  36.2126814,
                  47.6018735
                ],
                [
                  36.2196857,
                  47.6028637
                ],
                [
                  36.2197911,
                  47.612657
                ],
                [
                  36.2203919,
                  47.6130331
                ],
                [
                  36.2308203,
                  47.6150582
                ],
                [
                  36.2430941,
                  47.6167939
                ],
                [
                  36.2440689,
                  47.6246203
                ],
                [
                  36.2473305,
                  47.6273102
                ],
                [
                  36.2467726,
                  47.6301735
                ],
                [
                  36.2509354,
                  47.6309544
                ],
                [
                  36.2494333,
                  47.6397166
                ],
                [
                  36.2399721,
                  47.6389286
                ],
                [
                  36.2395645,
                  47.6384225
                ],
                [
                  36.2192346,
                  47.6356461
                ],
                [
                  36.2145197,
                  47.6421375
                ],
                [
                  36.1988814,
                  47.6379666
                ],
                [
                  36.1979801,
                  47.6390654
                ],
                [
                  36.1963064,
                  47.6393546
                ],
                [
                  36.1857011,
                  47.6358886
                ],
                [
                  36.181175,
                  47.634425
                ],
                [
                  36.1805313,
                  47.6345696
                ],
                [
                  36.1794155,
                  47.6351768
                ],
                [
                  36.1780422,
                  47.6347142
                ],
                [
                  36.1743086,
                  47.6384445
                ],
                [
                  36.1722486,
                  47.6390518
                ],
                [
                  36.1670558,
                  47.6433022
                ],
                [
                  36.1716907,
                  47.645066
                ],
                [
                  36.1732786,
                  47.6445456
                ],
                [
                  36.1754244,
                  47.6446612
                ],
                [
                  36.1803339,
                  47.6443196
                ],
                [
                  36.1869846,
                  47.6460194
                ],
                [
                  36.1851271,
                  47.6491789
                ],
                [
                  36.1946595,
                  47.6524078
                ],
                [
                  36.1956459,
                  47.6574959
                ],
                [
                  36.1981428,
                  47.6595359
                ],
                [
                  36.1882722,
                  47.6742464
                ],
                [
                  36.1787897,
                  47.6715703
                ],
                [
                  36.1728849,
                  47.670068
                ],
                [
                  36.1782064,
                  47.6616288
                ],
                [
                  36.1703529,
                  47.6590274
                ],
                [
                  36.1714312,
                  47.6539722
                ],
                [
                  36.1723377,
                  47.6515765
                ],
                [
                  36.1702027,
                  47.6509188
                ],
                [
                  36.1684432,
                  47.6533761
                ],
                [
                  36.1653211,
                  47.6525595
                ],
                [
                  36.1632289,
                  47.6559344
                ],
                [
                  36.1668124,
                  47.6570003
                ],
                [
                  36.1673274,
                  47.6572135
                ],
                [
                  36.1656751,
                  47.6597934
                ],
                [
                  36.1619844,
                  47.6620046
                ],
                [
                  36.1590662,
                  47.6646781
                ],
                [
                  36.1587228,
                  47.6657619
                ],
                [
                  36.1594095,
                  47.6670624
                ],
                [
                  36.1691942,
                  47.6698946
                ],
                [
                  36.1646061,
                  47.6750233
                ],
                [
                  36.1616876,
                  47.6773929
                ],
                [
                  36.1600494,
                  47.6788627
                ],
                [
                  36.1530879,
                  47.6898097
                ],
                [
                  36.1609843,
                  47.6926984
                ],
                [
                  36.1531203,
                  47.7008356
                ],
                [
                  36.1477393,
                  47.7005171
                ],
                [
                  36.1457859,
                  47.7040087
                ],
                [
                  36.1457137,
                  47.7050656
                ],
                [
                  36.1584944,
                  47.7077653
                ],
                [
                  36.1582798,
                  47.7084873
                ],
                [
                  36.157207,
                  47.7107397
                ],
                [
                  36.1681933,
                  47.7145513
                ],
                [
                  36.16785,
                  47.7157929
                ],
                [
                  36.168365,
                  47.7175253
                ],
                [
                  36.1595442,
                  47.7287014
                ],
                [
                  36.1626341,
                  47.7287302
                ],
                [
                  36.1643507,
                  47.7286148
                ],
                [
                  36.1655523,
                  47.7288746
                ],
                [
                  36.1685135,
                  47.730289
                ],
                [
                  36.1706593,
                  47.7308086
                ],
                [
                  36.1747947,
                  47.7313213
                ],
                [
                  36.1784463,
                  47.7323024
                ],
                [
                  36.1862803,
                  47.7279433
                ],
                [
                  36.1975473,
                  47.7309731
                ],
                [
                  36.2111794,
                  47.7324844
                ],
                [
                  36.208986,
                  47.7619809
                ],
                [
                  36.2440647,
                  47.7649627
                ],
                [
                  36.2431177,
                  47.7698908
                ],
                [
                  36.2828572,
                  47.7723927
                ],
                [
                  36.2825378,
                  47.7777356
                ],
                [
                  36.2810201,
                  47.7884226
                ],
                [
                  36.2446794,
                  47.7927316
                ],
                [
                  36.2214329,
                  47.791663
                ],
                [
                  36.2197405,
                  47.7989827
                ],
                [
                  36.2187484,
                  47.8040456
                ],
                [
                  36.2253766,
                  47.8077876
                ],
                [
                  36.2333788,
                  47.8092234
                ],
                [
                  36.2335504,
                  47.8068022
                ],
                [
                  36.2346654,
                  47.8033367
                ],
                [
                  36.2345197,
                  47.8004611
                ],
                [
                  36.2442315,
                  47.8003776
                ],
                [
                  36.2656158,
                  47.8013885
                ],
                [
                  36.2663977,
                  47.8038774
                ],
                [
                  36.2795929,
                  47.808795
                ],
                [
                  36.2904359,
                  47.8114167
                ],
                [
                  36.2908366,
                  47.8145429
                ],
                [
                  36.2964733,
                  47.8152482
                ],
                [
                  36.2951936,
                  47.8215892
                ],
                [
                  36.293207,
                  47.8370804
                ],
                [
                  36.2929355,
                  47.8433518
                ],
                [
                  36.2850394,
                  47.8436487
                ],
                [
                  36.2736167,
                  47.8451656
                ],
                [
                  36.2640895,
                  47.8473257
                ],
                [
                  36.2499851,
                  47.846751
                ],
                [
                  36.2492863,
                  47.8517972
                ],
                [
                  36.2362312,
                  47.8509031
                ],
                [
                  36.2123765,
                  47.8529492
                ],
                [
                  36.1961141,
                  47.8539409
                ],
                [
                  36.1966404,
                  47.8579417
                ],
                [
                  36.1960396,
                  47.8588343
                ],
                [
                  36.1937222,
                  47.8600149
                ],
                [
                  36.1922631,
                  47.8610802
                ],
                [
                  36.1899456,
                  47.861944
                ],
                [
                  36.1870703,
                  47.8617425
                ],
                [
                  36.1827359,
                  47.8649384
                ],
                [
                  36.1814484,
                  47.8685659
                ],
                [
                  36.1835512,
                  47.870466
                ],
                [
                  36.1859545,
                  47.8728842
                ],
                [
                  36.1867478,
                  47.8764537
                ],
                [
                  36.1857399,
                  47.8804832
                ],
                [
                  36.1853108,
                  47.8896352
                ],
                [
                  36.1894304,
                  47.8972318
                ],
                [
                  36.1924047,
                  47.8977579
                ],
                [
                  36.1934218,
                  47.8981239
                ],
                [
                  36.1938363,
                  47.8994267
                ],
                [
                  36.1931728,
                  47.9009945
                ],
                [
                  36.1932705,
                  47.901644
                ],
                [
                  36.192376,
                  47.9022707
                ],
                [
                  36.1887519,
                  47.9021864
                ],
                [
                  36.1879393,
                  47.9026482
                ],
                [
                  36.1851764,
                  47.9042917
                ],
                [
                  36.1894515,
                  47.9065967
                ],
                [
                  36.1954276,
                  47.9055544
                ],
                [
                  36.2102442,
                  47.9060646
                ],
                [
                  36.2125191,
                  47.9056905
                ],
                [
                  36.2163223,
                  47.8995485
                ],
                [
                  36.2198234,
                  47.8972342
                ],
                [
                  36.2227006,
                  47.8982975
                ],
                [
                  36.2242466,
                  47.8989564
                ],
                [
                  36.231911,
                  47.8927832
                ],
                [
                  36.238974,
                  47.8965653
                ],
                [
                  36.2674037,
                  47.8861291
                ],
                [
                  36.2701246,
                  47.8877768
                ],
                [
                  36.2753331,
                  47.8860884
                ],
                [
                  36.2789964,
                  47.8846876
                ],
                [
                  36.2802486,
                  47.8824833
                ],
                [
                  36.2815006,
                  47.8774009
                ],
                [
                  36.2859356,
                  47.8773962
                ],
                [
                  36.2921445,
                  47.8783649
                ],
                [
                  36.3014433,
                  47.8779515
                ],
                [
                  36.3154197,
                  47.8797997
                ],
                [
                  36.3179678,
                  47.8759905
                ],
                [
                  36.3246349,
                  47.8716053
                ],
                [
                  36.3337644,
                  47.8597815
                ],
                [
                  36.3493614,
                  47.8544232
                ],
                [
                  36.350551,
                  47.8524919
                ],
                [
                  36.3630699,
                  47.8506753
                ],
                [
                  36.3706463,
                  47.84984
                ],
                [
                  36.3731063,
                  47.8495659
                ],
                [
                  36.3788711,
                  47.8502455
                ],
                [
                  36.3783707,
                  47.8563979
                ],
                [
                  36.3930828,
                  47.8574389
                ],
                [
                  36.3940238,
                  47.8515179
                ],
                [
                  36.3953331,
                  47.8467021
                ],
                [
                  36.4045385,
                  47.8476462
                ],
                [
                  36.4068988,
                  47.8412413
                ],
                [
                  36.4075201,
                  47.8391479
                ],
                [
                  36.4093028995678,
                  47.8287948639459
                ],
                [
                  36.4108834,
                  47.8285439
                ],
                [
                  36.4124986,
                  47.8283846
                ],
                [
                  36.4139678,
                  47.8278942
                ],
                [
                  36.4156041,
                  47.8279677
                ],
                [
                  36.4174111,
                  47.828225
                ],
                [
                  36.4191761,
                  47.828289
                ],
                [
                  36.419651,
                  47.8284723
                ],
                [
                  36.4210543,
                  47.8289184
                ],
                [
                  36.4221701,
                  47.8291201
                ],
                [
                  36.4235005,
                  47.8290337
                ],
                [
                  36.4252171,
                  47.8289761
                ],
                [
                  36.4261183,
                  47.8288608
                ],
                [
                  36.4272717,
                  47.8284287
                ],
                [
                  36.4283928,
                  47.82791
                ],
                [
                  36.4296803,
                  47.8274779
                ],
                [
                  36.4304957,
                  47.8271033
                ],
                [
                  36.4314398,
                  47.8266711
                ],
                [
                  36.4329419,
                  47.8267576
                ],
                [
                  36.4338002,
                  47.8270457
                ],
                [
                  36.4351367,
                  47.8290761
                ],
                [
                  36.4373317,
                  47.8305586
                ],
                [
                  36.4345986,
                  47.8400058
                ],
                [
                  36.4399393,
                  47.840698
                ],
                [
                  36.4473178,
                  47.840213
                ],
                [
                  36.4518643,
                  47.840765
                ],
                [
                  36.4487079,
                  47.8507204
                ],
                [
                  36.4480401,
                  47.8550311
                ],
                [
                  36.4558496,
                  47.8560193
                ],
                [
                  36.4624576,
                  47.8567192
                ],
                [
                  36.4636212,
                  47.8575126
                ],
                [
                  36.4672746,
                  47.8690457
                ],
                [
                  36.4599895,
                  47.8724181
                ],
                [
                  36.4588091,
                  47.8753054
                ],
                [
                  36.4408683,
                  47.8767792
                ],
                [
                  36.4406924,
                  47.8790359
                ],
                [
                  36.4505578,
                  47.8797479
                ],
                [
                  36.4635169,
                  47.8817174
                ],
                [
                  36.4606403,
                  47.8958023
                ],
                [
                  36.4709143,
                  47.8971135
                ],
                [
                  36.4730332,
                  47.886339
                ],
                [
                  36.4860061,
                  47.8848968
                ],
                [
                  36.4989364,
                  47.8822843
                ],
                [
                  36.5033654,
                  47.8782909
                ],
                [
                  36.5180509,
                  47.8790936
                ],
                [
                  36.515572,
                  47.8925598
                ],
                [
                  36.5179959,
                  47.8927847
                ],
                [
                  36.5201813,
                  47.8795921
                ],
                [
                  36.5385206,
                  47.8815714
                ],
                [
                  36.5474017,
                  47.8838801
                ],
                [
                  36.560164,
                  47.8851513
                ],
                [
                  36.553098,
                  47.9066813
                ],
                [
                  36.5723187,
                  47.9089441
                ],
                [
                  36.5415109,
                  47.9059909
                ],
                [
                  36.535776,
                  47.9192436
                ],
                [
                  36.5324412,
                  47.9269714
                ],
                [
                  36.5342479,
                  47.9284897
                ],
                [
                  36.5344203,
                  47.9317806
                ],
                [
                  36.5376829,
                  47.9337488
                ],
                [
                  36.5412902,
                  47.9379726
                ],
                [
                  36.5272836,
                  47.9419964
                ],
                [
                  36.513275,
                  47.9441208
                ],
                [
                  36.5149782,
                  47.9508894
                ],
                [
                  36.5181927,
                  47.9503053
                ],
                [
                  36.5220315,
                  47.9504731
                ],
                [
                  36.5248403,
                  47.9504109
                ],
                [
                  36.5291748,
                  47.9529978
                ],
                [
                  36.5308055,
                  47.954636
                ],
                [
                  36.5314922,
                  47.9562455
                ],
                [
                  36.5322521,
                  47.9573734
                ],
                [
                  36.5316513,
                  47.9609083
                ],
                [
                  36.5321663,
                  47.96519
                ],
                [
                  36.533002,
                  47.969038
                ],
                [
                  36.5353084,
                  47.9722921
                ],
                [
                  36.5459409,
                  47.9723278
                ],
                [
                  36.5485588,
                  47.9723853
                ],
                [
                  36.5537491,
                  47.9629116
                ],
                [
                  36.5798503,
                  47.9654055
                ],
                [
                  36.5838039,
                  47.965672
                ],
                [
                  36.5847539232818,
                  47.9632380091105
                ],
                [
                  36.6083231,
                  47.964632
                ],
                [
                  36.6205738,
                  47.9664286
                ],
                [
                  36.6148304,
                  47.9876024
                ],
                [
                  36.6309666,
                  47.9900151
                ],
                [
                  36.6214938,
                  48.0280888
                ],
                [
                  36.6191494,
                  48.0340973
                ],
                [
                  36.6001132,
                  48.0390071
                ],
                [
                  36.5966385,
                  48.0473226
                ],
                [
                  36.5963159,
                  48.0487309
                ],
                [
                  36.594105,
                  48.050713
                ],
                [
                  36.5986526,
                  48.0576872
                ],
                [
                  36.6009658,
                  48.0706034
                ],
                [
                  36.592128,
                  48.0805452
                ],
                [
                  36.5913333,
                  48.0823332
                ],
                [
                  36.5843163,
                  48.0926642
                ],
                [
                  36.595474,
                  48.0937395
                ],
                [
                  36.602598,
                  48.0976377
                ],
                [
                  36.6039331,
                  48.0996838
                ],
                [
                  36.6054781,
                  48.1004003
                ],
                [
                  36.6084392,
                  48.1011168
                ],
                [
                  36.6107996,
                  48.1022631
                ],
                [
                  36.6137607,
                  48.1022918
                ],
                [
                  36.6152628,
                  48.1018046
                ],
                [
                  36.6138466,
                  48.0962157
                ],
                [
                  36.6157301,
                  48.0956312
                ],
                [
                  36.6224261,
                  48.0943284
                ],
                [
                  36.6251298,
                  48.0948444
                ],
                [
                  36.6295071,
                  48.0966215
                ],
                [
                  36.6430255,
                  48.0996022
                ],
                [
                  36.6447302,
                  48.0991794
                ],
                [
                  36.6473338,
                  48.0982193
                ],
                [
                  36.6500017,
                  48.0978037
                ],
                [
                  36.650512,
                  48.0985691
                ],
                [
                  36.6508101,
                  48.0996109
                ],
                [
                  36.6528904,
                  48.1003611
                ],
                [
                  36.6539407,
                  48.1000796
                ],
                [
                  36.6567115,
                  48.0990709
                ],
                [
                  36.6578515,
                  48.0982915
                ],
                [
                  36.6592124,
                  48.098184
                ],
                [
                  36.6671947,
                  48.0941139
                ],
                [
                  36.6694279,
                  48.0940144
                ],
                [
                  36.6737623,
                  48.094215
                ],
                [
                  36.682015,
                  48.0993714
                ],
                [
                  36.692186,
                  48.0983109
                ],
                [
                  36.7042468,
                  48.0964782
                ],
                [
                  36.7092465,
                  48.0963491
                ],
                [
                  36.7135596,
                  48.0965637
                ],
                [
                  36.7185227,
                  48.0975703
                ],
                [
                  36.7229989,
                  48.0983412
                ],
                [
                  36.7276395,
                  48.0989136
                ],
                [
                  36.728412,
                  48.0998307
                ],
                [
                  36.7278665,
                  48.1034696
                ],
                [
                  36.7274857,
                  48.1088875
                ],
                [
                  36.7285586,
                  48.1131856
                ],
                [
                  36.7318214,
                  48.1194369
                ],
                [
                  36.7305339,
                  48.1247654
                ],
                [
                  36.731929,
                  48.1253528
                ],
                [
                  36.7338711,
                  48.1267923
                ],
                [
                  36.7346276,
                  48.1277411
                ],
                [
                  36.7356837,
                  48.1285466
                ],
                [
                  36.7438806,
                  48.1263123
                ],
                [
                  36.7468846,
                  48.1231039
                ],
                [
                  36.745168,
                  48.1199812
                ],
                [
                  36.7455543,
                  48.1171162
                ],
                [
                  36.7469276,
                  48.1155118
                ],
                [
                  36.7584003,
                  48.1173128
                ],
                [
                  36.7638661,
                  48.1221216
                ],
                [
                  36.7654266,
                  48.1236364
                ],
                [
                  36.7659572,
                  48.124349
                ],
                [
                  36.7679312,
                  48.1252371
                ],
                [
                  36.7715361,
                  48.1269845
                ],
                [
                  36.7774585,
                  48.1291328
                ],
                [
                  36.7813088,
                  48.1326326
                ],
                [
                  36.7823694,
                  48.1340765
                ],
                [
                  36.7859952,
                  48.1374039
                ],
                [
                  36.7928831,
                  48.1348836
                ],
                [
                  36.7916386,
                  48.132893
                ],
                [
                  36.7984192,
                  48.1306016
                ],
                [
                  36.8021534,
                  48.1280615
                ],
                [
                  36.81756,
                  48.1302098
                ],
                [
                  36.8188689,
                  48.1254548
                ],
                [
                  36.8267613,
                  48.1264536
                ],
                [
                  36.8302803,
                  48.1272557
                ],
                [
                  36.8418675,
                  48.127714
                ],
                [
                  36.8435841,
                  48.1209534
                ],
                [
                  36.8666726,
                  48.1232452
                ],
                [
                  36.8663133,
                  48.1260385
                ],
                [
                  36.8737003,
                  48.1273533
                ],
                [
                  36.8720803,
                  48.1347952
                ],
                [
                  36.8746337,
                  48.1451907
                ],
                [
                  36.8744835,
                  48.1461214
                ],
                [
                  36.879925,
                  48.1470088
                ],
                [
                  36.8774788,
                  48.1597208
                ],
                [
                  36.8780425,
                  48.1597317
                ],
                [
                  36.8780680022979,
                  48.1596176003119
                ],
                [
                  36.8970929,
                  48.1618653
                ],
                [
                  36.8950825,
                  48.1700275
                ],
                [
                  36.8912521,
                  48.1738148
                ],
                [
                  36.8897749,
                  48.1751593
                ],
                [
                  36.8952003,
                  48.1784795
                ],
                [
                  36.9017478,
                  48.179616
                ],
                [
                  36.9079183,
                  48.1751228
                ],
                [
                  36.9370941,
                  48.1796893
                ],
                [
                  36.9427848,
                  48.1801453
                ],
                [
                  36.9502785,
                  48.1884065
                ],
                [
                  36.9469578,
                  48.1926041
                ],
                [
                  36.9369654,
                  48.1951395
                ],
                [
                  36.9358861,
                  48.1953085
                ],
                [
                  36.9345742,
                  48.1977901
                ],
                [
                  36.9324489,
                  48.1999321
                ],
                [
                  36.9315647,
                  48.2013052
                ],
                [
                  36.9330722,
                  48.2048839
                ],
                [
                  36.9333843,
                  48.2070831
                ],
                [
                  36.9282828,
                  48.231914
                ],
                [
                  36.9280213839861,
                  48.233034057988
                ],
                [
                  36.9178699,
                  48.233472
                ],
                [
                  36.9117971,
                  48.2359157
                ],
                [
                  36.9077282,
                  48.2359031
                ],
                [
                  36.9069452,
                  48.2404644
                ],
                [
                  36.9039411,
                  48.24025
                ],
                [
                  36.9032867,
                  48.2438298
                ],
                [
                  36.9062476,
                  48.2442419
                ],
                [
                  36.9069624,
                  48.2448449
                ],
                [
                  36.9118186,
                  48.2457335
                ],
                [
                  36.9146362,
                  48.2464662
                ],
                [
                  36.9169955,
                  48.2463037
                ],
                [
                  36.9184547,
                  48.2391013
                ],
                [
                  36.924074,
                  48.239195
                ],
                [
                  36.9269279,
                  48.2393785
                ],
                [
                  36.9267362,
                  48.2405143
                ],
                [
                  36.9267768,
                  48.2406982
                ],
                [
                  36.9270427,
                  48.2407535
                ],
                [
                  36.926641,
                  48.2425361
                ],
                [
                  36.942328,
                  48.2428861
                ],
                [
                  36.9463701,
                  48.2402436
                ],
                [
                  36.9624018,
                  48.239699
                ],
                [
                  36.9621567,
                  48.2441342
                ],
                [
                  36.9720334,
                  48.2470456
                ],
                [
                  36.9705743,
                  48.2567899
                ],
                [
                  36.9801444,
                  48.258047
                ],
                [
                  36.9790441,
                  48.261979
                ],
                [
                  36.9799454,
                  48.2629504
                ],
                [
                  36.9943649,
                  48.2643502
                ],
                [
                  36.9974119,
                  48.264636
                ],
                [
                  37.0016605,
                  48.2647788
                ],
                [
                  37.0023901,
                  48.2635218
                ],
                [
                  37.0042784,
                  48.2623504
                ],
                [
                  37.0099003,
                  48.2614933
                ],
                [
                  37.012046,
                  48.2594934
                ],
                [
                  37.0124895,
                  48.2573704
                ],
                [
                  37.0328742,
                  48.2592549
                ],
                [
                  37.0434196,
                  48.2600223
                ],
                [
                  37.0436714,
                  48.26212
                ],
                [
                  37.0486439,
                  48.2625606
                ],
                [
                  37.0465697,
                  48.2688867
                ],
                [
                  37.0412427,
                  48.295003
                ],
                [
                  37.048021,
                  48.2961614
                ],
                [
                  37.0559197,
                  48.2964876
                ],
                [
                  37.0638185,
                  48.2964271
                ],
                [
                  37.0618444,
                  48.3050772
                ],
                [
                  37.060821,
                  48.3056327
                ],
                [
                  37.0604711,
                  48.3072752
                ],
                [
                  37.0702012,
                  48.3059405
                ],
                [
                  37.0748146,
                  48.3155878
                ],
                [
                  37.0753511,
                  48.318984
                ],
                [
                  37.0779904,
                  48.3218234
                ],
                [
                  37.0840414,
                  48.3206962
                ],
                [
                  37.0892128,
                  48.3250551
                ],
                [
                  37.0971764,
                  48.3269453
                ],
                [
                  37.1108128,
                  48.3260472
                ],
                [
                  37.1098376,
                  48.3313055
                ],
                [
                  37.1281472,
                  48.3307856
                ],
                [
                  37.1300784,
                  48.3308712
                ],
                [
                  37.1311513,
                  48.325022
                ],
                [
                  37.143239,
                  48.3246054
                ],
                [
                  37.1460286,
                  48.3245483
                ],
                [
                  37.1462433,
                  48.3207355
                ],
                [
                  37.1558991,
                  48.3209175
                ],
                [
                  37.1595899,
                  48.3209997
                ],
                [
                  37.160592,
                  48.3169583
                ],
                [
                  37.1707776,
                  48.3171404
                ],
                [
                  37.171672,
                  48.3151676
                ],
                [
                  37.1818609,
                  48.3157934
                ],
                [
                  37.1901969,
                  48.3191031
                ],
                [
                  37.1876275,
                  48.3304885
                ],
                [
                  37.185571,
                  48.3366222
                ],
                [
                  37.1830819,
                  48.3467201
                ],
                [
                  37.1822942,
                  48.3507554
                ],
                [
                  37.1839894,
                  48.3509122
                ],
                [
                  37.1991254,
                  48.3534543
                ],
                [
                  37.2022796,
                  48.3538108
                ],
                [
                  37.2065068,
                  48.3541744
                ],
                [
                  37.2067172,
                  48.355044
                ],
                [
                  37.2079167,
                  48.3549228
                ],
                [
                  37.2083234,
                  48.3568655
                ],
                [
                  37.2072173,
                  48.3571114
                ],
                [
                  37.20711,
                  48.3571328
                ],
                [
                  37.2072398,
                  48.3584679
                ],
                [
                  37.2035625,
                  48.3588636
                ],
                [
                  37.2038039,
                  48.3596549
                ],
                [
                  37.2017976,
                  48.3598687
                ],
                [
                  37.2018835,
                  48.360382
                ],
                [
                  37.1999093,
                  48.3605673
                ],
                [
                  37.2005531,
                  48.361879
                ],
                [
                  37.1985113,
                  48.3621572
                ],
                [
                  37.1990197,
                  48.3661379
                ],
                [
                  37.1916274,
                  48.3665468
                ],
                [
                  37.1891824,
                  48.3624706
                ],
                [
                  37.1859209,
                  48.3635256
                ],
                [
                  37.1883229,
                  48.3673736
                ],
                [
                  37.18725,
                  48.3720492
                ],
                [
                  37.1861127,
                  48.3734176
                ],
                [
                  37.1829155,
                  48.3744438
                ],
                [
                  37.1786259,
                  48.3754001
                ],
                [
                  37.1776818,
                  48.3787638
                ],
                [
                  37.1925305,
                  48.3805025
                ],
                [
                  37.1936463,
                  48.3804455
                ],
                [
                  37.1976355,
                  48.375299
                ],
                [
                  37.2021245,
                  48.3763262
                ],
                [
                  37.2050856,
                  48.3758593
                ],
                [
                  37.2028376,
                  48.3721011
                ],
                [
                  37.229505,
                  48.3669687
                ],
                [
                  37.2329812,
                  48.367938
                ],
                [
                  37.2328525,
                  48.3779443
                ],
                [
                  37.2281444,
                  48.3787792
                ],
                [
                  37.2283869,
                  48.3804797
                ],
                [
                  37.2309759,
                  48.381216
                ],
                [
                  37.2293147,
                  48.3911707
                ],
                [
                  37.226976,
                  48.3915628
                ],
                [
                  37.226568,
                  48.393009
                ],
                [
                  37.2277373,
                  48.3938585
                ],
                [
                  37.2297783,
                  48.3944802
                ],
                [
                  37.2295125,
                  48.3972587
                ],
                [
                  37.2313925,
                  48.4000372
                ],
                [
                  37.2312622,
                  48.4024881
                ],
                [
                  37.2255544,
                  48.4043115
                ],
                [
                  37.2178726,
                  48.4046249
                ],
                [
                  37.2195133,
                  48.4071583
                ],
                [
                  37.2223962,
                  48.4117685
                ],
                [
                  37.2232545,
                  48.4143322
                ],
                [
                  37.2223066,
                  48.4160761
                ],
                [
                  37.2208797,
                  48.4189172
                ],
                [
                  37.2192045,
                  48.4241647
                ],
                [
                  37.2182096,
                  48.4291442
                ],
                [
                  37.2170929,
                  48.4315766
                ],
                [
                  37.2149038,
                  48.4332274
                ],
                [
                  37.2129424,
                  48.4336834
                ],
                [
                  37.206678,
                  48.4344129
                ],
                [
                  37.2022994,
                  48.4349078
                ],
                [
                  37.19958,
                  48.4422488
                ],
                [
                  37.1992367,
                  48.4450956
                ],
                [
                  37.1963185,
                  48.4449818
                ],
                [
                  37.1954172,
                  48.4497641
                ],
                [
                  37.2107714,
                  48.4511568
                ],
                [
                  37.2248634,
                  48.4530827
                ],
                [
                  37.2305355,
                  48.4531348
                ],
                [
                  37.2335035,
                  48.4545411
                ],
                [
                  37.2322589,
                  48.4634205
                ],
                [
                  37.2423011,
                  48.4639612
                ],
                [
                  37.2511846,
                  48.4592656
                ],
                [
                  37.2695054,
                  48.4615668
                ],
                [
                  37.2671451,
                  48.473084
                ],
                [
                  37.2848648,
                  48.4749843
                ],
                [
                  37.2823757,
                  48.4862922
                ],
                [
                  37.2854227,
                  48.4907293
                ],
                [
                  37.286517,
                  48.4908857
                ],
                [
                  37.2885126,
                  48.4867758
                ],
                [
                  37.2925252,
                  48.4870317
                ],
                [
                  37.2932547,
                  48.4867615
                ],
                [
                  37.303105,
                  48.4875549
                ],
                [
                  37.3161512,
                  48.4888064
                ],
                [
                  37.3244768,
                  48.4851656
                ],
                [
                  37.3249918,
                  48.4841416
                ],
                [
                  37.3268801,
                  48.4830038
                ],
                [
                  37.3301416,
                  48.48289
                ],
                [
                  37.3327166,
                  48.4832313
                ],
                [
                  37.3347765,
                  48.4841416
                ],
                [
                  37.3368364,
                  48.4853932
                ],
                [
                  37.3400122,
                  48.4866447
                ],
                [
                  37.3417731,
                  48.4870193
                ],
                [
                  37.3431034,
                  48.4888396
                ],
                [
                  37.3444338,
                  48.4891241
                ],
                [
                  37.3460646,
                  48.4892094
                ],
                [
                  37.3480387,
                  48.4892094
                ],
                [
                  37.3506994,
                  48.48938
                ],
                [
                  37.3516687,
                  48.4894242
                ],
                [
                  37.3526987,
                  48.4895806
                ],
                [
                  37.3534487,
                  48.4913265
                ],
                [
                  37.3528908,
                  48.4924926
                ],
                [
                  37.3524616,
                  48.4930899
                ],
                [
                  37.3527191,
                  48.4935734
                ],
                [
                  37.3532341,
                  48.4942275
                ],
                [
                  37.3554228,
                  48.4953651
                ],
                [
                  37.3555699,
                  48.4979124
                ],
                [
                  37.3572221,
                  48.4987797
                ],
                [
                  37.3592177,
                  48.4986375
                ],
                [
                  37.3635779,
                  48.4990734
                ],
                [
                  37.3658953,
                  48.4999265
                ],
                [
                  37.367097,
                  48.5012915
                ],
                [
                  37.3682557,
                  48.5017749
                ],
                [
                  37.3698436,
                  48.5020592
                ],
                [
                  37.3713456,
                  48.5031966
                ],
                [
                  37.3720322,
                  48.5040781
                ],
                [
                  37.3748518,
                  48.5052321
                ],
                [
                  37.379094,
                  48.5010889
                ],
                [
                  37.3826917,
                  48.5008648
                ],
                [
                  37.383153,
                  48.5011634
                ],
                [
                  37.3845585,
                  48.5014761
                ],
                [
                  37.3852415,
                  48.5013813
                ],
                [
                  37.3865004,
                  48.5014975
                ],
                [
                  37.3872622,
                  48.5016894
                ],
                [
                  37.3890968,
                  48.5023932
                ],
                [
                  37.3898049,
                  48.5046253
                ],
                [
                  37.3902381,
                  48.507315
                ],
                [
                  37.3918903,
                  48.5095185
                ],
                [
                  37.396007,
                  48.5149962
                ],
                [
                  37.4136452,
                  48.5147545
                ],
                [
                  37.4164801,
                  48.5188473
                ],
                [
                  37.4159579,
                  48.5213402
                ],
                [
                  37.4202494,
                  48.5216813
                ],
                [
                  37.4203854,
                  48.5192452
                ],
                [
                  37.4213724,
                  48.5119393
                ],
                [
                  37.4251617,
                  48.5072985
                ],
                [
                  37.4252904,
                  48.5061897
                ],
                [
                  37.42499,
                  48.505422
                ],
                [
                  37.4254192,
                  48.5045405
                ],
                [
                  37.4280973,
                  48.5024441
                ],
                [
                  37.4337889,
                  48.5010353
                ],
                [
                  37.4611689,
                  48.5033102
                ],
                [
                  37.4896919,
                  48.5046317
                ],
                [
                  37.49128,
                  48.49629
                ],
                [
                  37.4943698,
                  48.4965648
                ],
                [
                  37.4956322,
                  48.4824093
                ],
                [
                  37.4997438,
                  48.4820244
                ],
                [
                  37.5020614,
                  48.4770744
                ],
                [
                  37.5130476,
                  48.4759933
                ],
                [
                  37.5150729,
                  48.474586
                ],
                [
                  37.5183691,
                  48.4722378
                ],
                [
                  37.5327888,
                  48.4686527
                ],
                [
                  37.539933,
                  48.4681536
                ],
                [
                  37.5558118,
                  48.4701454
                ],
                [
                  37.5589437,
                  48.461352
                ],
                [
                  37.5834603,
                  48.4636573
                ],
                [
                  37.584585,
                  48.4585916
                ],
                [
                  37.5957859,
                  48.4598153
                ],
                [
                  37.5999789,
                  48.4608087
                ],
                [
                  37.6062445,
                  48.4610933
                ],
                [
                  37.6088195,
                  48.4616624
                ],
                [
                  37.6119094,
                  48.463626
                ],
                [
                  37.6151709,
                  48.462943
                ],
                [
                  37.6165871,
                  48.4628007
                ],
                [
                  37.6230244,
                  48.4637114
                ],
                [
                  37.6321458,
                  48.4641918
                ],
                [
                  37.6357078,
                  48.4644479
                ],
                [
                  37.635579,
                  48.4652447
                ],
                [
                  37.6496567,
                  48.4668825
                ],
                [
                  37.6796741993386,
                  48.4748574389094
                ],
                [
                  37.6777291219226,
                  48.4876791449502
                ],
                [
                  37.6828420750986,
                  48.5009731312215
                ],
                [
                  37.6899002805414,
                  48.5042829625314
                ],
                [
                  37.6974603355685,
                  48.5032915882818
                ],
                [
                  37.6987784712105,
                  48.4960608625542
                ],
                [
                  37.6878906039818,
                  48.4907171436163
                ],
                [
                  37.6958427,
                  48.4775267
                ],
                [
                  37.6952555,
                  48.4766139
                ],
                [
                  37.6956281,
                  48.4758909
                ],
                [
                  37.6971945,
                  48.4747671
                ],
                [
                  37.6995821,
                  48.4746357
                ],
                [
                  37.7023716,
                  48.4789601
                ],
                [
                  37.7050323,
                  48.4802118
                ],
                [
                  37.7065773,
                  48.4799558
                ],
                [
                  37.7091093,
                  48.478192
                ],
                [
                  37.7187098389565,
                  48.4792472698841
                ],
                [
                  37.717111064651,
                  48.4854436788271
                ],
                [
                  37.7215216797065,
                  48.4891215816625
                ],
                [
                  37.7254743442377,
                  48.4910376527794
                ],
                [
                  37.7405526438811,
                  48.492202621656
                ],
                [
                  37.7385063389956,
                  48.4963381258086
                ],
                [
                  37.7351948195074,
                  48.5002823492642
                ],
                [
                  37.7372782643911,
                  48.5015649650538
                ],
                [
                  37.7347467901298,
                  48.5054688698162
                ],
                [
                  37.7270219427525,
                  48.5138421847331
                ],
                [
                  37.7314372062744,
                  48.5172878753273
                ],
                [
                  37.7387890257094,
                  48.5140782543171
                ],
                [
                  37.75297,
                  48.518437
                ],
                [
                  37.7572615,
                  48.519972
                ],
                [
                  37.7784487032972,
                  48.5272460550635
                ],
                [
                  37.7716225953401,
                  48.5330125293473
                ],
                [
                  37.7867275243162,
                  48.537722957464
                ],
                [
                  37.7959049764156,
                  48.5413092231728
                ],
                [
                  37.8051308,
                  48.543526
                ],
                [
                  37.8069762,
                  48.5441227
                ],
                [
                  37.8098572,
                  48.5467835
                ],
                [
                  37.810583,
                  48.5476718
                ],
                [
                  37.8108228,
                  48.5479625
                ],
                [
                  37.813033,
                  48.5491699
                ],
                [
                  37.8149642,
                  48.5493261
                ],
                [
                  37.8168095,
                  48.5492125
                ],
                [
                  37.8184832,
                  48.5502636
                ],
                [
                  37.8196634,
                  48.5513999
                ],
                [
                  37.8211225,
                  48.5523658
                ],
                [
                  37.8195792,
                  48.5557111
                ],
                [
                  37.8207165,
                  48.557955
                ],
                [
                  37.8216177,
                  48.558722
                ],
                [
                  37.821725,
                  48.5594604
                ],
                [
                  37.8260809,
                  48.5615764
                ],
                [
                  37.8242897,
                  48.5631784
                ],
                [
                  37.8217962,
                  48.5658893
                ],
                [
                  37.8255299,
                  48.5690984
                ],
                [
                  37.8330141,
                  48.5726119
                ],
                [
                  37.8376060134261,
                  48.5807307251907
                ],
                [
                  37.8243055277595,
                  48.589252870631
                ],
                [
                  37.8129881804731,
                  48.5893862421218
                ],
                [
                  37.8086642324572,
                  48.5914115533356
                ],
                [
                  37.7999862,
                  48.5908404
                ],
                [
                  37.7999596469801,
                  48.5909614011903
                ],
                [
                  37.7986256,
                  48.5899727
                ],
                [
                  37.7937947,
                  48.5894163
                ],
                [
                  37.7860230256152,
                  48.5890860247873
                ],
                [
                  37.7834232488679,
                  48.6003685671184
                ],
                [
                  37.7823858410272,
                  48.6109879450757
                ],
                [
                  37.7787556610947,
                  48.641589803454
                ],
                [
                  37.8064622959725,
                  48.6446531510431
                ],
                [
                  37.8051623,
                  48.6560361
                ],
                [
                  37.8037891,
                  48.6579638
                ],
                [
                  37.8052911,
                  48.6585591
                ],
                [
                  37.8171786,
                  48.6595512
                ],
                [
                  37.8140978,
                  48.6757132
                ],
                [
                  37.8120221,
                  48.6786347
                ],
                [
                  37.8111478,
                  48.6814429
                ],
                [
                  37.8089438,
                  48.6821107
                ],
                [
                  37.8080426,
                  48.6827624
                ],
                [
                  37.8083001,
                  48.6840941
                ],
                [
                  37.8096734,
                  48.6852274
                ],
                [
                  37.8146756849234,
                  48.682398220247
                ],
                [
                  37.8343878,
                  48.6835959
                ],
                [
                  37.8544102550717,
                  48.6909419051328
                ],
                [
                  37.8683963678664,
                  48.7030725553707
                ],
                [
                  37.881518249549,
                  48.7063475534516
                ],
                [
                  37.8884641389281,
                  48.7093653243893
                ],
                [
                  37.8958620314594,
                  48.7109050358861
                ],
                [
                  37.9220788908234,
                  48.7204007124614
                ],
                [
                  37.9235175346442,
                  48.7209535996978
                ],
                [
                  37.907175728098,
                  48.7394639296606
                ],
                [
                  37.918939380399,
                  48.7455602061761
                ],
                [
                  37.910103994976,
                  48.7528438272372
                ],
                [
                  37.9002887100348,
                  48.7614460117951
                ],
                [
                  37.8929315756056,
                  48.7694403718739
                ],
                [
                  37.890105,
                  48.7779339
                ],
                [
                  37.8910062,
                  48.7790651
                ],
                [
                  37.8915641,
                  48.780168
                ],
                [
                  37.8946111,
                  48.7807053
                ],
                [
                  37.8957269,
                  48.7813274
                ],
                [
                  37.8970144,
                  48.7813557
                ],
                [
                  37.8988597,
                  48.7798004
                ],
                [
                  37.9019496,
                  48.7776228
                ],
                [
                  37.9033658,
                  48.7759543
                ],
                [
                  37.9045675,
                  48.7725887
                ],
                [
                  37.9061553,
                  48.772023
                ],
                [
                  37.9113501,
                  48.7709212
                ],
                [
                  37.9234522,
                  48.7755313
                ],
                [
                  37.9318647,
                  48.7742026
                ],
                [
                  37.9431011,
                  48.7782399
                ],
                [
                  37.9469043,
                  48.7800711
                ],
                [
                  37.9496187,
                  48.7806226
                ],
                [
                  37.9531651,
                  48.7805385
                ],
                [
                  37.9556092,
                  48.7809203
                ],
                [
                  37.9580104,
                  48.7819807
                ],
                [
                  37.960178,
                  48.7827903
                ],
                [
                  37.9665948,
                  48.7836034
                ],
                [
                  37.9662515,
                  48.7882689
                ],
                [
                  37.9666807,
                  48.7971746
                ],
                [
                  37.9698135,
                  48.7971463
                ],
                [
                  37.9711009,
                  48.7975987
                ],
                [
                  37.9721309,
                  48.7983054
                ],
                [
                  37.9752637,
                  48.7982771
                ],
                [
                  37.9818874,
                  48.8127684
                ],
                [
                  37.9812437,
                  48.8135597
                ],
                [
                  37.9818874,
                  48.8142662
                ],
                [
                  38.0053507,
                  48.8212147
                ],
                [
                  38.0109297,
                  48.8233621
                ],
                [
                  38.0133684,
                  48.8256554
                ],
                [
                  38.0180360059342,
                  48.8307268651013
                ],
                [
                  38.0119425339988,
                  48.8313575693677
                ],
                [
                  38.0087388819287,
                  48.8317201329453
                ],
                [
                  38.0070664652511,
                  48.8321591610567
                ],
                [
                  38.0084343815602,
                  48.8355623572085
                ],
                [
                  38.0117560055115,
                  48.8395404829903
                ],
                [
                  38.0206988334888,
                  48.8438916774233
                ],
                [
                  38.0178487212935,
                  48.8592138866389
                ],
                [
                  38.017248,
                  48.8640385
                ],
                [
                  38.0371167,
                  48.8702159
                ],
                [
                  38.0143667960696,
                  48.8631979958656
                ],
                [
                  38.0098889365156,
                  48.8767801060613
                ],
                [
                  37.9869611571701,
                  48.8766179837967
                ],
                [
                  37.9691891957618,
                  48.8768628383424
                ],
                [
                  37.9461030402125,
                  48.8706583014624
                ],
                [
                  37.9343322,
                  48.8755947
                ],
                [
                  37.9329589,
                  48.8758206
                ],
                [
                  37.9258005073591,
                  48.8786679192842
                ],
                [
                  37.9244985702333,
                  48.8828731242947
                ],
                [
                  37.928421390931,
                  48.8857506292596
                ],
                [
                  37.9356353916097,
                  48.8844703315615
                ],
                [
                  37.9468772745907,
                  48.8796614961491
                ],
                [
                  37.949095,
                  48.8873915
                ],
                [
                  37.9470351,
                  48.8904108
                ],
                [
                  37.9436534,
                  48.8920825
                ],
                [
                  37.9406407,
                  48.8938532
                ],
                [
                  37.93695,
                  48.8927105
                ],
                [
                  37.9344609,
                  48.8921038
                ],
                [
                  37.9315229158595,
                  48.8931374549555
                ],
                [
                  37.9296996282255,
                  48.8892790166886
                ],
                [
                  37.9260117427201,
                  48.8905960948533
                ],
                [
                  37.9275698934121,
                  48.8961315466699
                ],
                [
                  37.9233895279263,
                  48.8974775611282
                ],
                [
                  37.9225220565746,
                  48.8956204428447
                ],
                [
                  37.9200954442138,
                  48.8941668651374
                ],
                [
                  37.9142602149267,
                  48.8952332645975
                ],
                [
                  37.9072990243848,
                  48.8984578436479
                ],
                [
                  37.8945165111224,
                  48.8998086012367
                ],
                [
                  37.8916831700391,
                  48.9006069916463
                ],
                [
                  37.8870731093694,
                  48.902835921722
                ],
                [
                  37.8824904190145,
                  48.9039496457504
                ],
                [
                  37.8777386134991,
                  48.9050755624602
                ],
                [
                  37.8573518633654,
                  48.9189269307319
                ],
                [
                  37.8395724856004,
                  48.926143968122
                ],
                [
                  37.8249891342501,
                  48.9250708801291
                ],
                [
                  37.8217650825956,
                  48.9321863167016
                ],
                [
                  37.8227319951015,
                  48.9395049278831
                ],
                [
                  37.8113674899245,
                  48.9445667586754
                ],
                [
                  37.8186598550881,
                  48.9469059690995
                ],
                [
                  37.8283944391477,
                  48.9528835587831
                ],
                [
                  37.8372737532207,
                  48.95590781215
                ],
                [
                  37.841099714391,
                  48.9571671208517
                ],
                [
                  37.8422960233964,
                  48.9606176841243
                ],
                [
                  37.8433253760531,
                  48.9645027259506
                ],
                [
                  37.8304864047976,
                  48.9729065862507
                ],
                [
                  37.8261811018432,
                  48.9789553767482
                ],
                [
                  37.8430689293445,
                  48.9785270542996
                ],
                [
                  37.8438502640415,
                  48.9720298483922
                ],
                [
                  37.8862222529869,
                  48.9768509165542
                ],
                [
                  37.885072718196,
                  48.9929713489193
                ],
                [
                  37.8845759828808,
                  48.9967886602241
                ],
                [
                  37.8839191791657,
                  49.0040872196973
                ],
                [
                  37.8852079077364,
                  49.0110345760859
                ],
                [
                  37.8704002252627,
                  49.0098487289926
                ],
                [
                  37.8535162,
                  49.0091466
                ],
                [
                  37.8502117,
                  49.0096251
                ],
                [
                  37.8374423,
                  49.0093949
                ],
                [
                  37.8256975,
                  49.0094548
                ],
                [
                  37.8210754,
                  49.0048277
                ],
                [
                  37.818758,
                  49.0016746
                ],
                [
                  37.8190481,
                  48.9994804
                ],
                [
                  37.8182542,
                  48.9978051
                ],
                [
                  37.8148209,
                  48.9980303
                ],
                [
                  37.8126108,
                  48.9984386
                ],
                [
                  37.8129112,
                  48.9989032
                ],
                [
                  37.8126752,
                  48.9997619
                ],
                [
                  37.8082763,
                  49.002141
                ],
                [
                  37.8100891,
                  49.0032512
                ],
                [
                  37.810132,
                  49.0042647
                ],
                [
                  37.8100033,
                  49.0050248
                ],
                [
                  37.8103037,
                  49.0064606
                ],
                [
                  37.8063126,
                  49.009163
                ],
                [
                  37.8102608,
                  49.0119216
                ],
                [
                  37.8125782,
                  49.0111335
                ],
                [
                  37.8190736,
                  49.017165
                ],
                [
                  37.8205490989366,
                  49.0192742867487
                ],
                [
                  37.8287044564439,
                  49.025047802735
                ],
                [
                  37.8552706484021,
                  49.0232791347091
                ],
                [
                  37.857368515533,
                  49.0452355723637
                ],
                [
                  37.8576076243827,
                  49.0556914655964
                ],
                [
                  37.8359169466629,
                  49.057274015675
                ],
                [
                  37.8371039399199,
                  49.0443164553435
                ],
                [
                  37.8245656178252,
                  49.0442408754813
                ],
                [
                  37.8221610711735,
                  49.0565152646469
                ],
                [
                  37.8035524,
                  49.0521306
                ],
                [
                  37.8066476,
                  49.0477402
                ],
                [
                  37.8077667,
                  49.0445147
                ],
                [
                  37.8015654,
                  49.0438255
                ],
                [
                  37.794935,
                  49.0414344
                ],
                [
                  37.787576,
                  49.0453377
                ],
                [
                  37.7805591,
                  49.0425951
                ],
                [
                  37.7749159,
                  49.0422152
                ],
                [
                  37.7716834,
                  49.0342682
                ],
                [
                  37.7696235,
                  49.0328754
                ],
                [
                  37.7670485,
                  49.0356749
                ],
                [
                  37.7591521,
                  49.0427644
                ],
                [
                  37.7554001,
                  49.0411372
                ],
                [
                  37.7538874,
                  49.0407715
                ],
                [
                  37.7514733,
                  49.0437024
                ],
                [
                  37.7504513,
                  49.0476969
                ],
                [
                  37.7487347,
                  49.0494127
                ],
                [
                  37.7455184,
                  49.048578
                ],
                [
                  37.7413574,
                  49.049406
                ],
                [
                  37.7427533272116,
                  49.04182289713
                ],
                [
                  37.733192590724,
                  49.0427380668587
                ],
                [
                  37.7245495014139,
                  49.044839259257
                ],
                [
                  37.7219797368565,
                  49.0443204548609
                ],
                [
                  37.7196984324243,
                  49.0485641254997
                ],
                [
                  37.7202427,
                  49.0534038
                ],
                [
                  37.7186119,
                  49.0547256
                ],
                [
                  37.7139342,
                  49.0560755
                ],
                [
                  37.7110128,
                  49.0571658
                ],
                [
                  37.7037157,
                  49.0580733
                ],
                [
                  37.693006,
                  49.0635287
                ],
                [
                  37.6887234,
                  49.0667059
                ],
                [
                  37.6879061,
                  49.0670362
                ],
                [
                  37.6860834,
                  49.0677499
                ],
                [
                  37.6819212,
                  49.0653689
                ],
                [
                  37.6792823,
                  49.0633912
                ],
                [
                  37.6765575,
                  49.0602535
                ],
                [
                  37.6738115,
                  49.0585543
                ],
                [
                  37.6705507,
                  49.0549145
                ],
                [
                  37.6689249047224,
                  49.0518999863652
                ],
                [
                  37.6630550596188,
                  49.0560249502815
                ],
                [
                  37.6591917059397,
                  49.0579526538255
                ],
                [
                  37.6508606434699,
                  49.0615905194017
                ],
                [
                  37.6300622317218,
                  49.0673661259612
                ],
                [
                  37.6303292334786,
                  49.0750193805333
                ],
                [
                  37.618214614611,
                  49.0751758433274
                ],
                [
                  37.6184590324599,
                  49.0933913835172
                ],
                [
                  37.6217942602071,
                  49.0973672351394
                ],
                [
                  37.6066118074032,
                  49.10834135867
                ],
                [
                  37.6118909,
                  49.1139101
                ],
                [
                  37.6303401220801,
                  49.1079018755663
                ],
                [
                  37.6550362371414,
                  49.1196755084747
                ],
                [
                  37.6630113997789,
                  49.1309421065974
                ],
                [
                  37.6682775,
                  49.1398005
                ],
                [
                  37.6656748,
                  49.1426831
                ],
                [
                  37.6640592,
                  49.1464079
                ],
                [
                  37.6604759,
                  49.147643
                ],
                [
                  37.6559053,
                  49.1492431
                ],
                [
                  37.6521716,
                  49.1512361
                ],
                [
                  37.6570551734164,
                  49.1534851184561
                ],
                [
                  37.653931557038,
                  49.1565861614727
                ],
                [
                  37.6511243126039,
                  49.1578117512789
                ],
                [
                  37.6481576479948,
                  49.1596758384376
                ],
                [
                  37.6523294,
                  49.165978
                ],
                [
                  37.6544096121752,
                  49.1743896678091
                ],
                [
                  37.6621354054949,
                  49.1734755639362
                ],
                [
                  37.6676246229042,
                  49.1715047608067
                ],
                [
                  37.6755280172735,
                  49.1692331466272
                ],
                [
                  37.6821985,
                  49.1660622
                ],
                [
                  37.6999654,
                  49.1628912
                ],
                [
                  37.7073468,
                  49.1699031
                ],
                [
                  37.7194275,
                  49.1664306
                ],
                [
                  37.7237731,
                  49.1674714
                ],
                [
                  37.7253091,
                  49.1689101
                ],
                [
                  37.7279698,
                  49.1700325
                ],
                [
                  37.7285921,
                  49.1706078
                ],
                [
                  37.7299439,
                  49.1719587
                ],
                [
                  37.732712,
                  49.173586
                ],
                [
                  37.7374232,
                  49.1756209
                ],
                [
                  37.7429099,
                  49.1791773
                ],
                [
                  37.7459998,
                  49.1814776
                ],
                [
                  37.7486606,
                  49.182796
                ],
                [
                  37.753038,
                  49.1837498
                ],
                [
                  37.7555271,
                  49.1848999
                ],
                [
                  37.7585311,
                  49.1870597
                ],
                [
                  37.7603336,
                  49.1891072
                ],
                [
                  37.7624364,
                  49.1884341
                ],
                [
                  37.7654834,
                  49.1881255
                ],
                [
                  37.7704183,
                  49.1869146
                ],
                [
                  37.7741085,
                  49.1857643
                ],
                [
                  37.7754902,
                  49.1854145
                ],
                [
                  37.7775688,
                  49.1885795
                ],
                [
                  37.7814984,
                  49.1937096
                ],
                [
                  37.7854037,
                  49.1946351
                ],
                [
                  37.774463009832,
                  49.2062220416009
                ],
                [
                  37.7774754407318,
                  49.2136116261381
                ],
                [
                  37.7786698671888,
                  49.2164329086442
                ],
                [
                  37.7844346223448,
                  49.2147294148758
                ],
                [
                  37.7875312155131,
                  49.2095965023194
                ],
                [
                  37.7998349337751,
                  49.2042260348175
                ],
                [
                  37.8077063229014,
                  49.1978643093067
                ],
                [
                  37.8241842756261,
                  49.1918871562381
                ],
                [
                  37.8339562587148,
                  49.1905474749139
                ],
                [
                  37.8416781155605,
                  49.1900664747083
                ],
                [
                  37.8550263984492,
                  49.1905841338475
                ],
                [
                  37.8646338510499,
                  49.1971518306338
                ],
                [
                  37.8674063,
                  49.2040869
                ],
                [
                  37.869593,
                  49.2116889
                ],
                [
                  37.8716529,
                  49.2157818
                ],
                [
                  37.8787968,
                  49.2214011
                ],
                [
                  37.8812933,
                  49.2207985
                ],
                [
                  37.8826109455488,
                  49.2196350986159
                ],
                [
                  37.8813127,
                  49.2208126
                ],
                [
                  37.8788163,
                  49.2214152
                ],
                [
                  37.8776327,
                  49.2242044
                ],
                [
                  37.877258,
                  49.2258755
                ],
                [
                  37.8861312,
                  49.2286065
                ],
                [
                  37.8793507,
                  49.2398154
                ],
                [
                  37.8788356,
                  49.2434858
                ],
                [
                  37.8776995,
                  49.2464237
                ],
                [
                  37.8800598,
                  49.2472641
                ],
                [
                  37.884051,
                  49.2481606
                ],
                [
                  37.8886429,
                  49.2496173
                ],
                [
                  37.8910462,
                  49.2494492
                ],
                [
                  37.894554,
                  49.2487088
                ],
                [
                  37.8952292,
                  49.2478282
                ],
                [
                  37.8997783,
                  49.2429535
                ],
                [
                  37.9048852,
                  49.2423091
                ],
                [
                  37.9128827,
                  49.2426003
                ],
                [
                  37.9160157,
                  49.2416616
                ],
                [
                  37.9209674,
                  49.2424781
                ],
                [
                  37.9234008,
                  49.2411771
                ],
                [
                  37.9320995,
                  49.2394276
                ],
                [
                  37.9340902587894,
                  49.2434386559408
                ],
                [
                  37.9350058823932,
                  49.2466873167557
                ],
                [
                  37.9421424129871,
                  49.2499737827281
                ],
                [
                  37.9537932,
                  49.253099
                ],
                [
                  37.9790633012331,
                  49.257065975867
                ],
                [
                  37.9883519175116,
                  49.2608305880556
                ],
                [
                  37.9894472998709,
                  49.2640476851498
                ],
                [
                  37.9873931674242,
                  49.2671877005032
                ],
                [
                  37.9839640443471,
                  49.2722809177293
                ],
                [
                  37.9784053193106,
                  49.2782221582294
                ],
                [
                  37.9728087,
                  49.2850359
                ],
                [
                  37.969715,
                  49.2872656
                ],
                [
                  37.9672259,
                  49.2937594
                ],
                [
                  37.9670542,
                  49.2949908
                ],
                [
                  37.9692266,
                  49.3000211
                ],
                [
                  37.9698273,
                  49.3029315
                ],
                [
                  37.9690549,
                  49.3120532
                ],
                [
                  37.963991,
                  49.3161938
                ],
                [
                  37.9652783,
                  49.3226278
                ],
                [
                  37.9610778,
                  49.3281948
                ],
                [
                  37.9577253,
                  49.3309069
                ],
                [
                  37.9564171,
                  49.3339549
                ],
                [
                  37.9515247,
                  49.3333396
                ],
                [
                  37.9385643,
                  49.3337871
                ],
                [
                  37.9361396,
                  49.3336752
                ],
                [
                  37.9318051,
                  49.3325845
                ],
                [
                  37.930346,
                  49.3326684
                ],
                [
                  37.9249387,
                  49.3353811
                ],
                [
                  37.9234682,
                  49.3372834
                ],
                [
                  37.9210649,
                  49.3394086
                ],
                [
                  37.9221378,
                  49.3430715
                ],
                [
                  37.9223524,
                  49.3454481
                ],
                [
                  37.9255281,
                  49.346203
                ],
                [
                  37.9338643,
                  49.349362
                ],
                [
                  37.9362676,
                  49.3540026
                ],
                [
                  37.9385324,
                  49.3557937
                ],
                [
                  37.934241,
                  49.3621108
                ],
                [
                  37.9382749,
                  49.369433
                ],
                [
                  37.9364724,
                  49.3791013
                ],
                [
                  37.8919748,
                  49.3795546
                ],
                [
                  37.8834253,
                  49.3794636
                ],
                [
                  37.8778463,
                  49.3780107
                ],
                [
                  37.8708072,
                  49.3784048
                ],
                [
                  37.8604227,
                  49.3806371
                ],
                [
                  37.8594148,
                  49.3768583
                ],
                [
                  37.850122,
                  49.3767284
                ],
                [
                  37.8480328,
                  49.3775524
                ],
                [
                  37.8464869,
                  49.3791931
                ],
                [
                  37.845802,
                  49.3875063
                ],
                [
                  37.8393869,
                  49.3914318
                ],
                [
                  37.8226928,
                  49.390929
                ],
                [
                  37.8183583,
                  49.389644
                ],
                [
                  37.8005092,
                  49.3940609
                ],
                [
                  37.7867297,
                  49.398247
                ],
                [
                  37.7677218,
                  49.4046179
                ],
                [
                  37.7563922,
                  49.406461
                ],
                [
                  37.7522268,
                  49.4056389
                ],
                [
                  37.7505568,
                  49.4043427
                ],
                [
                  37.7465657,
                  49.4047616
                ],
                [
                  37.7369685,
                  49.4079663
                ],
                [
                  37.7321783,
                  49.4021229
                ],
                [
                  37.7304942,
                  49.4024997
                ],
                [
                  37.7326066196437,
                  49.417350973373
                ],
                [
                  37.7460361459349,
                  49.4212038414187
                ],
                [
                  37.753336336082,
                  49.4370164587708
                ],
                [
                  37.7129080899189,
                  49.4395933579488
                ],
                [
                  37.6945167,
                  49.4483718
                ],
                [
                  37.6832413443355,
                  49.4616314981898
                ],
                [
                  37.6959702725911,
                  49.4697762155981
                ],
                [
                  37.721768,
                  49.4590845
                ],
                [
                  37.7260595,
                  49.4646352
                ],
                [
                  37.7286344,
                  49.4660855
                ],
                [
                  37.7312952,
                  49.4642168
                ],
                [
                  37.7347713,
                  49.4631011
                ],
                [
                  37.7363163,
                  49.4623201
                ],
                [
                  37.7400204,
                  49.4612587
                ],
                [
                  37.7416941,
                  49.4605335
                ],
                [
                  37.743282,
                  49.4594177
                ],
                [
                  37.7457711,
                  49.459334
                ],
                [
                  37.7665379,
                  49.4565573
                ],
                [
                  37.7704419,
                  49.4611481
                ],
                [
                  37.7689387,
                  49.4667239
                ],
                [
                  37.7600445,
                  49.4686553
                ],
                [
                  37.759508,
                  49.469234
                ],
                [
                  37.7520034542761,
                  49.4711816610462
                ],
                [
                  37.7534786932215,
                  49.4728976743018
                ],
                [
                  37.7632182874842,
                  49.4876953301887
                ],
                [
                  37.7455744504759,
                  49.4920250391598
                ],
                [
                  37.7290346497422,
                  49.4958342740909
                ],
                [
                  37.712845953981,
                  49.4910937431175
                ],
                [
                  37.7030413449796,
                  49.4843039449806
                ],
                [
                  37.6873218809296,
                  49.4879266390546
                ],
                [
                  37.6965534744787,
                  49.5076769031735
                ],
                [
                  37.7004118,
                  49.5152945
                ],
                [
                  37.699653,
                  49.5183483
                ],
                [
                  37.6994108,
                  49.5267446
                ],
                [
                  37.6972799,
                  49.5334695
                ],
                [
                  37.6964382,
                  49.5391455
                ],
                [
                  37.6967124,
                  49.5418137
                ],
                [
                  37.7003172,
                  49.5480511
                ],
                [
                  37.7019271,
                  49.5505948
                ],
                [
                  37.7010025,
                  49.5525778
                ],
                [
                  37.6987279,
                  49.5561692
                ],
                [
                  37.6944395,
                  49.5590442
                ],
                [
                  37.6904939,
                  49.5613066
                ],
                [
                  37.6885497,
                  49.5645497
                ],
                [
                  37.6885498,
                  49.5672775
                ],
                [
                  37.6916825,
                  49.5695319
                ],
                [
                  37.6978357,
                  49.5718487
                ],
                [
                  37.7047046,
                  49.5710891
                ],
                [
                  37.7100904,
                  49.5689739
                ],
                [
                  37.7189096,
                  49.5701149
                ],
                [
                  37.7203686,
                  49.5665802
                ],
                [
                  37.721509,
                  49.5598352
                ],
                [
                  37.7237642,
                  49.5534835
                ],
                [
                  37.7328523,
                  49.5499728
                ],
                [
                  37.7331424,
                  49.548996
                ],
                [
                  37.7448922,
                  49.5470436
                ],
                [
                  37.7640664,
                  49.5504086
                ],
                [
                  37.7653257,
                  49.5507846
                ],
                [
                  37.7632376,
                  49.5602924
                ],
                [
                  37.7618088,
                  49.5716504
                ],
                [
                  37.7620765,
                  49.5732091
                ],
                [
                  37.770164,
                  49.5746034
                ],
                [
                  37.7699259,
                  49.5923029
                ],
                [
                  37.7708076,
                  49.5932359
                ],
                [
                  37.785923,
                  49.5980975
                ],
                [
                  37.7888533,
                  49.6045713
                ],
                [
                  37.7882521,
                  49.6088549
                ],
                [
                  37.7880446,
                  49.6094057
                ],
                [
                  37.8066699,
                  49.6142442
                ],
                [
                  37.8174845,
                  49.6157457
                ],
                [
                  37.8394572,
                  49.6226966
                ],
                [
                  37.8440837,
                  49.6247287
                ],
                [
                  37.8473991,
                  49.6275609
                ],
                [
                  37.8495863,
                  49.6361217
                ],
                [
                  37.8563873,
                  49.6417646
                ],
                [
                  37.8583286,
                  49.6454474
                ],
                [
                  37.8575329,
                  49.648211
                ],
                [
                  37.8577189,
                  49.6492872
                ],
                [
                  37.8599751,
                  49.6542808
                ],
                [
                  37.8603827,
                  49.6546812
                ],
                [
                  37.8601037,
                  49.6556929
                ],
                [
                  37.8583125,
                  49.6593271
                ],
                [
                  37.8575516,
                  49.6635036
                ],
                [
                  37.8574328,
                  49.6693177
                ],
                [
                  37.8492126,
                  49.6734503
                ],
                [
                  37.8480968,
                  49.6806706
                ],
                [
                  37.842869,
                  49.6819205
                ],
                [
                  37.833783,
                  49.6824908
                ],
                [
                  37.8190248,
                  49.6804156
                ],
                [
                  37.8118176,
                  49.6737676
                ],
                [
                  37.8073404,
                  49.6744261
                ],
                [
                  37.8006456,
                  49.6676771
                ],
                [
                  37.7977974,
                  49.6634149
                ],
                [
                  37.8045725,
                  49.6608506
                ],
                [
                  37.802448,
                  49.6576767
                ],
                [
                  37.795217,
                  49.6589763
                ],
                [
                  37.7882648,
                  49.6551424
                ],
                [
                  37.7852607,
                  49.6557259
                ],
                [
                  37.7824712,
                  49.6553369
                ],
                [
                  37.7794671,
                  49.6526836
                ],
                [
                  37.781001,
                  49.6498423
                ],
                [
                  37.7805235,
                  49.6460598
                ],
                [
                  37.7787187,
                  49.6461694
                ],
                [
                  37.7772997,
                  49.6478064
                ],
                [
                  37.7748892316428,
                  49.6504212516872
                ],
                [
                  37.7716208413174,
                  49.6523955371308
                ],
                [
                  37.7676438,
                  49.6544644
                ],
                [
                  37.7598911223176,
                  49.6604583618671
                ],
                [
                  37.7389677204403,
                  49.6608864399919
                ],
                [
                  37.7392589228993,
                  49.6658328331198
                ],
                [
                  37.7386114104242,
                  49.668239119256
                ],
                [
                  37.7566952196648,
                  49.6669931631693
                ],
                [
                  37.7661417,
                  49.6663716
                ],
                [
                  37.768649633008,
                  49.6764397692743
                ],
                [
                  37.7767027639184,
                  49.6746758411695
                ],
                [
                  37.7824967727297,
                  49.6732921165056
                ],
                [
                  37.779703,
                  49.6698158
                ],
                [
                  37.7940367,
                  49.6670105
                ],
                [
                  37.7997217,
                  49.6739038
                ],
                [
                  37.8001961,
                  49.6777306
                ],
                [
                  37.7980623,
                  49.6820612
                ],
                [
                  37.7888439,
                  49.6846728
                ],
                [
                  37.7882431,
                  49.6828958
                ],
                [
                  37.7865265,
                  49.6831457
                ],
                [
                  37.785239,
                  49.6838954
                ],
                [
                  37.783222,
                  49.6846451
                ],
                [
                  37.7854107,
                  49.6867552
                ],
                [
                  37.7882002,
                  49.6889764
                ],
                [
                  37.7896593,
                  49.6910863
                ],
                [
                  37.7883918,
                  49.6928906
                ],
                [
                  37.7868469,
                  49.6936957
                ],
                [
                  37.7804954,
                  49.6953058
                ],
                [
                  37.7771051,
                  49.6958054
                ],
                [
                  37.7774484,
                  49.6977208
                ],
                [
                  37.78071,
                  49.704882
                ],
                [
                  37.7739667,
                  49.7064694
                ],
                [
                  37.7568009,
                  49.7098268
                ],
                [
                  37.7592184,
                  49.7134943
                ],
                [
                  37.7444687,
                  49.7173279
                ],
                [
                  37.7467013,
                  49.7213008
                ],
                [
                  37.7489342,
                  49.7241639
                ],
                [
                  37.750988,
                  49.7253075
                ],
                [
                  37.7559434,
                  49.7245739
                ],
                [
                  37.7580777,
                  49.725289
                ],
                [
                  37.7598688,
                  49.7251717
                ],
                [
                  37.7605109,
                  49.7367981
                ],
                [
                  37.7466817,
                  49.7419154
                ],
                [
                  37.7448153,
                  49.7437879
                ],
                [
                  37.7212324,
                  49.7447728
                ],
                [
                  37.7204417,
                  49.7374632
                ],
                [
                  37.7207425,
                  49.7338574
                ],
                [
                  37.7175606,
                  49.7338303
                ],
                [
                  37.7173295,
                  49.7250662
                ],
                [
                  37.7208068,
                  49.7217624
                ],
                [
                  37.7212318553228,
                  49.7184401738843
                ],
                [
                  37.7219461841922,
                  49.7159304425924
                ],
                [
                  37.7205740045002,
                  49.714189417374
                ],
                [
                  37.723132985706,
                  49.7123199000752
                ],
                [
                  37.7187925983566,
                  49.7096299234283
                ],
                [
                  37.7109421696251,
                  49.7115675646383
                ],
                [
                  37.707141863546,
                  49.7102071844922
                ],
                [
                  37.6947090423011,
                  49.7072813212577
                ],
                [
                  37.6849807745905,
                  49.7009565722094
                ],
                [
                  37.678012937059,
                  49.6890507173868
                ],
                [
                  37.6732076878803,
                  49.6858562991492
                ],
                [
                  37.6709911853258,
                  49.6884075611374
                ],
                [
                  37.6702184657325,
                  49.6898060135669
                ],
                [
                  37.669890794038,
                  49.6926330519728
                ],
                [
                  37.6753372966568,
                  49.7033515441892
                ],
                [
                  37.6841442101141,
                  49.7112887696666
                ],
                [
                  37.6962928,
                  49.7181501
                ],
                [
                  37.6992098,
                  49.7198256
                ],
                [
                  37.7047768,
                  49.7208595
                ],
                [
                  37.707671,
                  49.7219287
                ],
                [
                  37.7094976,
                  49.7238388
                ],
                [
                  37.703232,
                  49.7312318
                ],
                [
                  37.6995842,
                  49.7304829
                ],
                [
                  37.6961509,
                  49.730788
                ],
                [
                  37.6911299,
                  49.732702
                ],
                [
                  37.6879322,
                  49.7364016
                ],
                [
                  37.6863658,
                  49.7369851
                ],
                [
                  37.6856254,
                  49.7409656
                ],
                [
                  37.6825514,
                  49.7422624
                ],
                [
                  37.6806147,
                  49.7425192
                ],
                [
                  37.676468,
                  49.7434246
                ],
                [
                  37.6741237,
                  49.7433316
                ],
                [
                  37.6700628,
                  49.7445834
                ],
                [
                  37.6665596,
                  49.7448368
                ],
                [
                  37.6624822,
                  49.7399163
                ],
                [
                  37.6617094,
                  49.7387397
                ],
                [
                  37.6588589,
                  49.7339997
                ],
                [
                  37.6585157,
                  49.7280357
                ],
                [
                  37.6547819,
                  49.7218212
                ],
                [
                  37.6566702,
                  49.716272
                ],
                [
                  37.6607277,
                  49.7128123
                ],
                [
                  37.6616289,
                  49.7105923
                ],
                [
                  37.6651051,
                  49.7098985
                ],
                [
                  37.6663925,
                  49.7084831
                ],
                [
                  37.6651051,
                  49.705458
                ],
                [
                  37.6617577,
                  49.7023772
                ],
                [
                  37.6589253,
                  49.7029879
                ],
                [
                  37.6567795,
                  49.7030156
                ],
                [
                  37.6536038,
                  49.7027658
                ],
                [
                  37.6526049,
                  49.7029278
                ],
                [
                  37.6464736458938,
                  49.7030999622188
                ],
                [
                  37.6438050923149,
                  49.7070514417881
                ],
                [
                  37.638143621145,
                  49.7124667047414
                ],
                [
                  37.644568,
                  49.7176732
                ],
                [
                  37.6448586,
                  49.7206061
                ],
                [
                  37.6409649,
                  49.7215553
                ],
                [
                  37.6416747,
                  49.7242028
                ],
                [
                  37.6404119,
                  49.7246981
                ],
                [
                  37.6388733,
                  49.7251061
                ],
                [
                  37.6386285,
                  49.7257279
                ],
                [
                  37.6387397,
                  49.7263058
                ],
                [
                  37.6337687,
                  49.7275725
                ],
                [
                  37.6324528,
                  49.7253896
                ],
                [
                  37.6277327726416,
                  49.7247329867529
                ],
                [
                  37.6156009118205,
                  49.7127183683763
                ],
                [
                  37.6190137484088,
                  49.7058643634354
                ],
                [
                  37.6210376916752,
                  49.7023046026754
                ],
                [
                  37.6177046282982,
                  49.700654901946
                ],
                [
                  37.6205244808898,
                  49.6940815996867
                ],
                [
                  37.6148998322573,
                  49.6939779152013
                ],
                [
                  37.6094570600196,
                  49.6942061623578
                ],
                [
                  37.6034160451569,
                  49.6964705639017
                ],
                [
                  37.5949333823198,
                  49.6986949369986
                ],
                [
                  37.6029978204787,
                  49.7097956889249
                ],
                [
                  37.6058960898923,
                  49.7113799022677
                ],
                [
                  37.6113880142296,
                  49.7129661756865
                ],
                [
                  37.6112849,
                  49.7175489
                ],
                [
                  37.611198,
                  49.7184872
                ],
                [
                  37.6108579,
                  49.7192503
                ],
                [
                  37.6108024,
                  49.7194428
                ],
                [
                  37.6108605,
                  49.7194939
                ],
                [
                  37.6113938,
                  49.7202478
                ],
                [
                  37.613279,
                  49.7203565
                ],
                [
                  37.613175,
                  49.7207155
                ],
                [
                  37.6127668079046,
                  49.7238786535443
                ],
                [
                  37.6110163273876,
                  49.7256081401065
                ],
                [
                  37.6031248175293,
                  49.7217306222663
                ],
                [
                  37.5920984827502,
                  49.72453916984
                ],
                [
                  37.5888816912367,
                  49.7347503813431
                ],
                [
                  37.598941,
                  49.7375003
                ],
                [
                  37.6000997,
                  49.7387622
                ],
                [
                  37.6023727,
                  49.7405981
                ],
                [
                  37.6006561,
                  49.7425117
                ],
                [
                  37.600699,
                  49.7434823
                ],
                [
                  37.6030933,
                  49.7510517
                ],
                [
                  37.602447,
                  49.7525221
                ],
                [
                  37.6001295,
                  49.7574296
                ],
                [
                  37.6001205,
                  49.7669997
                ],
                [
                  37.5918228,
                  49.7667502
                ],
                [
                  37.5839629,
                  49.7681638
                ],
                [
                  37.5830509,
                  49.7710742
                ],
                [
                  37.5812216,
                  49.7741646
                ],
                [
                  37.5848133,
                  49.7748783
                ],
                [
                  37.5887909,
                  49.7760352
                ],
                [
                  37.604606,
                  49.7756055
                ],
                [
                  37.605667,
                  49.7775569
                ],
                [
                  37.6064916,
                  49.7802426
                ],
                [
                  37.6083891,
                  49.7813489
                ],
                [
                  37.6091277,
                  49.787609
                ],
                [
                  37.6105356,
                  49.7908916
                ],
                [
                  37.6117975,
                  49.7913
                ],
                [
                  37.614347,
                  49.7915421
                ],
                [
                  37.6230948,
                  49.7906885
                ],
                [
                  37.6265641,
                  49.7916631
                ],
                [
                  37.6293836,
                  49.7981555
                ],
                [
                  37.6275323,
                  49.8031465
                ],
                [
                  37.6261956,
                  49.8055892
                ],
                [
                  37.6259256,
                  49.8078157
                ],
                [
                  37.6192477,
                  49.8093039
                ],
                [
                  37.6041584,
                  49.8083547
                ],
                [
                  37.6009542,
                  49.8087651
                ],
                [
                  37.6009686,
                  49.8101391
                ],
                [
                  37.6020129,
                  49.8112361
                ],
                [
                  37.5985974,
                  49.8191354
                ],
                [
                  37.5996273,
                  49.8224303
                ],
                [
                  37.6097553,
                  49.8224026
                ],
                [
                  37.612459,
                  49.8262233
                ],
                [
                  37.632365,
                  49.8243516
                ],
                [
                  37.6436637,
                  49.8290558
                ],
                [
                  37.6349011,
                  49.8349908
                ],
                [
                  37.6353773,
                  49.8364879
                ],
                [
                  37.6358108,
                  49.8406146
                ],
                [
                  37.6332717,
                  49.8499066
                ],
                [
                  37.6339414,
                  49.8517089
                ],
                [
                  37.6293583,
                  49.8560322
                ],
                [
                  37.6361619,
                  49.8683718
                ],
                [
                  37.6424305,
                  49.8756216
                ],
                [
                  37.6420549,
                  49.8791891
                ],
                [
                  37.6355003,
                  49.8813972
                ],
                [
                  37.6352429,
                  49.8867893
                ],
                [
                  37.6383328,
                  49.8899137
                ],
                [
                  37.6450862,
                  49.8906784
                ],
                [
                  37.6460228,
                  49.8908116
                ],
                [
                  37.6505504,
                  49.8965345
                ],
                [
                  37.6570735,
                  49.893687
                ],
                [
                  37.6663912,
                  49.8919562
                ],
                [
                  37.6696528,
                  49.8923432
                ],
                [
                  37.6738585,
                  49.8923985
                ],
                [
                  37.6798667,
                  49.8918456
                ],
                [
                  37.6829566,
                  49.8931726
                ],
                [
                  37.691038,
                  49.8935111
                ],
                [
                  37.6958128,
                  49.8944943
                ],
                [
                  37.6976153,
                  49.9056067
                ],
                [
                  37.7025489,
                  49.9056969
                ],
                [
                  37.7353129,
                  49.9017168
                ],
                [
                  37.7423319,
                  49.9075204
                ],
                [
                  37.7417754,
                  49.9176876
                ],
                [
                  37.7491949,
                  49.9323853
                ],
                [
                  37.732887,
                  49.9374679
                ],
                [
                  37.7301625,
                  49.9498321
                ],
                [
                  37.7206303,
                  49.9548534
                ],
                [
                  37.718308,
                  49.9613787
                ],
                [
                  37.7106627,
                  49.9665232
                ],
                [
                  37.7093323,
                  49.9677654
                ],
                [
                  37.7098687,
                  49.9737439
                ],
                [
                  37.7358111,
                  49.9743071
                ],
                [
                  37.7434905,
                  49.9765405
                ],
                [
                  37.7452929,
                  49.97781
                ],
                [
                  37.7508719,
                  49.9810113
                ],
                [
                  37.7520736,
                  49.9825015
                ],
                [
                  37.7521594,
                  49.9858128
                ],
                [
                  37.7470402,
                  49.9892118
                ],
                [
                  37.7465681,
                  49.991088
                ],
                [
                  37.7469544,
                  49.9929641
                ],
                [
                  37.7475981,
                  49.9942332
                ],
                [
                  37.7540783,
                  49.9934607
                ],
                [
                  37.7609448,
                  49.9944263
                ],
                [
                  37.7665325,
                  49.9981646
                ],
                [
                  37.7619835,
                  50.0020817
                ],
                [
                  37.7601811,
                  50.0058882
                ],
                [
                  37.7630993,
                  50.0111285
                ],
                [
                  37.7656906557801,
                  50.0181458847938
                ],
                [
                  37.7555781223225,
                  50.0253264720745
                ],
                [
                  37.736352854618,
                  50.0490365295407
                ],
                [
                  37.7256534552181,
                  50.0532304281053
                ],
                [
                  37.7142600768262,
                  50.0599459675853
                ],
                [
                  37.6880182628341,
                  50.0665457744494
                ],
                [
                  37.678305,
                  50.0616857
                ],
                [
                  37.6714385,
                  50.0616306
                ],
                [
                  37.667662,
                  50.0630631
                ],
                [
                  37.664594,
                  50.0675321
                ],
                [
                  37.6647889,
                  50.0717903
                ],
                [
                  37.6654755,
                  50.0749303
                ],
                [
                  37.6639306,
                  50.0781251
                ],
                [
                  37.6620423,
                  50.0800529
                ],
                [
                  37.6604115,
                  50.0844039
                ],
                [
                  37.6577508,
                  50.0871025
                ],
                [
                  37.6533043,
                  50.0866271
                ],
                [
                  37.6511585,
                  50.0877285
                ],
                [
                  37.6513302,
                  50.0893806
                ],
                [
                  37.6527034,
                  50.0906472
                ],
                [
                  37.6299102591296,
                  50.1034541566247
                ],
                [
                  37.6178531639042,
                  50.1097421766812
                ],
                [
                  37.6033045,
                  50.1523302
                ],
                [
                  37.6051928,
                  50.1591767
                ],
                [
                  37.608489,
                  50.16092
                ],
                [
                  37.6142748,
                  50.1644776
                ],
                [
                  37.6155345,
                  50.1656102
                ],
                [
                  37.6257211,
                  50.1677323
                ],
                [
                  37.6330488,
                  50.1770614
                ],
                [
                  37.6341462,
                  50.1778723
                ],
                [
                  37.6307978,
                  50.1810841
                ],
                [
                  37.6182486,
                  50.1804701
                ],
                [
                  37.6125104,
                  50.1806438
                ],
                [
                  37.612265,
                  50.1867532
                ],
                [
                  37.6171937,
                  50.1893828
                ],
                [
                  37.6264634,
                  50.1929546
                ],
                [
                  37.6332869,
                  50.1962515
                ],
                [
                  37.6330294,
                  50.1987789
                ],
                [
                  37.6345744,
                  50.1999327
                ],
                [
                  37.636838,
                  50.1972034
                ],
                [
                  37.6263667,
                  50.2100037
                ],
                [
                  37.62671,
                  50.2177481
                ],
                [
                  37.6232768,
                  50.2238439
                ],
                [
                  37.6281692,
                  50.2306527
                ],
                [
                  37.6380397,
                  50.2412484
                ],
                [
                  37.6339266,
                  50.256646
                ],
                [
                  37.6332399,
                  50.2723927
                ],
                [
                  37.6298925,
                  50.2851729
                ],
                [
                  37.6281759,
                  50.2935083
                ],
                [
                  37.6307509,
                  50.2963595
                ],
                [
                  37.6381323,
                  50.3031031
                ],
                [
                  37.6381323,
                  50.3118739
                ],
                [
                  37.6262876,
                  50.3173548
                ],
                [
                  37.6064608,
                  50.3190537
                ],
                [
                  37.594187,
                  50.320095
                ],
                [
                  37.5859473,
                  50.3215199
                ],
                [
                  37.5720426,
                  50.3193826
                ],
                [
                  37.5639741,
                  50.3248256
                ],
                [
                  37.5560777,
                  50.3326062
                ],
                [
                  37.5456063,
                  50.3353455
                ],
                [
                  37.53565,
                  50.3358933
                ],
                [
                  37.5260369,
                  50.3386325
                ],
                [
                  37.5189988,
                  50.3418097
                ],
                [
                  37.5135057,
                  50.3463013
                ],
                [
                  37.5105874,
                  50.3522163
                ],
                [
                  37.5047509,
                  50.3567069
                ],
                [
                  37.4941079,
                  50.3604305
                ],
                [
                  37.4855249,
                  50.3601019
                ],
                [
                  37.4805467,
                  50.3642632
                ],
                [
                  37.4760835,
                  50.3689717
                ],
                [
                  37.4755685,
                  50.3732417
                ],
                [
                  37.4745385,
                  50.3776208
                ],
                [
                  37.4685503,
                  50.3906597
                ],
                [
                  37.4690653,
                  50.3955844
                ],
                [
                  37.4706102,
                  50.4003991
                ],
                [
                  37.4714685,
                  50.4048851
                ],
                [
                  37.4704386,
                  50.4088237
                ],
                [
                  37.4668337,
                  50.4128714
                ],
                [
                  37.4640442,
                  50.4149412
                ],
                [
                  37.4642465,
                  50.4142224
                ],
                [
                  37.4608132,
                  50.4160273
                ],
                [
                  37.4565217,
                  50.4195821
                ],
                [
                  37.4542901,
                  50.4209493
                ],
                [
                  37.4492261,
                  50.4217149
                ],
                [
                  37.4457929,
                  50.4231367
                ],
                [
                  37.4417588,
                  50.426527
                ],
                [
                  37.4372098,
                  50.4296983
                ],
                [
                  37.4346912,
                  50.4310787
                ],
                [
                  37.4250205,
                  50.4291935
                ],
                [
                  37.4246343,
                  50.4263776
                ],
                [
                  37.4224885,
                  50.4250379
                ],
                [
                  37.4176391,
                  50.4245458
                ],
                [
                  37.4118455,
                  50.4236435
                ],
                [
                  37.4095281,
                  50.4235615
                ],
                [
                  37.4077685,
                  50.4246825
                ],
                [
                  37.4066527,
                  50.4261862
                ],
                [
                  37.3899305,
                  50.4235057
                ],
                [
                  37.383043,
                  50.4213321
                ],
                [
                  37.380892,
                  50.4209937
                ],
                [
                  37.3789125,
                  50.4215848
                ],
                [
                  37.3771846,
                  50.4225235
                ],
                [
                  37.3741691,
                  50.4229699
                ],
                [
                  37.3736312,
                  50.4240814
                ],
                [
                  37.3734567,
                  50.4265233
                ],
                [
                  37.3742234,
                  50.430122
                ],
                [
                  37.3723137,
                  50.433375
                ],
                [
                  37.3727632,
                  50.4380247
                ],
                [
                  37.3590303,
                  50.4396647
                ],
                [
                  37.3535372,
                  50.4393367
                ],
                [
                  37.3386026,
                  50.4396647
                ],
                [
                  37.3283029,
                  50.439118
                ],
                [
                  37.3210932,
                  50.4372594
                ],
                [
                  37.3168016,
                  50.4354006
                ],
                [
                  37.3087336,
                  50.4350726
                ],
                [
                  37.3020388,
                  50.4317923
                ],
                [
                  37.2999788,
                  50.4271995
                ],
                [
                  37.2984339,
                  50.4212937
                ],
                [
                  37.2968889,
                  50.414731
                ],
                [
                  37.2960306,
                  50.4102459
                ],
                [
                  37.2919107,
                  50.4069639
                ],
                [
                  37.2859026,
                  50.4044475
                ],
                [
                  37.2769762,
                  50.401931
                ],
                [
                  37.2690798,
                  50.4008368
                ],
                [
                  37.2639299,
                  50.3984295
                ],
                [
                  37.2565485,
                  50.3967881
                ],
                [
                  37.2484804,
                  50.3950372
                ],
                [
                  37.2426439,
                  50.3929579
                ],
                [
                  37.2247911,
                  50.3865007
                ],
                [
                  37.219813,
                  50.3829981
                ],
                [
                  37.2114016,
                  50.3780721
                ],
                [
                  37.2031618,
                  50.3746784
                ],
                [
                  37.1966387,
                  50.3720508
                ],
                [
                  37.1887422,
                  50.3681092
                ],
                [
                  37.1813608,
                  50.3654812
                ],
                [
                  37.1734644,
                  50.3637292
                ],
                [
                  37.164538,
                  50.3625246
                ],
                [
                  37.1552683,
                  50.360882
                ],
                [
                  37.1470285,
                  50.360882
                ],
                [
                  37.1391321,
                  50.3632912
                ],
                [
                  37.1303774,
                  50.3635102
                ],
                [
                  37.1245409,
                  50.3620866
                ],
                [
                  37.1132112,
                  50.3607725
                ],
                [
                  37.0993067,
                  50.3582536
                ],
                [
                  37.0946718,
                  50.3543108
                ],
                [
                  37.0790506,
                  50.3505868
                ],
                [
                  37.0723558,
                  50.3489437
                ],
                [
                  37.0693266,
                  50.3440583
                ],
                [
                  37.0640051,
                  50.3444417
                ],
                [
                  37.0581257,
                  50.3436201
                ],
                [
                  36.9894760144129,
                  50.3485799435997
                ],
                [
                  37.0045483735957,
                  50.3386278771982
                ],
                [
                  37.0069864240905,
                  50.3302496629214
                ],
                [
                  37.0251962017341,
                  50.3168090021643
                ],
                [
                  37.0412664229286,
                  50.3059738086201
                ],
                [
                  37.0458538893594,
                  50.3042420024927
                ],
                [
                  37.048385808602,
                  50.3007674610977
                ],
                [
                  37.0411086992669,
                  50.2989911381958
                ],
                [
                  37.0422433250201,
                  50.2970034572775
                ],
                [
                  37.0426255793487,
                  50.2927845945633
                ],
                [
                  37.0380526106577,
                  50.2922971910062
                ],
                [
                  37.0315863122895,
                  50.2917312505012
                ],
                [
                  37.0231104755014,
                  50.2915496590914
                ],
                [
                  37.0119000308191,
                  50.2917532596892
                ],
                [
                  37.0007203258644,
                  50.291574064781
                ],
                [
                  36.9871190442103,
                  50.2953984904454
                ],
                [
                  36.9725296976812,
                  50.2921407676399
                ],
                [
                  36.9693039397109,
                  50.2898756240265
                ],
                [
                  36.9581705573309,
                  50.2864306184836
                ],
                [
                  36.9507263054553,
                  50.2796937250286
                ],
                [
                  36.9512480356167,
                  50.2730514429134
                ],
                [
                  36.9487806512579,
                  50.2636183183145
                ],
                [
                  36.9409557015667,
                  50.2580376533618
                ],
                [
                  36.9295943706778,
                  50.2589061062661
                ],
                [
                  36.923150252853,
                  50.2592303446925
                ],
                [
                  36.9184803254491,
                  50.2490545575209
                ],
                [
                  36.9152578002753,
                  50.2374523118716
                ],
                [
                  36.9098292824143,
                  50.2376458405825
                ],
                [
                  36.90826,
                  50.2250924
                ],
                [
                  36.9064469,
                  50.2238088
                ],
                [
                  36.903518,
                  50.2236235
                ],
                [
                  36.9009644,
                  50.2232253
                ],
                [
                  36.9008497,
                  50.2206146
                ],
                [
                  36.8999881,
                  50.2156845
                ],
                [
                  36.9002255,
                  50.2139972
                ],
                [
                  36.8988134,
                  50.2093856
                ],
                [
                  36.8937610577308,
                  50.2069771201152
                ],
                [
                  36.8881581578516,
                  50.2069645529517
                ],
                [
                  36.88933940805,
                  50.2166232614927
                ],
                [
                  36.8933896344821,
                  50.2192768740436
                ],
                [
                  36.8910911497823,
                  50.2371937714049
                ],
                [
                  36.875604029446,
                  50.2407533819866
                ],
                [
                  36.8698599901931,
                  50.2362551936899
                ],
                [
                  36.8402582,
                  50.2372381
                ],
                [
                  36.8382859,
                  50.2384349
                ],
                [
                  36.8363118,
                  50.2436498
                ],
                [
                  36.8293993,
                  50.2457584
                ],
                [
                  36.8237639730109,
                  50.2439070214883
                ],
                [
                  36.81374847476,
                  50.2491473934466
                ],
                [
                  36.799552255464,
                  50.249427649274
                ],
                [
                  36.7631882607964,
                  50.2505978930649
                ],
                [
                  36.7523469,
                  50.2572277
                ],
                [
                  36.746507,
                  50.2595656
                ],
                [
                  36.745992,
                  50.2603064
                ],
                [
                  36.743975,
                  50.2614038
                ],
                [
                  36.7389539,
                  50.2653955
                ],
                [
                  36.7290405,
                  50.2772312
                ],
                [
                  36.7273693443052,
                  50.2722502964468
                ],
                [
                  36.7204753220453,
                  50.2692690537345
                ],
                [
                  36.7124132114191,
                  50.2651351922261
                ],
                [
                  36.6961551505899,
                  50.2563311334442
                ],
                [
                  36.6921466638369,
                  50.2525786312689
                ],
                [
                  36.6860794635254,
                  50.2461724170859
                ],
                [
                  36.6830056624255,
                  50.2396428571773
                ],
                [
                  36.6863046867877,
                  50.233469718148
                ],
                [
                  36.6799303234807,
                  50.2288314874824
                ],
                [
                  36.6719390437145,
                  50.2215340366547
                ],
                [
                  36.6608360900763,
                  50.2154639990914
                ],
                [
                  36.6511347407594,
                  50.2202080014352
                ],
                [
                  36.6378976720524,
                  50.2062157914574
                ],
                [
                  36.6040432055209,
                  50.2147716547261
                ],
                [
                  36.5912845273256,
                  50.2149237128769
                ],
                [
                  36.5828106,
                  50.2154492
                ],
                [
                  36.581051,
                  50.216273
                ],
                [
                  36.5802356,
                  50.2180579
                ],
                [
                  36.577532,
                  50.2202822
                ],
                [
                  36.5757295,
                  50.22171
                ],
                [
                  36.5761446954938,
                  50.2221881340558
                ],
                [
                  36.5753799549211,
                  50.2218811289358
                ],
                [
                  36.5392477151619,
                  50.2384121478488
                ],
                [
                  36.5263758821943,
                  50.2322414982982
                ],
                [
                  36.5021320588153,
                  50.2364956197075
                ],
                [
                  36.4788371482436,
                  50.2435151498485
                ],
                [
                  36.4666036328865,
                  50.2480995911404
                ],
                [
                  36.4498349,
                  50.2454171
                ],
                [
                  36.4431422,
                  50.2495505
                ],
                [
                  36.4362549,
                  50.2462112
                ],
                [
                  36.4275213,
                  50.2493208
                ],
                [
                  36.4261329,
                  50.2527649
                ],
                [
                  36.4225125,
                  50.2536982
                ],
                [
                  36.4178617,
                  50.2548781
                ],
                [
                  36.4103646,
                  50.2574778
                ],
                [
                  36.4064735,
                  50.2587463
                ],
                [
                  36.4047211,
                  50.258972
                ],
                [
                  36.3988418,
                  50.2593836
                ],
                [
                  36.3963862,
                  50.2594458
                ],
                [
                  36.3901215,
                  50.2634129
                ],
                [
                  36.3829128,
                  50.2826783
                ],
                [
                  36.3726131,
                  50.2921657
                ],
                [
                  36.3786213,
                  50.293701
                ],
                [
                  36.3734714,
                  50.3007191
                ],
                [
                  36.3680292,
                  50.2957876
                ],
                [
                  36.3632227,
                  50.2915106
                ],
                [
                  36.3577295,
                  50.2896462
                ],
                [
                  36.3532663,
                  50.2896462
                ],
                [
                  36.3488031,
                  50.2899752
                ],
                [
                  36.3371302,
                  50.2915106
                ],
                [
                  36.3256288,
                  50.292388
                ],
                [
                  36.3206507,
                  50.292388
                ],
                [
                  36.3110376,
                  50.2951297
                ],
                [
                  36.3076044,
                  50.296007
                ],
                [
                  36.3041712,
                  50.2997353
                ],
                [
                  36.2950731,
                  50.3002835
                ],
                [
                  36.2894083,
                  50.3022572
                ],
                [
                  36.2859751,
                  50.306314
                ],
                [
                  36.2828852,
                  50.3106993
                ],
                [
                  36.2811685,
                  50.3137687
                ],
                [
                  36.2828852,
                  50.3183725
                ],
                [
                  36.2821985,
                  50.3231951
                ],
                [
                  36.2769565,
                  50.3283202
                ],
                [
                  36.2739188,
                  50.3302057
                ],
                [
                  36.2756354,
                  50.3318768
                ],
                [
                  36.2806565,
                  50.3374375
                ],
                [
                  36.2858822,
                  50.34157
                ],
                [
                  36.2722351,
                  50.3509361
                ],
                [
                  36.2680294,
                  50.3529624
                ],
                [
                  36.2461426,
                  50.3629834
                ],
                [
                  36.2391045,
                  50.3637499
                ],
                [
                  36.2361004,
                  50.3659399
                ],
                [
                  36.2357571,
                  50.3683489
                ],
                [
                  36.2346413,
                  50.3714146
                ],
                [
                  36.2324955,
                  50.3744254
                ],
                [
                  36.228204,
                  50.3802275
                ],
                [
                  36.2240841,
                  50.3855911
                ],
                [
                  36.2152435,
                  50.3867403
                ],
                [
                  36.2126686,
                  50.3902426
                ],
                [
                  36.2070038,
                  50.3991615
                ],
                [
                  36.2047722,
                  50.4014046
                ],
                [
                  36.2012531,
                  50.4033741
                ],
                [
                  36.1985924,
                  50.4053982
                ],
                [
                  36.1945583,
                  50.407641
                ],
                [
                  36.1859983,
                  50.4097369
                ],
                [
                  36.180076,
                  50.411159
                ],
                [
                  36.1762995,
                  50.413511
                ],
                [
                  36.1728662,
                  50.41548
                ],
                [
                  36.1710638,
                  50.4168473
                ],
                [
                  36.170463,
                  50.4193083
                ],
                [
                  36.1698622,
                  50.4219879
                ],
                [
                  36.1702055,
                  50.4249408
                ],
                [
                  36.1693472,
                  50.4281123
                ],
                [
                  36.1678881,
                  50.429862
                ],
                [
                  36.1658281,
                  50.4332517
                ],
                [
                  36.1625666,
                  50.4352199
                ],
                [
                  36.15776,
                  50.4356026
                ],
                [
                  36.155271,
                  50.4360399
                ],
                [
                  36.1520094,
                  50.4372973
                ],
                [
                  36.1479753,
                  50.4382266
                ],
                [
                  36.1422247,
                  50.438992
                ],
                [
                  36.1348433,
                  50.4408506
                ],
                [
                  36.1264318,
                  50.4411239
                ],
                [
                  36.1169905,
                  50.4406866
                ],
                [
                  36.1140722,
                  50.4416705
                ],
                [
                  36.0781092,
                  50.4559899
                ],
                [
                  36.0708136,
                  50.4552795
                ],
                [
                  36.0623163,
                  50.4548423
                ],
                [
                  36.0541624,
                  50.4543505
                ],
                [
                  36.0476393,
                  50.4540773
                ],
                [
                  36.0428328,
                  50.4537494
                ],
                [
                  36.0385412,
                  50.4527657
                ],
                [
                  36.0336489,
                  50.4523831
                ],
                [
                  36.0293573,
                  50.4520006
                ],
                [
                  36.0237783,
                  50.4518366
                ],
                [
                  36.018371,
                  50.4518366
                ],
                [
                  35.99554,
                  50.4493773
                ],
                [
                  35.9783739,
                  50.446098
                ],
                [
                  35.9725374,
                  50.4428184
                ],
                [
                  35.9694475,
                  50.4408506
                ],
                [
                  35.9683013,
                  50.4372587
                ],
                [
                  35.9649539,
                  50.4362473
                ],
                [
                  35.9632373,
                  50.4361927
                ],
                [
                  35.9586454,
                  50.435482
                ],
                [
                  35.955298,
                  50.4349626
                ],
                [
                  35.9532809,
                  50.4350993
                ],
                [
                  35.9516931,
                  50.4352086
                ],
                [
                  35.9498477,
                  50.4355093
                ],
                [
                  35.9484315,
                  50.435564
                ],
                [
                  35.9465003,
                  50.435236
                ],
                [
                  35.9448266,
                  50.4349079
                ],
                [
                  35.9450674,
                  50.4339448
                ],
                [
                  35.9424496,
                  50.4308285
                ],
                [
                  35.9363556,
                  50.428204
                ],
                [
                  35.9324932,
                  50.428122
                ],
                [
                  35.9256697,
                  50.4279033
                ],
                [
                  35.9216786,
                  50.4271104
                ],
                [
                  35.9185457,
                  50.4279579
                ],
                [
                  35.9162712,
                  50.4293249
                ],
                [
                  35.9140826,
                  50.4306918
                ],
                [
                  35.907259,
                  50.4317579
                ],
                [
                  35.9031821,
                  50.4331247
                ],
                [
                  35.8994913,
                  50.4339722
                ],
                [
                  35.8894491,
                  50.4350109
                ],
                [
                  35.8870244,
                  50.4366236
                ],
                [
                  35.8894659,
                  50.4389261
                ],
                [
                  35.8826423,
                  50.4395547
                ],
                [
                  35.8665919,
                  50.4284017
                ],
                [
                  35.8586955,
                  50.4299327
                ],
                [
                  35.8539748,
                  50.4310262
                ],
                [
                  35.8506274,
                  50.4302607
                ],
                [
                  35.8463359,
                  50.4287845
                ],
                [
                  35.842731,
                  50.4276909
                ],
                [
                  35.8392978,
                  50.427855
                ],
                [
                  35.8375812,
                  50.429878
                ],
                [
                  35.8313155,
                  50.43704
                ],
                [
                  35.800674,
                  50.4224962
                ],
                [
                  35.7921767,
                  50.4184493
                ],
                [
                  35.7913184,
                  50.4162617
                ],
                [
                  35.7916618,
                  50.4135817
                ],
                [
                  35.7937217,
                  50.4118315
                ],
                [
                  35.7952666,
                  50.4102452
                ],
                [
                  35.7999015,
                  50.4107922
                ],
                [
                  35.8028197,
                  50.4096983
                ],
                [
                  35.8049655,
                  50.4087137
                ],
                [
                  35.8044505,
                  50.4064709
                ],
                [
                  35.8029914,
                  50.4051033
                ],
                [
                  35.7799029,
                  50.3880871
                ],
                [
                  35.7639384,
                  50.3770315
                ],
                [
                  35.7436605,
                  50.3620737
                ],
                [
                  35.6754251,
                  50.3578027
                ],
                [
                  35.6549974,
                  50.3540789
                ],
                [
                  35.6368013,
                  50.3567075
                ],
                [
                  35.62427,
                  50.3610881
                ],
                [
                  35.6199785,
                  50.3634973
                ],
                [
                  35.6184335,
                  50.371819
                ],
                [
                  35.6179185,
                  50.3766361
                ],
                [
                  35.6113954,
                  50.3815622
                ],
                [
                  35.5968042,
                  50.3925073
                ],
                [
                  35.5892048,
                  50.4051794
                ],
                [
                  35.5871449,
                  50.4290793
                ],
                [
                  35.5873404,
                  50.4326766
                ],
                [
                  35.5865393,
                  50.4475929
                ],
                [
                  35.5860291,
                  50.4504531
                ],
                [
                  35.583025,
                  50.4528031
                ],
                [
                  35.5808793,
                  50.4542786
                ],
                [
                  35.5797635,
                  50.4561913
                ],
                [
                  35.5777035,
                  50.457612
                ],
                [
                  35.5746995,
                  50.4596338
                ],
                [
                  35.5745278,
                  50.4618741
                ],
                [
                  35.5731545,
                  50.4641689
                ],
                [
                  35.5698929,
                  50.4661904
                ],
                [
                  35.5655156,
                  50.4651523
                ],
                [
                  35.5634556,
                  50.4637864
                ],
                [
                  35.5613099,
                  50.4618194
                ],
                [
                  35.5607949,
                  50.4607813
                ],
                [
                  35.5560742,
                  50.4601802
                ],
                [
                  35.5514393,
                  50.4603442
                ],
                [
                  35.5463753,
                  50.4597977
                ],
                [
                  35.5427704,
                  50.4603442
                ],
                [
                  35.5389939,
                  50.4622019
                ],
                [
                  35.5371056,
                  50.4651523
                ],
                [
                  35.535389,
                  50.4674469
                ],
                [
                  35.5307541,
                  50.4695776
                ],
                [
                  35.5269776,
                  50.4702877
                ],
                [
                  35.5114422,
                  50.477389
                ],
                [
                  35.5119572,
                  50.4806116
                ],
                [
                  35.5046616,
                  50.4884212
                ],
                [
                  35.4783116,
                  50.4945916
                ],
                [
                  35.4747067,
                  50.4973215
                ],
                [
                  35.4709302,
                  50.4997784
                ],
                [
                  35.4686986,
                  50.5020168
                ],
                [
                  35.4675828,
                  50.5055106
                ],
                [
                  35.4655228,
                  50.5087312
                ],
                [
                  35.4640637,
                  50.511897
                ],
                [
                  35.4605446,
                  50.5152809
                ],
                [
                  35.4581414,
                  50.5172457
                ],
                [
                  35.4541073,
                  50.5196469
                ],
                [
                  35.4520474,
                  50.521666
                ],
                [
                  35.4480134,
                  50.5249947
                ],
                [
                  35.4464684,
                  50.5344337
                ],
                [
                  35.443121,
                  50.5368886
                ],
                [
                  35.4415761,
                  50.5395616
                ],
                [
                  35.4424344,
                  50.542889
                ],
                [
                  35.4423485,
                  50.5469252
                ],
                [
                  35.4349671,
                  50.5548329
                ],
                [
                  35.4336796,
                  50.5584319
                ],
                [
                  35.4329072,
                  50.5612127
                ],
                [
                  35.4214058,
                  50.5698813
                ],
                [
                  35.416256,
                  50.5718982
                ],
                [
                  35.4126511,
                  50.5744602
                ],
                [
                  35.4078446,
                  50.5781667
                ],
                [
                  35.4054413,
                  50.5811098
                ],
                [
                  35.404068,
                  50.5849793
                ],
                [
                  35.415741,
                  50.5938614
                ],
                [
                  35.4230366,
                  50.5952235
                ],
                [
                  35.4261265,
                  50.5977843
                ],
                [
                  35.4280148,
                  50.6015978
                ],
                [
                  35.4280148,
                  50.6028508
                ],
                [
                  35.4268476,
                  50.6060915
                ],
                [
                  35.4253885,
                  50.6112661
                ],
                [
                  35.425131,
                  50.6151875
                ],
                [
                  35.4236718,
                  50.6167124
                ],
                [
                  35.4192086,
                  50.6179105
                ],
                [
                  35.4173204,
                  50.6175293
                ],
                [
                  35.4149171,
                  50.6179105
                ],
                [
                  35.412943,
                  50.6198165
                ],
                [
                  35.4104539,
                  50.622866
                ],
                [
                  35.4086515,
                  50.6256975
                ],
                [
                  35.4059049,
                  50.6304888
                ],
                [
                  35.4052903,
                  50.6360703
                ],
                [
                  35.4076936,
                  50.6427112
                ],
                [
                  35.4111268,
                  50.6445618
                ],
                [
                  35.4143883,
                  50.6477729
                ],
                [
                  35.4151608,
                  50.6506029
                ],
                [
                  35.4168774,
                  50.6516913
                ],
                [
                  35.4200427,
                  50.6559816
                ],
                [
                  35.4197423,
                  50.6580493
                ],
                [
                  35.4160516,
                  50.6634086
                ],
                [
                  35.4156654,
                  50.6645239
                ],
                [
                  35.4178111,
                  50.6652311
                ],
                [
                  35.4213302,
                  50.6663192
                ],
                [
                  35.4226606,
                  50.6671352
                ],
                [
                  35.4254501,
                  50.6671624
                ],
                [
                  35.4348485,
                  50.6690392
                ],
                [
                  35.4359643,
                  50.6746149
                ],
                [
                  35.4385392,
                  50.6788845
                ],
                [
                  35.4431312,
                  50.6822564
                ],
                [
                  35.4443328,
                  50.6857913
                ],
                [
                  35.4445299,
                  50.6886679
                ],
                [
                  35.4435858,
                  50.6894972
                ],
                [
                  35.4408777,
                  50.6907749
                ],
                [
                  35.4357967,
                  50.6920392
                ],
                [
                  35.4306362,
                  50.6950973
                ],
                [
                  35.4268274,
                  50.702926
                ],
                [
                  35.4291448,
                  50.7079133
                ],
                [
                  35.4306141,
                  50.7121897
                ],
                [
                  35.4306194,
                  50.7143277
                ],
                [
                  35.4312687,
                  50.7191825
                ],
                [
                  35.4322834,
                  50.7192992
                ],
                [
                  35.4354439,
                  50.7199593
                ],
                [
                  35.4397784,
                  50.7225675
                ],
                [
                  35.4508008,
                  50.7312762
                ],
                [
                  35.4549122,
                  50.7430084
                ],
                [
                  35.4592038,
                  50.7439045
                ],
                [
                  35.463507,
                  50.7442693
                ],
                [
                  35.4652666,
                  50.7476909
                ],
                [
                  35.4616579,
                  50.7527938
                ],
                [
                  35.4615291,
                  50.7538391
                ],
                [
                  35.4617652,
                  50.7547079
                ],
                [
                  35.462832,
                  50.7584095
                ],
                [
                  35.4625315,
                  50.7595497
                ],
                [
                  35.4624457,
                  50.7601198
                ],
                [
                  35.4668231,
                  50.760717
                ],
                [
                  35.4716296,
                  50.7612871
                ],
                [
                  35.4733891,
                  50.7683446
                ],
                [
                  35.4753205,
                  50.7739897
                ],
                [
                  35.4743053866959,
                  50.7747046317611
                ],
                [
                  35.4129169550703,
                  50.7813718116674
                ],
                [
                  35.393605872216,
                  50.7742770235991
                ],
                [
                  35.3628952789102,
                  50.7884021435543
                ],
                [
                  35.369037,
                  50.798558
                ],
                [
                  35.3682215,
                  50.8028164
                ],
                [
                  35.3744011,
                  50.8064304
                ],
                [
                  35.3754742,
                  50.810868
                ],
                [
                  35.3822767,
                  50.8144694
                ],
                [
                  35.3873186,
                  50.8143828
                ],
                [
                  35.3968031,
                  50.813908
                ],
                [
                  35.4073179,
                  50.8136917
                ],
                [
                  35.4120562,
                  50.8136789
                ],
                [
                  35.4139918,
                  50.8143468
                ],
                [
                  35.4189316,
                  50.8146891
                ],
                [
                  35.4179106,
                  50.8135841
                ],
                [
                  35.4244799,
                  50.8201458
                ],
                [
                  35.4237075,
                  50.8236702
                ],
                [
                  35.4235358,
                  50.8273028
                ],
                [
                  35.42345,
                  50.8306641
                ],
                [
                  35.4222483,
                  50.8336998
                ],
                [
                  35.4239649,
                  50.8370606
                ],
                [
                  35.4255957,
                  50.8400418
                ],
                [
                  35.4253382,
                  50.8429144
                ],
                [
                  35.4231925,
                  50.8453532
                ],
                [
                  35.4204459,
                  50.8481712
                ],
                [
                  35.4197592,
                  50.8499595
                ],
                [
                  35.4159827,
                  50.8584123
                ],
                [
                  35.4118628,
                  50.8623131
                ],
                [
                  35.4096312,
                  50.8646426
                ],
                [
                  35.4066271,
                  50.8665927
                ],
                [
                  35.402164,
                  50.8671886
                ],
                [
                  35.3970999,
                  50.8672428
                ],
                [
                  35.3925509,
                  50.8681636
                ],
                [
                  35.3902335,
                  50.870872
                ],
                [
                  35.3907485,
                  50.8726052
                ],
                [
                  35.3941817,
                  50.8753675
                ],
                [
                  35.3987307,
                  50.8761799
                ],
                [
                  35.4037089,
                  50.8771006
                ],
                [
                  35.4070563,
                  50.8784545
                ],
                [
                  35.408364,
                  50.8801286
                ],
                [
                  35.4049308,
                  50.8826738
                ],
                [
                  35.4007251,
                  50.8842983
                ],
                [
                  35.3981501,
                  50.885273
                ],
                [
                  35.3948886,
                  50.8878179
                ],
                [
                  35.392142,
                  50.8896588
                ],
                [
                  35.3900821,
                  50.8933946
                ],
                [
                  35.3929145,
                  50.895939
                ],
                [
                  35.3976352,
                  50.8977796
                ],
                [
                  35.4020125,
                  50.8992412
                ],
                [
                  35.4060466,
                  50.9015147
                ],
                [
                  35.4090506,
                  50.9034633
                ],
                [
                  35.4072482,
                  50.9063861
                ],
                [
                  35.4063899,
                  50.9087134
                ],
                [
                  35.4067332,
                  50.9114194
                ],
                [
                  35.4021842,
                  50.914991
                ],
                [
                  35.3967534,
                  50.9169686
                ],
                [
                  35.3862704,
                  50.9134408
                ],
                [
                  35.377707,
                  50.9123388
                ],
                [
                  35.3715272,
                  50.9152069
                ],
                [
                  35.3690381,
                  50.9177502
                ],
                [
                  35.3733194,
                  50.9235043
                ],
                [
                  35.3738035,
                  50.9233429
                ],
                [
                  35.3732592,
                  50.9237026
                ],
                [
                  35.3759629,
                  50.9340352
                ],
                [
                  35.3714997,
                  50.9349548
                ],
                [
                  35.3678948,
                  50.9354416
                ],
                [
                  35.3631741,
                  50.935658
                ],
                [
                  35.3594834,
                  50.935658
                ],
                [
                  35.3542477,
                  50.9371184
                ],
                [
                  35.3496129,
                  50.9372806
                ],
                [
                  35.3441358,
                  50.9366751
                ],
                [
                  35.3395868,
                  50.9365669
                ],
                [
                  35.3373552,
                  50.9362965
                ],
                [
                  35.3355528,
                  50.9377028
                ],
                [
                  35.333407,
                  50.9404611
                ],
                [
                  35.3312612,
                  50.9422459
                ],
                [
                  35.3308321,
                  50.9444091
                ],
                [
                  35.3322912,
                  50.9479783
                ],
                [
                  35.3331495,
                  50.9503575
                ],
                [
                  35.3352094,
                  50.9520878
                ],
                [
                  35.3394151,
                  50.9543047
                ],
                [
                  35.3429342,
                  50.9591705
                ],
                [
                  35.3460241,
                  50.9607383
                ],
                [
                  35.3455545,
                  50.966065
                ],
                [
                  35.3489019,
                  50.9696865
                ],
                [
                  35.3514768,
                  50.9720647
                ],
                [
                  35.3549412,
                  50.975757
                ],
                [
                  35.3438025,
                  50.9886102
                ],
                [
                  35.3390818,
                  50.9915816
                ],
                [
                  35.3367644,
                  50.994823
                ],
                [
                  35.3385668,
                  50.9980642
                ],
                [
                  35.3381376,
                  51.0000628
                ],
                [
                  35.3359061,
                  51.0024934
                ],
                [
                  35.3347903,
                  51.0053019
                ],
                [
                  35.3370218,
                  51.006166
                ],
                [
                  35.3382235,
                  51.0080563
                ],
                [
                  35.3413521,
                  51.0142353
                ],
                [
                  35.3429298,
                  51.0170402
                ],
                [
                  35.3491525,
                  51.0186601
                ],
                [
                  35.352929,
                  51.0186331
                ],
                [
                  35.3554181,
                  51.0177422
                ],
                [
                  35.3578316,
                  51.0173131
                ],
                [
                  35.3598915,
                  51.0170431
                ],
                [
                  35.3614692,
                  51.0167703
                ],
                [
                  35.3642587,
                  51.0170942
                ],
                [
                  35.3663186,
                  51.0182551
                ],
                [
                  35.3681313,
                  51.0187169
                ],
                [
                  35.3715645,
                  51.0196888
                ],
                [
                  35.3729378,
                  51.0200668
                ],
                [
                  35.3765427,
                  51.0209846
                ],
                [
                  35.378807,
                  51.0217916
                ],
                [
                  35.3800618,
                  51.0227663
                ],
                [
                  35.3767144,
                  51.0262754
                ],
                [
                  35.3755025,
                  51.0273252
                ],
                [
                  35.3737103,
                  51.0288126
                ],
                [
                  35.3712324,
                  51.0297949
                ],
                [
                  35.3698479,
                  51.0305399
                ],
                [
                  35.3689365,
                  51.0313063
                ],
                [
                  35.3702771,
                  51.032861
                ],
                [
                  35.370792,
                  51.0345343
                ],
                [
                  35.3709964,
                  51.0364744
                ],
                [
                  35.3707062,
                  51.0375028
                ],
                [
                  35.3702771,
                  51.0391759
                ],
                [
                  35.3681193,
                  51.0415435
                ],
                [
                  35.3634845,
                  51.0437021
                ],
                [
                  35.3591071,
                  51.0482079
                ],
                [
                  35.3565322,
                  51.0525514
                ],
                [
                  35.3506313,
                  51.0546017
                ],
                [
                  35.3468118,
                  51.054197
                ],
                [
                  35.3363834,
                  51.0538193
                ],
                [
                  35.3358684,
                  51.0577307
                ],
                [
                  35.3304182,
                  51.0572182
                ],
                [
                  35.3222643,
                  51.0612102
                ],
                [
                  35.3118434,
                  51.06493
                ],
                [
                  35.3083243,
                  51.0625027
                ],
                [
                  35.3037359,
                  51.0614568
                ],
                [
                  35.2997842,
                  51.0617744
                ],
                [
                  35.295061,
                  51.0628742
                ],
                [
                  35.2864375,
                  51.0668718
                ],
                [
                  35.2815514,
                  51.0657132
                ],
                [
                  35.2760582,
                  51.058431
                ],
                [
                  35.2716809,
                  51.0564349
                ],
                [
                  35.2626137,
                  51.0537511
                ],
                [
                  35.2593951,
                  51.0486254
                ],
                [
                  35.242454,
                  51.0467082
                ],
                [
                  35.2289494,
                  51.0410661
                ],
                [
                  35.2202662,
                  51.0466041
                ],
                [
                  35.2142526,
                  51.0491683
                ],
                [
                  35.2061094,
                  51.0503647
                ],
                [
                  35.203639,
                  51.0509455
                ],
                [
                  35.2007637,
                  51.052699
                ],
                [
                  35.1996908,
                  51.0520246
                ],
                [
                  35.1973114,
                  51.0498655
                ],
                [
                  35.1962923,
                  51.0504388
                ],
                [
                  35.1969092,
                  51.0511975
                ],
                [
                  35.1947984,
                  51.0520516
                ],
                [
                  35.1922664,
                  51.0529418
                ],
                [
                  35.1902842,
                  51.0536693
                ],
                [
                  35.1903352,
                  51.0554236
                ],
                [
                  35.1904986,
                  51.0563802
                ],
                [
                  35.1887393,
                  51.056886
                ],
                [
                  35.1845846,
                  51.0604677
                ],
                [
                  35.1830825,
                  51.0620321
                ],
                [
                  35.1824515,
                  51.0621397
                ],
                [
                  35.1665031,
                  51.0630313
                ],
                [
                  35.1581346,
                  51.0643259
                ],
                [
                  35.1556026,
                  51.0686139
                ],
                [
                  35.1484906,
                  51.072221
                ],
                [
                  35.1473199,
                  51.0751666
                ],
                [
                  35.1474246,
                  51.0821805
                ],
                [
                  35.1404654,
                  51.0897722
                ],
                [
                  35.1371057,
                  51.0947723
                ],
                [
                  35.1364191,
                  51.1037735
                ],
                [
                  35.1370199,
                  51.1072495
                ],
                [
                  35.1355608,
                  51.1104289
                ],
                [
                  35.1312692,
                  51.1134465
                ],
                [
                  35.1304967,
                  51.1156287
                ],
                [
                  35.1290376,
                  51.1240871
                ],
                [
                  35.1130517,
                  51.122286
                ],
                [
                  35.1125796,
                  51.1197
                ],
                [
                  35.1071293,
                  51.118407
                ],
                [
                  35.1019717,
                  51.1150942
                ],
                [
                  35.0983594,
                  51.1158761
                ],
                [
                  35.0957139,
                  51.1168984
                ],
                [
                  35.0916864,
                  51.1172359
                ],
                [
                  35.0885256,
                  51.1172083
                ],
                [
                  35.0859292,
                  51.1178413
                ],
                [
                  35.0806506,
                  51.1198617
                ],
                [
                  35.0762303,
                  51.1189727
                ],
                [
                  35.0773032,
                  51.1164674
                ],
                [
                  35.0790627,
                  51.1150126
                ],
                [
                  35.0793202,
                  51.1129112
                ],
                [
                  35.0789769,
                  51.1100014
                ],
                [
                  35.0761015,
                  51.1095434
                ],
                [
                  35.057326,
                  51.1200619
                ],
                [
                  35.0501162,
                  51.1207353
                ],
                [
                  35.0463311,
                  51.116649
                ],
                [
                  35.0407736,
                  51.1172555
                ],
                [
                  35.036761,
                  51.118454
                ],
                [
                  35.0325732,
                  51.1167589
                ],
                [
                  35.0295476,
                  51.115385
                ],
                [
                  35.0286974,
                  51.1150348
                ],
                [
                  35.0288341,
                  51.1146037
                ],
                [
                  35.0293437,
                  51.1138224
                ],
                [
                  35.026286,
                  51.1121655
                ],
                [
                  35.0249347,
                  51.1108554
                ],
                [
                  35.0304927,
                  51.1081577
                ],
                [
                  35.0286258,
                  51.1058404
                ],
                [
                  35.0236911,
                  51.0990023
                ],
                [
                  35.0080277,
                  51.1039269
                ],
                [
                  34.9977303,
                  51.1006788
                ],
                [
                  34.9933529,
                  51.0983881
                ],
                [
                  34.9713373,
                  51.1049096
                ],
                [
                  34.9643366,
                  51.1038667
                ],
                [
                  34.9649429,
                  51.1151211
                ],
                [
                  34.9653806,
                  51.1194518
                ],
                [
                  34.9442663,
                  51.1249468
                ],
                [
                  34.9411117,
                  51.1229745
                ],
                [
                  34.9257051,
                  51.1265837
                ],
                [
                  34.9151908,
                  51.1281459
                ],
                [
                  34.9114215,
                  51.1224231
                ],
                [
                  34.8910407,
                  51.1150245
                ],
                [
                  34.8813752,
                  51.1097637
                ],
                [
                  34.8688868,
                  51.1124041
                ],
                [
                  34.8665694,
                  51.1110839
                ],
                [
                  34.8626641,
                  51.1096559
                ],
                [
                  34.8614973,
                  51.105324
                ],
                [
                  34.8574204,
                  51.1055935
                ],
                [
                  34.8545021,
                  51.1056204
                ],
                [
                  34.8526997,
                  51.1045156
                ],
                [
                  34.8246331,
                  51.1055396
                ],
                [
                  34.8565164566529,
                  51.1481518368684
                ],
                [
                  34.8448558052756,
                  51.1634206059483
                ],
                [
                  34.7913038,
                  51.1550583
                ],
                [
                  34.7634462628534,
                  51.1519805210988
                ],
                [
                  34.7460470416632,
                  51.1506066607591
                ],
                [
                  34.73677,
                  51.1792269
                ],
                [
                  34.7314418,
                  51.1829003
                ],
                [
                  34.7306507,
                  51.1824475
                ],
                [
                  34.7225826,
                  51.1873702
                ],
                [
                  34.7087638,
                  51.1763674
                ],
                [
                  34.6935289,
                  51.1855679
                ],
                [
                  34.6822851,
                  51.199177
                ],
                [
                  34.6785085,
                  51.2047701
                ],
                [
                  34.6741311,
                  51.2129971
                ],
                [
                  34.6725862,
                  51.2270281
                ],
                [
                  34.6735303,
                  51.2303067
                ],
                [
                  34.6743886,
                  51.2328865
                ],
                [
                  34.6763853,
                  51.2430897
                ],
                [
                  34.6739821,
                  51.247603
                ],
                [
                  34.6711496,
                  51.2495908
                ],
                [
                  34.664369,
                  51.251686
                ],
                [
                  34.6589617,
                  51.2522232
                ],
                [
                  34.6529535,
                  51.2517397
                ],
                [
                  34.6475462,
                  51.2514174
                ],
                [
                  34.6435122,
                  51.2524381
                ],
                [
                  34.6296076,
                  51.2551777
                ],
                [
                  34.6197371,
                  51.2575412
                ],
                [
                  34.6102229,
                  51.2570718
                ],
                [
                  34.60403,
                  51.2557149
                ],
                [
                  34.6003393,
                  51.255124
                ],
                [
                  34.5979361,
                  51.2521157
                ],
                [
                  34.5964769,
                  51.2484089
                ],
                [
                  34.5775084,
                  51.2431972
                ],
                [
                  34.570237,
                  51.2594258
                ],
                [
                  34.55133,
                  51.2561446
                ],
                [
                  34.5479826,
                  51.2620531
                ],
                [
                  34.538683,
                  51.2606975
                ],
                [
                  34.5285849,
                  51.2575412
                ],
                [
                  34.5178573,
                  51.2579312
                ],
                [
                  34.5147444,
                  51.2521843
                ],
                [
                  34.4862596,
                  51.250157
                ],
                [
                  34.482581,
                  51.2493093
                ],
                [
                  34.4774323,
                  51.2498469
                ],
                [
                  34.4691074,
                  51.2527479
                ],
                [
                  34.4685934,
                  51.2544132
                ],
                [
                  34.4476049,
                  51.2634097
                ],
                [
                  34.4412092,
                  51.2625901
                ],
                [
                  34.4317741,
                  51.2621268
                ],
                [
                  34.4222825,
                  51.2618834
                ],
                [
                  34.4128766,
                  51.2630088
                ],
                [
                  34.412605,
                  51.2631267
                ],
                [
                  34.4136924,
                  51.2648372
                ],
                [
                  34.411561,
                  51.2659032
                ],
                [
                  34.410333,
                  51.266847
                ],
                [
                  34.408897,
                  51.2671579
                ],
                [
                  34.4077451,
                  51.267838
                ],
                [
                  34.4064282,
                  51.2679897
                ],
                [
                  34.4049101,
                  51.2685884
                ],
                [
                  34.4031977,
                  51.2691609
                ],
                [
                  34.4001163,
                  51.2684263
                ],
                [
                  34.3988636,
                  51.2665789
                ],
                [
                  34.3950442,
                  51.2662298
                ],
                [
                  34.389551,
                  51.2674113
                ],
                [
                  34.3797596,
                  51.2710133
                ],
                [
                  34.3812765,
                  51.2722122
                ],
                [
                  34.3837228,
                  51.2737856
                ],
                [
                  34.3808775,
                  51.2719905
                ],
                [
                  34.3791092,
                  51.2706059
                ],
                [
                  34.3755044,
                  51.2689984
                ],
                [
                  34.3666309,
                  51.2640256
                ],
                [
                  34.3733555,
                  51.2676504
                ],
                [
                  34.3766467,
                  51.2619298
                ],
                [
                  34.3817536,
                  51.2573644
                ],
                [
                  34.3764402,
                  51.2544345
                ],
                [
                  34.3636633,
                  51.2471538
                ],
                [
                  34.355217,
                  51.2453982
                ],
                [
                  34.3450538,
                  51.2490683
                ],
                [
                  34.3605022,
                  51.2595865
                ],
                [
                  34.3633960509102,
                  51.2615083206159
                ],
                [
                  34.3439703,
                  51.2491364
                ],
                [
                  34.3096057,
                  51.2624438
                ],
                [
                  34.2962156,
                  51.2650738
                ],
                [
                  34.2897354,
                  51.2644293
                ],
                [
                  34.2857872,
                  51.2634894
                ],
                [
                  34.2751341,
                  51.2594504
                ],
                [
                  34.2728599,
                  51.2596007
                ],
                [
                  34.2704352,
                  51.2589561
                ],
                [
                  34.2607086,
                  51.2574536
                ],
                [
                  34.2560906,
                  51.2603459
                ],
                [
                  34.2561497,
                  51.2623501
                ],
                [
                  34.2552888,
                  51.2633989
                ],
                [
                  34.2495565,
                  51.263962
                ],
                [
                  34.2437066,
                  51.2644198
                ],
                [
                  34.2430414,
                  51.2674004
                ],
                [
                  34.2431702,
                  51.2682059
                ],
                [
                  34.2445864,
                  51.268743
                ],
                [
                  34.2459596,
                  51.2687027
                ],
                [
                  34.246818,
                  51.2689309
                ],
                [
                  34.2491998,
                  51.2686624
                ],
                [
                  34.25568,
                  51.2709312
                ],
                [
                  34.2566986,
                  51.2735147
                ],
                [
                  34.260457,
                  51.2734135
                ],
                [
                  34.2694204,
                  51.2768885
                ],
                [
                  34.2715652,
                  51.2790763
                ],
                [
                  34.2730461,
                  51.2837403
                ],
                [
                  34.277194,
                  51.2871039
                ],
                [
                  34.2866291,
                  51.2883104
                ],
                [
                  34.2948751,
                  51.292901
                ],
                [
                  34.3017416,
                  51.2945112
                ],
                [
                  34.3173628,
                  51.3086246
                ],
                [
                  34.3183927,
                  51.3188179
                ],
                [
                  34.3211393,
                  51.3268637
                ],
                [
                  34.3245725,
                  51.3332992
                ],
                [
                  34.3280058,
                  51.3397339
                ],
                [
                  34.331954,
                  51.3427365
                ],
                [
                  34.3396787,
                  51.3489554
                ],
                [
                  34.3436269,
                  51.3524934
                ],
                [
                  34.3499784,
                  51.3550663
                ],
                [
                  34.3556432,
                  51.3567814
                ],
                [
                  34.3570165,
                  51.3610691
                ],
                [
                  34.3534116,
                  51.3649277
                ],
                [
                  34.3479185,
                  51.3673927
                ],
                [
                  34.3462019,
                  51.3692146
                ],
                [
                  34.3456869,
                  51.3729654
                ],
                [
                  34.3400221,
                  51.3772515
                ],
                [
                  34.3328123,
                  51.3832515
                ],
                [
                  34.3060331,
                  51.3897863
                ],
                [
                  34.2952184,
                  51.390429
                ],
                [
                  34.287837,
                  51.3909646
                ],
                [
                  34.2742758,
                  51.3916073
                ],
                [
                  34.2682676,
                  51.3929998
                ],
                [
                  34.2641477,
                  51.3961059
                ],
                [
                  34.2584993,
                  51.3990802
                ],
                [
                  34.2547064,
                  51.4014609
                ],
                [
                  34.2474966,
                  51.4037098
                ],
                [
                  34.2416601,
                  51.4030672
                ],
                [
                  34.2359953,
                  51.4016751
                ],
                [
                  34.2305381,
                  51.4009007
                ],
                [
                  34.2305021,
                  51.4055302
                ],
                [
                  34.2306738,
                  51.4128113
                ],
                [
                  34.2296438,
                  51.4180572
                ],
                [
                  34.2299871,
                  51.4224462
                ],
                [
                  34.2296438,
                  51.4261926
                ],
                [
                  34.2337637,
                  51.4282262
                ],
                [
                  34.2399435,
                  51.4283332
                ],
                [
                  34.2480116,
                  51.4283332
                ],
                [
                  34.2517881,
                  51.4295105
                ],
                [
                  34.2517881,
                  51.4335774
                ],
                [
                  34.2523031,
                  51.4360387
                ],
                [
                  34.2581396,
                  51.4389279
                ],
                [
                  34.2600279,
                  51.442138
                ],
                [
                  34.2562513,
                  51.4456687
                ],
                [
                  34.2547064,
                  51.4484504
                ],
                [
                  34.249299,
                  51.4512853
                ],
                [
                  34.2488699,
                  51.4541736
                ],
                [
                  34.2529039,
                  51.4564733
                ],
                [
                  34.2581396,
                  51.4595217
                ],
                [
                  34.2606287,
                  51.4621955
                ],
                [
                  34.2623453,
                  51.4649227
                ],
                [
                  34.2673235,
                  51.4681309
                ],
                [
                  34.2701559,
                  51.4718201
                ],
                [
                  34.2744474,
                  51.4736913
                ],
                [
                  34.2786531,
                  51.4728893
                ],
                [
                  34.2819147,
                  51.4723547
                ],
                [
                  34.2850904,
                  51.473424
                ],
                [
                  34.288352,
                  51.4759366
                ],
                [
                  34.2930727,
                  51.4789837
                ],
                [
                  34.2949609,
                  51.4814426
                ],
                [
                  34.2956476,
                  51.4845427
                ],
                [
                  34.2955639,
                  51.4871502
                ],
                [
                  34.3001988,
                  51.4908913
                ],
                [
                  34.3028256,
                  51.4944847
                ],
                [
                  34.3023446,
                  51.4966091
                ],
                [
                  34.2999413,
                  51.5052113
                ],
                [
                  34.3080952,
                  51.5124231
                ],
                [
                  34.3129876,
                  51.5157348
                ],
                [
                  34.3128159,
                  51.5184588
                ],
                [
                  34.311271,
                  51.5221972
                ],
                [
                  34.3093827,
                  51.5251344
                ],
                [
                  34.303632,
                  51.5265228
                ],
                [
                  34.3014004,
                  51.5281782
                ],
                [
                  34.2968514,
                  51.5366677
                ],
                [
                  34.2848351,
                  51.5377354
                ],
                [
                  34.2802002,
                  51.5370414
                ],
                [
                  34.2753937,
                  51.5366143
                ],
                [
                  34.2705872,
                  51.5374151
                ],
                [
                  34.2654374,
                  51.5381091
                ],
                [
                  34.2630341,
                  51.5391768
                ],
                [
                  34.2642357,
                  51.5429136
                ],
                [
                  34.2663815,
                  51.5455292
                ],
                [
                  34.2693856,
                  51.5508666
                ],
                [
                  34.266124,
                  51.5572173
                ],
                [
                  34.2631199,
                  51.5642075
                ],
                [
                  34.259515,
                  51.5735437
                ],
                [
                  34.2535069,
                  51.5793579
                ],
                [
                  34.2503312,
                  51.5820247
                ],
                [
                  34.2364266,
                  51.5897043
                ],
                [
                  34.2178872,
                  51.6041532
                ],
                [
                  34.1914623,
                  51.6023274
                ],
                [
                  34.1869881,
                  51.6158796
                ],
                [
                  34.1866448,
                  51.6246191
                ],
                [
                  34.1796067,
                  51.6299473
                ],
                [
                  34.1758301,
                  51.6343159
                ],
                [
                  34.1722594,
                  51.6446077
                ],
                [
                  34.1657362,
                  51.6470577
                ],
                [
                  34.1508017,
                  51.6455664
                ],
                [
                  34.1339557,
                  51.6463408
                ],
                [
                  34.1340418,
                  51.6516673
                ],
                [
                  34.1157596,
                  51.6532639
                ],
                [
                  34.1113196,
                  51.6547262
                ],
                [
                  34.108573,
                  51.658773
                ],
                [
                  34.1077147,
                  51.6627129
                ],
                [
                  34.1068564,
                  51.6664396
                ],
                [
                  34.1051398,
                  51.6698465
                ],
                [
                  34.1032515,
                  51.6730403
                ],
                [
                  34.1068564,
                  51.6767661
                ],
                [
                  34.1145811,
                  51.6790014
                ],
                [
                  34.1228209,
                  51.6817688
                ],
                [
                  34.1353522,
                  51.6842167
                ],
                [
                  34.1411887,
                  51.6840039
                ],
                [
                  34.1497717,
                  51.6836846
                ],
                [
                  34.1605864,
                  51.6840039
                ],
                [
                  34.1698329,
                  51.6864804
                ],
                [
                  34.174491,
                  51.688048
                ],
                [
                  34.1789542,
                  51.690602
                ],
                [
                  34.1842524,
                  51.6916948
                ],
                [
                  34.1899405,
                  51.6934751
                ],
                [
                  34.1997252,
                  51.6919854
                ],
                [
                  34.2042511,
                  51.6930261
                ],
                [
                  34.2107115,
                  51.6973056
                ],
                [
                  34.2132864,
                  51.7003911
                ],
                [
                  34.2210112,
                  51.6996463
                ],
                [
                  34.2269969,
                  51.6988244
                ],
                [
                  34.2313742,
                  51.6956855
                ],
                [
                  34.2366092,
                  51.6959511
                ],
                [
                  34.2498685,
                  51.6998893
                ],
                [
                  34.2578073,
                  51.6994645
                ],
                [
                  34.2714796,
                  51.7019869
                ],
                [
                  34.2860477,
                  51.7028667
                ],
                [
                  34.2857462,
                  51.7046752
                ],
                [
                  34.2854827,
                  51.7062104
                ],
                [
                  34.2876714,
                  51.710565
                ],
                [
                  34.2892915,
                  51.7126657
                ],
                [
                  34.2908793,
                  51.7132174
                ],
                [
                  34.2918986,
                  51.7140284
                ],
                [
                  34.2918986,
                  51.7145669
                ],
                [
                  34.2930358,
                  51.7150721
                ],
                [
                  34.2936908,
                  51.7169134
                ],
                [
                  34.2941629,
                  51.7173654
                ],
                [
                  34.2947443,
                  51.7190961
                ],
                [
                  34.2957314,
                  51.7201596
                ],
                [
                  34.29677,
                  51.7205093
                ],
                [
                  34.2980059,
                  51.7217016
                ],
                [
                  34.2988299,
                  51.7227425
                ],
                [
                  34.2996668,
                  51.7233007
                ],
                [
                  34.3011044,
                  51.7236065
                ],
                [
                  34.3028425,
                  51.7236463
                ],
                [
                  34.3065547,
                  51.724404
                ],
                [
                  34.306898,
                  51.7266104
                ],
                [
                  34.307413,
                  51.728604
                ],
                [
                  34.3082284,
                  51.7289496
                ],
                [
                  34.3099793,
                  51.7284006
                ],
                [
                  34.3115242,
                  51.727736
                ],
                [
                  34.3135713,
                  51.7268097
                ],
                [
                  34.3186911,
                  51.7267525
                ],
                [
                  34.3217682,
                  51.7270889
                ],
                [
                  34.3239998,
                  51.7258926
                ],
                [
                  34.3258493,
                  51.7246687
                ],
                [
                  34.3272313,
                  51.7230308
                ],
                [
                  34.3284575,
                  51.7218971
                ],
                [
                  34.3306198,
                  51.7210695
                ],
                [
                  34.3334969,
                  51.7203723
                ],
                [
                  34.3378846,
                  51.7191089
                ],
                [
                  34.3416803,
                  51.7187816
                ],
                [
                  34.3442219,
                  51.7187774
                ],
                [
                  34.3477077,
                  51.7186136
                ],
                [
                  34.3485634,
                  51.7179272
                ],
                [
                  34.3489042,
                  51.7166028
                ],
                [
                  34.3491887,
                  51.715001
                ],
                [
                  34.3490706,
                  51.712199
                ],
                [
                  34.3545638,
                  51.7110289
                ],
                [
                  34.3653784,
                  51.7103907
                ],
                [
                  34.3726298,
                  51.7118593
                ],
                [
                  34.3789397,
                  51.7140071
                ],
                [
                  34.3859778,
                  51.7152834
                ],
                [
                  34.3939372,
                  51.7157256
                ],
                [
                  34.4013185,
                  51.71449
                ],
                [
                  34.412242,
                  51.7191121
                ],
                [
                  34.4261465,
                  51.7223024
                ],
                [
                  34.428054,
                  51.7275682
                ],
                [
                  34.4343863,
                  51.728576
                ],
                [
                  34.4419162,
                  51.7351432
                ],
                [
                  34.4454352,
                  51.7497052
                ],
                [
                  34.4398795,
                  51.7637558
                ],
                [
                  34.4295798,
                  51.7778838
                ],
                [
                  34.4162539,
                  51.7813371
                ],
                [
                  34.4096671,
                  51.7886096
                ],
                [
                  34.4175635,
                  51.8001822
                ],
                [
                  34.4197439,
                  51.811725
                ],
                [
                  34.4162756,
                  51.8284864
                ],
                [
                  34.4022344,
                  51.8369766
                ],
                [
                  34.3909555,
                  51.8540468
                ],
                [
                  34.3908305480972,
                  51.8545209413814
                ],
                [
                  34.3709478,
                  51.8603762
                ],
                [
                  34.3635664,
                  51.8637685
                ],
                [
                  34.3487177,
                  51.8773883
                ],
                [
                  34.3442545,
                  51.8795078
                ],
                [
                  34.3415938,
                  51.878607
                ],
                [
                  34.3393622,
                  51.8796667
                ],
                [
                  34.332839,
                  51.8780242
                ],
                [
                  34.3206511,
                  51.8860244
                ],
                [
                  34.3079006,
                  51.8897848
                ],
                [
                  34.292451,
                  51.8949758
                ],
                [
                  34.2783748,
                  51.9059915
                ],
                [
                  34.2715084,
                  51.9149927
                ],
                [
                  34.2663585,
                  51.9236745
                ],
                [
                  34.2351161,
                  51.9284382
                ],
                [
                  34.2237865,
                  51.9367999
                ],
                [
                  34.21795,
                  51.9449484
                ],
                [
                  34.2126285,
                  51.9514027
                ],
                [
                  34.2162334,
                  51.9632507
                ],
                [
                  34.1935741,
                  51.9736152
                ],
                [
                  34.173318,
                  51.9763645
                ],
                [
                  34.1482555,
                  51.9725577
                ],
                [
                  34.1467105,
                  51.9759415
                ],
                [
                  34.1446506,
                  51.9835543
                ],
                [
                  34.1472255,
                  51.9886288
                ],
                [
                  34.1534053,
                  51.9961337
                ],
                [
                  34.1496288,
                  52.0034261
                ],
                [
                  34.1254245,
                  52.0131473
                ],
                [
                  34.1080867,
                  52.0121964
                ],
                [
                  34.1043102,
                  52.0213876
                ],
                [
                  34.1013919,
                  52.0323722
                ],
                [
                  34.1055118,
                  52.0393419
                ],
                [
                  34.1039669,
                  52.0473662
                ],
                [
                  34.0972721,
                  52.0706918
                ],
                [
                  34.0902339,
                  52.077761
                ],
                [
                  34.1034519,
                  52.0851455
                ],
                [
                  34.1091167,
                  52.0917905
                ],
                [
                  34.1152965,
                  52.109084
                ],
                [
                  34.1185581,
                  52.1214173
                ],
                [
                  34.1240512,
                  52.1311129
                ],
                [
                  34.1331493,
                  52.145863
                ],
                [
                  34.1304027,
                  52.1510244
                ],
                [
                  34.0837203,
                  52.1851285
                ],
                [
                  34.0814887,
                  52.1951259
                ],
                [
                  34.0747939,
                  52.2064886
                ],
                [
                  34.061061,
                  52.2104859
                ],
                [
                  34.0471564,
                  52.2125896
                ],
                [
                  34.03926,
                  52.2062782
                ],
                [
                  34.0246688,
                  52.2044898
                ],
                [
                  34.0141974,
                  52.2095392
                ],
                [
                  34.018489,
                  52.217533
                ],
                [
                  34.0038977,
                  52.2298362
                ],
                [
                  33.9930831,
                  52.2415055
                ],
                [
                  33.9712821,
                  52.2508596
                ],
                [
                  33.9594375,
                  52.2713478
                ],
                [
                  33.9553659,
                  52.2903099
                ],
                [
                  33.9423196,
                  52.2999687
                ],
                [
                  33.9268701,
                  52.3078411
                ],
                [
                  33.9055841,
                  52.3107798
                ],
                [
                  33.8939111,
                  52.3119343
                ],
                [
                  33.8801782,
                  52.3213785
                ],
                [
                  33.8739984,
                  52.3272539
                ],
                [
                  33.8604372,
                  52.3397366
                ],
                [
                  33.8468759,
                  52.3503283
                ],
                [
                  33.8462792,
                  52.3590627
                ],
                [
                  33.8364945,
                  52.3653524
                ],
                [
                  33.8097153,
                  52.3708027
                ],
                [
                  33.7925492,
                  52.3725844
                ],
                [
                  33.7781297,
                  52.3720604
                ],
                [
                  33.7589036,
                  52.366715
                ],
                [
                  33.7400208,
                  52.3611593
                ],
                [
                  33.7273179,
                  52.3592724
                ],
                [
                  33.7240563,
                  52.3651427
                ],
                [
                  33.7116967,
                  52.3657716
                ],
                [
                  33.6988221,
                  52.3632559
                ],
                [
                  33.6837159,
                  52.3616835
                ],
                [
                  33.6737595,
                  52.356232
                ],
                [
                  33.669983,
                  52.3508848
                ],
                [
                  33.6613999,
                  52.3473195
                ],
                [
                  33.6498986,
                  52.344593
                ],
                [
                  33.6332474,
                  52.3435443
                ],
                [
                  33.6073266,
                  52.3410273
                ],
                [
                  33.592907,
                  52.3349439
                ],
                [
                  33.5846673,
                  52.3281254
                ],
                [
                  33.5680161,
                  52.3226698
                ],
                [
                  33.557514,
                  52.3268552
                ],
                [
                  33.546871,
                  52.3283239
                ],
                [
                  33.5389746,
                  52.3267503
                ],
                [
                  33.536228,
                  52.323393
                ],
                [
                  33.5413778,
                  52.3182516
                ],
                [
                  33.5551107,
                  52.3132145
                ],
                [
                  33.5582006,
                  52.3096463
                ],
                [
                  33.5540808,
                  52.3074422
                ],
                [
                  33.5410345,
                  52.3088067
                ],
                [
                  33.525585,
                  52.3111156
                ],
                [
                  33.5101355,
                  52.3111156
                ],
                [
                  33.502239,
                  52.3137393
                ],
                [
                  33.494171,
                  52.3172022
                ],
                [
                  33.4939993,
                  52.3221339
                ],
                [
                  33.5015524,
                  52.3268552
                ],
                [
                  33.5097921,
                  52.3291632
                ],
                [
                  33.5202635,
                  52.3333592
                ],
                [
                  33.5278166,
                  52.3436379
                ],
                [
                  33.5261,
                  52.3511881
                ],
                [
                  33.5257566,
                  52.3566401
                ],
                [
                  33.5151136,
                  52.3602046
                ],
                [
                  33.4938276,
                  52.3618819
                ],
                [
                  33.4854162,
                  52.3629302
                ],
                [
                  33.4807814,
                  52.3677519
                ],
                [
                  33.4725416,
                  52.3696385
                ],
                [
                  33.4627569,
                  52.3723635
                ],
                [
                  33.4557188,
                  52.3723635
                ],
                [
                  33.4407843,
                  52.3736212
                ],
                [
                  33.4145201,
                  52.3691145
                ],
                [
                  33.4066237,
                  52.3745644
                ],
                [
                  33.3925474,
                  52.3805375
                ],
                [
                  33.3721197,
                  52.3796992
                ],
                [
                  33.3556402,
                  52.3773938
                ],
                [
                  33.3482588,
                  52.3729923
                ],
                [
                  33.3461988,
                  52.367123
                ],
                [
                  33.3424223,
                  52.3599949
                ],
                [
                  33.3343542,
                  52.3582127
                ],
                [
                  33.3228529,
                  52.3586321
                ],
                [
                  33.3130682,
                  52.3616722
                ],
                [
                  33.3050001,
                  52.3620915
                ],
                [
                  33.2837141,
                  52.3650266
                ],
                [
                  33.2540167,
                  52.3675423
                ],
                [
                  33.245262,
                  52.3700578
                ],
                [
                  33.2342756,
                  52.373726
                ],
                [
                  33.2253492,
                  52.3790705
                ],
                [
                  33.2066381,
                  52.3857764
                ],
                [
                  33.180374,
                  52.3845191
                ],
                [
                  33.1590879,
                  52.3754027
                ],
                [
                  33.1608046,
                  52.3590514
                ],
                [
                  33.155998,
                  52.3477277
                ],
                [
                  33.1439817,
                  52.348252
                ],
                [
                  33.1365142,
                  52.3490923
                ],
                [
                  33.1231246,
                  52.3429052
                ],
                [
                  33.1196914,
                  52.3381856
                ],
                [
                  33.1063018,
                  52.3336753
                ],
                [
                  33.0929122,
                  52.3270664
                ],
                [
                  33.0781494,
                  52.3307381
                ],
                [
                  33.0652748,
                  52.3362976
                ],
                [
                  33.0522285,
                  52.3321018
                ],
                [
                  33.0414138,
                  52.3232894
                ],
                [
                  33.035749,
                  52.3161543
                ],
                [
                  33.0304275,
                  52.308808
                ],
                [
                  33.0201278,
                  52.3041898
                ],
                [
                  33.0153213,
                  52.2985213
                ],
                [
                  33.0048499,
                  52.293797
                ],
                [
                  32.9892288,
                  52.2920121
                ],
                [
                  32.9904304,
                  52.2842418
                ],
                [
                  32.9856239,
                  52.2785708
                ],
                [
                  32.9675994,
                  52.2789909
                ],
                [
                  32.9521499,
                  52.2741594
                ],
                [
                  32.9346404,
                  52.2698527
                ],
                [
                  32.9231391,
                  52.2648102
                ],
                [
                  32.9140411,
                  52.2571402
                ],
                [
                  32.9032264,
                  52.2517809
                ],
                [
                  32.8930984,
                  52.2547234
                ],
                [
                  32.8913818,
                  52.2635495
                ],
                [
                  32.8985916,
                  52.2715334
                ],
                [
                  32.8822837,
                  52.2787808
                ],
                [
                  32.8658042,
                  52.2790959
                ],
                [
                  32.8460632,
                  52.2823516
                ],
                [
                  32.8318153,
                  52.2838218
                ],
                [
                  32.8165374,
                  52.266386
                ],
                [
                  32.8012596,
                  52.2694325
                ],
                [
                  32.7854667,
                  52.2684871
                ],
                [
                  32.7669273,
                  52.2716385
                ],
                [
                  32.7526794,
                  52.272899
                ],
                [
                  32.7382598,
                  52.270588
                ],
                [
                  32.7198921,
                  52.2622887
                ],
                [
                  32.699636,
                  52.2626039
                ],
                [
                  32.6886497,
                  52.2718486
                ],
                [
                  32.6471276,
                  52.2888067
                ],
                [
                  32.6385446,
                  52.2944765
                ],
                [
                  32.6282449,
                  52.2990958
                ],
                [
                  32.6121087,
                  52.3086477
                ],
                [
                  32.5944276,
                  52.3072833
                ],
                [
                  32.5827546,
                  52.3036096
                ],
                [
                  32.5758882,
                  52.310222
                ],
                [
                  32.5676484,
                  52.3189321
                ],
                [
                  32.5628419,
                  52.3292141
                ],
                [
                  32.5310846,
                  52.3314171
                ],
                [
                  32.515635,
                  52.3311024
                ],
                [
                  32.4996705,
                  52.3309975
                ],
                [
                  32.4921174,
                  52.3264865
                ],
                [
                  32.4776979,
                  52.3282699
                ],
                [
                  32.4711747,
                  52.3327808
                ],
                [
                  32.4538369,
                  52.330473
                ],
                [
                  32.4306626,
                  52.3282699
                ],
                [
                  32.4224229,
                  52.3313122
                ],
                [
                  32.4124665,
                  52.3363472
                ],
                [
                  32.40869,
                  52.3421157
                ],
                [
                  32.3995919,
                  52.3449473
                ],
                [
                  32.387404,
                  52.3436888
                ],
                [
                  32.3741861,
                  52.3400181
                ],
                [
                  32.3631997,
                  52.3358227
                ],
                [
                  32.3529,
                  52.3302632
                ],
                [
                  32.342772,
                  52.3236537
                ],
                [
                  32.3446603,
                  52.3136853
                ],
                [
                  32.3499818,
                  52.3006704
                ],
                [
                  32.3530717,
                  52.2891217
                ],
                [
                  32.3644014,
                  52.2748393
                ],
                [
                  32.3729844,
                  52.2702175
                ],
                [
                  32.3815675,
                  52.2607623
                ],
                [
                  32.3872323,
                  52.2534069
                ],
                [
                  32.3865457,
                  52.2462605
                ],
                [
                  32.3789926,
                  52.2481523
                ],
                [
                  32.3647447,
                  52.2484676
                ],
                [
                  32.342772,
                  52.2493084
                ],
                [
                  32.3206277,
                  52.2313334
                ],
                [
                  32.3149629,
                  52.2262864
                ],
                [
                  32.3162067,
                  52.2178851
                ],
                [
                  32.3201549,
                  52.2112589
                ],
                [
                  32.3229015,
                  52.2029484
                ],
                [
                  32.3368061,
                  52.1902167
                ],
                [
                  32.3335445,
                  52.1830601
                ],
                [
                  32.3278797,
                  52.1750602
                ],
                [
                  32.3207393,
                  52.1674982
                ],
                [
                  32.3212543,
                  52.1590216
                ],
                [
                  32.3154178,
                  52.1514387
                ],
                [
                  32.3222842,
                  52.1489634
                ],
                [
                  32.3318973,
                  52.1489108
                ],
                [
                  32.3464885,
                  52.1509121
                ],
                [
                  32.356359,
                  52.1527553
                ],
                [
                  32.3577323,
                  52.1498588
                ],
                [
                  32.3567024,
                  52.1464354
                ],
                [
                  32.352325,
                  52.1440652
                ],
                [
                  32.3422828,
                  52.1430117
                ],
                [
                  32.3332706,
                  52.1422743
                ],
                [
                  32.3295799,
                  52.1394298
                ],
                [
                  32.3240867,
                  52.1400619
                ],
                [
                  32.3172202,
                  52.137428
                ],
                [
                  32.3082938,
                  52.1327919
                ],
                [
                  32.29911,
                  52.1274176
                ],
                [
                  32.2894969,
                  52.1247829
                ],
                [
                  32.286922,
                  52.1191969
                ],
                [
                  32.2862354,
                  52.1125559
                ],
                [
                  32.2791972,
                  52.1099204
                ],
                [
                  32.2652927,
                  52.109077
                ],
                [
                  32.24332,
                  52.0997984
                ],
                [
                  32.2172275,
                  52.0953693
                ],
                [
                  32.2031513,
                  52.0909397
                ],
                [
                  32.178947,
                  52.0886193
                ],
                [
                  32.1763721,
                  52.0820793
                ],
                [
                  32.1700206,
                  52.0780705
                ],
                [
                  32.1574893,
                  52.0742723
                ],
                [
                  32.1471896,
                  52.0729006
                ],
                [
                  32.1288219,
                  52.0712124
                ],
                [
                  32.1077075,
                  52.0669915
                ],
                [
                  32.0926013,
                  52.0622425
                ],
                [
                  32.0623031,
                  52.0618732
                ],
                [
                  32.0330348,
                  52.0636673
                ],
                [
                  32.0180145,
                  52.0640367
                ],
                [
                  31.9983592,
                  52.0615038
                ],
                [
                  31.9729533,
                  52.0596568
                ],
                [
                  31.9642844,
                  52.057968
                ],
                [
                  31.957573,
                  52.0550805
                ],
                [
                  31.9424668,
                  52.0539193
                ],
                [
                  31.9391194,
                  52.0519929
                ],
                [
                  31.9349566,
                  52.0492218
                ],
                [
                  31.9310084,
                  52.0494857
                ],
                [
                  31.9284764,
                  52.0534443
                ],
                [
                  31.9302789,
                  52.0560832
                ],
                [
                  31.940836,
                  52.055793
                ],
                [
                  31.946458,
                  52.0568749
                ],
                [
                  31.9473592,
                  52.058722
                ],
                [
                  31.9523374,
                  52.0617827
                ],
                [
                  31.9578305,
                  52.0658458
                ],
                [
                  31.9640103,
                  52.0679563
                ],
                [
                  31.964182,
                  52.0718078
                ],
                [
                  31.9619504,
                  52.0785076
                ],
                [
                  31.957058,
                  52.0825691
                ],
                [
                  31.9402352,
                  52.0887926
                ],
                [
                  31.9391194,
                  52.0908493
                ],
                [
                  31.932768,
                  52.0939606
                ],
                [
                  31.9264165,
                  52.0971244
                ],
                [
                  31.9135419,
                  52.1004989
                ],
                [
                  31.9071046,
                  52.104084
                ],
                [
                  31.8974057,
                  52.1078269
                ],
                [
                  31.8837586,
                  52.1084595
                ],
                [
                  31.8795529,
                  52.110568
                ],
                [
                  31.8687383,
                  52.1133089
                ],
                [
                  31.8542329,
                  52.1120439
                ],
                [
                  31.8425599,
                  52.1112533
                ],
                [
                  31.8359509,
                  52.1072997
                ],
                [
                  31.824793,
                  52.10614
                ],
                [
                  31.8165532,
                  52.1048747
                ],
                [
                  31.8047086,
                  52.1049275
                ],
                [
                  31.7997304,
                  52.1067726
                ],
                [
                  31.793821,
                  52.1109643
                ],
                [
                  31.7895939,
                  52.1114387
                ],
                [
                  31.7888214,
                  52.1129541
                ],
                [
                  31.7880918,
                  52.1155631
                ],
                [
                  31.7905809,
                  52.1178294
                ],
                [
                  31.8016886,
                  52.1205597
                ],
                [
                  31.7941355,
                  52.1247755
                ],
                [
                  31.7838358,
                  52.1351026
                ],
                [
                  31.787269,
                  52.1374206
                ],
                [
                  31.7828058,
                  52.1494301
                ],
                [
                  31.7831491,
                  52.1864915
                ],
                [
                  31.7769693,
                  52.1873335
                ],
                [
                  31.7701029,
                  52.1864915
                ],
                [
                  31.7594599,
                  52.1896488
                ],
                [
                  31.745727,
                  52.1879649
                ],
                [
                  31.7357706,
                  52.1925953
                ],
                [
                  31.7237543,
                  52.1923848
                ],
                [
                  31.7083048,
                  52.1856496
                ],
                [
                  31.6877054,
                  52.1940685
                ],
                [
                  31.6883921,
                  52.2018546
                ],
                [
                  31.6986917,
                  52.2026962
                ],
                [
                  31.7041849,
                  52.2136363
                ],
                [
                  31.7131113,
                  52.2161606
                ],
                [
                  31.6973185,
                  52.2561088
                ],
                [
                  31.7086481,
                  52.2592611
                ],
                [
                  31.7141413,
                  52.2651447
                ],
                [
                  31.6835855,
                  52.2771197
                ],
                [
                  31.6602396,
                  52.2754392
                ],
                [
                  31.6482233,
                  52.2796404
                ],
                [
                  31.6482233,
                  52.2872014
                ],
                [
                  31.6289972,
                  52.2953911
                ],
                [
                  31.626594,
                  52.2886715
                ],
                [
                  31.5833353,
                  52.3205807
                ],
                [
                  31.5812754,
                  52.3275054
                ],
                [
                  31.5877985,
                  52.327925
                ],
                [
                  31.5963816,
                  52.3266661
                ],
                [
                  31.604278,
                  52.3289741
                ],
                [
                  31.6176676,
                  52.3272955
                ],
                [
                  31.6252207,
                  52.3304428
                ],
                [
                  31.6180109,
                  52.3413514
                ],
                [
                  31.6272806,
                  52.3650473
                ],
                [
                  31.6221308,
                  52.3759474
                ],
                [
                  31.6331649,
                  52.3985673
                ],
                [
                  31.6245818,
                  52.4000336
                ],
                [
                  31.6221786,
                  52.4186731
                ],
                [
                  31.5933395,
                  52.4157416
                ],
                [
                  31.5936828,
                  52.4218138
                ],
                [
                  31.6019225,
                  52.4245356
                ],
                [
                  31.5974593,
                  52.4391884
                ],
                [
                  31.6101623,
                  52.4404441
                ],
                [
                  31.6084457,
                  52.4550916
                ],
                [
                  31.597116,
                  52.4534178
                ],
                [
                  31.5809798,
                  52.4550916
                ],
                [
                  31.5806365,
                  52.4594849
                ],
                [
                  31.5947127,
                  52.4594849
                ],
                [
                  31.6074157,
                  52.4636686
                ],
                [
                  31.6131992,
                  52.4763234
                ],
                [
                  31.6269321,
                  52.4922132
                ],
                [
                  31.6138858,
                  52.4938854
                ],
                [
                  31.6049594,
                  52.5047537
                ],
                [
                  31.5950031,
                  52.5049627
                ],
                [
                  31.5836734,
                  52.4955577
                ],
                [
                  31.5720004,
                  52.4989019
                ],
                [
                  31.5706271,
                  52.5051717
                ],
                [
                  31.5610141,
                  52.5072614
                ],
                [
                  31.5620441,
                  52.5181263
                ],
                [
                  31.5754337,
                  52.5183352
                ],
                [
                  31.596033,
                  52.5141568
                ],
                [
                  31.5912265,
                  52.5197976
                ],
                [
                  31.6022128,
                  52.5358806
                ],
                [
                  31.6128558,
                  52.5394305
                ],
                [
                  31.6111392,
                  52.5481999
                ],
                [
                  31.6241855,
                  52.5536276
                ],
                [
                  31.6334552,
                  52.5425626
                ],
                [
                  31.6482181,
                  52.5425626
                ],
                [
                  31.6537112,
                  52.5502875
                ],
                [
                  31.6743106,
                  52.5623941
                ],
                [
                  31.6293353,
                  52.5640637
                ],
                [
                  31.6186923,
                  52.5765837
                ],
                [
                  31.5922565,
                  52.5845112
                ],
                [
                  31.5798969,
                  52.5953571
                ],
                [
                  31.5658206,
                  52.5945229
                ],
                [
                  31.5658206,
                  52.6178745
                ],
                [
                  31.5713138,
                  52.63538
                ],
                [
                  31.5596408,
                  52.6416303
                ],
                [
                  31.5575809,
                  52.6518371
                ],
                [
                  31.543848,
                  52.6570438
                ],
                [
                  31.543848,
                  52.6645403
                ],
                [
                  31.5150088,
                  52.6768235
                ],
                [
                  31.5136356,
                  52.684941
                ],
                [
                  31.4978427,
                  52.6943054
                ],
                [
                  31.5026492,
                  52.6984668
                ],
                [
                  31.5643273,
                  52.7090267
                ],
                [
                  31.5718804,
                  52.7181781
                ],
                [
                  31.5756569,
                  52.72608
                ],
                [
                  31.5904198,
                  52.7333567
                ],
                [
                  31.5935097,
                  52.7422951
                ],
                [
                  31.6058693,
                  52.7441657
                ],
                [
                  31.5965996,
                  52.7572576
                ],
                [
                  31.5893898,
                  52.7591275
                ],
                [
                  31.593853,
                  52.7676452
                ],
                [
                  31.593853,
                  52.7850908
                ],
                [
                  31.5876732,
                  52.7948489
                ],
                [
                  31.5808068,
                  52.7933957
                ],
                [
                  31.5674172,
                  52.7967173
                ],
                [
                  31.561924,
                  52.8083406
                ],
                [
                  31.5526543,
                  52.8081331
                ],
                [
                  31.5320549,
                  52.818716
                ],
                [
                  31.5220986,
                  52.83303
                ],
                [
                  31.5358315,
                  52.8388373
                ],
                [
                  31.539608,
                  52.8444364
                ],
                [
                  31.5423546,
                  52.8537666
                ],
                [
                  31.5368615,
                  52.8601929
                ],
                [
                  31.5114556,
                  52.8550105
                ],
                [
                  31.4805565,
                  52.8608147
                ],
                [
                  31.4548073,
                  52.8759437
                ],
                [
                  31.4359246,
                  52.8819524
                ],
                [
                  31.4232216,
                  52.9001805
                ],
                [
                  31.4105187,
                  52.9113621
                ],
                [
                  31.3933525,
                  52.9076353
                ],
                [
                  31.3830529,
                  52.921299
                ],
                [
                  31.3734398,
                  52.9283362
                ],
                [
                  31.3768731,
                  52.9382691
                ],
                [
                  31.3796196,
                  52.9527505
                ],
                [
                  31.3652001,
                  52.9622642
                ],
                [
                  31.3466607,
                  52.9858327
                ],
                [
                  31.3253746,
                  52.9924461
                ],
                [
                  31.2869225,
                  53.0110409
                ],
                [
                  31.239544,
                  53.0288017
                ],
                [
                  31.2614516,
                  53.0433567
                ],
                [
                  31.3053969,
                  53.0359253
                ],
                [
                  31.3335494,
                  53.042531
                ],
                [
                  31.3308028,
                  53.0693564
                ],
                [
                  31.3411025,
                  53.0932788
                ],
                [
                  31.3939742,
                  53.0969897
                ],
                [
                  31.4022139,
                  53.1134787
                ],
                [
                  31.3829878,
                  53.1233691
                ],
                [
                  31.3637618,
                  53.1262534
                ],
                [
                  31.367195,
                  53.143143
                ],
                [
                  31.3974074,
                  53.1575558
                ],
                [
                  31.3967207,
                  53.1711406
                ],
                [
                  31.4186934,
                  53.1748447
                ],
                [
                  31.4186934,
                  53.1863668
                ],
                [
                  31.4083937,
                  53.1962404
                ],
                [
                  31.4070204,
                  53.2094017
                ],
                [
                  31.4468459,
                  53.2106354
                ],
                [
                  31.4605788,
                  53.2106354
                ],
                [
                  31.4784316,
                  53.2069343
                ],
                [
                  31.5031508,
                  53.2073455
                ],
                [
                  31.508644,
                  53.1978858
                ],
                [
                  31.5340499,
                  53.2007651
                ],
                [
                  31.5443495,
                  53.1859554
                ],
                [
                  31.5786818,
                  53.1937722
                ],
                [
                  31.5979079,
                  53.2057005
                ],
                [
                  31.6130141,
                  53.211869
                ],
                [
                  31.6322402,
                  53.229136
                ],
                [
                  31.6473464,
                  53.2188589
                ],
                [
                  31.659706,
                  53.2209145
                ],
                [
                  31.6631392,
                  53.211869
                ],
                [
                  31.6857985,
                  53.2122802
                ],
                [
                  31.7338637,
                  53.1954177
                ],
                [
                  31.7489699,
                  53.2007651
                ],
                [
                  31.7668227,
                  53.1822521
                ],
                [
                  31.7915419,
                  53.1789601
                ],
                [
                  31.7997817,
                  53.146026
                ],
                [
                  31.8162612,
                  53.1233691
                ],
                [
                  31.8272475,
                  53.1097692
                ],
                [
                  31.8753127,
                  53.1068839
                ],
                [
                  31.8856124,
                  53.1163637
                ],
                [
                  31.9233779,
                  53.105235
                ],
                [
                  31.9123915,
                  53.0883304
                ],
                [
                  31.9426039,
                  53.0821442
                ],
                [
                  31.992729,
                  53.0854436
                ],
                [
                  31.992729,
                  53.0924541
                ],
                [
                  32.0140151,
                  53.1007003
                ],
                [
                  32.0195082,
                  53.0908047
                ],
                [
                  32.0504073,
                  53.0870932
                ],
                [
                  32.0710066,
                  53.0788445
                ],
                [
                  32.0943526,
                  53.076782
                ],
                [
                  32.1698836,
                  53.0883304
                ],
                [
                  32.17675,
                  53.1007003
                ],
                [
                  32.1911696,
                  53.1085327
                ],
                [
                  32.233055,
                  53.1007003
                ],
                [
                  32.2399214,
                  53.1229571
                ],
                [
                  32.2515944,
                  53.1328453
                ],
                [
                  32.2646407,
                  53.1262534
                ],
                [
                  32.2955397,
                  53.1262534
                ],
                [
                  32.3305586,
                  53.1456141
                ],
                [
                  32.3456648,
                  53.1563206
                ],
                [
                  32.3374251,
                  53.1723753
                ],
                [
                  32.3593978,
                  53.1843095
                ],
                [
                  32.3854903,
                  53.1921267
                ],
                [
                  32.4157027,
                  53.1867783
                ],
                [
                  32.4284521,
                  53.198507
                ],
                [
                  32.4332586,
                  53.2075553
                ],
                [
                  32.4480215,
                  53.208789
                ],
                [
                  32.4545446,
                  53.2207131
                ],
                [
                  32.4689642,
                  53.2307843
                ],
                [
                  32.4806371,
                  53.2433187
                ],
                [
                  32.4947134,
                  53.25893
                ],
                [
                  32.5043264,
                  53.276794
                ],
                [
                  32.5129095,
                  53.2847995
                ],
                [
                  32.5153127,
                  53.2938296
                ],
                [
                  32.4895635,
                  53.2981388
                ],
                [
                  32.4881902,
                  53.3036785
                ],
                [
                  32.5243038,
                  53.3090337
                ],
                [
                  32.5253338,
                  53.2942614
                ],
                [
                  32.5387234,
                  53.2987757
                ],
                [
                  32.5449032,
                  53.3012379
                ],
                [
                  32.5555462,
                  53.3020585
                ],
                [
                  32.5709957,
                  53.2983653
                ],
                [
                  32.5847286,
                  53.290978
                ],
                [
                  32.5902218,
                  53.296929
                ],
                [
                  32.592625,
                  53.3082131
                ],
                [
                  32.5994915,
                  53.312726
                ],
                [
                  32.6200909,
                  53.3149822
                ],
                [
                  32.6132244,
                  53.3361029
                ],
                [
                  32.6218075,
                  53.3371279
                ],
                [
                  32.626614,
                  53.3363079
                ],
                [
                  32.6242107,
                  53.3315926
                ],
                [
                  32.6324505,
                  53.3250312
                ],
                [
                  32.6444668,
                  53.3223654
                ],
                [
                  32.6527065,
                  53.3158026
                ],
                [
                  32.6599163,
                  53.3207248
                ],
                [
                  32.6705593,
                  53.3338478
                ],
                [
                  32.6901287,
                  53.3410227
                ],
                [
                  32.6901287,
                  53.3332327
                ],
                [
                  32.7052349,
                  53.3307725
                ],
                [
                  32.7124447,
                  53.3324127
                ],
                [
                  32.7213711,
                  53.3311825
                ],
                [
                  32.735104,
                  53.3307725
                ],
                [
                  32.7515835,
                  53.3361029
                ],
                [
                  32.7529568,
                  53.3395879
                ],
                [
                  32.7275509,
                  53.3582377
                ],
                [
                  32.7289242,
                  53.363155
                ],
                [
                  32.7241177,
                  53.371554
                ],
                [
                  32.7275509,
                  53.3766746
                ],
                [
                  32.744717,
                  53.3862995
                ],
                [
                  32.7405971,
                  53.3928515
                ],
                [
                  32.7519268,
                  53.3955129
                ],
                [
                  32.7656597,
                  53.3955129
                ],
                [
                  32.7708095,
                  53.3897804
                ],
                [
                  32.776646,
                  53.3893709
                ],
                [
                  32.7793926,
                  53.3938751
                ],
                [
                  32.7666897,
                  53.4024728
                ],
                [
                  32.7598232,
                  53.3991977
                ],
                [
                  32.7491802,
                  53.4006306
                ],
                [
                  32.7405971,
                  53.4098408
                ],
                [
                  32.7460903,
                  53.4159799
                ],
                [
                  32.7399105,
                  53.4219135
                ],
                [
                  32.7529568,
                  53.4262097
                ],
                [
                  32.7577633,
                  53.4217089
                ],
                [
                  32.7653164,
                  53.4245731
                ],
                [
                  32.7697796,
                  53.4131151
                ],
                [
                  32.7835125,
                  53.4163891
                ],
                [
                  32.799992,
                  53.4251868
                ],
                [
                  32.7900356,
                  53.4380732
                ],
                [
                  32.798962,
                  53.4393002
                ],
                [
                  32.8298611,
                  53.4356189
                ],
                [
                  32.8429073,
                  53.4300964
                ],
                [
                  32.8580135,
                  53.4278462
                ],
                [
                  32.8655666,
                  53.4350053
                ],
                [
                  32.8820461,
                  53.4343917
                ],
                [
                  32.8875393,
                  53.4409363
                ],
                [
                  32.8827328,
                  53.4487066
                ],
                [
                  32.8933758,
                  53.4532045
                ],
                [
                  32.9029888,
                  53.4609726
                ],
                [
                  32.8926476,
                  53.4695458
                ],
                [
                  32.8870686,
                  53.4692393
                ],
                [
                  32.8873261,
                  53.4662759
                ],
                [
                  32.8705891,
                  53.4689838
                ],
                [
                  32.8650101,
                  53.4716916
                ],
                [
                  32.8722199,
                  53.47021
                ],
                [
                  32.8832062,
                  53.4713851
                ],
                [
                  32.8821762,
                  53.473122
                ],
                [
                  32.8698166,
                  53.4732242
                ],
                [
                  32.868615,
                  53.481908
                ],
                [
                  32.8798924,
                  53.4883242
                ],
                [
                  32.8888188,
                  53.487405
                ],
                [
                  32.8972302,
                  53.4955753
                ],
                [
                  32.9018651,
                  53.494452
                ],
                [
                  32.903925,
                  53.4966986
                ],
                [
                  32.8920804,
                  53.4993535
                ],
                [
                  32.8783475,
                  53.4966986
                ],
                [
                  32.8738843,
                  53.4917967
                ],
                [
                  32.861868,
                  53.4950647
                ],
                [
                  32.8711377,
                  53.5211993
                ],
                [
                  32.882124,
                  53.5267101
                ],
                [
                  32.8972302,
                  53.524465
                ],
                [
                  32.9068433,
                  53.5303835
                ],
                [
                  32.9099332,
                  53.5365051
                ],
                [
                  32.9099332,
                  53.5422179
                ],
                [
                  32.9082166,
                  53.5489498
                ],
                [
                  32.8972302,
                  53.5560885
                ],
                [
                  32.8968869,
                  53.5603711
                ],
                [
                  32.9064999,
                  53.5675079
                ],
                [
                  32.9064999,
                  53.5728087
                ],
                [
                  32.9106198,
                  53.5797396
                ],
                [
                  32.9229794,
                  53.5870769
                ],
                [
                  32.9380856,
                  53.5880959
                ],
                [
                  32.9511319,
                  53.5872807
                ],
                [
                  32.9566251,
                  53.596043
                ],
                [
                  32.9511319,
                  53.6041923
                ],
                [
                  32.970358,
                  53.6141731
                ],
                [
                  32.979971,
                  53.6188572
                ],
                [
                  32.990614,
                  53.617228
                ],
                [
                  32.9998837,
                  53.620079
                ],
                [
                  33.0156766,
                  53.6265949
                ],
                [
                  33.0239163,
                  53.6359598
                ],
                [
                  33.0276929,
                  53.6443049
                ],
                [
                  33.0477185,
                  53.6528157
                ],
                [
                  33.0350156,
                  53.6605472
                ],
                [
                  33.0398221,
                  53.662785
                ],
                [
                  33.0573316,
                  53.661361
                ],
                [
                  33.0803342,
                  53.6619713
                ],
                [
                  33.088574,
                  53.6654296
                ],
                [
                  33.0858274,
                  53.6699045
                ],
                [
                  33.0686612,
                  53.6686841
                ],
                [
                  33.0696912,
                  53.6766161
                ],
                [
                  33.0614515,
                  53.6861731
                ],
                [
                  33.0892606,
                  53.6926788
                ],
                [
                  33.1132932,
                  53.7056872
                ],
                [
                  33.1222196,
                  53.7001998
                ],
                [
                  33.1318326,
                  53.707313
                ],
                [
                  33.1235929,
                  53.7164567
                ],
                [
                  33.1452222,
                  53.7243797
                ],
                [
                  33.1751978,
                  53.7244399
                ],
                [
                  33.1947672,
                  53.7278931
                ],
                [
                  33.2109033,
                  53.723018
                ],
                [
                  33.232876,
                  53.7356108
                ],
                [
                  33.2256662,
                  53.742921
                ],
                [
                  33.2301294,
                  53.7477938
                ],
                [
                  33.2236063,
                  53.751042
                ],
                [
                  33.2229196,
                  53.768091
                ],
                [
                  33.20953,
                  53.7774244
                ],
                [
                  33.2191431,
                  53.792029
                ],
                [
                  33.2153665,
                  53.7960849
                ],
                [
                  33.2067834,
                  53.7948682
                ],
                [
                  33.1937372,
                  53.8003433
                ],
                [
                  33.1944238,
                  53.8064258
                ],
                [
                  33.2163965,
                  53.8064258
                ],
                [
                  33.221203,
                  53.7983155
                ],
                [
                  33.2335626,
                  53.7958822
                ],
                [
                  33.2431757,
                  53.8007488
                ],
                [
                  33.2582819,
                  53.8023709
                ],
                [
                  33.2802545,
                  53.8056149
                ],
                [
                  33.2933008,
                  53.8145345
                ],
                [
                  33.3036005,
                  53.8250735
                ],
                [
                  33.2905542,
                  53.8343942
                ],
                [
                  33.2905542,
                  53.8445231
                ],
                [
                  33.2665216,
                  53.8437129
                ],
                [
                  33.2575952,
                  53.8526244
                ],
                [
                  33.2706415,
                  53.8635588
                ],
                [
                  33.2418024,
                  53.8704419
                ],
                [
                  33.2486688,
                  53.8858235
                ],
                [
                  33.2830011,
                  53.8987721
                ],
                [
                  33.3090936,
                  53.9109078
                ],
                [
                  33.2706415,
                  53.9278918
                ],
                [
                  33.3324396,
                  53.9497182
                ],
                [
                  33.3365594,
                  53.9303175
                ],
                [
                  33.3818781,
                  53.9335516
                ],
                [
                  33.4368097,
                  53.9763795
                ],
                [
                  33.4587823,
                  54.0078662
                ],
                [
                  33.5150873,
                  54.0030237
                ],
                [
                  33.5990432,
                  54.0296295
                ],
                [
                  33.5986999,
                  54.0221675
                ],
                [
                  33.6134627,
                  54.0213607
                ],
                [
                  33.6230758,
                  54.0304361
                ],
                [
                  33.6292556,
                  54.0205539
                ],
                [
                  33.6429885,
                  54.0207556
                ],
                [
                  33.6656478,
                  54.0270079
                ],
                [
                  33.6951735,
                  54.023176
                ],
                [
                  33.7157729,
                  54.023781
                ],
                [
                  33.7404921,
                  54.0134938
                ],
                [
                  33.7442687,
                  54.0040112
                ],
                [
                  33.7535384,
                  54.000379
                ],
                [
                  33.765898,
                  54.0056254
                ],
                [
                  33.7621215,
                  53.9995718
                ],
                [
                  33.8029769,
                  53.990086
                ],
                [
                  33.8167098,
                  53.9910953
                ],
                [
                  33.8160232,
                  53.9763581
                ],
                [
                  33.7992003,
                  53.9676749
                ],
                [
                  33.7981788,
                  53.946041
                ],
                [
                  33.8174048,
                  53.9492738
                ],
                [
                  33.8352576,
                  53.9492738
                ],
                [
                  33.8338843,
                  53.9363409
                ],
                [
                  33.8119117,
                  53.9419995
                ],
                [
                  33.7968055,
                  53.9355324
                ],
                [
                  33.8036719,
                  53.897518
                ],
                [
                  33.8283912,
                  53.8813311
                ],
                [
                  33.8858521,
                  53.8809011
                ],
                [
                  33.8817322,
                  53.875639
                ],
                [
                  33.8975251,
                  53.8683518
                ],
                [
                  33.9194977,
                  53.8691616
                ],
                [
                  33.9243042,
                  53.8732101
                ],
                [
                  33.9586365,
                  53.8724004
                ],
                [
                  33.9627564,
                  53.8796868
                ],
                [
                  33.9991486,
                  53.8845437
                ],
                [
                  34.0108216,
                  53.8691616
                ],
                [
                  33.998462,
                  53.8594436
                ],
                [
                  34.0300477,
                  53.8594436
                ],
                [
                  34.0479004,
                  53.8659225
                ],
                [
                  34.0479004,
                  53.870781
                ],
                [
                  34.0575135,
                  53.8667323
                ],
                [
                  34.0904725,
                  53.8715907
                ],
                [
                  34.0849793,
                  53.8772581
                ],
                [
                  34.1138184,
                  53.8873766
                ],
                [
                  34.1412842,
                  53.8877813
                ],
                [
                  34.1721833,
                  53.9007293
                ],
                [
                  34.2072022,
                  53.9144822
                ],
                [
                  34.2209351,
                  53.8987065
                ],
                [
                  34.2332947,
                  53.8630881
                ],
                [
                  34.2271149,
                  53.8391906
                ],
                [
                  34.2298615,
                  53.8270341
                ],
                [
                  34.2490876,
                  53.8237918
                ],
                [
                  34.2600739,
                  53.8270341
                ],
                [
                  34.2799866,
                  53.8278447
                ],
                [
                  34.2909729,
                  53.8246024
                ],
                [
                  34.2978394,
                  53.8083873
                ],
                [
                  34.298526,
                  53.7945996
                ],
                [
                  34.3198121,
                  53.7954108
                ],
                [
                  34.3253052,
                  53.7824301
                ],
                [
                  34.3369782,
                  53.7832416
                ],
                [
                  34.3582642,
                  53.7674163
                ],
                [
                  34.3500245,
                  53.749555
                ],
                [
                  34.366504,
                  53.7288427
                ],
                [
                  34.3953431,
                  53.7300613
                ],
                [
                  34.4145691,
                  53.724374
                ],
                [
                  34.4228089,
                  53.7016168
                ],
                [
                  34.4502747,
                  53.6821009
                ],
                [
                  34.4887269,
                  53.6755936
                ],
                [
                  34.4928467,
                  53.6430419
                ],
                [
                  34.4708741,
                  53.638157
                ],
                [
                  34.4983399,
                  53.6169825
                ],
                [
                  34.5148194,
                  53.5957973
                ],
                [
                  34.49422,
                  53.5876463
                ],
                [
                  34.5024598,
                  53.5411558
                ],
                [
                  34.5312989,
                  53.543604
                ],
                [
                  34.5164324,
                  53.5106258
                ],
                [
                  34.5246722,
                  53.4959233
                ],
                [
                  34.5363451,
                  53.4979656
                ],
                [
                  34.5483614,
                  53.4861189
                ],
                [
                  34.5438982,
                  53.4812158
                ],
                [
                  34.5555712,
                  53.4777424
                ],
                [
                  34.5566012,
                  53.4712036
                ],
                [
                  34.5703341,
                  53.4705905
                ],
                [
                  34.5631243,
                  53.4589405
                ],
                [
                  34.5552279,
                  53.4517854
                ],
                [
                  34.5675875,
                  53.4472873
                ],
                [
                  34.5730807,
                  53.4280628
                ],
                [
                  34.6060397,
                  53.42704
                ],
                [
                  34.6029498,
                  53.4131271
                ],
                [
                  34.6256091,
                  53.4051456
                ],
                [
                  34.639342,
                  53.3977768
                ],
                [
                  34.6365954,
                  53.3826257
                ],
                [
                  34.6788241,
                  53.3801682
                ],
                [
                  34.7032,
                  53.3787346
                ],
                [
                  34.7292925,
                  53.3842639
                ],
                [
                  34.7416522,
                  53.3801682
                ],
                [
                  34.7612215,
                  53.3818065
                ],
                [
                  34.7828509,
                  53.3811922
                ],
                [
                  34.8123766,
                  53.3875401
                ],
                [
                  34.8161532,
                  53.3805778
                ],
                [
                  34.8384692,
                  53.3770962
                ],
                [
                  34.8432757,
                  53.3822161
                ],
                [
                  34.8618151,
                  53.3885639
                ],
                [
                  34.8697115,
                  53.3777106
                ],
                [
                  34.8587252,
                  53.3756625
                ],
                [
                  34.865935,
                  53.370337
                ],
                [
                  34.8604093,
                  53.3615744
                ],
                [
                  34.8680482,
                  53.3607548
                ],
                [
                  34.8688207,
                  53.3623939
                ],
                [
                  34.8844419,
                  53.3669522
                ],
                [
                  34.8883042,
                  53.3640329
                ],
                [
                  34.8948274,
                  53.3697177
                ],
                [
                  34.8955052,
                  53.3725207
                ],
                [
                  34.9009983,
                  53.3730328
                ],
                [
                  34.890012,
                  53.3631999
                ],
                [
                  34.890012,
                  53.3611511
                ],
                [
                  34.8862355,
                  53.3601267
                ],
                [
                  34.8810856,
                  53.3588973
                ],
                [
                  34.8707859,
                  53.3533648
                ],
                [
                  34.858598,
                  53.3435274
                ],
                [
                  34.8632328,
                  53.3425026
                ],
                [
                  34.8680393,
                  53.3455771
                ],
                [
                  34.8730175,
                  53.3475241
                ],
                [
                  34.879369,
                  53.3441423
                ],
                [
                  34.9071781,
                  53.3466019
                ],
                [
                  34.9018566,
                  53.3728279
                ],
                [
                  34.9061482,
                  53.3726231
                ],
                [
                  34.9161045,
                  53.3748762
                ],
                [
                  34.9212544,
                  53.3722134
                ],
                [
                  34.9300091,
                  53.372111
                ],
                [
                  34.9425404,
                  53.3732376
                ],
                [
                  34.9590042,
                  53.3746772
                ],
                [
                  34.9940231,
                  53.3722193
                ],
                [
                  35.0139358,
                  53.364435
                ],
                [
                  35.0283554,
                  53.3595179
                ],
                [
                  35.019429,
                  53.3443532
                ],
                [
                  35.0214889,
                  53.3353337
                ],
                [
                  35.0695541,
                  53.3336936
                ],
                [
                  35.0695541,
                  53.3238517
                ],
                [
                  35.0887802,
                  53.3271326
                ],
                [
                  35.073674,
                  53.3074435
                ],
                [
                  35.0908401,
                  53.2951331
                ],
                [
                  35.1100662,
                  53.2893871
                ],
                [
                  35.1316263,
                  53.2804891
                ],
                [
                  35.130253,
                  53.2640642
                ],
                [
                  35.1233866,
                  53.2587247
                ],
                [
                  35.1062204,
                  53.2558493
                ],
                [
                  35.1055338,
                  53.2279071
                ],
                [
                  35.1165201,
                  53.2168074
                ],
                [
                  35.1343729,
                  53.1999467
                ],
                [
                  35.1124002,
                  53.1851367
                ],
                [
                  35.1151468,
                  53.1801989
                ],
                [
                  35.1329996,
                  53.1806104
                ],
                [
                  35.130253,
                  53.1653821
                ],
                [
                  35.1178934,
                  53.1616771
                ],
                [
                  35.1254465,
                  53.150972
                ],
                [
                  35.1254465,
                  53.1373808
                ],
                [
                  35.1426126,
                  53.1386166
                ],
                [
                  35.1611521,
                  53.143971
                ],
                [
                  35.1741983,
                  53.1176042
                ],
                [
                  35.2160837,
                  53.1258456
                ],
                [
                  35.2243235,
                  53.1192526
                ],
                [
                  35.2380564,
                  53.1258456
                ],
                [
                  35.271702,
                  53.1081247
                ],
                [
                  35.262089,
                  53.1089491
                ],
                [
                  35.2758219,
                  53.0949324
                ],
                [
                  35.2662088,
                  53.0879223
                ],
                [
                  35.2730753,
                  53.0825609
                ],
                [
                  35.2881815,
                  53.0825609
                ],
                [
                  35.3293802,
                  53.0809111
                ],
                [
                  35.3060343,
                  53.0697732
                ],
                [
                  35.2909281,
                  53.0582198
                ],
                [
                  35.2765085,
                  53.0561564
                ],
                [
                  35.2710154,
                  53.0470761
                ],
                [
                  35.2909281,
                  53.0404711
                ],
                [
                  35.2799417,
                  53.0318005
                ],
                [
                  35.2895548,
                  53.0189978
                ],
                [
                  35.2627756,
                  53.0231281
                ],
                [
                  35.2524759,
                  53.0161063
                ],
                [
                  35.2524759,
                  53.0045385
                ],
                [
                  35.2373697,
                  52.9929677
                ],
                [
                  35.2208902,
                  53.0053649
                ],
                [
                  35.1755716,
                  53.0119753
                ],
                [
                  35.1648835,
                  52.9901742
                ],
                [
                  35.1521805,
                  52.9879008
                ],
                [
                  35.1549271,
                  52.9765322
                ],
                [
                  35.1460007,
                  52.9719839
                ],
                [
                  35.1508072,
                  52.965781
                ],
                [
                  35.1556137,
                  52.9597839
                ],
                [
                  35.1470307,
                  52.9573021
                ],
                [
                  35.1374176,
                  52.9595771
                ],
                [
                  35.1363877,
                  52.965781
                ],
                [
                  35.1109818,
                  52.9655742
                ],
                [
                  35.1137284,
                  52.9622655
                ],
                [
                  35.0896958,
                  52.9508902
                ],
                [
                  35.0896958,
                  52.9566817
                ],
                [
                  35.0756195,
                  52.9539929
                ],
                [
                  35.0649765,
                  52.9649538
                ],
                [
                  35.0509003,
                  52.9678487
                ],
                [
                  35.0347641,
                  52.9632995
                ],
                [
                  35.038884,
                  52.9587498
                ],
                [
                  35.0423172,
                  52.9506833
                ],
                [
                  35.0124482,
                  52.956268
                ],
                [
                  35.0110749,
                  52.9653674
                ],
                [
                  34.9945954,
                  52.9697096
                ],
                [
                  34.9839524,
                  52.965781
                ],
                [
                  34.997342,
                  52.9498559
                ],
                [
                  34.9781159,
                  52.9515107
                ],
                [
                  34.9626664,
                  52.9488216
                ],
                [
                  34.963353,
                  52.9299931
                ],
                [
                  34.963353,
                  52.9134338
                ],
                [
                  34.9571732,
                  52.9239911
                ],
                [
                  34.9379471,
                  52.9291653
                ],
                [
                  34.9043015,
                  52.9285444
                ],
                [
                  34.9132279,
                  52.9194373
                ],
                [
                  34.8885086,
                  52.9161251
                ],
                [
                  34.8751191,
                  52.9169532
                ],
                [
                  34.8682526,
                  52.9103283
                ],
                [
                  34.8534897,
                  52.8983179
                ],
                [
                  34.8668793,
                  52.9016315
                ],
                [
                  34.8720292,
                  52.8976966
                ],
                [
                  34.8745301,
                  52.8906887
                ],
                [
                  34.8767617,
                  52.888941
                ],
                [
                  34.8806768,
                  52.8860602
                ],
                [
                  34.8693472,
                  52.8823311
                ],
                [
                  34.8528677,
                  52.8844029
                ],
                [
                  34.8525243,
                  52.8757009
                ],
                [
                  34.8641973,
                  52.8690696
                ],
                [
                  34.8490911,
                  52.8672044
                ],
                [
                  34.8388087,
                  52.8618915
                ],
                [
                  34.8250758,
                  52.8685239
                ],
                [
                  34.8037898,
                  52.8693529
                ],
                [
                  34.7948634,
                  52.8643788
                ],
                [
                  34.79761,
                  52.8602333
                ],
                [
                  34.8058497,
                  52.8635497
                ],
                [
                  34.828509,
                  52.8623061
                ],
                [
                  34.8346888,
                  52.8457209
                ],
                [
                  34.8635279,
                  52.8121165
                ],
                [
                  34.8635279,
                  52.8058906
                ],
                [
                  34.8834406,
                  52.8013244
                ],
                [
                  34.8889338,
                  52.7921905
                ],
                [
                  34.9081599,
                  52.77724
                ],
                [
                  34.9191462,
                  52.7996638
                ],
                [
                  34.9383723,
                  52.7963425
                ],
                [
                  34.9624049,
                  52.7809781
                ],
                [
                  34.9768244,
                  52.7809781
                ],
                [
                  34.9713313,
                  52.7681011
                ],
                [
                  34.9871241,
                  52.7610379
                ],
                [
                  34.9878108,
                  52.7514799
                ],
                [
                  35.0090968,
                  52.7639464
                ],
                [
                  35.0132167,
                  52.7589602
                ],
                [
                  35.0434291,
                  52.7543891
                ],
                [
                  35.0448023,
                  52.7406728
                ],
                [
                  35.0228297,
                  52.7257046
                ],
                [
                  35.0159632,
                  52.7115633
                ],
                [
                  35.0372492,
                  52.6978335
                ],
                [
                  35.0921809,
                  52.7165548
                ],
                [
                  35.1162135,
                  52.7015784
                ],
                [
                  35.0969874,
                  52.6882617
                ],
                [
                  35.0674616,
                  52.6695281
                ],
                [
                  35.0406825,
                  52.6578677
                ],
                [
                  35.0097834,
                  52.6595337
                ],
                [
                  34.9960505,
                  52.6495369
                ],
                [
                  35.0077235,
                  52.6307867
                ],
                [
                  35.0255763,
                  52.608276
                ],
                [
                  35.0042903,
                  52.582416
                ],
                [
                  35.0049769,
                  52.5582106
                ],
                [
                  35.0045895,
                  52.5274464
                ],
                [
                  34.9960064,
                  52.5303705
                ],
                [
                  34.9887966,
                  52.5065544
                ],
                [
                  34.9716305,
                  52.5048826
                ],
                [
                  34.9544644,
                  52.5142856
                ],
                [
                  34.9300884,
                  52.5124051
                ],
                [
                  34.9173855,
                  52.5078082
                ],
                [
                  34.9094891,
                  52.4869067
                ],
                [
                  34.9053692,
                  52.4756158
                ],
                [
                  34.8899197,
                  52.4733155
                ],
                [
                  34.8627972,
                  52.4546991
                ],
                [
                  34.8545574,
                  52.4551176
                ],
                [
                  34.8672604,
                  52.4408886
                ],
                [
                  34.8720669,
                  52.4320979
                ],
                [
                  34.8669171,
                  52.4245616
                ],
                [
                  34.8686337,
                  52.4182803
                ],
                [
                  34.8627972,
                  52.4172334
                ],
                [
                  34.858334,
                  52.4086473
                ],
                [
                  34.8617672,
                  52.4032017
                ],
                [
                  34.8521542,
                  52.4029922
                ],
                [
                  34.8494076,
                  52.3994312
                ],
                [
                  34.8545574,
                  52.3853939
                ],
                [
                  34.8617672,
                  52.3868606
                ],
                [
                  34.8638272,
                  52.3721905
                ],
                [
                  34.8710369,
                  52.3679981
                ],
                [
                  34.8864865,
                  52.3730289
                ],
                [
                  34.9015927,
                  52.3793166
                ],
                [
                  34.9231057,
                  52.3705968
                ],
                [
                  34.9643045,
                  52.3672428
                ],
                [
                  34.9594979,
                  52.3552921
                ],
                [
                  34.9779801,
                  52.3543028
                ],
                [
                  35.0016694,
                  52.3478018
                ],
                [
                  35.0322251,
                  52.351367
                ],
                [
                  35.0294785,
                  52.3337481
                ],
                [
                  35.0411998,
                  52.31897
                ],
                [
                  35.0652324,
                  52.3206489
                ],
                [
                  35.0666057,
                  52.3307207
                ],
                [
                  35.1146709,
                  52.3370144
                ],
                [
                  35.1544964,
                  52.337434
                ],
                [
                  35.1572429,
                  52.3491797
                ],
                [
                  35.1709758,
                  52.3575676
                ],
                [
                  35.1730358,
                  52.3487603
                ],
                [
                  35.1970684,
                  52.3458241
                ],
                [
                  35.1902019,
                  52.3625996
                ],
                [
                  35.2080547,
                  52.3802071
                ],
                [
                  35.2300274,
                  52.3755963
                ],
                [
                  35.2465069,
                  52.3843983
                ],
                [
                  35.2838807,
                  52.3939171
                ],
                [
                  35.3021251,
                  52.3810453
                ],
                [
                  35.3144364,
                  52.3761056
                ],
                [
                  35.3343975,
                  52.3768538
                ],
                [
                  35.36049,
                  52.3722427
                ],
                [
                  35.4010021,
                  52.3743387
                ],
                [
                  35.4044353,
                  52.3802071
                ],
                [
                  35.4140484,
                  52.3843983
                ],
                [
                  35.4140484,
                  52.3902653
                ],
                [
                  35.3961956,
                  52.3890082
                ],
                [
                  35.393449,
                  52.3927795
                ],
                [
                  35.414735,
                  52.3986454
                ],
                [
                  35.4085552,
                  52.4053484
                ],
                [
                  35.4167949,
                  52.4162385
                ],
                [
                  35.4305278,
                  52.41917
                ],
                [
                  35.4312145,
                  52.4279633
                ],
                [
                  35.4538738,
                  52.4292194
                ],
                [
                  35.4827129,
                  52.41917
                ],
                [
                  35.4971325,
                  52.424195
                ],
                [
                  35.5266582,
                  52.424195
                ],
                [
                  35.5417644,
                  52.4447077
                ],
                [
                  35.5685436,
                  52.4413593
                ],
                [
                  35.5994426,
                  52.4421964
                ],
                [
                  35.6015026,
                  52.4371735
                ],
                [
                  35.5966961,
                  52.3856556
                ],
                [
                  35.6227886,
                  52.3768538
                ],
                [
                  35.6340699,
                  52.3610125
                ],
                [
                  35.6481945,
                  52.3458241
                ],
                [
                  35.6708538,
                  52.3332383
                ],
                [
                  35.6681072,
                  52.312254
                ],
                [
                  35.6635956,
                  52.2995389
                ],
                [
                  35.6557476,
                  52.2916797
                ],
                [
                  35.6502061,
                  52.2873599
                ],
                [
                  35.6526093,
                  52.2783285
                ],
                [
                  35.6481461,
                  52.2711861
                ],
                [
                  35.6443696,
                  52.2629919
                ],
                [
                  35.6447129,
                  52.2526945
                ],
                [
                  35.6498627,
                  52.2447072
                ],
                [
                  35.6646256,
                  52.2468092
                ],
                [
                  35.6845383,
                  52.2495418
                ],
                [
                  35.6979279,
                  52.2501724
                ],
                [
                  35.7099442,
                  52.2556369
                ],
                [
                  35.7223038,
                  52.2594196
                ],
                [
                  35.7326035,
                  52.2663538
                ],
                [
                  35.7559495,
                  52.2768581
                ],
                [
                  35.7645325,
                  52.2814792
                ],
                [
                  35.7841019,
                  52.28883
                ],
                [
                  35.7923417,
                  52.2921899
                ],
                [
                  35.8036713,
                  52.2940798
                ],
                [
                  35.815001,
                  52.2972293
                ],
                [
                  35.8283906,
                  52.2997488
                ],
                [
                  35.84693,
                  52.299119
                ],
                [
                  35.8664994,
                  52.3001687
                ],
                [
                  35.8754258,
                  52.2995389
                ],
                [
                  35.8888154,
                  52.2928199
                ],
                [
                  35.9008317,
                  52.2856798
                ],
                [
                  35.9052949,
                  52.2812692
                ],
                [
                  35.9221177,
                  52.2785386
                ],
                [
                  35.9344773,
                  52.2783285
                ],
                [
                  35.9464936,
                  52.2770682
                ],
                [
                  35.9523301,
                  52.2779084
                ],
                [
                  35.9643464,
                  52.2848397
                ],
                [
                  35.9698395,
                  52.28883
                ],
                [
                  35.9722428,
                  52.2938698
                ],
                [
                  35.9942155,
                  52.3010085
                ],
                [
                  36.0003953,
                  52.3047874
                ],
                [
                  35.9997086,
                  52.3104551
                ],
                [
                  36.0082917,
                  52.3119244
                ],
                [
                  36.0278611,
                  52.3096155
                ],
                [
                  36.0371308,
                  52.3108749
                ],
                [
                  36.0402207,
                  52.3169616
                ],
                [
                  36.0525803,
                  52.3192701
                ],
                [
                  36.0608201,
                  52.3171715
                ],
                [
                  36.0694031,
                  52.3167517
                ],
                [
                  36.0769562,
                  52.3178011
                ],
                [
                  36.0855393,
                  52.3201095
                ],
                [
                  36.0900679,
                  52.320978
                ],
                [
                  36.1020188,
                  52.3178011
                ],
                [
                  36.1092286,
                  52.3157023
                ],
                [
                  36.1209016,
                  52.3136035
                ],
                [
                  36.1298279,
                  52.3121343
                ],
                [
                  36.1346345,
                  52.3142332
                ],
                [
                  36.1363511,
                  52.3180109
                ],
                [
                  36.1415009,
                  52.3203194
                ],
                [
                  36.1504273,
                  52.322208
                ],
                [
                  36.1542039,
                  52.3276637
                ],
                [
                  36.1555772,
                  52.3316501
                ],
                [
                  36.1724,
                  52.3354264
                ],
                [
                  36.1744599,
                  52.3306011
                ],
                [
                  36.1816697,
                  52.3291324
                ],
                [
                  36.1878495,
                  52.3276637
                ],
                [
                  36.2036423,
                  52.3362655
                ],
                [
                  36.2135987,
                  52.3436071
                ],
                [
                  36.216002,
                  52.3536737
                ],
                [
                  36.2201218,
                  52.3563997
                ],
                [
                  36.2366013,
                  52.3612222
                ],
                [
                  36.2784867,
                  52.3750576
                ],
                [
                  36.2891297,
                  52.3752672
                ],
                [
                  36.2973694,
                  52.379878
                ],
                [
                  36.3076691,
                  52.374848
                ],
                [
                  36.3179688,
                  52.3792493
                ],
                [
                  36.3265519,
                  52.3750576
                ],
                [
                  36.326274,
                  52.366702
                ],
                [
                  36.3567643,
                  52.3738
                ],
                [
                  36.3952164,
                  52.3557706
                ],
                [
                  36.4082627,
                  52.3509476
                ],
                [
                  36.4092927,
                  52.3465435
                ],
                [
                  36.4155379,
                  52.3465725
                ],
                [
                  36.4398484,
                  52.3245163
                ],
                [
                  36.4422517,
                  52.3154925
                ],
                [
                  36.4717774,
                  52.2776984
                ],
                [
                  36.4813904,
                  52.2745474
                ],
                [
                  36.4872269,
                  52.2690852
                ],
                [
                  36.4930634,
                  52.2657235
                ],
                [
                  36.4969674,
                  52.2580801
                ],
                [
                  36.486949,
                  52.250832
                ],
                [
                  36.486496,
                  52.247151
                ],
                [
                  36.4892426,
                  52.2444183
                ],
                [
                  36.4933625,
                  52.2410547
                ],
                [
                  36.4969674,
                  52.2375858
                ],
                [
                  36.498684,
                  52.234432
                ],
                [
                  36.5026322,
                  52.2325396
                ],
                [
                  36.509842,
                  52.230542
                ],
                [
                  36.5158501,
                  52.2284391
                ],
                [
                  36.5201417,
                  52.2261258
                ],
                [
                  36.5240899,
                  52.2230764
                ],
                [
                  36.5242615,
                  52.220868
                ],
                [
                  36.56248,
                  52.2117205
                ],
                [
                  36.5767899,
                  52.2216041
                ],
                [
                  36.5881196,
                  52.2168716
                ],
                [
                  36.5906945,
                  52.2145578
                ],
                [
                  36.5953294,
                  52.2134008
                ],
                [
                  36.6013375,
                  52.213506
                ],
                [
                  36.6059724,
                  52.2150837
                ],
                [
                  36.6087189,
                  52.2141371
                ],
                [
                  36.6150704,
                  52.2129801
                ],
                [
                  36.6198769,
                  52.213506
                ],
                [
                  36.6276017,
                  52.2103505
                ],
                [
                  36.6375581,
                  52.2076155
                ],
                [
                  36.6428796,
                  52.2047751
                ],
                [
                  36.6370431,
                  52.1999356
                ],
                [
                  36.6363564,
                  52.1925701
                ],
                [
                  36.6435662,
                  52.1864664
                ],
                [
                  36.6521493,
                  52.1816249
                ],
                [
                  36.6569558,
                  52.178046
                ],
                [
                  36.6689721,
                  52.1746774
                ],
                [
                  36.6778985,
                  52.1757301
                ],
                [
                  36.6878548,
                  52.1790986
                ],
                [
                  36.6978112,
                  52.1776249
                ],
                [
                  36.7129174,
                  52.1744669
                ],
                [
                  36.715664,
                  52.174888
                ],
                [
                  36.7221871,
                  52.1795197
                ],
                [
                  36.7352334,
                  52.1736247
                ],
                [
                  36.7424432,
                  52.1727825
                ],
                [
                  36.7530862,
                  52.1732036
                ],
                [
                  36.7637292,
                  52.1683606
                ],
                [
                  36.767849,
                  52.1641489
                ],
                [
                  36.7729989,
                  52.1605687
                ],
                [
                  36.7716256,
                  52.1548818
                ],
                [
                  36.7716256,
                  52.1479302
                ],
                [
                  36.7774621,
                  52.1439273
                ],
                [
                  36.7806161,
                  52.1379889
                ],
                [
                  36.7953149,
                  52.1306518
                ],
                [
                  36.800808,
                  52.1270688
                ],
                [
                  36.811451,
                  52.1243287
                ],
                [
                  36.8234673,
                  52.1205345
                ],
                [
                  36.8399468,
                  52.1165291
                ],
                [
                  36.857113,
                  52.1131558
                ],
                [
                  36.8584862,
                  52.117794
                ],
                [
                  36.8766824,
                  52.1180048
                ],
                [
                  36.8808022,
                  52.1131558
                ],
                [
                  36.8972817,
                  52.1112583
                ],
                [
                  36.9079247,
                  52.1068303
                ],
                [
                  36.9165078,
                  52.1078846
                ],
                [
                  36.9230309,
                  52.1083064
                ],
                [
                  36.9384804,
                  52.1028237
                ],
                [
                  36.9463769,
                  52.0998712
                ],
                [
                  36.9419137,
                  52.0922782
                ],
                [
                  36.9566766,
                  52.0880593
                ],
                [
                  36.9618264,
                  52.089325
                ],
                [
                  36.9807091,
                  52.0880593
                ],
                [
                  36.9855157,
                  52.0937547
                ],
                [
                  36.9927254,
                  52.0996603
                ],
                [
                  36.9971886,
                  52.1064086
                ],
                [
                  37.0112649,
                  52.1074629
                ],
                [
                  37.0208779,
                  52.1089389
                ],
                [
                  37.0442239,
                  52.1019801
                ],
                [
                  37.0449105,
                  52.0964967
                ],
                [
                  37.0339242,
                  52.0916454
                ],
                [
                  37.0370141,
                  52.0863716
                ],
                [
                  37.0486871,
                  52.0796203
                ],
                [
                  37.06036,
                  52.0745562
                ],
                [
                  37.0768395,
                  52.0743452
                ],
                [
                  37.082676,
                  52.0804643
                ],
                [
                  37.08892,
                  52.0920286
                ],
                [
                  37.1001855,
                  52.0910126
                ],
                [
                  37.1118584,
                  52.0832071
                ],
                [
                  37.1283379,
                  52.0772993
                ],
                [
                  37.1437875,
                  52.0745562
                ],
                [
                  37.1575204,
                  52.0754002
                ],
                [
                  37.16782,
                  52.0808863
                ],
                [
                  37.1798363,
                  52.0853168
                ],
                [
                  37.1983758,
                  52.084051
                ],
                [
                  37.2062722,
                  52.0800423
                ],
                [
                  37.2073022,
                  52.0716018
                ],
                [
                  37.1997491,
                  52.054716
                ],
                [
                  37.1925393,
                  52.0500713
                ],
                [
                  37.1846429,
                  52.0458485
                ],
                [
                  37.180523,
                  52.0420475
                ],
                [
                  37.1970025,
                  52.0325438
                ],
                [
                  37.212452,
                  52.0270518
                ],
                [
                  37.2224084,
                  52.0224042
                ],
                [
                  37.2426644,
                  52.019869
                ],
                [
                  37.2567406,
                  52.0177561
                ],
                [
                  37.2649804,
                  52.0133189
                ],
                [
                  37.2766534,
                  52.0086699
                ],
                [
                  37.27734,
                  52.003809
                ],
                [
                  37.2907296,
                  52.0065565
                ],
                [
                  37.3058358,
                  52.0145867
                ],
                [
                  37.3137322,
                  52.0103605
                ],
                [
                  37.3274651,
                  52.0086699
                ],
                [
                  37.3350182,
                  51.9976794
                ],
                [
                  37.3439446,
                  51.9807657
                ],
                [
                  37.3617974,
                  51.9680762
                ],
                [
                  37.3696938,
                  51.9657494
                ],
                [
                  37.3851434,
                  51.9558063
                ],
                [
                  37.3937264,
                  51.9477656
                ],
                [
                  37.4150124,
                  51.9386651
                ],
                [
                  37.4259988,
                  51.9371835
                ],
                [
                  37.4332085,
                  51.9371835
                ],
                [
                  37.4527779,
                  51.9481888
                ],
                [
                  37.4795571,
                  51.9581336
                ],
                [
                  37.4840203,
                  51.966384
                ],
                [
                  37.5063363,
                  52.016911
                ],
                [
                  37.6282159,
                  52.0035977
                ],
                [
                  37.6299325,
                  51.9968339
                ],
                [
                  37.6381722,
                  51.9885891
                ],
                [
                  37.6529351,
                  51.9835146
                ],
                [
                  37.6690713,
                  51.9778051
                ],
                [
                  37.6821175,
                  51.9746329
                ],
                [
                  37.7010003,
                  51.9695568
                ],
                [
                  37.7068368,
                  51.9682877
                ],
                [
                  37.7123299,
                  51.9735754
                ],
                [
                  37.7229729,
                  51.9828802
                ],
                [
                  37.7164498,
                  51.9892233
                ],
                [
                  37.7161065,
                  51.9970453
                ],
                [
                  37.7246896,
                  52.00085
                ],
                [
                  37.7346459,
                  52.0042318
                ],
                [
                  37.7418557,
                  52.0109945
                ],
                [
                  37.7415124,
                  52.016911
                ],
                [
                  37.754902,
                  52.014798
                ],
                [
                  37.7590218,
                  52.0107831
                ],
                [
                  37.7703515,
                  52.0078246
                ],
                [
                  37.784771,
                  51.999159
                ],
                [
                  37.7899209,
                  51.9934516
                ],
                [
                  37.7950707,
                  51.9871091
                ],
                [
                  37.8012505,
                  51.9814001
                ],
                [
                  37.81876,
                  51.9759018
                ],
                [
                  37.8256264,
                  51.9727294
                ],
                [
                  37.8318063,
                  51.9460726
                ],
                [
                  37.8565255,
                  51.9236347
                ],
                [
                  37.8558388,
                  51.9081757
                ],
                [
                  37.8685418,
                  51.9045749
                ],
                [
                  37.8671685,
                  51.9003383
                ],
                [
                  37.8881112,
                  51.9005501
                ],
                [
                  37.8987542,
                  51.9013975
                ],
                [
                  37.9004708,
                  51.9126234
                ],
                [
                  37.9190102,
                  51.9130469
                ],
                [
                  37.9193536,
                  51.8961012
                ],
                [
                  37.9210702,
                  51.8914401
                ],
                [
                  37.9966012,
                  51.8944063
                ],
                [
                  38.0254403,
                  51.8914401
                ],
                [
                  38.03368,
                  51.8865665
                ],
                [
                  38.0477563,
                  51.887626
                ],
                [
                  38.0494729,
                  51.9026685
                ],
                [
                  38.0851784,
                  51.9060576
                ],
                [
                  38.120884,
                  51.9111408
                ],
                [
                  38.1105843,
                  51.9255403
                ],
                [
                  38.1263772,
                  51.9373951
                ],
                [
                  38.1401101,
                  51.933585
                ],
                [
                  38.1710091,
                  51.9331616
                ],
                [
                  38.1826821,
                  51.9208821
                ],
                [
                  38.1929818,
                  51.9301979
                ],
                [
                  38.241047,
                  51.9251168
                ],
                [
                  38.241047,
                  51.9424748
                ],
                [
                  38.2822457,
                  51.9691338
                ],
                [
                  38.316578,
                  51.956441
                ],
                [
                  38.3186379,
                  51.9229995
                ],
                [
                  38.3399239,
                  51.922576
                ],
                [
                  38.3406106,
                  51.9382418
                ],
                [
                  38.3873025,
                  51.9352784
                ],
                [
                  38.4312478,
                  51.9437447
                ],
                [
                  38.4470406,
                  51.9217291
                ],
                [
                  38.4257546,
                  51.9204586
                ],
                [
                  38.4154549,
                  51.9085993
                ],
                [
                  38.4326211,
                  51.9060576
                ],
                [
                  38.4416166,
                  51.8938792
                ],
                [
                  38.4072152,
                  51.8687629
                ],
                [
                  38.4188882,
                  51.853497
                ],
                [
                  38.4470406,
                  51.8420442
                ],
                [
                  38.4422341,
                  51.8339831
                ],
                [
                  38.4264413,
                  51.8174321
                ],
                [
                  38.4209481,
                  51.8093666
                ],
                [
                  38.4106484,
                  51.8029981
                ],
                [
                  38.4044686,
                  51.7945053
                ],
                [
                  38.401722,
                  51.7787894
                ],
                [
                  38.4188882,
                  51.7698672
                ],
                [
                  38.4319344,
                  51.763493
                ],
                [
                  38.4566537,
                  51.7447904
                ],
                [
                  38.4745065,
                  51.7405388
                ],
                [
                  38.479313,
                  51.7413891
                ],
                [
                  38.4930459,
                  51.7507421
                ],
                [
                  38.5157052,
                  51.7575431
                ],
                [
                  38.5191384,
                  51.7477664
                ],
                [
                  38.4971658,
                  51.7443653
                ],
                [
                  38.4813729,
                  51.7324595
                ],
                [
                  38.4779397,
                  51.7175728
                ],
                [
                  38.4655801,
                  51.707362
                ],
                [
                  38.4566537,
                  51.7018302
                ],
                [
                  38.4471098,
                  51.6883195
                ],
                [
                  38.4401742,
                  51.6877848
                ],
                [
                  38.4188882,
                  51.6877848
                ],
                [
                  38.3886758,
                  51.6848049
                ],
                [
                  38.3728829,
                  51.6852306
                ],
                [
                  38.3461037,
                  51.6873591
                ],
                [
                  38.3337441,
                  51.6894875
                ],
                [
                  38.3316842,
                  51.6962977
                ],
                [
                  38.2939187,
                  51.7026813
                ],
                [
                  38.2891122,
                  51.6954465
                ],
                [
                  38.2437936,
                  51.7039579
                ],
                [
                  38.2403603,
                  51.6984256
                ],
                [
                  38.2238808,
                  51.7009791
                ],
                [
                  38.2342497,
                  51.6627716
                ],
                [
                  38.1675759,
                  51.6707543
                ],
                [
                  38.1374327,
                  51.6333737
                ],
                [
                  38.1848112,
                  51.6163227
                ],
                [
                  38.2135812,
                  51.5859321
                ],
                [
                  38.2245675,
                  51.5654488
                ],
                [
                  38.2417336,
                  51.5556306
                ],
                [
                  38.2829324,
                  51.5347064
                ],
                [
                  38.2980386,
                  51.5210365
                ],
                [
                  38.2781258,
                  51.4992415
                ],
                [
                  38.2781258,
                  51.4915467
                ],
                [
                  38.311154,
                  51.4831049
                ],
                [
                  38.3021584,
                  51.472304
                ],
                [
                  38.3152047,
                  51.4598988
                ],
                [
                  38.3062783,
                  51.4547646
                ],
                [
                  38.3193937,
                  51.446744
                ],
                [
                  38.2794991,
                  51.4350783
                ],
                [
                  38.2994118,
                  51.4192375
                ],
                [
                  38.2966653,
                  51.4072463
                ],
                [
                  38.2987252,
                  51.3965371
                ],
                [
                  38.2946053,
                  51.3901104
                ],
                [
                  38.3193937,
                  51.3741495
                ],
                [
                  38.337864,
                  51.3815401
                ],
                [
                  38.3776894,
                  51.3862539
                ],
                [
                  38.3736387,
                  51.3741495
                ],
                [
                  38.3777586,
                  51.3670766
                ],
                [
                  38.3719221,
                  51.3612889
                ],
                [
                  38.3338133,
                  51.360217
                ],
                [
                  38.3289376,
                  51.340809
                ],
                [
                  38.3358732,
                  51.3229
                ],
                [
                  38.3619658,
                  51.3235436
                ],
                [
                  38.3660856,
                  51.3106688
                ],
                [
                  38.347477,
                  51.2957484
                ],
                [
                  38.3365599,
                  51.3044447
                ],
                [
                  38.2963911,
                  51.2986491
                ],
                [
                  38.2897261,
                  51.2969324
                ],
                [
                  38.2989958,
                  51.2919947
                ],
                [
                  38.3110121,
                  51.2926388
                ],
                [
                  38.3110121,
                  51.2855533
                ],
                [
                  38.3178786,
                  51.2776077
                ],
                [
                  38.3384779,
                  51.2559113
                ],
                [
                  38.3590773,
                  51.2645052
                ],
                [
                  38.3796767,
                  51.2700903
                ],
                [
                  38.3958128,
                  51.285768
                ],
                [
                  38.4366683,
                  51.2846944
                ],
                [
                  38.4363249,
                  51.2677274
                ],
                [
                  38.4476546,
                  51.2657941
                ],
                [
                  38.4510878,
                  51.251184
                ],
                [
                  38.4713438,
                  51.2243152
                ],
                [
                  38.4579543,
                  51.2249602
                ],
                [
                  38.4538344,
                  51.2180793
                ],
                [
                  38.4785536,
                  51.2120577
                ],
                [
                  38.4919432,
                  51.2172192
                ],
                [
                  38.5032729,
                  51.209907
                ],
                [
                  38.5207823,
                  51.2103371
                ],
                [
                  38.5273055,
                  51.1890394
                ],
                [
                  38.5077361,
                  51.1836596
                ],
                [
                  38.5053328,
                  51.1774183
                ],
                [
                  38.5163191,
                  51.1711761
                ],
                [
                  38.5224989,
                  51.1642872
                ],
                [
                  38.4881667,
                  51.1679471
                ],
                [
                  38.4864501,
                  51.1625648
                ],
                [
                  38.4112624,
                  51.1660095
                ],
                [
                  38.4081725,
                  51.1617036
                ],
                [
                  38.3971861,
                  51.161273
                ],
                [
                  38.3958128,
                  51.1513678
                ],
                [
                  38.3834532,
                  51.1494295
                ],
                [
                  38.3796767,
                  51.1289655
                ],
                [
                  38.4081725,
                  51.1309046
                ],
                [
                  38.4064558,
                  51.0992226
                ],
                [
                  38.3923796,
                  51.0938323
                ],
                [
                  38.3865431,
                  51.0765793
                ],
                [
                  38.4092024,
                  51.0701077
                ],
                [
                  38.4287718,
                  51.0651456
                ],
                [
                  38.4404448,
                  51.0640668
                ],
                [
                  38.4476546,
                  51.0675189
                ],
                [
                  38.4648207,
                  51.0765793
                ],
                [
                  38.4881667,
                  51.0759322
                ],
                [
                  38.5091094,
                  51.0711864
                ],
                [
                  38.5029295,
                  51.0668716
                ],
                [
                  38.5018996,
                  51.0459393
                ],
                [
                  38.5176924,
                  51.0532775
                ],
                [
                  38.531082,
                  51.0496085
                ],
                [
                  38.5458449,
                  51.0269409
                ],
                [
                  38.586357,
                  51.0122551
                ],
                [
                  38.6145094,
                  51.0172229
                ],
                [
                  38.6313323,
                  51.0008055
                ],
                [
                  38.6594847,
                  51.0120391
                ],
                [
                  38.6728743,
                  51.0066386
                ],
                [
                  38.6800841,
                  51.015279
                ],
                [
                  38.6999968,
                  51.0217582
                ],
                [
                  38.6869505,
                  51.0573777
                ],
                [
                  38.6955336,
                  51.0625564
                ],
                [
                  38.70343,
                  51.0560829
                ],
                [
                  38.7168196,
                  51.0506876
                ],
                [
                  38.7192229,
                  51.0537091
                ],
                [
                  38.7226561,
                  51.0595356
                ],
                [
                  38.7298659,
                  51.0644983
                ],
                [
                  38.7425688,
                  51.0711864
                ],
                [
                  38.7590483,
                  51.073775
                ],
                [
                  38.7806777,
                  51.0733436
                ],
                [
                  38.8016203,
                  51.076795
                ],
                [
                  38.8105467,
                  51.048961
                ],
                [
                  38.8180998,
                  51.0461551
                ],
                [
                  38.8294295,
                  51.0506876
                ],
                [
                  38.8304594,
                  51.0396793
                ],
                [
                  38.8386992,
                  51.0409746
                ],
                [
                  38.8431624,
                  51.0332026
                ],
                [
                  38.8582686,
                  51.0377364
                ],
                [
                  38.8644484,
                  51.0068547
                ],
                [
                  38.8053969,
                  50.9845984
                ],
                [
                  38.8441924,
                  50.9595204
                ],
                [
                  38.8476256,
                  50.9516267
                ],
                [
                  38.8503722,
                  50.9388641
                ],
                [
                  38.8615302,
                  50.9362679
                ],
                [
                  38.8913992,
                  50.9364842
                ],
                [
                  38.8896826,
                  50.9321569
                ],
                [
                  38.8828162,
                  50.9317242
                ],
                [
                  38.8757781,
                  50.9296685
                ],
                [
                  38.8754347,
                  50.9263144
                ],
                [
                  38.8774947,
                  50.9225272
                ],
                [
                  38.8754347,
                  50.9198219
                ],
                [
                  38.8709715,
                  50.9176575
                ],
                [
                  38.8725165,
                  50.9153848
                ],
                [
                  38.8754347,
                  50.9130037
                ],
                [
                  38.8795546,
                  50.9084577
                ],
                [
                  38.8805846,
                  50.9057516
                ],
                [
                  38.8817862,
                  50.9019627
                ],
                [
                  38.8840178,
                  50.8964412
                ],
                [
                  38.8912276,
                  50.891677
                ],
                [
                  38.8883093,
                  50.8901611
                ],
                [
                  38.8838461,
                  50.8921102
                ],
                [
                  38.8785246,
                  50.8966577
                ],
                [
                  38.8742331,
                  50.9040196
                ],
                [
                  38.8707999,
                  50.9041278
                ],
                [
                  38.8680533,
                  50.9026122
                ],
                [
                  38.8562087,
                  50.9030453
                ],
                [
                  38.845909,
                  50.8997975
                ],
                [
                  38.8390425,
                  50.8997975
                ],
                [
                  38.8366393,
                  50.8938426
                ],
                [
                  38.8205031,
                  50.8946006
                ],
                [
                  38.8174132,
                  50.8982818
                ],
                [
                  38.8186148,
                  50.9034783
                ],
                [
                  38.7959555,
                  50.9171164
                ],
                [
                  38.7765578,
                  50.9181986
                ],
                [
                  38.7712363,
                  50.9079165
                ],
                [
                  38.7401656,
                  50.9042361
                ],
                [
                  38.7269476,
                  50.900014
                ],
                [
                  38.7341574,
                  50.89839
                ],
                [
                  38.7463454,
                  50.8981735
                ],
                [
                  38.7435988,
                  50.8940592
                ],
                [
                  38.747032,
                  50.8895113
                ],
                [
                  38.7421143,
                  50.8802328
                ],
                [
                  38.7506974,
                  50.8739505
                ],
                [
                  38.7489808,
                  50.8663672
                ],
                [
                  38.7218583,
                  50.8756836
                ],
                [
                  38.7259782,
                  50.8579159
                ],
                [
                  38.731128,
                  50.8574824
                ],
                [
                  38.740741,
                  50.8507635
                ],
                [
                  38.7342179,
                  50.8403582
                ],
                [
                  38.7266648,
                  50.8373228
                ],
                [
                  38.708812,
                  50.8284325
                ],
                [
                  38.7105286,
                  50.820625
                ],
                [
                  38.7077821,
                  50.8020768
                ],
                [
                  38.7263215,
                  50.7922032
                ],
                [
                  38.732019,
                  50.7900711
                ],
                [
                  38.7318473,
                  50.787141
                ],
                [
                  38.7414604,
                  50.785079
                ],
                [
                  38.7509017,
                  50.7865984
                ],
                [
                  38.7551933,
                  50.7859472
                ],
                [
                  38.7608581,
                  50.7844278
                ],
                [
                  38.7660079,
                  50.7839937
                ],
                [
                  38.7690979,
                  50.7868155
                ],
                [
                  38.774591,
                  50.7905052
                ],
                [
                  38.7845474,
                  50.7960392
                ],
                [
                  38.7948471,
                  50.8020066
                ],
                [
                  38.8034301,
                  50.7960392
                ],
                [
                  38.8109832,
                  50.7969072
                ],
                [
                  38.8101249,
                  50.7941946
                ],
                [
                  38.8135582,
                  50.7913733
                ],
                [
                  38.8223129,
                  50.7895285
                ],
                [
                  38.8238578,
                  50.7928925
                ],
                [
                  38.8427406,
                  50.7900711
                ],
                [
                  38.8411956,
                  50.7881177
                ],
                [
                  38.8492637,
                  50.7844278
                ],
                [
                  38.8454872,
                  50.7814974
                ],
                [
                  38.8530403,
                  50.7743333
                ],
                [
                  38.8425689,
                  50.7750932
                ],
                [
                  38.8372474,
                  50.7754189
                ],
                [
                  38.8211113,
                  50.7772642
                ],
                [
                  38.7999969,
                  50.7820401
                ],
                [
                  38.7943321,
                  50.777807
                ],
                [
                  38.7883239,
                  50.7667339
                ],
                [
                  38.7922721,
                  50.7674939
                ],
                [
                  38.7946754,
                  50.7653224
                ],
                [
                  38.7986236,
                  50.7673853
                ],
                [
                  38.8022285,
                  50.7658653
                ],
                [
                  38.7996536,
                  50.7618479
                ],
                [
                  38.7948471,
                  50.747404
                ],
                [
                  38.7842899,
                  50.7181498
                ],
                [
                  38.805533,
                  50.7155141
                ],
                [
                  38.8140731,
                  50.7231762
                ],
                [
                  38.8169055,
                  50.7243716
                ],
                [
                  38.8200384,
                  50.7230132
                ],
                [
                  38.8248856,
                  50.7217088
                ],
                [
                  38.8300355,
                  50.7138834
                ],
                [
                  38.8568146,
                  50.716492
                ],
                [
                  38.8629945,
                  50.7132313
                ],
                [
                  38.8681443,
                  50.7145356
                ],
                [
                  38.8732941,
                  50.7121443
                ],
                [
                  38.8808472,
                  50.706709
                ],
                [
                  38.8805039,
                  50.7012731
                ],
                [
                  38.8647111,
                  50.701708
                ],
                [
                  38.8904603,
                  50.6932269
                ],
                [
                  38.8962968,
                  50.7047522
                ],
                [
                  38.9217026,
                  50.7014906
                ],
                [
                  38.953975,
                  50.6982288
                ],
                [
                  38.963588,
                  50.6993161
                ],
                [
                  38.9872773,
                  50.6986637
                ],
                [
                  38.9893372,
                  50.6951842
                ],
                [
                  38.9807542,
                  50.6932269
                ],
                [
                  38.9797242,
                  50.6862668
                ],
                [
                  38.9732011,
                  50.6830039
                ],
                [
                  38.9608414,
                  50.6821338
                ],
                [
                  38.9673646,
                  50.6694062
                ],
                [
                  38.9625581,
                  50.654825
                ],
                [
                  38.9665063,
                  50.6529748
                ],
                [
                  38.996032,
                  50.6526483
                ],
                [
                  38.997577,
                  50.6497096
                ],
                [
                  39.0236695,
                  50.6544985
                ],
                [
                  39.0288193,
                  50.6464442
                ],
                [
                  39.0514786,
                  50.6521041
                ],
                [
                  39.0559418,
                  50.6430697
                ],
                [
                  39.1210015,
                  50.6235799
                ],
                [
                  39.1153367,
                  50.6202037
                ],
                [
                  39.0969689,
                  50.61454
                ],
                [
                  39.0918191,
                  50.6111632
                ],
                [
                  39.0545685,
                  50.6254312
                ],
                [
                  39.0454705,
                  50.6183522
                ],
                [
                  39.0835793,
                  50.6060431
                ],
                [
                  39.0840943,
                  50.5969998
                ],
                [
                  39.0820344,
                  50.5932948
                ],
                [
                  39.0760262,
                  50.592205
                ],
                [
                  39.0921653,
                  50.5796752
                ],
                [
                  39.0842689,
                  50.5497982
                ],
                [
                  39.0835822,
                  50.5293968
                ],
                [
                  39.0926803,
                  50.5159728
                ],
                [
                  39.0964568,
                  50.5167369
                ],
                [
                  39.1028083,
                  50.524486
                ],
                [
                  39.1256393,
                  50.5341979
                ],
                [
                  39.1266692,
                  50.5076765
                ],
                [
                  39.1021217,
                  50.5023267
                ],
                [
                  39.0763725,
                  50.504292
                ],
                [
                  39.0825523,
                  50.4997062
                ],
                [
                  39.0617812,
                  50.4918438
                ],
                [
                  39.0454734,
                  50.4920623
                ],
                [
                  39.0451301,
                  50.4859462
                ],
                [
                  39.0511382,
                  50.4857277
                ],
                [
                  39.0525115,
                  50.4767706
                ],
                [
                  39.0456451,
                  50.4765521
                ],
                [
                  39.0413535,
                  50.4717451
                ],
                [
                  39.0341438,
                  50.4770983
                ],
                [
                  39.0119994,
                  50.4643152
                ],
                [
                  39.0228141,
                  50.4568841
                ],
                [
                  39.015776,
                  50.4555726
                ],
                [
                  38.9970649,
                  50.4433302
                ],
                [
                  38.9862502,
                  50.4351304
                ],
                [
                  38.9943183,
                  50.4241951
                ],
                [
                  38.9927734,
                  50.4218984
                ],
                [
                  39.0047897,
                  50.4211328
                ],
                [
                  39.0089095,
                  50.4135855
                ],
                [
                  39.026934,
                  50.4146794
                ],
                [
                  39.0334571,
                  50.4112883
                ],
                [
                  39.0351737,
                  50.4043959
                ],
                [
                  39.0394653,
                  50.398925
                ],
                [
                  39.0353454,
                  50.3885287
                ],
                [
                  39.036547,
                  50.3808667
                ],
                [
                  39.0653861,
                  50.3541497
                ],
                [
                  39.0751708,
                  50.3528353
                ],
                [
                  39.0901054,
                  50.3516305
                ],
                [
                  39.0909637,
                  50.346044
                ],
                [
                  39.1021217,
                  50.3393612
                ],
                [
                  39.0701926,
                  50.320513
                ],
                [
                  39.0636695,
                  50.3207322
                ],
                [
                  39.0435851,
                  50.3163479
                ],
                [
                  39.0386069,
                  50.3031923
                ],
                [
                  39.0345799,
                  50.2881087
                ],
                [
                  39.0447079,
                  50.2768104
                ],
                [
                  39.0550076,
                  50.2763715
                ],
                [
                  39.0895115,
                  50.2754939
                ],
                [
                  39.1039311,
                  50.2709956
                ],
                [
                  39.1133724,
                  50.2663872
                ],
                [
                  39.1114842,
                  50.2650705
                ],
                [
                  39.107021,
                  50.2576081
                ],
                [
                  39.1029011,
                  50.2562911
                ],
                [
                  39.105991,
                  50.2437776
                ],
                [
                  39.1109692,
                  50.2321394
                ],
                [
                  39.1190373,
                  50.2309315
                ],
                [
                  39.1198956,
                  50.2260996
                ],
                [
                  39.1231571,
                  50.2254406
                ],
                [
                  39.126762,
                  50.2265389
                ],
                [
                  39.13895,
                  50.2255505
                ],
                [
                  39.1403233,
                  50.2102826
                ],
                [
                  39.1401516,
                  50.1888554
                ],
                [
                  39.1293369,
                  50.1852283
                ],
                [
                  39.1300236,
                  50.1798421
                ],
                [
                  39.1301952,
                  50.1770938
                ],
                [
                  39.1190373,
                  50.1754447
                ],
                [
                  39.1200672,
                  50.1726962
                ],
                [
                  39.1252171,
                  50.1739056
                ],
                [
                  39.1173549,
                  50.1608737
                ],
                [
                  39.11478,
                  50.1556497
                ],
                [
                  39.1381259,
                  50.153505
                ],
                [
                  39.1597553,
                  50.1437699
                ],
                [
                  39.1515155,
                  50.1223129
                ],
                [
                  39.1703983,
                  50.1157088
                ],
                [
                  39.1954608,
                  50.0903846
                ],
                [
                  39.2047305,
                  50.0942392
                ],
                [
                  39.2107387,
                  50.0921467
                ],
                [
                  39.2237849,
                  50.0980934
                ],
                [
                  39.2388911,
                  50.0991945
                ],
                [
                  39.2345996,
                  50.0955606
                ],
                [
                  39.2464442,
                  50.0936885
                ],
                [
                  39.2428394,
                  50.084437
                ],
                [
                  39.2078204,
                  50.078709
                ],
                [
                  39.2074771,
                  50.075404
                ],
                [
                  39.2198367,
                  50.0683527
                ],
                [
                  39.2267032,
                  50.0643859
                ],
                [
                  39.2177768,
                  50.0485153
                ],
                [
                  39.2229266,
                  50.0452083
                ],
                [
                  39.2349429,
                  50.0485153
                ],
                [
                  39.2315097,
                  50.0410191
                ],
                [
                  39.254169,
                  50.0335216
                ],
                [
                  39.2569156,
                  50.0430035
                ],
                [
                  39.2795749,
                  50.0352859
                ],
                [
                  39.2620654,
                  49.9916027
                ],
                [
                  39.2181201,
                  49.9761497
                ],
                [
                  39.2064471,
                  49.9695254
                ],
                [
                  39.2085071,
                  49.9483217
                ],
                [
                  39.189281,
                  49.9425774
                ],
                [
                  39.190311,
                  49.9370534
                ],
                [
                  39.2081638,
                  49.9368325
                ],
                [
                  39.2136569,
                  49.9271087
                ],
                [
                  39.1923709,
                  49.9231302
                ],
                [
                  39.177608,
                  49.9003581
                ],
                [
                  39.1810413,
                  49.8877514
                ],
                [
                  39.1680346,
                  49.8835197
                ],
                [
                  39.1834841,
                  49.8879438
                ],
                [
                  39.1903506,
                  49.8828561
                ],
                [
                  39.1948138,
                  49.8737852
                ],
                [
                  39.2040835,
                  49.8691385
                ],
                [
                  39.2260561,
                  49.8399202
                ],
                [
                  39.229146,
                  49.8055883
                ],
                [
                  39.2481714,
                  49.7891272
                ],
                [
                  39.2511187,
                  49.7778835
                ],
                [
                  39.2624483,
                  49.7696798
                ],
                [
                  39.272748,
                  49.7683494
                ],
                [
                  39.2886835,
                  49.7554246
                ],
                [
                  39.3125735,
                  49.7517156
                ],
                [
                  39.359952,
                  49.741067
                ],
                [
                  39.380208,
                  49.7388484
                ],
                [
                  39.4114105,
                  49.754148
                ],
                [
                  39.447116,
                  49.7599147
                ],
                [
                  39.4773284,
                  49.7563661
                ],
                [
                  39.5336334,
                  49.7364
                ],
                [
                  39.6081744,
                  49.7344105
                ],
                [
                  39.590665,
                  49.7195409
                ],
                [
                  39.612981,
                  49.6933415
                ],
                [
                  39.6373569,
                  49.6351196
                ],
                [
                  39.6586429,
                  49.6148812
                ],
                [
                  39.6837055,
                  49.6135465
                ],
                [
                  39.6950352,
                  49.6048701
                ],
                [
                  39.7204009,
                  49.6061974
                ],
                [
                  39.7506535,
                  49.5984174
                ],
                [
                  39.8073017,
                  49.5574562
                ],
                [
                  39.8440373,
                  49.562801
                ],
                [
                  39.8687164,
                  49.5603438
                ],
                [
                  39.8893559,
                  49.557679
                ],
                [
                  39.9346343,
                  49.5737037
                ],
                [
                  39.9538604,
                  49.5972972
                ],
                [
                  40.0574108,
                  49.6060933
                ],
                [
                  40.063764,
                  49.5986398
                ],
                [
                  40.1370617,
                  49.6172164
                ],
                [
                  40.1401516,
                  49.5951903
                ],
                [
                  40.1676174,
                  49.5687013
                ],
                [
                  40.0380146,
                  49.5211411
                ],
                [
                  40.0424779,
                  49.4990716
                ],
                [
                  40.0321782,
                  49.4533405
                ],
                [
                  40.0514043,
                  49.4466445
                ],
                [
                  40.0794243,
                  49.4089566
                ],
                [
                  40.1226829,
                  49.3839311
                ],
                [
                  40.1470588,
                  49.3770022
                ],
                [
                  40.1556952,
                  49.372784
                ],
                [
                  40.1540215,
                  49.3714706
                ],
                [
                  40.1569826,
                  49.3701572
                ],
                [
                  40.1586563,
                  49.3714147
                ],
                [
                  40.16239,
                  49.3678656
                ],
                [
                  40.1594833,
                  49.3667273
                ],
                [
                  40.1696113,
                  49.3564417
                ],
                [
                  40.1762203,
                  49.3561063
                ],
                [
                  40.1807693,
                  49.3518572
                ],
                [
                  40.2005104,
                  49.3456507
                ],
                [
                  40.1967338,
                  49.3387723
                ],
                [
                  40.1920757,
                  49.3317896
                ],
                [
                  40.1876125,
                  49.319035
                ],
                [
                  40.1900158,
                  49.3094109
                ],
                [
                  40.1810894,
                  49.3020237
                ],
                [
                  40.184866,
                  49.2843347
                ],
                [
                  40.2279375,
                  49.2604666
                ],
                [
                  40.2214144,
                  49.2492623
                ],
                [
                  40.2087116,
                  49.2407454
                ],
                [
                  40.1749096,
                  49.2375067
                ],
                [
                  40.1376435,
                  49.2398488
                ],
                [
                  40.1239107,
                  49.2324511
                ],
                [
                  40.1151714,
                  49.2101511
                ],
                [
                  40.0954149,
                  49.2041954
                ],
                [
                  40.0782488,
                  49.1864713
                ],
                [
                  40.0309076,
                  49.1773048
                ],
                [
                  39.997262,
                  49.1449753
                ],
                [
                  39.9395463,
                  49.0835916
                ],
                [
                  39.9429796,
                  49.0687485
                ],
                [
                  39.939203,
                  49.0552509
                ],
                [
                  39.9094994,
                  49.0570413
                ],
                [
                  39.8787781,
                  49.0637998
                ],
                [
                  39.8149202,
                  49.0563758
                ],
                [
                  39.8087403,
                  49.0611002
                ],
                [
                  39.7773202,
                  49.0446657
                ],
                [
                  39.7412713,
                  49.0428654
                ],
                [
                  39.7299416,
                  49.0439906
                ],
                [
                  39.7134622,
                  49.0469161
                ],
                [
                  39.6926973,
                  49.0505258
                ],
                [
                  39.6713273,
                  49.0399917
                ],
                [
                  39.6780221,
                  49.0366157
                ],
                [
                  39.6819703,
                  49.0385288
                ],
                [
                  39.6840303,
                  49.0334646
                ],
                [
                  39.6809403,
                  49.0330144
                ],
                [
                  39.682657,
                  49.030876
                ],
                [
                  39.6761338,
                  49.0265989
                ],
                [
                  39.6764772,
                  49.021646
                ],
                [
                  39.6711556,
                  49.0168052
                ],
                [
                  39.6713273,
                  49.0156794
                ],
                [
                  39.6790521,
                  49.0132025
                ],
                [
                  39.6713273,
                  49.0034062
                ],
                [
                  39.6635146,
                  49.0009986
                ],
                [
                  39.677591,
                  48.9899609
                ],
                [
                  39.6892371,
                  48.997672
                ],
                [
                  39.6961035,
                  49.0004875
                ],
                [
                  39.7026266,
                  48.9995865
                ],
                [
                  39.7094931,
                  48.9942931
                ],
                [
                  39.7142996,
                  48.9892243
                ],
                [
                  39.7168745,
                  48.9849437
                ],
                [
                  39.7192778,
                  48.9806626
                ],
                [
                  39.723226,
                  48.9768319
                ],
                [
                  39.7283758,
                  48.9770573
                ],
                [
                  39.7336974,
                  48.980888
                ],
                [
                  39.7397055,
                  48.9842677
                ],
                [
                  39.746057,
                  48.9877599
                ],
                [
                  39.7529234,
                  48.9871967
                ],
                [
                  39.7524084,
                  48.9835918
                ],
                [
                  39.7501768,
                  48.981226
                ],
                [
                  39.7515501,
                  48.9772826
                ],
                [
                  39.7567,
                  48.9751418
                ],
                [
                  39.7577299,
                  48.9710853
                ],
                [
                  39.7606482,
                  48.9680427
                ],
                [
                  39.7666563,
                  48.9649999
                ],
                [
                  39.765283,
                  48.9607172
                ],
                [
                  39.7673475,
                  48.9556683
                ],
                [
                  39.7767889,
                  48.9519484
                ],
                [
                  39.7755873,
                  48.9471008
                ],
                [
                  39.773699,
                  48.9450715
                ],
                [
                  39.7798788,
                  48.9397722
                ],
                [
                  39.7759306,
                  48.9280442
                ],
                [
                  39.775759,
                  48.9239839
                ],
                [
                  39.7824537,
                  48.9177799
                ],
                [
                  39.7900068,
                  48.9134931
                ],
                [
                  39.7956717,
                  48.9142828
                ],
                [
                  39.8092329,
                  48.911688
                ],
                [
                  39.816786,
                  48.9079649
                ],
                [
                  39.8203909,
                  48.9034515
                ],
                [
                  39.8203909,
                  48.8993892
                ],
                [
                  39.8185026,
                  48.8964551
                ],
                [
                  39.8217642,
                  48.8928436
                ],
                [
                  39.8253691,
                  48.8884418
                ],
                [
                  39.8291456,
                  48.8866358
                ],
                [
                  39.8330939,
                  48.887426
                ],
                [
                  39.8351538,
                  48.8913764
                ],
                [
                  39.8349821,
                  48.8943108
                ],
                [
                  39.8342955,
                  48.8990507
                ],
                [
                  39.8360121,
                  48.900969
                ],
                [
                  39.8403036,
                  48.9022103
                ],
                [
                  39.8439085,
                  48.9022103
                ],
                [
                  39.8483717,
                  48.898825
                ],
                [
                  39.8518049,
                  48.8935208
                ],
                [
                  39.8524916,
                  48.8903606
                ],
                [
                  39.9256193,
                  48.8956651
                ],
                [
                  39.9340307,
                  48.8909249
                ],
                [
                  39.9395239,
                  48.8861843
                ],
                [
                  39.9453604,
                  48.8804273
                ],
                [
                  39.9532568,
                  48.8751211
                ],
                [
                  39.9929106,
                  48.8685724
                ],
                [
                  40.0033819,
                  48.9017589
                ],
                [
                  40.0172865,
                  48.9028873
                ],
                [
                  40.0191972,
                  48.9065354
                ],
                [
                  40.0198614,
                  48.9093188
                ],
                [
                  40.0268995,
                  48.9120265
                ],
                [
                  40.0288104,
                  48.9153355
                ],
                [
                  40.0378859,
                  48.9136059
                ],
                [
                  40.0426924,
                  48.9121393
                ],
                [
                  40.0574553,
                  48.9103342
                ],
                [
                  40.0622618,
                  48.908529
                ],
                [
                  40.0574553,
                  48.9030002
                ],
                [
                  40.0725615,
                  48.8748953
                ],
                [
                  40.080652,
                  48.870868
                ],
                [
                  39.9768734,
                  48.7931292
                ],
                [
                  39.9614239,
                  48.7961825
                ],
                [
                  39.9500942,
                  48.7962956
                ],
                [
                  39.8870945,
                  48.8209409
                ],
                [
                  39.8252964,
                  48.83518
                ],
                [
                  39.8079871,
                  48.8393561
                ],
                [
                  39.8045539,
                  48.8421806
                ],
                [
                  39.7978591,
                  48.8413898
                ],
                [
                  39.7932243,
                  48.8364185
                ],
                [
                  39.7937393,
                  48.8325767
                ],
                [
                  39.7973441,
                  48.8287346
                ],
                [
                  39.7976875,
                  48.8252313
                ],
                [
                  39.7935676,
                  48.8239881
                ],
                [
                  39.7872161,
                  48.8250053
                ],
                [
                  39.7829246,
                  48.8219538
                ],
                [
                  39.7839546,
                  48.8170936
                ],
                [
                  39.7803497,
                  48.8133634
                ],
                [
                  39.7779464,
                  48.8100851
                ],
                [
                  39.7832679,
                  48.802171
                ],
                [
                  39.7849845,
                  48.7954996
                ],
                [
                  39.7803497,
                  48.7880357
                ],
                [
                  39.7721099,
                  48.7830591
                ],
                [
                  39.7642135,
                  48.7787608
                ],
                [
                  39.7623252,
                  48.7743489
                ],
                [
                  39.7680774,
                  48.7701875
                ],
                [
                  39.7668758,
                  48.7643039
                ],
                [
                  39.7598376,
                  48.763625
                ],
                [
                  39.7512546,
                  48.7679246
                ],
                [
                  39.7526279,
                  48.7712057
                ],
                [
                  39.7500529,
                  48.7732421
                ],
                [
                  39.7440448,
                  48.7692824
                ],
                [
                  39.7387233,
                  48.7654354
                ],
                [
                  39.7303119,
                  48.7598908
                ],
                [
                  39.7279086,
                  48.7567222
                ],
                [
                  39.7243037,
                  48.7518557
                ],
                [
                  39.7294327,
                  48.7499067
                ],
                [
                  39.7327151,
                  48.7529874
                ],
                [
                  39.7359767,
                  48.750837
                ],
                [
                  39.7395816,
                  48.7430268
                ],
                [
                  39.7347751,
                  48.7451776
                ],
                [
                  39.7299686,
                  48.7430268
                ],
                [
                  39.7263637,
                  48.7400836
                ],
                [
                  39.7237887,
                  48.7380458
                ],
                [
                  39.7232738,
                  48.7347626
                ],
                [
                  39.7225871,
                  48.7323849
                ],
                [
                  39.7186389,
                  48.7292145
                ],
                [
                  39.7122874,
                  48.7258175
                ],
                [
                  39.7086825,
                  48.7221937
                ],
                [
                  39.7050777,
                  48.7197022
                ],
                [
                  39.7121158,
                  48.7153985
                ],
                [
                  39.7119441,
                  48.7123403
                ],
                [
                  39.7052493,
                  48.7103014
                ],
                [
                  39.7069659,
                  48.7018052
                ],
                [
                  39.7119441,
                  48.699426
                ],
                [
                  39.7167506,
                  48.7023716
                ],
                [
                  39.7210422,
                  48.6970467
                ],
                [
                  39.7177806,
                  48.6950072
                ],
                [
                  39.716064,
                  48.6911545
                ],
                [
                  39.7172656,
                  48.6874149
                ],
                [
                  39.7191539,
                  48.6854884
                ],
                [
                  39.7219005,
                  48.6820884
                ],
                [
                  39.716064,
                  48.6801616
                ],
                [
                  39.7126308,
                  48.6774413
                ],
                [
                  39.7098842,
                  48.6743809
                ],
                [
                  39.7021594,
                  48.6713202
                ],
                [
                  39.7031894,
                  48.6664454
                ],
                [
                  39.7116008,
                  48.6674658
                ],
                [
                  39.7098842,
                  48.6614568
                ],
                [
                  39.7131457,
                  48.6554471
                ],
                [
                  39.7093692,
                  48.6541997
                ],
                [
                  39.7064509,
                  48.657148
                ],
                [
                  39.7004428,
                  48.6527255
                ],
                [
                  39.6923747,
                  48.6475087
                ],
                [
                  39.6901431,
                  48.6452404
                ],
                [
                  39.6924644,
                  48.6435992
                ],
                [
                  39.694181,
                  48.6385516
                ],
                [
                  39.6927219,
                  48.6361694
                ],
                [
                  39.6897178,
                  48.6341842
                ],
                [
                  39.6855121,
                  48.6314047
                ],
                [
                  39.6790748,
                  48.6278309
                ],
                [
                  39.6731525,
                  48.6249376
                ],
                [
                  39.6692901,
                  48.6221009
                ],
                [
                  39.6613079,
                  48.6099012
                ],
                [
                  39.6611362,
                  48.6064961
                ],
                [
                  39.6639686,
                  48.6052475
                ],
                [
                  39.6670585,
                  48.6051907
                ],
                [
                  39.6712643,
                  48.6041691
                ],
                [
                  39.6679169,
                  48.6007069
                ],
                [
                  39.668346,
                  48.5969038
                ],
                [
                  39.6709209,
                  48.5954279
                ],
                [
                  39.6745258,
                  48.5966767
                ],
                [
                  39.6765858,
                  48.5980958
                ],
                [
                  39.6796757,
                  48.5979255
                ],
                [
                  39.6807915,
                  48.5964497
                ],
                [
                  39.6766716,
                  48.595655
                ],
                [
                  39.6752983,
                  48.5940087
                ],
                [
                  39.6753841,
                  48.5922489
                ],
                [
                  39.6769291,
                  48.5906593
                ],
                [
                  39.6792465,
                  48.5905458
                ],
                [
                  39.6791607,
                  48.5921921
                ],
                [
                  39.6822506,
                  48.5927031
                ],
                [
                  39.6832805,
                  48.5913974
                ],
                [
                  39.6848255,
                  48.5901484
                ],
                [
                  39.6873146,
                  48.5892968
                ],
                [
                  39.6868854,
                  48.5877071
                ],
                [
                  39.6897853,
                  48.5864752
                ],
                [
                  39.6818953,
                  48.586975
                ],
                [
                  39.6761446,
                  48.5883376
                ],
                [
                  39.6690007,
                  48.5879829
                ],
                [
                  39.6761246,
                  48.5883235
                ],
                [
                  39.6818753,
                  48.5869609
                ],
                [
                  39.6942772,
                  48.5860155
                ],
                [
                  39.7028603,
                  48.5877188
                ],
                [
                  39.7232329,
                  48.5861884
                ],
                [
                  39.7461189,
                  48.5874917
                ],
                [
                  39.7561919,
                  48.5839172
                ],
                [
                  39.7785079,
                  48.5945906
                ],
                [
                  39.807347,
                  48.5882323
                ],
                [
                  39.8385893,
                  48.575059
                ],
                [
                  39.8554122,
                  48.5655176
                ],
                [
                  39.8526656,
                  48.5489294
                ],
                [
                  39.8605621,
                  48.5330178
                ],
                [
                  39.859532,
                  48.5152819
                ],
                [
                  39.8622787,
                  48.5002697
                ],
                [
                  39.8495757,
                  48.502772
                ],
                [
                  39.8460536,
                  48.4773268
                ],
                [
                  39.8511656,
                  48.4664785
                ],
                [
                  39.8872145,
                  48.4514518
                ],
                [
                  39.9002608,
                  48.4478083
                ],
                [
                  39.8984103,
                  48.4440871
                ],
                [
                  39.8899989,
                  48.4428345
                ],
                [
                  39.8975142,
                  48.4284479
                ],
                [
                  39.9105983,
                  48.4213077
                ],
                [
                  39.9105983,
                  48.4104839
                ],
                [
                  39.9075084,
                  48.4046723
                ],
                [
                  39.9170331,
                  48.3980274
                ],
                [
                  39.9052768,
                  48.3903113
                ],
                [
                  39.9169498,
                  48.3823312
                ],
                [
                  39.9220996,
                  48.3764023
                ],
                [
                  39.9289661,
                  48.3764023
                ],
                [
                  39.9361758,
                  48.3866634
                ],
                [
                  39.9447589,
                  48.3850674
                ],
                [
                  39.9324827,
                  48.3633672
                ],
                [
                  39.9341159,
                  48.3565584
                ],
                [
                  39.9457889,
                  48.3533644
                ],
                [
                  39.9409825,
                  48.3451503
                ],
                [
                  39.9348026,
                  48.3483448
                ],
                [
                  39.919353,
                  48.3474321
                ],
                [
                  39.9179797,
                  48.341271
                ],
                [
                  39.8781543,
                  48.3335115
                ],
                [
                  39.8613315,
                  48.3353374
                ],
                [
                  39.8455386,
                  48.333055
                ],
                [
                  39.8455386,
                  48.329403
                ],
                [
                  39.8393588,
                  48.3291747
                ],
                [
                  39.8424345,
                  48.3180654
                ],
                [
                  39.8400455,
                  48.3106824
                ],
                [
                  39.8695712,
                  48.3095408
                ],
                [
                  39.8867375,
                  48.3095408
                ],
                [
                  39.8870808,
                  48.3056587
                ],
                [
                  39.9007994,
                  48.2940875
                ],
                [
                  39.91077,
                  48.2911556
                ],
                [
                  39.9105983,
                  48.2867011
                ],
                [
                  39.9160916,
                  48.2828173
                ],
                [
                  39.9105983,
                  48.2750489
                ],
                [
                  39.90974,
                  48.27105
                ],
                [
                  39.9245029,
                  48.2734494
                ],
                [
                  39.9329143,
                  48.2805326
                ],
                [
                  39.9293094,
                  48.2829315
                ],
                [
                  39.9351459,
                  48.2838454
                ],
                [
                  39.9351317,
                  48.292717
                ],
                [
                  39.9430423,
                  48.2930972
                ],
                [
                  39.9497371,
                  48.2975512
                ],
                [
                  39.9521404,
                  48.3032609
                ],
                [
                  39.9602084,
                  48.301548
                ],
                [
                  39.9653583,
                  48.3050878
                ],
                [
                  39.9720532,
                  48.307714
                ],
                [
                  39.9729114,
                  48.3131942
                ],
                [
                  39.9861293,
                  48.3170756
                ],
                [
                  39.9909358,
                  48.3163906
                ],
                [
                  39.9938541,
                  48.3122808
                ],
                [
                  39.9936824,
                  48.3017763
                ],
                [
                  40.0091319,
                  48.2699073
                ],
                [
                  40.0135951,
                  48.27025
                ],
                [
                  40.0156552,
                  48.2681933
                ],
                [
                  40.0132518,
                  48.2669364
                ],
                [
                  40.0209766,
                  48.2535652
                ],
                [
                  40.0063854,
                  48.2415625
                ],
                [
                  40.0101619,
                  48.2245252
                ],
                [
                  40.0024371,
                  48.223496
                ],
                [
                  39.9437148,
                  48.228719
                ],
                [
                  39.9370343,
                  48.1804766
                ],
                [
                  39.9222714,
                  48.1819646
                ],
                [
                  39.9092251,
                  48.1795609
                ],
                [
                  39.9068862,
                  48.1688396
                ],
                [
                  39.9061995,
                  48.1509765
                ],
                [
                  39.8965221,
                  48.1326094
                ],
                [
                  39.888454,
                  48.1307763
                ],
                [
                  39.8793559,
                  48.1206929
                ],
                [
                  39.8699146,
                  48.1170257
                ],
                [
                  39.8739272,
                  48.1078961
                ],
                [
                  39.8691207,
                  48.0817553
                ],
                [
                  39.8338657,
                  48.0666902
                ],
                [
                  39.8457104,
                  48.0594628
                ],
                [
                  39.8838191,
                  48.0486769
                ],
                [
                  39.8838191,
                  48.0420206
                ],
                [
                  39.7744708,
                  48.040299
                ],
                [
                  39.7919803,
                  48.0117123
                ],
                [
                  39.8175578,
                  48.001261
                ],
                [
                  39.8148113,
                  47.9929903
                ],
                [
                  39.8165279,
                  47.9835693
                ],
                [
                  39.8232228,
                  47.9823054
                ],
                [
                  39.8161845,
                  47.9723079
                ],
                [
                  39.8165279,
                  47.9646073
                ],
                [
                  39.8231053,
                  47.9578878
                ],
                [
                  39.8204761,
                  47.9509273
                ],
                [
                  39.8058849,
                  47.9502374
                ],
                [
                  39.8067432,
                  47.9350586
                ],
                [
                  39.8009067,
                  47.9349436
                ],
                [
                  39.80125,
                  47.9264322
                ],
                [
                  39.7936969,
                  47.9193
                ],
                [
                  39.7948985,
                  47.8695774
                ],
                [
                  39.7629695,
                  47.8714198
                ],
                [
                  39.7629695,
                  47.845159
                ],
                [
                  39.7561031,
                  47.8461958
                ],
                [
                  39.7382503,
                  47.8269529
                ],
                [
                  39.6520763,
                  47.8324845
                ],
                [
                  39.6436649,
                  47.8354806
                ],
                [
                  39.6323352,
                  47.8381308
                ],
                [
                  39.5624204,
                  47.8370163
                ],
                [
                  39.5415263,
                  47.8248784
                ],
                [
                  39.5343166,
                  47.8328302
                ],
                [
                  39.5210986,
                  47.8255699
                ],
                [
                  39.477325,
                  47.8600187
                ],
                [
                  39.4721751,
                  47.858291
                ],
                [
                  39.4663387,
                  47.8593276
                ],
                [
                  39.4601589,
                  47.8555267
                ],
                [
                  39.4512325,
                  47.8525318
                ],
                [
                  39.4464259,
                  47.852647
                ],
                [
                  39.4469409,
                  47.8556419
                ],
                [
                  39.4402461,
                  47.8558722
                ],
                [
                  39.4320064,
                  47.8443525
                ],
                [
                  39.4381862,
                  47.839283
                ],
                [
                  39.4279993,
                  47.8363527
                ],
                [
                  39.4218784,
                  47.8323693
                ],
                [
                  39.4115198,
                  47.8285167
                ],
                [
                  39.3875461,
                  47.870729
                ],
                [
                  39.3556171,
                  47.8728017
                ],
                [
                  39.3484073,
                  47.871535
                ],
                [
                  39.3513255,
                  47.8671592
                ],
                [
                  39.2423206,
                  47.867044
                ],
                [
                  39.2366557,
                  47.8643953
                ],
                [
                  39.2376857,
                  47.8616312
                ],
                [
                  39.2327075,
                  47.8597885
                ],
                [
                  39.2363124,
                  47.8541445
                ],
                [
                  39.1827541,
                  47.8541444
                ],
                [
                  39.1719394,
                  47.846311
                ],
                [
                  39.1607814,
                  47.8516102
                ],
                [
                  39.1485935,
                  47.8518406
                ],
                [
                  39.1485935,
                  47.8420483
                ],
                [
                  39.1094547,
                  47.8428548
                ],
                [
                  39.109798,
                  47.851495
                ],
                [
                  39.0835338,
                  47.8518406
                ],
                [
                  39.0831905,
                  47.8695774
                ],
                [
                  39.0743921,
                  47.8697507
                ],
                [
                  38.9525953,
                  47.8700655
                ],
                [
                  38.9414373,
                  47.87352
                ],
                [
                  38.9131988,
                  47.8755926
                ],
                [
                  38.9077056,
                  47.8725412
                ],
                [
                  38.9009251,
                  47.8729442
                ],
                [
                  38.8881364,
                  47.8753622
                ],
                [
                  38.8780083,
                  47.8757076
                ],
                [
                  38.8796392,
                  47.8734623
                ],
                [
                  38.8780395,
                  47.8708506
                ],
                [
                  38.8772359,
                  47.8671865
                ],
                [
                  38.8435043,
                  47.8644803
                ],
                [
                  38.8428178,
                  47.8511194
                ],
                [
                  38.8387837,
                  47.851177
                ],
                [
                  38.8282266,
                  47.8479515
                ],
                [
                  38.82548,
                  47.8429399
                ],
                [
                  38.8256517,
                  47.8347592
                ],
                [
                  38.8280548,
                  47.8329154
                ],
                [
                  38.8280058,
                  47.8306683
                ],
                [
                  38.8320031,
                  47.8277296
                ],
                [
                  38.8327756,
                  47.8263466
                ],
                [
                  38.8287415,
                  47.8237534
                ],
                [
                  38.8287415,
                  47.8158578
                ],
                [
                  38.7888304,
                  47.8161459
                ],
                [
                  38.790032,
                  47.8003511
                ],
                [
                  38.7896887,
                  47.7952773
                ],
                [
                  38.7835087,
                  47.7904337
                ],
                [
                  38.7857404,
                  47.7849553
                ],
                [
                  38.7932078,
                  47.7844363
                ],
                [
                  38.7884012,
                  47.7784957
                ],
                [
                  38.7902036,
                  47.7775152
                ],
                [
                  38.7953534,
                  47.7771692
                ],
                [
                  38.7965551,
                  47.774862
                ],
                [
                  38.7944952,
                  47.7738237
                ],
                [
                  38.7932935,
                  47.7720932
                ],
                [
                  38.7936126,
                  47.7686483
                ],
                [
                  38.7894312,
                  47.7685165
                ],
                [
                  38.7894311,
                  47.7375282
                ],
                [
                  38.7799038,
                  47.7367777
                ],
                [
                  38.7767282,
                  47.7345264
                ],
                [
                  38.7761274,
                  47.730139
                ],
                [
                  38.7722649,
                  47.7275988
                ],
                [
                  38.7708059,
                  47.721594
                ],
                [
                  38.7723507,
                  47.7199195
                ],
                [
                  38.7720074,
                  47.6852622
                ],
                [
                  38.7569012,
                  47.6848
                ],
                [
                  38.7540688,
                  47.6865334
                ],
                [
                  38.7526956,
                  47.6849156
                ],
                [
                  38.7502064,
                  47.6846845
                ],
                [
                  38.7460866,
                  47.6860134
                ],
                [
                  38.7427391,
                  47.6806396
                ],
                [
                  38.740336,
                  47.6809285
                ],
                [
                  38.7366215,
                  47.6792031
                ],
                [
                  38.7351861,
                  47.6816797
                ],
                [
                  38.7373319,
                  47.6830665
                ],
                [
                  38.7388767,
                  47.6854934
                ],
                [
                  38.7375035,
                  47.6876313
                ],
                [
                  38.7338749,
                  47.6876394
                ],
                [
                  38.7316671,
                  47.6893068
                ],
                [
                  38.7290063,
                  47.6913867
                ],
                [
                  38.7323536,
                  47.6925422
                ],
                [
                  38.7357868,
                  47.6954308
                ],
                [
                  38.7364736,
                  47.6988969
                ],
                [
                  38.7333837,
                  47.6997056
                ],
                [
                  38.6655775,
                  47.6987813
                ],
                [
                  38.6662641,
                  47.6692543
                ],
                [
                  38.6300436,
                  47.66937
                ],
                [
                  38.6294428,
                  47.6532994
                ],
                [
                  38.6267822,
                  47.6537041
                ],
                [
                  38.6174265,
                  47.6448574
                ],
                [
                  38.4567619,
                  47.6440214
                ],
                [
                  38.4564186,
                  47.61753
                ],
                [
                  38.3499984,
                  47.6160628
                ],
                [
                  38.3513621,
                  47.57632
                ],
                [
                  38.3115366,
                  47.5750461
                ],
                [
                  38.31085,
                  47.5522273
                ],
                [
                  38.3074265,
                  47.5447336
                ],
                [
                  38.2856158,
                  47.5448119
                ],
                [
                  38.2844142,
                  47.508415
                ],
                [
                  38.2902507,
                  47.5070235
                ],
                [
                  38.2933406,
                  47.5018052
                ],
                [
                  38.2902507,
                  47.4972822
                ],
                [
                  38.2919673,
                  47.491019
                ],
                [
                  38.2869891,
                  47.4868431
                ],
                [
                  38.2885341,
                  47.476634
                ],
                [
                  38.2936839,
                  47.4750096
                ],
                [
                  38.3048334,
                  47.4750826
                ],
                [
                  38.3022172,
                  47.3923719
                ],
                [
                  38.2871697,
                  47.3918036
                ],
                [
                  38.2881996,
                  47.373439
                ],
                [
                  38.2573006,
                  47.3726253
                ],
                [
                  38.2452843,
                  47.3639055
                ],
                [
                  38.2499192,
                  47.3580916
                ],
                [
                  38.2435677,
                  47.346927
                ],
                [
                  38.2306932,
                  47.3439028
                ],
                [
                  38.2306906,
                  47.3396159
                ],
                [
                  38.2222818,
                  47.3336659
                ],
                [
                  38.226745,
                  47.3298266
                ],
                [
                  38.2215951,
                  47.3271505
                ],
                [
                  38.2209085,
                  47.3056207
                ],
                [
                  38.3352348,
                  47.3060863
                ],
                [
                  38.3336898,
                  47.3025941
                ],
                [
                  38.3268234,
                  47.298054
                ],
                [
                  38.3300849,
                  47.2975884
                ],
                [
                  38.3328315,
                  47.2951435
                ],
                [
                  38.3311149,
                  47.2900206
                ],
                [
                  38.3233901,
                  47.2816366
                ],
                [
                  38.3245894,
                  47.2797902
                ],
                [
                  38.3254501,
                  47.2769782
                ],
                [
                  38.3324882,
                  47.2738336
                ],
                [
                  38.3331748,
                  47.269291
                ],
                [
                  38.3281966,
                  47.2663789
                ],
                [
                  38.3314582,
                  47.2634666
                ],
                [
                  38.3247634,
                  47.2571756
                ],
                [
                  38.2881996,
                  47.2569425
                ],
                [
                  38.2890579,
                  47.2388807
                ],
                [
                  38.2603905,
                  47.2365496
                ],
                [
                  38.2526657,
                  47.2345682
                ],
                [
                  38.2451126,
                  47.2342185
                ],
                [
                  38.2330964,
                  47.2285069
                ],
                [
                  38.2399629,
                  47.220696
                ],
                [
                  38.2404779,
                  47.2187722
                ],
                [
                  38.2427617,
                  47.2182275
                ],
                [
                  38.2432245,
                  47.2171981
                ],
                [
                  38.2422803,
                  47.2150264
                ],
                [
                  38.2413791,
                  47.2138822
                ],
                [
                  38.2418511,
                  47.2126215
                ],
                [
                  38.2413362,
                  47.2108434
                ],
                [
                  38.2395549,
                  47.2087224
                ],
                [
                  38.2376344,
                  47.2081867
                ],
                [
                  38.2369155,
                  47.2063682
                ],
                [
                  38.2338687,
                  47.2037588
                ],
                [
                  38.2356714,
                  47.2025052
                ],
                [
                  38.2365273,
                  47.1386553
                ],
                [
                  38.2342958,
                  47.1355351
                ],
                [
                  38.2320646,
                  47.1298458
                ],
                [
                  38.2290179,
                  47.1273805
                ],
                [
                  38.2288897,
                  47.1223458
                ],
                [
                  38.2294915,
                  47.1203354
                ],
                [
                  38.2054781,
                  47.1073182
                ],
                [
                  38.185718,
                  47.0952156
                ],
                [
                  38.164947,
                  47.0716039
                ],
                [
                  38.143661,
                  47.0547654
                ],
                [
                  38.1266666,
                  47.046929
                ],
                [
                  38.0880428,
                  47.0249342
                ],
                [
                  38.1043506,
                  47.0395594
                ],
                [
                  38.1294132,
                  47.0510228
                ],
                [
                  38.1362795,
                  47.0575722
                ],
                [
                  38.1328463,
                  47.0676286
                ],
                [
                  38.1082988,
                  47.0960337
                ],
                [
                  38.0868806,
                  47.1074683
                ],
                [
                  38.0679155,
                  47.1108439
                ],
                [
                  38.0636455,
                  47.1117932
                ],
                [
                  38.0569722,
                  47.1105226
                ],
                [
                  38.040836,
                  47.0980203
                ],
                [
                  38.0380894,
                  47.0914758
                ],
                [
                  38.0295064,
                  47.090424
                ],
                [
                  37.9996374,
                  47.0994226
                ],
                [
                  37.9871061,
                  47.0980203
                ],
                [
                  37.9843595,
                  47.0945144
                ],
                [
                  37.9860782,
                  47.0866717
                ],
                [
                  37.9714849,
                  47.0900734
                ],
                [
                  37.9423026,
                  47.1001237
                ],
                [
                  37.8973273,
                  47.1114572
                ],
                [
                  37.8490906,
                  47.1031618
                ],
                [
                  37.8409018,
                  47.101265
                ],
                [
                  37.8389568,
                  47.1001817
                ],
                [
                  37.8367252,
                  47.0995682
                ],
                [
                  37.8335065,
                  47.098312
                ],
                [
                  37.831232,
                  47.0969681
                ],
                [
                  37.8270692,
                  47.0948062
                ],
                [
                  37.8237218,
                  47.0924688
                ],
                [
                  37.818057,
                  47.0901606
                ],
                [
                  37.8138513,
                  47.0895762
                ],
                [
                  37.8063411,
                  47.0878522
                ],
                [
                  37.8014058,
                  47.0866834
                ],
                [
                  37.7979726,
                  47.0860406
                ],
                [
                  37.794196,
                  47.0849302
                ],
                [
                  37.7911061,
                  47.0854854
                ],
                [
                  37.7879733,
                  47.0866834
                ],
                [
                  37.7854842,
                  47.0875016
                ],
                [
                  37.7822227,
                  47.0879107
                ],
                [
                  37.7779311,
                  47.0882029
                ],
                [
                  37.7741117,
                  47.0884951
                ],
                [
                  37.7706355,
                  47.0884074
                ],
                [
                  37.7650136,
                  47.0880568
                ],
                [
                  37.7613006,
                  47.0872669
                ],
                [
                  37.7585755,
                  47.0869016
                ],
                [
                  37.75349,
                  47.0861419
                ],
                [
                  37.7491126,
                  47.084973
                ],
                [
                  37.7485333,
                  47.0858497
                ],
                [
                  37.7489195,
                  47.0879389
                ],
                [
                  37.7478252,
                  47.0883772
                ],
                [
                  37.7432118,
                  47.0888301
                ],
                [
                  37.7418814,
                  47.0885233
                ],
                [
                  37.7404866,
                  47.087749
                ],
                [
                  37.7379117,
                  47.087486
                ],
                [
                  37.7361307,
                  47.0865656
                ],
                [
                  37.7335558,
                  47.0861127
                ],
                [
                  37.7328692,
                  47.0850022
                ],
                [
                  37.7341137,
                  47.0842133
                ],
                [
                  37.7368818,
                  47.0840087
                ],
                [
                  37.7370534,
                  47.0832635
                ],
                [
                  37.7243104,
                  47.0813279
                ],
                [
                  37.7207484,
                  47.0809772
                ],
                [
                  37.7159848,
                  47.0804512
                ],
                [
                  37.7101483,
                  47.0802758
                ],
                [
                  37.702724,
                  47.0803927
                ],
                [
                  37.6938405,
                  47.0808311
                ],
                [
                  37.6868024,
                  47.0795452
                ],
                [
                  37.6845708,
                  47.0781717
                ],
                [
                  37.6812663,
                  47.0773533
                ],
                [
                  37.6777043,
                  47.07861
                ],
                [
                  37.6769319,
                  47.0825845
                ],
                [
                  37.6621195,
                  47.0871326
                ],
                [
                  37.6579781,
                  47.0881699
                ],
                [
                  37.6549741,
                  47.0889734
                ],
                [
                  37.6509615,
                  47.0902298
                ],
                [
                  37.6453288,
                  47.0914241
                ],
                [
                  37.6443632,
                  47.0917455
                ],
                [
                  37.6415415,
                  47.092359
                ],
                [
                  37.6383336,
                  47.0931406
                ],
                [
                  37.6367887,
                  47.0933597
                ],
                [
                  37.6362308,
                  47.0928923
                ],
                [
                  37.6349648,
                  47.0930676
                ],
                [
                  37.63357,
                  47.0934255
                ],
                [
                  37.6331301,
                  47.0937688
                ],
                [
                  37.633334,
                  47.0943385
                ],
                [
                  37.6304251,
                  47.0948325
                ],
                [
                  37.6294273,
                  47.0948471
                ],
                [
                  37.6268115,
                  47.0943067
                ],
                [
                  37.6267256,
                  47.0936347
                ],
                [
                  37.6258888,
                  47.092802
                ],
                [
                  37.6203098,
                  47.0876157
                ],
                [
                  37.6110835,
                  47.0845471
                ],
                [
                  37.60853,
                  47.0839626
                ],
                [
                  37.6071996,
                  47.0846201
                ],
                [
                  37.6070065,
                  47.0857744
                ],
                [
                  37.604217,
                  47.0863588
                ],
                [
                  37.6018996,
                  47.0863442
                ],
                [
                  37.59587,
                  47.0862857
                ],
                [
                  37.5936169,
                  47.0859789
                ],
                [
                  37.595199,
                  47.0827577
                ],
                [
                  37.5952955,
                  47.0823486
                ],
                [
                  37.5951453,
                  47.081786
                ],
                [
                  37.5948449,
                  47.0812965
                ],
                [
                  37.5942978,
                  47.0806901
                ],
                [
                  37.5935789,
                  47.0803687
                ],
                [
                  37.592667,
                  47.0800326
                ],
                [
                  37.5913902,
                  47.0797111
                ],
                [
                  37.5886544,
                  47.0787905
                ],
                [
                  37.5873347,
                  47.0787175
                ],
                [
                  37.5866695,
                  47.0787321
                ],
                [
                  37.5857147,
                  47.0789001
                ],
                [
                  37.5852104,
                  47.0791778
                ],
                [
                  37.5844165,
                  47.0800034
                ],
                [
                  37.5836557,
                  47.0810166
                ],
                [
                  37.5804585,
                  47.0814038
                ],
                [
                  37.5804585,
                  47.0819006
                ],
                [
                  37.5823468,
                  47.0848521
                ],
                [
                  37.5834197,
                  47.0876865
                ],
                [
                  37.5824326,
                  47.0894689
                ],
                [
                  37.5793427,
                  47.0891475
                ],
                [
                  37.5767249,
                  47.0879202
                ],
                [
                  37.5732916,
                  47.0871605
                ],
                [
                  37.5744224,
                  47.0858188
                ],
                [
                  37.5730062,
                  47.0853658
                ],
                [
                  37.5716329,
                  47.0851613
                ],
                [
                  37.5696803,
                  47.0852928
                ],
                [
                  37.5673843,
                  47.0852489
                ],
                [
                  37.5658179,
                  47.0850736
                ],
                [
                  37.560035,
                  47.0841896
                ],
                [
                  37.5591767,
                  47.0839705
                ],
                [
                  37.5579107,
                  47.0838098
                ],
                [
                  37.5555718,
                  47.0835687
                ],
                [
                  37.5506259,
                  47.0828893
                ],
                [
                  37.5499285,
                  47.082787
                ],
                [
                  37.5488771,
                  47.082787
                ],
                [
                  37.5473214,
                  47.0826482
                ],
                [
                  37.5436628,
                  47.0817349
                ],
                [
                  37.5402131,
                  47.0814005
                ],
                [
                  37.5379815,
                  47.080984
                ],
                [
                  37.5362649,
                  47.0805895
                ],
                [
                  37.5347092,
                  47.0799977
                ],
                [
                  37.5348701,
                  47.0796397
                ],
                [
                  37.53369,
                  47.0790552
                ],
                [
                  37.5331106,
                  47.0792744
                ],
                [
                  37.5282863,
                  47.0769888
                ],
                [
                  37.5210765,
                  47.072327
                ],
                [
                  37.5189403,
                  47.0698501
                ],
                [
                  37.5183824,
                  47.0605834
                ],
                [
                  37.5152066,
                  47.0610804
                ],
                [
                  37.5110438,
                  47.057806
                ],
                [
                  37.5067298,
                  47.0541801
                ],
                [
                  37.5047557,
                  47.0548818
                ],
                [
                  37.4991124,
                  47.0493262
                ],
                [
                  37.5014942,
                  47.0479665
                ],
                [
                  37.4970739,
                  47.0434192
                ],
                [
                  37.4986832,
                  47.0415183
                ],
                [
                  37.4973169,
                  47.040711
                ],
                [
                  37.4949995,
                  47.0425827
                ],
                [
                  37.4933687,
                  47.0428752
                ],
                [
                  37.4909654,
                  47.0417639
                ],
                [
                  37.4870172,
                  47.0389562
                ],
                [
                  37.4832407,
                  47.035505
                ],
                [
                  37.47852,
                  47.032112
                ],
                [
                  37.4728552,
                  47.0272562
                ],
                [
                  37.4557327,
                  47.0065398
                ],
                [
                  37.4512695,
                  47.000628
                ],
                [
                  37.4427722,
                  46.9909102
                ],
                [
                  37.4248499,
                  46.9753861
                ],
                [
                  37.4132628,
                  46.9661323
                ],
                [
                  37.3972125,
                  46.9535375
                ],
                [
                  37.372414,
                  46.9281308
                ],
                [
                  37.3549046,
                  46.9097812
                ],
                [
                  37.3515572,
                  46.9056179
                ],
                [
                  37.3483815,
                  46.9020994
                ],
                [
                  37.3441758,
                  46.8968799
                ],
                [
                  37.3400559,
                  46.8929502
                ],
                [
                  37.3331036,
                  46.8874952
                ],
                [
                  37.3187699,
                  46.8755273
                ],
                [
                  37.3131909,
                  46.8724176
                ],
                [
                  37.3081269,
                  46.8707159
                ],
                [
                  37.3022904,
                  46.8691903
                ],
                [
                  37.2967114,
                  46.867782
                ],
                [
                  37.292334,
                  46.8673125
                ],
                [
                  37.2887291,
                  46.8674299
                ],
                [
                  37.2855534,
                  46.8677233
                ],
                [
                  37.2852959,
                  46.8694837
                ],
                [
                  37.2841801,
                  46.8723002
                ],
                [
                  37.2849526,
                  46.8743538
                ],
                [
                  37.2864117,
                  46.873415
                ],
                [
                  37.2870125,
                  46.8710093
                ],
                [
                  37.2876992,
                  46.8696597
                ],
                [
                  37.2898449,
                  46.8691903
                ],
                [
                  37.2943081,
                  46.8707746
                ],
                [
                  37.2983422,
                  46.8724762
                ],
                [
                  37.3039212,
                  46.8743538
                ],
                [
                  37.3082127,
                  46.875938
                ],
                [
                  37.3130192,
                  46.8786955
                ],
                [
                  37.3180832,
                  46.8815702
                ],
                [
                  37.3210873,
                  46.8842101
                ],
                [
                  37.324778,
                  46.8900761
                ],
                [
                  37.3244347,
                  46.8945925
                ],
                [
                  37.3240055,
                  46.8988739
                ],
                [
                  37.3230614,
                  46.9019235
                ],
                [
                  37.3210015,
                  46.9062629
                ],
                [
                  37.3210015,
                  46.9096639
                ],
                [
                  37.3155083,
                  46.9164652
                ],
                [
                  37.3001989,
                  46.9270219
                ],
                [
                  37.2958215,
                  46.930363
                ],
                [
                  37.2906717,
                  46.9331763
                ],
                [
                  37.2810586,
                  46.9376304
                ],
                [
                  37.2752222,
                  46.9406192
                ],
                [
                  37.2711881,
                  46.9423186
                ],
                [
                  37.2644075,
                  46.9447797
                ],
                [
                  37.2561677,
                  46.9471236
                ],
                [
                  37.2462972,
                  46.9498774
                ],
                [
                  37.2390016,
                  46.950932
                ],
                [
                  37.2328218,
                  46.9503461
                ],
                [
                  37.2299894,
                  46.9488228
                ],
                [
                  37.2254468,
                  46.9468264
                ],
                [
                  37.2212347,
                  46.9437836
                ],
                [
                  37.2189172,
                  46.9405606
                ],
                [
                  37.2124799,
                  46.9346415
                ],
                [
                  37.2066434,
                  46.9335279
                ],
                [
                  37.2021802,
                  46.9335866
                ],
                [
                  37.1935972,
                  46.933821
                ],
                [
                  37.1907755,
                  46.9324266
                ],
                [
                  37.1866556,
                  46.9283237
                ],
                [
                  37.1828791,
                  46.9251584
                ],
                [
                  37.1772143,
                  46.9222274
                ],
                [
                  37.1639963,
                  46.9143715
                ],
                [
                  37.158221,
                  46.9127541
                ],
                [
                  37.1497484,
                  46.9110882
                ],
                [
                  37.1379038,
                  46.9102673
                ],
                [
                  37.1279475,
                  46.9083909
                ],
                [
                  37.1133562,
                  46.9027615
                ],
                [
                  37.0927569,
                  46.8940817
                ],
                [
                  37.0630584,
                  46.8834084
                ],
                [
                  37.0625366204271,
                  46.8840060110166
                ],
                [
                  37.0564165,
                  46.8816078
                ],
                [
                  37.0491209,
                  46.878381
                ],
                [
                  37.0444002,
                  46.8763862
                ],
                [
                  37.0398512,
                  46.8743327
                ],
                [
                  37.0362463,
                  46.871927
                ],
                [
                  37.0322122,
                  46.8703427
                ],
                [
                  37.0257749,
                  46.8698146
                ],
                [
                  37.018136,
                  46.8700493
                ],
                [
                  37.011527,
                  46.8700493
                ],
                [
                  37.0032015,
                  46.8685823
                ],
                [
                  36.9961633,
                  46.8664111
                ],
                [
                  36.9826021,
                  46.8612468
                ],
                [
                  36.9674575,
                  46.8539838
                ],
                [
                  36.9431674,
                  46.8385445
                ],
                [
                  36.9166457,
                  46.8235118
                ],
                [
                  36.8986213,
                  46.8108248
                ],
                [
                  36.8914333,
                  46.8028651
                ],
                [
                  36.8765846,
                  46.7835323
                ],
                [
                  36.8598476,
                  46.7567838
                ],
                [
                  36.8497974,
                  46.7374871
                ],
                [
                  36.8446476,
                  46.7253681
                ],
                [
                  36.8409568,
                  46.7199549
                ],
                [
                  36.8388111,
                  46.7170127
                ],
                [
                  36.8353779,
                  46.7092445
                ],
                [
                  36.8343479,
                  46.7081851
                ],
                [
                  36.8293193,
                  46.6980883
                ],
                [
                  36.8233969,
                  46.6901996
                ],
                [
                  36.8220236,
                  46.6872558
                ],
                [
                  36.8197062,
                  46.6826042
                ],
                [
                  36.8019393,
                  46.6616966
                ],
                [
                  36.7839744,
                  46.6439591
                ],
                [
                  36.7768504,
                  46.6384788
                ],
                [
                  36.7726877,
                  46.635208
                ],
                [
                  36.7686965,
                  46.6328505
                ],
                [
                  36.7615297,
                  46.6306403
                ],
                [
                  36.7546632,
                  46.6312592
                ],
                [
                  36.7498567,
                  46.6325558
                ],
                [
                  36.7487409,
                  46.6352374
                ],
                [
                  36.7486551,
                  46.6368876
                ],
                [
                  36.7485263,
                  46.6390681
                ],
                [
                  36.7489126,
                  46.6414547
                ],
                [
                  36.7498567,
                  46.644018
                ],
                [
                  36.7516591,
                  46.6456679
                ],
                [
                  36.7550065,
                  46.6460804
                ],
                [
                  36.757324,
                  46.6461687
                ],
                [
                  36.7593839,
                  46.6482015
                ],
                [
                  36.7580535,
                  46.653239
                ],
                [
                  36.7575815,
                  46.6553305
                ],
                [
                  36.7579677,
                  46.6565087
                ],
                [
                  36.7601135,
                  46.6574218
                ],
                [
                  36.7617013,
                  46.6580109
                ],
                [
                  36.7630317,
                  46.6588946
                ],
                [
                  36.7650916,
                  46.6602789
                ],
                [
                  36.7668512,
                  46.6614571
                ],
                [
                  36.7678382,
                  46.6608091
                ],
                [
                  36.7671945,
                  46.659572
                ],
                [
                  36.7647483,
                  46.6580993
                ],
                [
                  36.7618301,
                  46.65698
                ],
                [
                  36.7596843,
                  46.6554483
                ],
                [
                  36.7592552,
                  46.6532979
                ],
                [
                  36.7623021,
                  46.650794
                ],
                [
                  36.7658212,
                  46.6496156
                ],
                [
                  36.7692115,
                  46.6507056
                ],
                [
                  36.7732885,
                  46.653239
                ],
                [
                  36.7796399,
                  46.6570978
                ],
                [
                  36.7912533,
                  46.6647221
                ],
                [
                  36.7912533,
                  46.667785
                ],
                [
                  36.7908241,
                  46.6697286
                ],
                [
                  36.7923917,
                  46.6722416
                ],
                [
                  36.7946865,
                  46.6744402
                ],
                [
                  36.7982056,
                  46.6729679
                ],
                [
                  36.7967464,
                  46.6701409
                ],
                [
                  36.7976047,
                  46.667785
                ],
                [
                  36.8012096,
                  46.667785
                ],
                [
                  36.8023254,
                  46.6699642
                ],
                [
                  36.8036129,
                  46.6728501
                ],
                [
                  36.8036129,
                  46.6763247
                ],
                [
                  36.8011238,
                  46.6783858
                ],
                [
                  36.8006947,
                  46.6799169
                ],
                [
                  36.8014671,
                  46.6835677
                ],
                [
                  36.8018963,
                  46.6875127
                ],
                [
                  36.8018105,
                  46.6928114
                ],
                [
                  36.8019821,
                  46.69705
                ],
                [
                  36.8022396,
                  46.6985217
                ],
                [
                  36.8033554,
                  46.7008763
                ],
                [
                  36.8048145,
                  46.7041725
                ],
                [
                  36.8063595,
                  46.7067034
                ],
                [
                  36.8088486,
                  46.706468
                ],
                [
                  36.8086769,
                  46.704408
                ],
                [
                  36.8059303,
                  46.7009352
                ],
                [
                  36.8041279,
                  46.6957549
                ],
                [
                  36.8032696,
                  46.6836855
                ],
                [
                  36.8062736,
                  46.6796225
                ],
                [
                  36.8085052,
                  46.6802113
                ],
                [
                  36.8109943,
                  46.6820367
                ],
                [
                  36.8164875,
                  46.6856285
                ],
                [
                  36.8183758,
                  46.6869828
                ],
                [
                  36.8206932,
                  46.6893379
                ],
                [
                  36.8219807,
                  46.691634
                ],
                [
                  36.8242123,
                  46.695284
                ],
                [
                  36.8276455,
                  46.6985806
                ],
                [
                  36.8285038,
                  46.7014061
                ],
                [
                  36.8291271,
                  46.7045061
                ],
                [
                  36.8278172,
                  46.707292
                ],
                [
                  36.8260147,
                  46.7094697
                ],
                [
                  36.8239548,
                  46.7134127
                ],
                [
                  36.8209507,
                  46.7181793
                ],
                [
                  36.8187786,
                  46.7221958
                ],
                [
                  36.8134926,
                  46.7279623
                ],
                [
                  36.8100594,
                  46.7326688
                ],
                [
                  36.8060253,
                  46.7359043
                ],
                [
                  36.8030212,
                  46.7389042
                ],
                [
                  36.7984722,
                  46.7431393
                ],
                [
                  36.793494,
                  46.7468446
                ],
                [
                  36.7886017,
                  46.7497852
                ],
                [
                  36.7832802,
                  46.7509614
                ],
                [
                  36.7796753,
                  46.7524316
                ],
                [
                  36.7779587,
                  46.7522552
                ],
                [
                  36.7766712,
                  46.7495499
                ],
                [
                  36.7738388,
                  46.7482561
                ],
                [
                  36.7720364,
                  46.7542546
                ],
                [
                  36.7731522,
                  46.7561951
                ],
                [
                  36.7715214,
                  46.758018
                ],
                [
                  36.7602751,
                  46.763986
                ],
                [
                  36.7547819,
                  46.7669844
                ],
                [
                  36.7454263,
                  46.7708057
                ],
                [
                  36.7436239,
                  46.7688657
                ],
                [
                  36.7316934,
                  46.7735686
                ],
                [
                  36.7319509,
                  46.7749794
                ],
                [
                  36.7297193,
                  46.7754497
                ],
                [
                  36.7265436,
                  46.7769192
                ],
                [
                  36.723282,
                  46.7779772
                ],
                [
                  36.7172739,
                  46.7798581
                ],
                [
                  36.7118665,
                  46.7808573
                ],
                [
                  36.7054292,
                  46.7816214
                ],
                [
                  36.6994211,
                  46.7808573
                ],
                [
                  36.6943571,
                  46.7799757
                ],
                [
                  36.6849157,
                  46.7791528
                ],
                [
                  36.6780493,
                  46.7793291
                ],
                [
                  36.6717836,
                  46.7802108
                ],
                [
                  36.6653463,
                  46.7813275
                ],
                [
                  36.6584799,
                  46.7816214
                ],
                [
                  36.6551325,
                  46.7816214
                ],
                [
                  36.6510126,
                  46.781739
                ],
                [
                  36.6389105,
                  46.7810924
                ],
                [
                  36.6290399,
                  46.7803283
                ],
                [
                  36.6184834,
                  46.7795376
                ],
                [
                  36.6136768,
                  46.7788911
                ],
                [
                  36.6091278,
                  46.7774804
                ],
                [
                  36.604493,
                  46.7751879
                ],
                [
                  36.5990856,
                  46.7725426
                ],
                [
                  36.5936783,
                  46.7701324
                ],
                [
                  36.5866402,
                  46.766605
                ],
                [
                  36.5778854,
                  46.7640769
                ],
                [
                  36.5680149,
                  46.7619015
                ],
                [
                  36.5562561,
                  46.7604903
                ],
                [
                  36.5434673,
                  46.7593144
                ],
                [
                  36.5275887,
                  46.7569035
                ],
                [
                  36.5085342,
                  46.7511406
                ],
                [
                  36.4837292,
                  46.7458476
                ],
                [
                  36.4448676,
                  46.7354013
                ],
                [
                  36.437057,
                  46.7318128
                ],
                [
                  36.4272723,
                  46.7291066
                ],
                [
                  36.416286,
                  46.7261649
                ],
                [
                  36.4072738,
                  46.7225169
                ],
                [
                  36.3931117,
                  46.7176919
                ],
                [
                  36.3821254,
                  46.7129841
                ],
                [
                  36.3725684,
                  46.7078359
                ],
                [
                  36.3639853,
                  46.7013026
                ],
                [
                  36.3578913,
                  46.6974763
                ],
                [
                  36.3492224,
                  46.6915893
                ],
                [
                  36.3248465,
                  46.670214
                ],
                [
                  36.2953087,
                  46.635398
                ],
                [
                  36.2729069,
                  46.6075147
                ],
                [
                  36.2323359,
                  46.5589792
                ],
                [
                  36.1974029,
                  46.5223758
                ],
                [
                  36.1766318,
                  46.5045965
                ],
                [
                  36.1700229,
                  46.4989839
                ],
                [
                  36.1656455,
                  46.4981568
                ],
                [
                  36.161354,
                  46.4999883
                ],
                [
                  36.1544017,
                  46.5028242
                ],
                [
                  36.1479644,
                  46.5025879
                ],
                [
                  36.142557,
                  46.5016426
                ],
                [
                  36.1352614,
                  46.5017608
                ],
                [
                  36.1352614,
                  46.5036513
                ],
                [
                  36.139553,
                  46.5045965
                ],
                [
                  36.1429004,
                  46.5048328
                ],
                [
                  36.1465911,
                  46.5066051
                ],
                [
                  36.1514834,
                  46.5135164
                ],
                [
                  36.1513976,
                  46.5184778
                ],
                [
                  36.1518268,
                  46.5224348
                ],
                [
                  36.1524276,
                  46.5273364
                ],
                [
                  36.1532001,
                  46.5318242
                ],
                [
                  36.1528567,
                  46.5367839
                ],
                [
                  36.1522559,
                  46.5422155
                ],
                [
                  36.1556033,
                  46.5414481
                ],
                [
                  36.1586074,
                  46.5374924
                ],
                [
                  36.1616115,
                  46.5324737
                ],
                [
                  36.1609248,
                  46.5293441
                ],
                [
                  36.161354,
                  46.5262735
                ],
                [
                  36.1640147,
                  46.524738
                ],
                [
                  36.1695937,
                  46.5243837
                ],
                [
                  36.1756019,
                  46.5252105
                ],
                [
                  36.1822108,
                  46.5269821
                ],
                [
                  36.1871032,
                  46.528045
                ],
                [
                  36.1942271,
                  46.5318242
                ],
                [
                  36.1996345,
                  46.536902
                ],
                [
                  36.2030677,
                  46.5421565
                ],
                [
                  36.2073592,
                  46.5448721
                ],
                [
                  36.2132815,
                  46.5488272
                ],
                [
                  36.2250539,
                  46.5613165
                ],
                [
                  36.2279721,
                  46.5639131
                ],
                [
                  36.2307187,
                  46.5678077
                ],
                [
                  36.2362119,
                  46.5724102
                ],
                [
                  36.2396451,
                  46.5752423
                ],
                [
                  36.2429067,
                  46.5801981
                ],
                [
                  36.2487431,
                  46.5876309
                ],
                [
                  36.2537213,
                  46.5922316
                ],
                [
                  36.2590428,
                  46.5976577
                ],
                [
                  36.2607594,
                  46.6036729
                ],
                [
                  36.2616177,
                  46.6095695
                ],
                [
                  36.2609311,
                  46.6197101
                ],
                [
                  36.2576396,
                  46.628372
                ],
                [
                  36.2530047,
                  46.6343838
                ],
                [
                  36.2471682,
                  46.6399234
                ],
                [
                  36.2385852,
                  46.6453447
                ],
                [
                  36.2298304,
                  46.6531221
                ],
                [
                  36.221419,
                  46.6593668
                ],
                [
                  36.2126643,
                  46.6652573
                ],
                [
                  36.1929233,
                  46.6699693
                ],
                [
                  36.1696193,
                  46.6707492
                ],
                [
                  36.1452434,
                  46.6686289
                ],
                [
                  36.1332271,
                  46.6656839
                ],
                [
                  36.1232707,
                  46.6616784
                ],
                [
                  36.1122844,
                  46.6588509
                ],
                [
                  36.0976932,
                  46.6588509
                ],
                [
                  36.0760639,
                  46.6645058
                ],
                [
                  36.0648908,
                  46.6670575
                ],
                [
                  36.0559795,
                  46.6682755
                ],
                [
                  36.0455081,
                  46.6695713
                ],
                [
                  36.029372,
                  46.6700424
                ],
                [
                  36.011871,
                  46.6679508
                ],
                [
                  35.9955631,
                  46.6650647
                ],
                [
                  35.9803711,
                  46.663651
                ],
                [
                  35.9511887,
                  46.6626496
                ],
                [
                  35.9415756,
                  46.6623551
                ],
                [
                  35.93428,
                  46.6615304
                ],
                [
                  35.9285154,
                  46.6611985
                ],
                [
                  35.9244095,
                  46.6606468
                ],
                [
                  35.9170473,
                  46.6585611
                ],
                [
                  35.915202,
                  46.6577069
                ],
                [
                  35.9116829,
                  46.6572061
                ],
                [
                  35.9044731,
                  46.6559101
                ],
                [
                  35.8997525,
                  46.6546729
                ],
                [
                  35.8955038,
                  46.6533768
                ],
                [
                  35.8877362,
                  46.651462
                ],
                [
                  35.8802939,
                  46.6484422
                ],
                [
                  35.877204,
                  46.6469102
                ],
                [
                  35.8694793,
                  46.6454961
                ],
                [
                  35.8651877,
                  46.6443176
                ],
                [
                  35.8583213,
                  46.6412534
                ],
                [
                  35.8531714,
                  46.6378354
                ],
                [
                  35.8480216,
                  46.6330028
                ],
                [
                  35.8439017,
                  46.6301737
                ],
                [
                  35.8330718,
                  46.625843
                ],
                [
                  35.8241607,
                  46.6239257
                ],
                [
                  35.813861,
                  46.618856
                ],
                [
                  35.8001281,
                  46.6140217
                ],
                [
                  35.7807303,
                  46.6080076
                ],
                [
                  35.7536787,
                  46.5992041
                ],
                [
                  35.7447523,
                  46.5947219
                ],
                [
                  35.7301611,
                  46.5892955
                ],
                [
                  35.7241529,
                  46.5861103
                ],
                [
                  35.721063,
                  46.5823349
                ],
                [
                  35.7169432,
                  46.5779693
                ],
                [
                  35.7087034,
                  46.5731313
                ],
                [
                  35.7030386,
                  46.569119
                ],
                [
                  35.6947988,
                  46.5630999
                ],
                [
                  35.6741995,
                  46.5432678
                ],
                [
                  35.6638998,
                  46.5351204
                ],
                [
                  35.6549734,
                  46.5274442
                ],
                [
                  35.647592,
                  46.521893
                ],
                [
                  35.600619,
                  46.492071
                ],
                [
                  35.5939242,
                  46.4878163
                ],
                [
                  35.5855128,
                  46.4843887
                ],
                [
                  35.5673167,
                  46.4782421
                ],
                [
                  35.5589053,
                  46.4746956
                ],
                [
                  35.5484339,
                  46.4711489
                ],
                [
                  35.5386492,
                  46.4685479
                ],
                [
                  35.5286929,
                  46.4641731
                ],
                [
                  35.5172153,
                  46.4591257
                ],
                [
                  35.5108401,
                  46.4576694
                ],
                [
                  35.5019137,
                  46.4549495
                ],
                [
                  35.4919573,
                  46.4531755
                ],
                [
                  35.4850909,
                  46.4522294
                ],
                [
                  35.471873,
                  46.449864
                ],
                [
                  35.460715,
                  46.4454877
                ],
                [
                  35.4445788,
                  46.435906
                ],
                [
                  35.4217963,
                  46.4157035
                ],
                [
                  35.3957896,
                  46.3916738
                ],
                [
                  35.3769068,
                  46.3732596
                ],
                [
                  35.3571658,
                  46.3543061
                ],
                [
                  35.3451339,
                  46.3409518
                ],
                [
                  35.338997,
                  46.3324778
                ],
                [
                  35.3176267,
                  46.3094086
                ],
                [
                  35.3137643,
                  46.3043095
                ],
                [
                  35.3111035,
                  46.3017005
                ],
                [
                  35.3072411,
                  46.2989135
                ],
                [
                  35.3034646,
                  46.2963635
                ],
                [
                  35.301233,
                  46.2941693
                ],
                [
                  35.296684,
                  46.2879419
                ],
                [
                  35.2936799,
                  46.2847983
                ],
                [
                  35.2884442,
                  46.2796969
                ],
                [
                  35.2812179,
                  46.2685587
                ],
                [
                  35.2781395,
                  46.2642027
                ],
                [
                  35.2747128,
                  46.2649214
                ],
                [
                  35.2750028,
                  46.26563
                ],
                [
                  35.2753461,
                  46.2683593
                ],
                [
                  35.2771486,
                  46.2710292
                ],
                [
                  35.2803243,
                  46.2743516
                ],
                [
                  35.2822126,
                  46.2770213
                ],
                [
                  35.2835812,
                  46.2795865
                ],
                [
                  35.2859033,
                  46.2814704
                ],
                [
                  35.2901948,
                  46.285148
                ],
                [
                  35.2917398,
                  46.2865716
                ],
                [
                  35.2925122,
                  46.2894186
                ],
                [
                  35.295173,
                  46.2921468
                ],
                [
                  35.2987383,
                  46.2961545
                ],
                [
                  35.2988241,
                  46.2981115
                ],
                [
                  35.2945326,
                  46.3041599
                ],
                [
                  35.2960775,
                  46.3072431
                ],
                [
                  35.298395,
                  46.3099111
                ],
                [
                  35.3001116,
                  46.3137647
                ],
                [
                  35.3056906,
                  46.3148318
                ],
                [
                  35.3162477,
                  46.3136461
                ],
                [
                  35.3148849,
                  46.3328993
                ],
                [
                  35.31231,
                  46.3419066
                ],
                [
                  35.3063018,
                  46.3484241
                ],
                [
                  35.2795227,
                  46.3545854
                ],
                [
                  35.2680213,
                  46.3520973
                ],
                [
                  35.2663047,
                  46.3574288
                ],
                [
                  35.2628715,
                  46.3656029
                ],
                [
                  35.25652,
                  46.3738942
                ],
                [
                  35.2518852,
                  46.3764997
                ],
                [
                  35.2419288,
                  46.3773287
                ],
                [
                  35.2170379,
                  46.3814736
                ],
                [
                  35.20279,
                  46.3823026
                ],
                [
                  35.1938636,
                  46.3794604
                ],
                [
                  35.1904304,
                  46.3749601
                ],
                [
                  35.181504,
                  46.3673797
                ],
                [
                  35.1722343,
                  46.362523
                ],
                [
                  35.1420872,
                  46.3518357
                ],
                [
                  35.1329892,
                  46.3469776
                ],
                [
                  35.1278393,
                  46.3430078
                ],
                [
                  35.1244061,
                  46.3367267
                ],
                [
                  35.1210587,
                  46.3290818
                ],
                [
                  35.1073206,
                  46.3021064
                ],
                [
                  35.1062218352325,
                  46.3020955553626
                ],
                [
                  35.0792575,
                  46.2810194
                ],
                [
                  35.0576282,
                  46.2708155
                ],
                [
                  35.0408054,
                  46.2627459
                ],
                [
                  35.0061298,
                  46.2558621
                ],
                [
                  34.9475932,
                  46.2485026
                ],
                [
                  34.9266505,
                  46.2444664
                ],
                [
                  34.9182391,
                  46.2432792
                ],
                [
                  34.9019313,
                  46.2397174
                ],
                [
                  34.8945499,
                  46.2356805
                ],
                [
                  34.8811603,
                  46.2291496
                ],
                [
                  34.8703456,
                  46.2245181
                ],
                [
                  34.8609042,
                  46.2195299
                ],
                [
                  34.8533511,
                  46.2160854
                ],
                [
                  34.8337574,
                  46.2054857
                ],
                [
                  34.8262189,
                  46.1963244
                ],
                [
                  34.8231144,
                  46.1869494
                ],
                [
                  34.8215694,
                  46.1793429
                ],
                [
                  34.8215694,
                  46.1697145
                ],
                [
                  34.8181362,
                  46.1642458
                ],
                [
                  34.8114414,
                  46.1575875
                ],
                [
                  34.8164196,
                  46.1481931
                ],
                [
                  34.8222561,
                  46.1417707
                ],
                [
                  34.8270626,
                  46.1316599
                ],
                [
                  34.8353635,
                  46.0863681
                ],
                [
                  34.8569386,
                  45.9805633
                ],
                [
                  34.8747914,
                  45.943333
                ],
                [
                  34.8902409,
                  45.9029719
                ],
                [
                  34.9482505,
                  45.8073754
                ],
                [
                  34.975221,
                  45.7635462
                ],
                [
                  35.0177606,
                  45.699117
                ],
                [
                  35.1008447,
                  45.605042
                ],
                [
                  35.199035,
                  45.5204318
                ],
                [
                  35.2491601,
                  45.46267
                ],
                [
                  35.3720696,
                  45.3575845
                ],
                [
                  35.4524072,
                  45.3097976
                ],
                [
                  35.491546,
                  45.2919276
                ],
                [
                  35.5039056,
                  45.2870968
                ],
                [
                  35.5272515,
                  45.2822657
                ],
                [
                  35.5739434,
                  45.3006218
                ],
                [
                  35.6041558,
                  45.3131778
                ],
                [
                  35.6371148,
                  45.3218688
                ],
                [
                  35.6728204,
                  45.3281449
                ],
                [
                  35.6975396,
                  45.3334548
                ],
                [
                  35.7195123,
                  45.3329721
                ],
                [
                  35.7291253,
                  45.3411774
                ],
                [
                  35.7236321,
                  45.3503467
                ],
                [
                  35.7332452,
                  45.3546895
                ],
                [
                  35.7538445,
                  45.3638566
                ],
                [
                  35.7579644,
                  45.3754339
                ],
                [
                  35.7662042,
                  45.3831508
                ],
                [
                  35.751098,
                  45.3836331
                ],
                [
                  35.7483514,
                  45.3899023
                ],
                [
                  35.7751306,
                  45.4067773
                ],
                [
                  35.79161,
                  45.4173819
                ],
                [
                  35.8060296,
                  45.4246112
                ],
                [
                  35.8211358,
                  45.4289483
                ],
                [
                  35.8328088,
                  45.4400305
                ],
                [
                  35.8231957,
                  45.4506289
                ],
                [
                  35.8218224,
                  45.4592988
                ],
                [
                  35.8280023,
                  45.4684489
                ],
                [
                  35.8424218,
                  45.4718196
                ],
                [
                  35.8547814,
                  45.4732641
                ],
                [
                  35.8705743,
                  45.4698935
                ],
                [
                  35.8733209,
                  45.460262
                ],
                [
                  35.8520349,
                  45.4544823
                ],
                [
                  35.8465417,
                  45.4458117
                ],
                [
                  35.8705743,
                  45.4164179
                ],
                [
                  35.8939202,
                  45.4029206
                ],
                [
                  35.9255059,
                  45.3865266
                ],
                [
                  35.9509118,
                  45.3754339
                ],
                [
                  35.9907372,
                  45.3681984
                ],
                [
                  36.0182031,
                  45.3725398
                ],
                [
                  36.0429223,
                  45.381704
                ],
                [
                  36.0600884,
                  45.3937599
                ],
                [
                  36.074508,
                  45.4111158
                ],
                [
                  36.0731347,
                  45.4217196
                ],
                [
                  36.0710748,
                  45.4390669
                ],
                [
                  36.0813745,
                  45.4467751
                ],
                [
                  36.11708,
                  45.4607436
                ],
                [
                  36.1548455,
                  45.4660411
                ],
                [
                  36.2358697,
                  45.4742271
                ],
                [
                  36.2660821,
                  45.4785604
                ],
                [
                  36.2901147,
                  45.4795233
                ],
                [
                  36.3024743,
                  45.477116
                ],
                [
                  36.3162072,
                  45.4684489
                ],
                [
                  36.3326867,
                  45.4732641
                ],
                [
                  36.343673,
                  45.4828934
                ],
                [
                  36.3525994,
                  45.4742271
                ],
                [
                  36.3628991,
                  45.469412
                ],
                [
                  36.3814385,
                  45.4621884
                ],
                [
                  36.4130242,
                  45.4467751
                ],
                [
                  36.430877,
                  45.4477386
                ],
                [
                  36.4446099,
                  45.4540006
                ],
                [
                  36.4761956,
                  45.454964
                ],
                [
                  36.4892419,
                  45.448702
                ],
                [
                  36.5105279,
                  45.4385851
                ],
                [
                  36.529754,
                  45.4279845
                ],
                [
                  36.5579064,
                  45.4250931
                ],
                [
                  36.5688928,
                  45.4279845
                ],
                [
                  36.5688928,
                  45.4371397
                ],
                [
                  36.5812524,
                  45.4409941
                ],
                [
                  36.5977319,
                  45.4356942
                ],
                [
                  36.6128381,
                  45.4226835
                ],
                [
                  36.6073449,
                  45.4111158
                ],
                [
                  36.6197045,
                  45.3990636
                ],
                [
                  36.6409905,
                  45.3874911
                ],
                [
                  36.6471703,
                  45.3831508
                ],
                [
                  36.6300042,
                  45.3754339
                ],
                [
                  36.6293176,
                  45.3653039
                ],
                [
                  36.6121514,
                  45.3566195
                ],
                [
                  36.6025384,
                  45.3474513
                ],
                [
                  36.55104,
                  45.3484164
                ],
                [
                  36.5386804,
                  45.3513118
                ],
                [
                  36.5201409,
                  45.356137
                ],
                [
                  36.4974816,
                  45.3633741
                ],
                [
                  36.4768823,
                  45.358067
                ],
                [
                  36.4748223,
                  45.3503467
                ],
                [
                  36.4707025,
                  45.3411774
                ],
                [
                  36.4727624,
                  45.3305585
                ],
                [
                  36.4796288,
                  45.3238
                ],
                [
                  36.4913018,
                  45.318972
                ],
                [
                  36.4830621,
                  45.3069002
                ],
                [
                  36.4672692,
                  45.3025537
                ],
                [
                  36.4363702,
                  45.2957918
                ],
                [
                  36.4185174,
                  45.2837151
                ],
                [
                  36.4178307,
                  45.2764678
                ],
                [
                  36.4253838,
                  45.2701861
                ],
                [
                  36.4356835,
                  45.2619705
                ],
                [
                  36.419204,
                  45.2436018
                ],
                [
                  36.4198907,
                  45.2363494
                ],
                [
                  36.4075311,
                  45.2228091
                ],
                [
                  36.4020379,
                  45.2136192
                ],
                [
                  36.4027245,
                  45.206363
                ],
                [
                  36.4054711,
                  45.1995897
                ],
                [
                  36.4047845,
                  45.190396
                ],
                [
                  36.4030679,
                  45.1752716
                ],
                [
                  36.4089044,
                  45.1668002
                ],
                [
                  36.4143975,
                  45.162443
                ],
                [
                  36.4168008,
                  45.1532434
                ],
                [
                  36.421264,
                  45.1367771
                ],
                [
                  36.4243539,
                  45.1273311
                ],
                [
                  36.430877,
                  45.1205484
                ],
                [
                  36.4384301,
                  45.1161876
                ],
                [
                  36.4439233,
                  45.1108574
                ],
                [
                  36.4525063,
                  45.1060113
                ],
                [
                  36.4549096,
                  45.0989837
                ],
                [
                  36.4456399,
                  45.0909857
                ],
                [
                  36.4236672,
                  45.0781381
                ],
                [
                  36.4140542,
                  45.0752288
                ],
                [
                  36.4044412,
                  45.071107
                ],
                [
                  36.3958581,
                  45.0677124
                ],
                [
                  36.3821252,
                  45.0645601
                ],
                [
                  36.3728555,
                  45.0584975
                ],
                [
                  36.356376,
                  45.0584975
                ],
                [
                  36.3344033,
                  45.0597101
                ],
                [
                  36.3055642,
                  45.0589825
                ],
                [
                  36.2791284,
                  45.0546171
                ],
                [
                  36.2592156,
                  45.0521917
                ],
                [
                  36.2465127,
                  45.0490385
                ],
                [
                  36.2465127,
                  45.040791
                ],
                [
                  36.2314065,
                  45.0318143
                ],
                [
                  36.2204202,
                  45.0289027
                ],
                [
                  36.2046273,
                  45.0330275
                ],
                [
                  36.1534722,
                  45.0376372
                ],
                [
                  36.1177667,
                  45.0429743
                ],
                [
                  36.0858376,
                  45.0478257
                ],
                [
                  36.0353692,
                  45.0502513
                ],
                [
                  36.0226663,
                  45.0480683
                ],
                [
                  36.0055001,
                  45.0446723
                ],
                [
                  35.9917672,
                  45.0342406
                ],
                [
                  35.9835275,
                  45.0240496
                ],
                [
                  35.9646447,
                  45.0172546
                ],
                [
                  35.9557183,
                  45.0114297
                ],
                [
                  35.9406121,
                  45.0165265
                ],
                [
                  35.9251626,
                  45.0230789
                ],
                [
                  35.9028466,
                  45.0189534
                ],
                [
                  35.8963235,
                  45.0148276
                ],
                [
                  35.8791573,
                  45.0119151
                ],
                [
                  35.8623345,
                  45.0014774
                ],
                [
                  35.8424218,
                  44.9992925
                ],
                [
                  35.8338387,
                  45.0005064
                ],
                [
                  35.8307488,
                  45.0051187
                ],
                [
                  35.8369286,
                  45.0104588
                ],
                [
                  35.825599,
                  45.0174973
                ],
                [
                  35.8177026,
                  45.0225936
                ],
                [
                  35.8128961,
                  45.0201668
                ],
                [
                  35.8170159,
                  45.0325422
                ],
                [
                  35.8091195,
                  45.0434594
                ],
                [
                  35.803283,
                  45.0485534
                ],
                [
                  35.7888635,
                  45.0570424
                ],
                [
                  35.7823403,
                  45.0631052
                ],
                [
                  35.772384,
                  45.0713495
                ],
                [
                  35.7256921,
                  45.0938942
                ],
                [
                  35.7050927,
                  45.103588
                ],
                [
                  35.6693871,
                  45.1144917
                ],
                [
                  35.6199487,
                  45.1258777
                ],
                [
                  35.5828698,
                  45.1312066
                ],
                [
                  35.5499108,
                  45.1283
                ],
                [
                  35.5186685,
                  45.1222441
                ],
                [
                  35.4839929,
                  45.1137648
                ],
                [
                  35.4465707,
                  45.0975296
                ],
                [
                  35.4228814,
                  45.0827442
                ],
                [
                  35.3995355,
                  45.0628627
                ],
                [
                  35.3868325,
                  45.0480683
                ],
                [
                  35.3827126,
                  45.0386076
                ],
                [
                  35.383056,
                  45.0303585
                ],
                [
                  35.3906091,
                  45.0250203
                ],
                [
                  35.4009088,
                  45.0247776
                ],
                [
                  35.4094918,
                  45.0238069
                ],
                [
                  35.4170449,
                  45.0201668
                ],
                [
                  35.4242547,
                  45.0131287
                ],
                [
                  35.4019387,
                  45.0034195
                ],
                [
                  35.3882058,
                  45.0000208
                ],
                [
                  35.3741296,
                  44.9980787
                ],
                [
                  35.3627999,
                  44.9937086
                ],
                [
                  35.3573068,
                  44.9849674
                ],
                [
                  35.3521569,
                  44.975982
                ],
                [
                  35.36177,
                  44.9701529
                ],
                [
                  35.3648599,
                  44.9652948
                ],
                [
                  35.3693231,
                  44.9567922
                ],
                [
                  35.3758462,
                  44.9546057
                ],
                [
                  35.3837426,
                  44.9558204
                ],
                [
                  35.3906091,
                  44.9550916
                ],
                [
                  35.3844293,
                  44.9497463
                ],
                [
                  35.3864892,
                  44.9458585
                ],
                [
                  35.3806527,
                  44.9473164
                ],
                [
                  35.3758462,
                  44.9514471
                ],
                [
                  35.3652032,
                  44.9548486
                ],
                [
                  35.3528436,
                  44.958007
                ],
                [
                  35.3521569,
                  44.9633515
                ],
                [
                  35.3391107,
                  44.9672381
                ],
                [
                  35.327781,
                  44.9652948
                ],
                [
                  35.3250344,
                  44.9701529
                ],
                [
                  35.3099282,
                  44.96991
                ],
                [
                  35.296882,
                  44.9657806
                ],
                [
                  35.2944787,
                  44.9618939
                ],
                [
                  35.2907021,
                  44.9667523
                ],
                [
                  35.2742227,
                  44.9696671
                ],
                [
                  35.2580865,
                  44.964809
                ],
                [
                  35.2484734,
                  44.9558204
                ],
                [
                  35.2474435,
                  44.9487744
                ],
                [
                  35.2529366,
                  44.9378391
                ],
                [
                  35.2443536,
                  44.9252002
                ],
                [
                  35.2395471,
                  44.9193659
                ],
                [
                  35.2237542,
                  44.9128016
                ],
                [
                  35.2120812,
                  44.911586
                ],
                [
                  35.2031548,
                  44.9123154
                ],
                [
                  35.186332,
                  44.9091545
                ],
                [
                  35.1750024,
                  44.9018595
                ],
                [
                  35.165046,
                  44.9008868
                ],
                [
                  35.155433,
                  44.8901856
                ],
                [
                  35.1430734,
                  44.8748601
                ],
                [
                  35.1420434,
                  44.868534
                ],
                [
                  35.1375802,
                  44.8607472
                ],
                [
                  35.134147,
                  44.8512556
                ],
                [
                  35.1324304,
                  44.8446835
                ],
                [
                  35.1300271,
                  44.8354327
                ],
                [
                  35.1283105,
                  44.8288588
                ],
                [
                  35.1327737,
                  44.8242323
                ],
                [
                  35.1221307,
                  44.8222842
                ],
                [
                  35.1090844,
                  44.8110813
                ],
                [
                  35.1097711,
                  44.8081585
                ],
                [
                  35.1008447,
                  44.8079149
                ],
                [
                  35.0974114,
                  44.8032867
                ],
                [
                  35.088485,
                  44.8010943
                ],
                [
                  35.0823052,
                  44.7932984
                ],
                [
                  35.0774987,
                  44.7945165
                ],
                [
                  35.0702889,
                  44.7976837
                ],
                [
                  35.0606759,
                  44.7979273
                ],
                [
                  35.0493463,
                  44.8023123
                ],
                [
                  35.0503762,
                  44.8135169
                ],
                [
                  35.0417932,
                  44.8210666
                ],
                [
                  35.0318368,
                  44.8303198
                ],
                [
                  35.0232537,
                  44.832998
                ],
                [
                  35.013984,
                  44.8347023
                ],
                [
                  35.0084908,
                  44.8317806
                ],
                [
                  35.0026544,
                  44.8361631
                ],
                [
                  34.9933846,
                  44.8305632
                ],
                [
                  34.9875482,
                  44.8303198
                ],
                [
                  34.9861749,
                  44.8351892
                ],
                [
                  34.9779351,
                  44.8395714
                ],
                [
                  34.9655755,
                  44.8410321
                ],
                [
                  34.959739,
                  44.8390845
                ],
                [
                  34.9477227,
                  44.8373804
                ],
                [
                  34.9339898,
                  44.8327545
                ],
                [
                  34.9175103,
                  44.8303198
                ],
                [
                  34.9147637,
                  44.8259369
                ],
                [
                  34.9188836,
                  44.8227713
                ],
                [
                  34.9034341,
                  44.8196055
                ],
                [
                  34.8931344,
                  44.8149782
                ],
                [
                  34.8855813,
                  44.8176572
                ],
                [
                  34.8845513,
                  44.8220407
                ],
                [
                  34.8646386,
                  44.8217972
                ],
                [
                  34.8450692,
                  44.8147347
                ],
                [
                  34.8337396,
                  44.8200925
                ],
                [
                  34.8162301,
                  44.8191184
                ],
                [
                  34.8021539,
                  44.8213102
                ],
                [
                  34.7877343,
                  44.8183878
                ],
                [
                  34.7750314,
                  44.8188749
                ],
                [
                  34.7575219,
                  44.8164395
                ],
                [
                  34.7496255,
                  44.8098635
                ],
                [
                  34.7314294,
                  44.8120556
                ],
                [
                  34.7073968,
                  44.8052355
                ],
                [
                  34.6854241,
                  44.7959783
                ],
                [
                  34.6689446,
                  44.787207
                ],
                [
                  34.6548684,
                  44.788669
                ],
                [
                  34.636329,
                  44.7813588
                ],
                [
                  34.6133264,
                  44.7750225
                ],
                [
                  34.5975335,
                  44.7684417
                ],
                [
                  34.5844872,
                  44.7596662
                ],
                [
                  34.5752175,
                  44.7574721
                ],
                [
                  34.5573647,
                  44.755278
                ],
                [
                  34.5401986,
                  44.745769
                ],
                [
                  34.5391686,
                  44.7421113
                ],
                [
                  34.5292123,
                  44.7374778
                ],
                [
                  34.5110162,
                  44.7347951
                ],
                [
                  34.4907601,
                  44.7262584
                ],
                [
                  34.4814904,
                  44.7208919
                ],
                [
                  34.4646676,
                  44.7165007
                ],
                [
                  34.4464715,
                  44.702105
                ],
                [
                  34.4378884,
                  44.6903907
                ],
                [
                  34.4172891,
                  44.6747678
                ],
                [
                  34.4114526,
                  44.664513
                ],
                [
                  34.4063027,
                  44.6588965
                ],
                [
                  34.4025262,
                  44.6474177
                ],
                [
                  34.4038995,
                  44.6386238
                ],
                [
                  34.3857034,
                  44.6290956
                ],
                [
                  34.3822701,
                  44.6222539
                ],
                [
                  34.3822701,
                  44.6173665
                ],
                [
                  34.374717,
                  44.6132119
                ],
                [
                  34.375747,
                  44.6075904
                ],
                [
                  34.3709405,
                  44.6046573
                ],
                [
                  34.3730004,
                  44.595368
                ],
                [
                  34.3688806,
                  44.5904783
                ],
                [
                  34.3558343,
                  44.5892558
                ],
                [
                  34.3503411,
                  44.5811868
                ],
                [
                  34.3475945,
                  44.5709154
                ],
                [
                  34.3458779,
                  44.5628438
                ],
                [
                  34.3479379,
                  44.5540372
                ],
                [
                  34.3451913,
                  44.547676
                ],
                [
                  34.3324883,
                  44.5464526
                ],
                [
                  34.323562,
                  44.550612
                ],
                [
                  34.310859,
                  44.5537925
                ],
                [
                  34.2954095,
                  44.5474313
                ],
                [
                  34.2758401,
                  44.5427823
                ],
                [
                  34.2724069,
                  44.5305462
                ],
                [
                  34.2710336,
                  44.5241825
                ],
                [
                  34.2627938,
                  44.5141459
                ],
                [
                  34.2507775,
                  44.5058215
                ],
                [
                  34.2312081,
                  44.5041076
                ],
                [
                  34.2161019,
                  44.5036178
                ],
                [
                  34.2040856,
                  44.4999448
                ],
                [
                  34.1872628,
                  44.4992102
                ],
                [
                  34.1752465,
                  44.497496
                ],
                [
                  34.1652902,
                  44.4911287
                ],
                [
                  34.1553338,
                  44.476677
                ],
                [
                  34.1426309,
                  44.4538901
                ],
                [
                  34.1333611,
                  44.4391841
                ],
                [
                  34.1264947,
                  44.4291329
                ],
                [
                  34.1179116,
                  44.4269263
                ],
                [
                  34.1089852,
                  44.4293781
                ],
                [
                  34.1031487,
                  44.4269263
                ],
                [
                  34.0945657,
                  44.4286426
                ],
                [
                  34.0773995,
                  44.4227581
                ],
                [
                  34.0633233,
                  44.4207964
                ],
                [
                  34.0427239,
                  44.4122136
                ],
                [
                  34.0350416,
                  44.4066035
                ],
                [
                  34.0265878,
                  44.4053463
                ],
                [
                  34.0169747,
                  44.4063274
                ],
                [
                  34.0004952,
                  44.4009313
                ],
                [
                  33.9836724,
                  44.3987236
                ],
                [
                  33.9754327,
                  44.3911188
                ],
                [
                  33.9445336,
                  44.3911188
                ],
                [
                  33.9077981,
                  44.4021577
                ],
                [
                  33.8693459,
                  44.4053463
                ],
                [
                  33.8429101,
                  44.4051011
                ],
                [
                  33.8384469,
                  44.4014218
                ],
                [
                  33.8267739,
                  44.3997048
                ],
                [
                  33.8129617,
                  44.3943965
                ],
                [
                  33.7779428,
                  44.3885085
                ],
                [
                  33.7594034,
                  44.3909619
                ],
                [
                  33.7592746,
                  44.3916366
                ],
                [
                  33.749033,
                  44.3895206
                ],
                [
                  33.741909,
                  44.3876805
                ],
                [
                  33.73633,
                  44.3881099
                ],
                [
                  33.7304935,
                  44.3921579
                ],
                [
                  33.7260303,
                  44.3959604
                ]
              ]
            ]
          },
          {
            "type": "Polygon",
            "coordinates": [
              [
                [
                  35.2560523,
                  46.2398479
                ],
                [
                  35.2513316,
                  46.2352767
                ],
                [
                  35.2436927,
                  46.2261925
                ],
                [
                  35.2273832,
                  46.2043225
                ],
                [
                  35.2058069,
                  46.1740053
                ],
                [
                  35.1900851,
                  46.1566413
                ],
                [
                  35.1700007,
                  46.1392779
                ],
                [
                  35.1397883,
                  46.1219092
                ],
                [
                  35.1078593,
                  46.1098906
                ],
                [
                  35.0860583,
                  46.1064392
                ],
                [
                  35.0671756,
                  46.1013213
                ],
                [
                  35.053271,
                  46.0973932
                ],
                [
                  35.0215305,
                  46.0851528
                ],
                [
                  35.006596,
                  46.081938
                ],
                [
                  34.9974121,
                  46.0796757
                ],
                [
                  34.9861683,
                  46.0769965
                ],
                [
                  34.9787868,
                  46.0767583
                ],
                [
                  34.9774994,
                  46.0779491
                ],
                [
                  34.9799026,
                  46.0786635
                ],
                [
                  34.9830784,
                  46.0792589
                ],
                [
                  34.9880565,
                  46.0832478
                ],
                [
                  34.9882282,
                  46.0878912
                ],
                [
                  34.9881424,
                  46.0911651
                ],
                [
                  34.9929489,
                  46.096046
                ],
                [
                  34.9945409,
                  46.0999154
                ],
                [
                  34.9917943,
                  46.102415
                ],
                [
                  34.989391,
                  46.1043789
                ],
                [
                  34.990936,
                  46.1059261
                ],
                [
                  34.9964292,
                  46.1080089
                ],
                [
                  35.0022656,
                  46.1103891
                ],
                [
                  35.0073297,
                  46.1129477
                ],
                [
                  35.0119645,
                  46.1155062
                ],
                [
                  35.0151403,
                  46.118838
                ],
                [
                  35.0191743,
                  46.1215747
                ],
                [
                  35.0232083,
                  46.1242518
                ],
                [
                  35.0268132,
                  46.1256795
                ],
                [
                  35.0300748,
                  46.1288322
                ],
                [
                  35.0307647,
                  46.1348563
                ],
                [
                  35.0301639,
                  46.1380977
                ],
                [
                  35.031151,
                  46.1406253
                ],
                [
                  35.0294408,
                  46.1450815
                ],
                [
                  35.0358781,
                  46.1472817
                ],
                [
                  35.0435171,
                  46.1491845
                ],
                [
                  35.0533018,
                  46.1488277
                ],
                [
                  35.0623998,
                  46.1516224
                ],
                [
                  35.0697813,
                  46.1534061
                ],
                [
                  35.0784502,
                  46.153644
                ],
                [
                  35.0879774,
                  46.1552493
                ],
                [
                  35.1018436,
                  46.1552468
                ],
                [
                  35.1099976,
                  46.1578628
                ],
                [
                  35.1218422,
                  46.1598247
                ],
                [
                  35.1321419,
                  46.1620244
                ],
                [
                  35.142699,
                  46.1650561
                ],
                [
                  35.1496513,
                  46.1685038
                ],
                [
                  35.1605518,
                  46.172724
                ],
                [
                  35.1886632,
                  46.1800674
                ],
                [
                  35.1997353,
                  46.1836924
                ],
                [
                  35.2096059,
                  46.18601
                ],
                [
                  35.2135541,
                  46.1889216
                ],
                [
                  35.2175023,
                  46.1934372
                ],
                [
                  35.2200772,
                  46.1981308
                ],
                [
                  35.222223,
                  46.2018734
                ],
                [
                  35.2228238,
                  46.2065068
                ],
                [
                  35.2216222,
                  46.2114962
                ],
                [
                  35.2211072,
                  46.2155349
                ],
                [
                  35.2219655,
                  46.2183262
                ],
                [
                  35.2213647,
                  46.222305
                ],
                [
                  35.2241491,
                  46.2230915
                ],
                [
                  35.2257799,
                  46.2254073
                ],
                [
                  35.2281831,
                  46.2260011
                ],
                [
                  35.2296422,
                  46.2295637
                ],
                [
                  35.2329038,
                  46.2312856
                ],
                [
                  35.2375387,
                  46.2314637
                ],
                [
                  35.2422594,
                  46.2328293
                ],
                [
                  35.2457784,
                  46.2344916
                ],
                [
                  35.2507566,
                  46.239894
                ],
                [
                  35.2541898,
                  46.2436932
                ],
                [
                  35.2560781,
                  46.2471953
                ],
                [
                  35.260713,
                  46.2495695
                ],
                [
                  35.2628587,
                  46.2507566
                ],
                [
                  35.2656053,
                  46.2548517
                ],
                [
                  35.2671503,
                  46.2575223
                ],
                [
                  35.2680086,
                  46.2603114
                ],
                [
                  35.271356,
                  46.2619136
                ],
                [
                  35.2676653,
                  46.2633526
                ],
                [
                  35.2673005,
                  46.2637976
                ],
                [
                  35.2679549,
                  46.264443
                ],
                [
                  35.2701007,
                  46.2642798
                ],
                [
                  35.2731155,
                  46.2639609
                ],
                [
                  35.2747128,
                  46.2649214
                ],
                [
                  35.2773638,
                  46.2643512
                ],
                [
                  35.2781395,
                  46.2642027
                ],
                [
                  35.2704194,
                  46.2564303
                ],
                [
                  35.2685311,
                  46.2549466
                ],
                [
                  35.2660849,
                  46.2522462
                ],
                [
                  35.2644112,
                  46.2497831
                ],
                [
                  35.2618363,
                  46.2455689
                ],
                [
                  35.2560523,
                  46.2398479
                ]
              ]
            ]
          },
          {
            "type": "Polygon",
            "coordinates": [
              [
                [
                  35.5746804,
                  50.4379795
                ],
                [
                  35.5774699,
                  50.4424073
                ],
                [
                  35.5808173,
                  50.4446757
                ],
                [
                  35.5865393,
                  50.4475929
                ],
                [
                  35.5870973,
                  50.4368248
                ],
                [
                  35.5873404,
                  50.4326766
                ],
                [
                  35.5818902,
                  50.4344534
                ],
                [
                  35.5793153,
                  50.4344807
                ],
                [
                  35.5772124,
                  50.4347541
                ],
                [
                  35.5753241,
                  50.4358748
                ],
                [
                  35.5746804,
                  50.4379795
                ]
              ]
            ]
          }
        ]
      },
      "properties": {
        "name": "Russian-controlled Kharkiv Raion, Kharkiv Oblast.",
        "fill-opacity": 0,
        "stroke-opacity": 1,
        "stroke": "#ff0000",
        "tessellate": -1,
        "extrude": 0,
        "visibility": true
      },
      "id": "1.1"
    }
  ]
}
